solid OpenSCAD_Model
  facet normal 0 0 -1
    outer loop
      vertex 108.753 -0.360107 0
      vertex 106.622 2.41661 0
      vertex 109.163 0 0
    endloop
  endfacet
  facet normal 0 0 -1
    outer loop
      vertex 109.163 0 0
      vertex 107.41 3.44328 0
      vertex 107.515 3.75294 0
    endloop
  endfacet
  facet normal -0 0 -1
    outer loop
      vertex 108.1 -0.796143 0
      vertex 107.396 -1.14326 0
      vertex 106.057 2.09029 0
    endloop
  endfacet
  facet normal 0 0 -1
    outer loop
      vertex 109.163 0 0
      vertex 107.083 2.87808 0
      vertex 107.265 3.14999 0
    endloop
  endfacet
  facet normal 0 0 -1
    outer loop
      vertex 105.747 1.98518 0
      vertex 106.057 2.09029 0
      vertex 106.653 -1.39555 0
    endloop
  endfacet
  facet normal 0 -0 -1
    outer loop
      vertex 132.643 60.2903 0
      vertex 132.953 60.1852 0
      vertex 131 57.2066 0
    endloop
  endfacet
  facet normal -0 0 -1
    outer loop
      vertex 138.796 65.6 0
      vertex 135.765 63.85 0
      vertex 138.36 66.2526 0
    endloop
  endfacet
  facet normal 0 0 -1
    outer loop
      vertex 136.015 61.9529 0
      vertex 136.079 62.2737 0
      vertex 139.549 61.8168 0
    endloop
  endfacet
  facet normal 0 0 -1
    outer loop
      vertex 136.1 62.6 0
      vertex 139.549 63.3831 0
      vertex 139.6 62.6 0
    endloop
  endfacet
  facet normal 0 0 -1
    outer loop
      vertex 135.583 64.1219 0
      vertex 135.368 64.3678 0
      vertex 138 66.6632 0
    endloop
  endfacet
  facet normal 0 0 -1
    outer loop
      vertex 138 66.6632 0
      vertex 135.122 64.5834 0
      vertex 134.85 64.7651 0
    endloop
  endfacet
  facet normal 0 0 -1
    outer loop
      vertex 134.247 65.0148 0
      vertex 138 66.6632 0
      vertex 134.557 64.9097 0
    endloop
  endfacet
  facet normal 0 0 -1
    outer loop
      vertex 133.926 65.0786 0
      vertex 131 67.9934 0
      vertex 138 66.6632 0
    endloop
  endfacet
  facet normal -0 0 -1
    outer loop
      vertex 133.6 65.1 0
      vertex 133.274 65.0786 0
      vertex 131 67.9934 0
    endloop
  endfacet
  facet normal -0 0 -1
    outer loop
      vertex 138.36 66.2526 0
      vertex 135.583 64.1219 0
      vertex 138 66.6632 0
    endloop
  endfacet
  facet normal 0 0 -1
    outer loop
      vertex 22 83 0
      vertex 131 76 0
      vertex 29 76 0
    endloop
  endfacet
  facet normal 0 0 -1
    outer loop
      vertex 22 81 0
      vertex 29 76 0
      vertex 29 74 0
    endloop
  endfacet
  facet normal 0 0 -1
    outer loop
      vertex 22 83 0
      vertex 138 83 0
      vertex 131 76 0
    endloop
  endfacet
  facet normal -0 0 -1
    outer loop
      vertex 131.435 63.85 0
      vertex 131.29 63.5567 0
      vertex 128.057 64.8961 0
    endloop
  endfacet
  facet normal 0 0 -1
    outer loop
      vertex 4.91684 83.0487 0
      vertex 5.37367 79.5786 0
      vertex 5.05295 79.5148 0
    endloop
  endfacet
  facet normal 0 0 -1
    outer loop
      vertex 4.14708 82.8956 0
      vertex 5.05295 79.5148 0
      vertex 4.74329 79.4097 0
    endloop
  endfacet
  facet normal 0 -0 -1
    outer loop
      vertex 3.40388 82.6433 0
      vertex 4.74329 79.4097 0
      vertex 2.7 82.2961 0
    endloop
  endfacet
  facet normal 0 -0 -1
    outer loop
      vertex 2.7 82.2961 0
      vertex 4.45 79.2651 0
      vertex 2.04742 81.8601 0
    endloop
  endfacet
  facet normal -0 0 -1
    outer loop
      vertex 4.17809 79.0834 0
      vertex 3.93222 78.8678 0
      vertex 1.45735 81.3426 0
    endloop
  endfacet
  facet normal -0 0 -1
    outer loop
      vertex 3.93222 78.8678 0
      vertex 3.71661 78.6219 0
      vertex 1.15686 81 0
    endloop
  endfacet
  facet normal 0 -0 -1
    outer loop
      vertex 1.15686 81 0
      vertex 3.53493 78.35 0
      vertex 0 78.9344 0
    endloop
  endfacet
  facet normal 0 0 -1
    outer loop
      vertex 0 78.9344 0
      vertex 3.39029 78.0567 0
      vertex 3.28517 77.747 0
    endloop
  endfacet
  facet normal 0 -0 -1
    outer loop
      vertex -0.0955505 78.6529 0
      vertex 3.28517 77.747 0
      vertex -0.248657 77.8831 0
    endloop
  endfacet
  facet normal 0 -0 -1
    outer loop
      vertex -0.248657 77.8831 0
      vertex 3.22137 77.4263 0
      vertex -0.299988 77.1 0
    endloop
  endfacet
  facet normal 0 -0 -1
    outer loop
      vertex 2.04742 81.8601 0
      vertex 4.17809 79.0834 0
      vertex 1.45735 81.3426 0
    endloop
  endfacet
  facet normal 0 0 -1
    outer loop
      vertex -0.248657 76.3168 0
      vertex 3.28517 76.4529 0
      vertex -0.0955505 75.5471 0
    endloop
  endfacet
  facet normal -0 0 -1
    outer loop
      vertex 1.15686 81 0
      vertex 0 78.9344 0
      vertex 0 81 0
    endloop
  endfacet
  facet normal 0 0 -1
    outer loop
      vertex 4.45 74.9349 0
      vertex 4.74329 74.7903 0
      vertex 7 71.2541 0
    endloop
  endfacet
  facet normal 0 0 -1
    outer loop
      vertex 0 8.98943 0
      vertex 0 75.2656 0
      vertex 7 71.2541 0
    endloop
  endfacet
  facet normal 0 0 -1
    outer loop
      vertex -0.299988 77.1 0
      vertex 3.22137 77.4263 0
      vertex 3.2 77.1 0
    endloop
  endfacet
  facet normal -0 0 -1
    outer loop
      vertex 7.2529 82.8956 0
      vertex 6.34705 79.5148 0
      vertex 6.48315 83.0487 0
    endloop
  endfacet
  facet normal 0 0 -1
    outer loop
      vertex 7.99609 71.5567 0
      vertex 6.34705 74.6852 0
      vertex 6.65671 74.7903 0
    endloop
  endfacet
  facet normal 0 0 -1
    outer loop
      vertex 5.29999 0.199997 0
      vertex 5.62631 3.72137 0
      vertex 6.08315 0.251328 0
    endloop
  endfacet
  facet normal 0 0 -1
    outer loop
      vertex -0.495544 4.64708 0
      vertex 2.88518 5.55295 0
      vertex 2.9903 5.24329 0
    endloop
  endfacet
  facet normal 0 0 -1
    outer loop
      vertex -0.243271 3.90388 0
      vertex 2.9903 5.24329 0
      vertex 0 3.41057 0
    endloop
  endfacet
  facet normal 0 0 -1
    outer loop
      vertex 0 3.41057 0
      vertex 3.13493 4.95 0
      vertex 3.3166 4.67809 0
    endloop
  endfacet
  facet normal 0 0 -1
    outer loop
      vertex 1.01996 2 0
      vertex 3.53223 4.43222 0
      vertex 1.05736 1.95735 0
    endloop
  endfacet
  facet normal 0 -0 -1
    outer loop
      vertex 3.53223 4.43222 0
      vertex 3.77809 4.21661 0
      vertex 1.64743 1.43987 0
    endloop
  endfacet
  facet normal 0 0 -1
    outer loop
      vertex 1.64743 1.43987 0
      vertex 4.04999 4.03493 0
      vertex 2.29999 1.00385 0
    endloop
  endfacet
  facet normal 0 0 -1
    outer loop
      vertex 1.01996 2 0
      vertex 3.3166 4.67809 0
      vertex 3.53223 4.43222 0
    endloop
  endfacet
  facet normal 0 0 -1
    outer loop
      vertex 3.74709 0.404434 0
      vertex 3.00389 0.656708 0
      vertex 4.65294 3.78517 0
    endloop
  endfacet
  facet normal -0 0 -1
    outer loop
      vertex 4.65294 3.78517 0
      vertex 3.00389 0.656708 0
      vertex 4.34328 3.89029 0
    endloop
  endfacet
  facet normal 0 0 -1
    outer loop
      vertex 4.51683 0.251328 0
      vertex 3.74709 0.404434 0
      vertex 4.65294 3.78517 0
    endloop
  endfacet
  facet normal 0 0 -1
    outer loop
      vertex 0 3.41057 0
      vertex 1.01996 2 0
      vertex 0 2 0
    endloop
  endfacet
  facet normal 0 0 -1
    outer loop
      vertex 3.00389 0.656708 0
      vertex 2.29999 1.00385 0
      vertex 4.34328 3.89029 0
    endloop
  endfacet
  facet normal 0 -0 -1
    outer loop
      vertex 4.65294 3.78517 0
      vertex 4.97368 3.72137 0
      vertex 4.51683 0.251328 0
    endloop
  endfacet
  facet normal 0 0 -1
    outer loop
      vertex 4.51683 0.251328 0
      vertex 4.97368 3.72137 0
      vertex 5.29999 0.199997 0
    endloop
  endfacet
  facet normal 0 0 -1
    outer loop
      vertex 5.29999 0.199997 0
      vertex 4.97368 3.72137 0
      vertex 5.29999 3.7 0
    endloop
  endfacet
  facet normal 0 0 -1
    outer loop
      vertex 8.29999 1.00385 0
      vertex 6.2567 3.89029 0
      vertex 6.54999 4.03493 0
    endloop
  endfacet
  facet normal -0 0 -1
    outer loop
      vertex 105.883 -1.54866 0
      vertex 105.1 -1.59999 0
      vertex 105.1 1.89999 0
    endloop
  endfacet
  facet normal -0 0 -1
    outer loop
      vertex 8.95256 1.43987 0
      vertex 8.29999 1.00385 0
      vertex 6.8219 4.21661 0
    endloop
  endfacet
  facet normal 0 0 -1
    outer loop
      vertex 7.06776 4.43222 0
      vertex 7.28337 4.67809 0
      vertex 9.58003 2 0
    endloop
  endfacet
  facet normal 0 -0 -1
    outer loop
      vertex 104.143 2.09029 0
      vertex 104.453 1.98518 0
      vertex 103.547 -1.39555 0
    endloop
  endfacet
  facet normal 0 0 -1
    outer loop
      vertex 9.58003 2 0
      vertex 7.46506 4.95 0
      vertex 7.6097 5.24329 0
    endloop
  endfacet
  facet normal 0 -0 -1
    outer loop
      vertex 7.77861 5.87367 0
      vertex 9.58003 2 0
      vertex 7.71481 5.55295 0
    endloop
  endfacet
  facet normal 0 0 -1
    outer loop
      vertex 5.94704 3.78517 0
      vertex 6.2567 3.89029 0
      vertex 6.85291 0.404434 0
    endloop
  endfacet
  facet normal 0 0 -1
    outer loop
      vertex 2.29999 1.00385 0
      vertex 4.04999 4.03493 0
      vertex 4.34328 3.89029 0
    endloop
  endfacet
  facet normal 0 0 -1
    outer loop
      vertex 22 2 0
      vertex 9.58003 2 0
      vertex 19.1225 9 0
    endloop
  endfacet
  facet normal 0 0 -1
    outer loop
      vertex 8.7 71.9038 0
      vertex 6.95 74.9349 0
      vertex 9.35255 72.3399 0
    endloop
  endfacet
  facet normal -0 0 -1
    outer loop
      vertex 133.6 60.1 0
      vertex 131 57.2066 0
      vertex 133.274 60.1214 0
    endloop
  endfacet
  facet normal 0 0 -1
    outer loop
      vertex 101.037 0 0
      vertex 29 7 0
      vertex 99.7066 7 0
    endloop
  endfacet
  facet normal 0 0 -1
    outer loop
      vertex 103.547 -1.39555 0
      vertex 104.453 1.98518 0
      vertex 104.317 -1.54866 0
    endloop
  endfacet
  facet normal 0 0 -1
    outer loop
      vertex 104.317 -1.54866 0
      vertex 104.453 1.98518 0
      vertex 104.774 1.92139 0
    endloop
  endfacet
  facet normal -0 0 -1
    outer loop
      vertex 105.1 1.89999 0
      vertex 104.317 -1.54866 0
      vertex 104.774 1.92139 0
    endloop
  endfacet
  facet normal 0 -0 -1
    outer loop
      vertex 105.1 1.89999 0
      vertex 105.1 -1.59999 0
      vertex 104.317 -1.54866 0
    endloop
  endfacet
  facet normal 0 0 -1
    outer loop
      vertex 7.86505 78.35 0
      vertex 7.68338 78.6219 0
      vertex 10.2431 81 0
    endloop
  endfacet
  facet normal 0 0 -1
    outer loop
      vertex 4.74329 74.7903 0
      vertex 5.05295 74.6852 0
      vertex 7 71.2541 0
    endloop
  endfacet
  facet normal -0 0 -1
    outer loop
      vertex 4.04999 8.36505 0
      vertex 3.77809 8.18338 0
      vertex 0 8.98943 0
    endloop
  endfacet
  facet normal 0 0 -1
    outer loop
      vertex 0 75.2656 0
      vertex 4.45 74.9349 0
      vertex 7 71.2541 0
    endloop
  endfacet
  facet normal 0 0 -1
    outer loop
      vertex 0 75.2656 0
      vertex 3.93222 75.3322 0
      vertex 4.17809 75.1166 0
    endloop
  endfacet
  facet normal 0 0 -1
    outer loop
      vertex 0 75.2656 0
      vertex 4.17809 75.1166 0
      vertex 4.45 74.9349 0
    endloop
  endfacet
  facet normal 0 -0 -1
    outer loop
      vertex 3.53493 75.85 0
      vertex 3.71661 75.5781 0
      vertex 0 75.2656 0
    endloop
  endfacet
  facet normal 0 -0 -1
    outer loop
      vertex 3.71661 75.5781 0
      vertex 3.93222 75.3322 0
      vertex 0 75.2656 0
    endloop
  endfacet
  facet normal -0 0 -1
    outer loop
      vertex 3.39029 76.1433 0
      vertex 0 75.2656 0
      vertex 3.28517 76.4529 0
    endloop
  endfacet
  facet normal -0 0 -1
    outer loop
      vertex 3.53493 75.85 0
      vertex 0 75.2656 0
      vertex 3.39029 76.1433 0
    endloop
  endfacet
  facet normal 0 0 -1
    outer loop
      vertex 3.28517 76.4529 0
      vertex 0 75.2656 0
      vertex -0.0955505 75.5471 0
    endloop
  endfacet
  facet normal 0 -0 -1
    outer loop
      vertex 3.22137 76.7737 0
      vertex 3.28517 76.4529 0
      vertex -0.248657 76.3168 0
    endloop
  endfacet
  facet normal 0 0 -1
    outer loop
      vertex -0.299988 77.1 0
      vertex 3.22137 76.7737 0
      vertex -0.248657 76.3168 0
    endloop
  endfacet
  facet normal 0 0 -1
    outer loop
      vertex -0.299988 77.1 0
      vertex 3.2 77.1 0
      vertex 3.22137 76.7737 0
    endloop
  endfacet
  facet normal -0 0 -1
    outer loop
      vertex 3.28517 77.747 0
      vertex 3.22137 77.4263 0
      vertex -0.248657 77.8831 0
    endloop
  endfacet
  facet normal 0 -0 -1
    outer loop
      vertex 0 78.9344 0
      vertex 3.28517 77.747 0
      vertex -0.0955505 78.6529 0
    endloop
  endfacet
  facet normal -0 0 -1
    outer loop
      vertex 3.53493 78.35 0
      vertex 3.39029 78.0567 0
      vertex 0 78.9344 0
    endloop
  endfacet
  facet normal -0 0 -1
    outer loop
      vertex 3.71661 78.6219 0
      vertex 3.53493 78.35 0
      vertex 1.15686 81 0
    endloop
  endfacet
  facet normal 0 0 -1
    outer loop
      vertex 3.93222 78.8678 0
      vertex 1.15686 81 0
      vertex 1.45735 81.3426 0
    endloop
  endfacet
  facet normal 0 0 -1
    outer loop
      vertex 2.04742 81.8601 0
      vertex 4.45 79.2651 0
      vertex 4.17809 79.0834 0
    endloop
  endfacet
  facet normal 0 0 -1
    outer loop
      vertex 2.7 82.2961 0
      vertex 4.74329 79.4097 0
      vertex 4.45 79.2651 0
    endloop
  endfacet
  facet normal 0 0 -1
    outer loop
      vertex 3.40388 82.6433 0
      vertex 4.14708 82.8956 0
      vertex 4.74329 79.4097 0
    endloop
  endfacet
  facet normal 0 0 -1
    outer loop
      vertex 4.14708 82.8956 0
      vertex 4.91684 83.0487 0
      vertex 5.05295 79.5148 0
    endloop
  endfacet
  facet normal 0 0 -1
    outer loop
      vertex 4.91684 83.0487 0
      vertex 5.7 79.6 0
      vertex 5.37367 79.5786 0
    endloop
  endfacet
  facet normal 0 0 -1
    outer loop
      vertex 5.7 79.6 0
      vertex 5.7 83.1 0
      vertex 6.48315 83.0487 0
    endloop
  endfacet
  facet normal 0 0 -1
    outer loop
      vertex 4.91684 83.0487 0
      vertex 5.7 83.1 0
      vertex 5.7 79.6 0
    endloop
  endfacet
  facet normal 0 0 -1
    outer loop
      vertex 6.02631 79.5786 0
      vertex 6.48315 83.0487 0
      vertex 6.34705 79.5148 0
    endloop
  endfacet
  facet normal 0 0 -1
    outer loop
      vertex 5.7 79.6 0
      vertex 6.48315 83.0487 0
      vertex 6.02631 79.5786 0
    endloop
  endfacet
  facet normal 0 0 -1
    outer loop
      vertex 7.2529 82.8956 0
      vertex 6.65671 79.4097 0
      vertex 6.34705 79.5148 0
    endloop
  endfacet
  facet normal 0 -0 -1
    outer loop
      vertex 7.2529 82.8956 0
      vertex 7.99609 82.6433 0
      vertex 6.65671 79.4097 0
    endloop
  endfacet
  facet normal 0 0 -1
    outer loop
      vertex 6.65671 79.4097 0
      vertex 7.99609 82.6433 0
      vertex 8.7 82.2961 0
    endloop
  endfacet
  facet normal 0 0 -1
    outer loop
      vertex 6.95 79.2651 0
      vertex 6.65671 79.4097 0
      vertex 8.7 82.2961 0
    endloop
  endfacet
  facet normal -0 0 -1
    outer loop
      vertex 9.35255 81.8601 0
      vertex 6.95 79.2651 0
      vertex 8.7 82.2961 0
    endloop
  endfacet
  facet normal 0 0 -1
    outer loop
      vertex 9.35255 81.8601 0
      vertex 7.22189 79.0834 0
      vertex 6.95 79.2651 0
    endloop
  endfacet
  facet normal 0 -0 -1
    outer loop
      vertex 9.35255 81.8601 0
      vertex 9.94263 81.3426 0
      vertex 7.22189 79.0834 0
    endloop
  endfacet
  facet normal 0 0 -1
    outer loop
      vertex 7.22189 79.0834 0
      vertex 9.94263 81.3426 0
      vertex 7.46776 78.8678 0
    endloop
  endfacet
  facet normal 0 0 -1
    outer loop
      vertex 7.46776 78.8678 0
      vertex 9.94263 81.3426 0
      vertex 10.2431 81 0
    endloop
  endfacet
  facet normal 0 0 -1
    outer loop
      vertex 7.68338 78.6219 0
      vertex 7.46776 78.8678 0
      vertex 10.2431 81 0
    endloop
  endfacet
  facet normal 0 0 -1
    outer loop
      vertex 7.86505 78.35 0
      vertex 10.2431 81 0
      vertex 8.00969 78.0567 0
    endloop
  endfacet
  facet normal 0 0 -1
    outer loop
      vertex 8.00969 78.0567 0
      vertex 10.2431 81 0
      vertex 8.11481 77.747 0
    endloop
  endfacet
  facet normal 0 0 -1
    outer loop
      vertex 8.11481 77.747 0
      vertex 10.2431 81 0
      vertex 8.1786 77.4263 0
    endloop
  endfacet
  facet normal 0 0 -1
    outer loop
      vertex 8.1786 77.4263 0
      vertex 10.8293 74 0
      vertex 8.2 77.1 0
    endloop
  endfacet
  facet normal 0 0 -1
    outer loop
      vertex 8.00969 76.1433 0
      vertex 8.11481 76.4529 0
      vertex 10.8293 74 0
    endloop
  endfacet
  facet normal 0 0 -1
    outer loop
      vertex 7.86505 75.85 0
      vertex 8.00969 76.1433 0
      vertex 10.8293 74 0
    endloop
  endfacet
  facet normal 0 0 -1
    outer loop
      vertex 7.68338 75.5781 0
      vertex 10.8293 74 0
      vertex 10.4601 73.4474 0
    endloop
  endfacet
  facet normal 0 0 -1
    outer loop
      vertex 7.46776 75.3322 0
      vertex 7.68338 75.5781 0
      vertex 9.94263 72.8573 0
    endloop
  endfacet
  facet normal 0 -0 -1
    outer loop
      vertex 7.22189 75.1166 0
      vertex 9.35255 72.3399 0
      vertex 6.95 74.9349 0
    endloop
  endfacet
  facet normal 0 0 -1
    outer loop
      vertex 6.95 74.9349 0
      vertex 8.7 71.9038 0
      vertex 7.99609 71.5567 0
    endloop
  endfacet
  facet normal 0 0 -1
    outer loop
      vertex 6.65671 74.7903 0
      vertex 6.95 74.9349 0
      vertex 7.99609 71.5567 0
    endloop
  endfacet
  facet normal 0 0 -1
    outer loop
      vertex 9.35255 72.3399 0
      vertex 7.22189 75.1166 0
      vertex 9.94263 72.8573 0
    endloop
  endfacet
  facet normal 0 0 -1
    outer loop
      vertex 7 71.2541 0
      vertex 6.34705 74.6852 0
      vertex 7.2529 71.3044 0
    endloop
  endfacet
  facet normal 0 0 -1
    outer loop
      vertex 7 71.2541 0
      vertex 5.7 74.6 0
      vertex 6.02631 74.6214 0
    endloop
  endfacet
  facet normal 0 0 -1
    outer loop
      vertex 7 71.2541 0
      vertex 5.05295 74.6852 0
      vertex 5.37367 74.6214 0
    endloop
  endfacet
  facet normal 0 0 -1
    outer loop
      vertex 7 71.2541 0
      vertex 5.37367 74.6214 0
      vertex 5.7 74.6 0
    endloop
  endfacet
  facet normal 0 0 -1
    outer loop
      vertex 7 71.2541 0
      vertex 6.02631 74.6214 0
      vertex 6.34705 74.6852 0
    endloop
  endfacet
  facet normal 0 0 -1
    outer loop
      vertex -0.699997 6.2 0
      vertex 2.79999 6.2 0
      vertex -0.648666 5.41684 0
    endloop
  endfacet
  facet normal -0 0 -1
    outer loop
      vertex 4.34328 8.50969 0
      vertex 4.04999 8.36505 0
      vertex 0 8.98943 0
    endloop
  endfacet
  facet normal 0 -0 -1
    outer loop
      vertex 2.79999 6.2 0
      vertex 2.82138 5.87367 0
      vertex -0.648666 5.41684 0
    endloop
  endfacet
  facet normal -0 0 -1
    outer loop
      vertex 7 11.9456 0
      vertex 0 8.98943 0
      vertex 7 71.2541 0
    endloop
  endfacet
  facet normal 0 0 -1
    outer loop
      vertex 6.34705 74.6852 0
      vertex 7.99609 71.5567 0
      vertex 7.2529 71.3044 0
    endloop
  endfacet
  facet normal 0 0 -1
    outer loop
      vertex 7.22189 75.1166 0
      vertex 7.46776 75.3322 0
      vertex 9.94263 72.8573 0
    endloop
  endfacet
  facet normal 0 0 -1
    outer loop
      vertex 9.94263 72.8573 0
      vertex 7.68338 75.5781 0
      vertex 10.4601 73.4474 0
    endloop
  endfacet
  facet normal 0 0 -1
    outer loop
      vertex 7.68338 75.5781 0
      vertex 7.86505 75.85 0
      vertex 10.8293 74 0
    endloop
  endfacet
  facet normal 0 0 -1
    outer loop
      vertex 10.8293 74 0
      vertex 8.11481 76.4529 0
      vertex 8.1786 76.7737 0
    endloop
  endfacet
  facet normal 0 -0 -1
    outer loop
      vertex 8.2 77.1 0
      vertex 10.8293 74 0
      vertex 8.1786 76.7737 0
    endloop
  endfacet
  facet normal 0 0 -1
    outer loop
      vertex 8.1786 77.4263 0
      vertex 10.2431 81 0
      vertex 10.8293 74 0
    endloop
  endfacet
  facet normal 0 0 -1
    outer loop
      vertex 10.8293 74 0
      vertex 10.2431 81 0
      vertex 22 81 0
    endloop
  endfacet
  facet normal 0 0 -1
    outer loop
      vertex 131 67.9934 0
      vertex 131 76 0
      vertex 138 66.6632 0
    endloop
  endfacet
  facet normal 0 0 -1
    outer loop
      vertex 29 74 0
      vertex 10.8293 74 0
      vertex 22 81 0
    endloop
  endfacet
  facet normal 0 0 -1
    outer loop
      vertex 22 83 0
      vertex 29 76 0
      vertex 22 81 0
    endloop
  endfacet
  facet normal 0 0 -1
    outer loop
      vertex 131 76 0
      vertex 138 83 0
      vertex 138 66.6632 0
    endloop
  endfacet
  facet normal 0 0 -1
    outer loop
      vertex 128.84 66.2526 0
      vertex 131.617 64.1219 0
      vertex 131.435 63.85 0
    endloop
  endfacet
  facet normal 0 0 -1
    outer loop
      vertex 127.804 64.1529 0
      vertex 131.185 63.247 0
      vertex 131.121 62.9263 0
    endloop
  endfacet
  facet normal -0 0 -1
    outer loop
      vertex 131.121 62.9263 0
      vertex 131.1 62.6 0
      vertex 127.643 63.2577 0
    endloop
  endfacet
  facet normal 0 0 -1
    outer loop
      vertex 109.163 0 0
      vertex 110.493 7 0
      vertex 131 7 0
    endloop
  endfacet
  facet normal 0 0 -1
    outer loop
      vertex 135.91 61.6433 0
      vertex 136.015 61.9529 0
      vertex 139.396 61.0471 0
    endloop
  endfacet
  facet normal 0 0 -1
    outer loop
      vertex 131 57.2066 0
      vertex 132.35 60.4349 0
      vertex 132.643 60.2903 0
    endloop
  endfacet
  facet normal 0 0 -1
    outer loop
      vertex 138 0 0
      vertex 109.163 0 0
      vertex 131 7 0
    endloop
  endfacet
  facet normal 0 0 -1
    outer loop
      vertex 127.643 63.2577 0
      vertex 131.121 62.2737 0
      vertex 131.185 61.9529 0
    endloop
  endfacet
  facet normal 0 -0 -1
    outer loop
      vertex 128.404 65.6 0
      vertex 131.435 63.85 0
      vertex 128.057 64.8961 0
    endloop
  endfacet
  facet normal 0 0 -1
    outer loop
      vertex 22 0 0
      vertex 29 7 0
      vertex 101.037 0 0
    endloop
  endfacet
  facet normal 0 0 -1
    outer loop
      vertex 19.1225 9 0
      vertex 29 9 0
      vertex 29 7 0
    endloop
  endfacet
  facet normal 0 0 -1
    outer loop
      vertex 130.6 57.4038 0
      vertex 132.35 60.4349 0
      vertex 131 57.2066 0
    endloop
  endfacet
  facet normal 0 0 -1
    outer loop
      vertex 130.6 57.4038 0
      vertex 130.057 57.7664 0
      vertex 132.35 60.4349 0
    endloop
  endfacet
  facet normal -0 0 -1
    outer loop
      vertex 132.35 60.4349 0
      vertex 130.057 57.7664 0
      vertex 132.078 60.6166 0
    endloop
  endfacet
  facet normal 0 0 -1
    outer loop
      vertex 130.057 57.7664 0
      vertex 131.435 61.35 0
      vertex 131.617 61.0781 0
    endloop
  endfacet
  facet normal 0 0 -1
    outer loop
      vertex 130.057 57.7664 0
      vertex 131.617 61.0781 0
      vertex 131.832 60.8322 0
    endloop
  endfacet
  facet normal 0 0 -1
    outer loop
      vertex 127.643 63.2577 0
      vertex 131.29 61.6433 0
      vertex 130.057 57.7664 0
    endloop
  endfacet
  facet normal 0 -0 -1
    outer loop
      vertex 131.29 61.6433 0
      vertex 131.435 61.35 0
      vertex 130.057 57.7664 0
    endloop
  endfacet
  facet normal 0 0 -1
    outer loop
      vertex 127.643 63.2577 0
      vertex 131.185 61.9529 0
      vertex 131.29 61.6433 0
    endloop
  endfacet
  facet normal -0 -0 -1
    outer loop
      vertex 131.1 62.6 0
      vertex 131.121 62.2737 0
      vertex 127.643 63.2577 0
    endloop
  endfacet
  facet normal 0 0 -1
    outer loop
      vertex 131.121 62.9263 0
      vertex 127.651 63.3831 0
      vertex 127.804 64.1529 0
    endloop
  endfacet
  facet normal 0 0 -1
    outer loop
      vertex 127.643 63.2577 0
      vertex 127.651 63.3831 0
      vertex 131.121 62.9263 0
    endloop
  endfacet
  facet normal 0 0 -1
    outer loop
      vertex 127.804 64.1529 0
      vertex 128.057 64.8961 0
      vertex 131.185 63.247 0
    endloop
  endfacet
  facet normal -0 0 -1
    outer loop
      vertex 131.29 63.5567 0
      vertex 131.185 63.247 0
      vertex 128.057 64.8961 0
    endloop
  endfacet
  facet normal 0 0 -1
    outer loop
      vertex 128.404 65.6 0
      vertex 128.84 66.2526 0
      vertex 131.435 63.85 0
    endloop
  endfacet
  facet normal 0 0 -1
    outer loop
      vertex 128.84 66.2526 0
      vertex 129.357 66.8426 0
      vertex 131.617 64.1219 0
    endloop
  endfacet
  facet normal 0 0 -1
    outer loop
      vertex 131.617 64.1219 0
      vertex 129.357 66.8426 0
      vertex 131.832 64.3678 0
    endloop
  endfacet
  facet normal 0 0 -1
    outer loop
      vertex 131.832 64.3678 0
      vertex 129.357 66.8426 0
      vertex 129.947 67.3601 0
    endloop
  endfacet
  facet normal -0 0 -1
    outer loop
      vertex 132.078 64.5834 0
      vertex 131.832 64.3678 0
      vertex 129.947 67.3601 0
    endloop
  endfacet
  facet normal -0 0 -1
    outer loop
      vertex 132.35 64.7651 0
      vertex 132.078 64.5834 0
      vertex 129.947 67.3601 0
    endloop
  endfacet
  facet normal 0 -0 -1
    outer loop
      vertex 130.6 67.7961 0
      vertex 132.35 64.7651 0
      vertex 129.947 67.3601 0
    endloop
  endfacet
  facet normal 0 0 -1
    outer loop
      vertex 130.6 67.7961 0
      vertex 131 67.9934 0
      vertex 132.35 64.7651 0
    endloop
  endfacet
  facet normal 0 0 -1
    outer loop
      vertex 132.35 64.7651 0
      vertex 131 67.9934 0
      vertex 132.643 64.9097 0
    endloop
  endfacet
  facet normal 0 0 -1
    outer loop
      vertex 132.643 64.9097 0
      vertex 131 67.9934 0
      vertex 132.953 65.0148 0
    endloop
  endfacet
  facet normal 0 0 -1
    outer loop
      vertex 132.953 65.0148 0
      vertex 131 67.9934 0
      vertex 133.274 65.0786 0
    endloop
  endfacet
  facet normal 0 0 -1
    outer loop
      vertex 133.6 65.1 0
      vertex 131 67.9934 0
      vertex 133.926 65.0786 0
    endloop
  endfacet
  facet normal 0 0 -1
    outer loop
      vertex 133.926 65.0786 0
      vertex 138 66.6632 0
      vertex 134.247 65.0148 0
    endloop
  endfacet
  facet normal 0 0 -1
    outer loop
      vertex 138 66.6632 0
      vertex 134.85 64.7651 0
      vertex 134.557 64.9097 0
    endloop
  endfacet
  facet normal 0 0 -1
    outer loop
      vertex 135.368 64.3678 0
      vertex 135.122 64.5834 0
      vertex 138 66.6632 0
    endloop
  endfacet
  facet normal 0 0 -1
    outer loop
      vertex 138.36 66.2526 0
      vertex 135.765 63.85 0
      vertex 135.583 64.1219 0
    endloop
  endfacet
  facet normal 0 0 -1
    outer loop
      vertex 138.796 65.6 0
      vertex 135.91 63.5567 0
      vertex 135.765 63.85 0
    endloop
  endfacet
  facet normal 0 0 -1
    outer loop
      vertex 135.91 63.5567 0
      vertex 139.143 64.8961 0
      vertex 139.396 64.1529 0
    endloop
  endfacet
  facet normal 0 -0 -1
    outer loop
      vertex 138.796 65.6 0
      vertex 139.143 64.8961 0
      vertex 135.91 63.5567 0
    endloop
  endfacet
  facet normal 0 0 -1
    outer loop
      vertex 136.015 63.247 0
      vertex 139.396 64.1529 0
      vertex 139.549 63.3831 0
    endloop
  endfacet
  facet normal 0 0 -1
    outer loop
      vertex 135.91 63.5567 0
      vertex 139.396 64.1529 0
      vertex 136.015 63.247 0
    endloop
  endfacet
  facet normal 0 0 -1
    outer loop
      vertex 136.015 63.247 0
      vertex 139.549 63.3831 0
      vertex 136.079 62.9263 0
    endloop
  endfacet
  facet normal 0 0 -1
    outer loop
      vertex 136.079 62.9263 0
      vertex 139.549 63.3831 0
      vertex 136.1 62.6 0
    endloop
  endfacet
  facet normal 0 0 -1
    outer loop
      vertex 136.1 62.6 0
      vertex 139.6 62.6 0
      vertex 139.549 61.8168 0
    endloop
  endfacet
  facet normal 0 0 -1
    outer loop
      vertex 136.079 62.2737 0
      vertex 136.1 62.6 0
      vertex 139.549 61.8168 0
    endloop
  endfacet
  facet normal 0 0 -1
    outer loop
      vertex 136.015 61.9529 0
      vertex 139.549 61.8168 0
      vertex 139.396 61.0471 0
    endloop
  endfacet
  facet normal 0 0 -1
    outer loop
      vertex 135.91 61.6433 0
      vertex 139.396 61.0471 0
      vertex 139.143 60.3039 0
    endloop
  endfacet
  facet normal 0 0 -1
    outer loop
      vertex 138.796 59.6 0
      vertex 135.91 61.6433 0
      vertex 139.143 60.3039 0
    endloop
  endfacet
  facet normal 0 0 -1
    outer loop
      vertex 138.796 59.6 0
      vertex 135.765 61.35 0
      vertex 135.91 61.6433 0
    endloop
  endfacet
  facet normal -0 0 -1
    outer loop
      vertex 138.796 59.6 0
      vertex 138.36 58.9474 0
      vertex 135.765 61.35 0
    endloop
  endfacet
  facet normal 0 -0 -1
    outer loop
      vertex 135.765 61.35 0
      vertex 138.36 58.9474 0
      vertex 135.583 61.0781 0
    endloop
  endfacet
  facet normal 0 0 -1
    outer loop
      vertex 135.583 61.0781 0
      vertex 138.36 58.9474 0
      vertex 138 58.5368 0
    endloop
  endfacet
  facet normal 0 0 -1
    outer loop
      vertex 135.368 60.8322 0
      vertex 135.583 61.0781 0
      vertex 138 58.5368 0
    endloop
  endfacet
  facet normal 0 0 -1
    outer loop
      vertex 135.122 60.6166 0
      vertex 135.368 60.8322 0
      vertex 138 58.5368 0
    endloop
  endfacet
  facet normal 0 0 -1
    outer loop
      vertex 134.85 60.4349 0
      vertex 135.122 60.6166 0
      vertex 138 58.5368 0
    endloop
  endfacet
  facet normal 0 0 -1
    outer loop
      vertex 134.557 60.2903 0
      vertex 134.85 60.4349 0
      vertex 138 58.5368 0
    endloop
  endfacet
  facet normal 0 0 -1
    outer loop
      vertex 134.247 60.1852 0
      vertex 134.557 60.2903 0
      vertex 138 58.5368 0
    endloop
  endfacet
  facet normal 0 0 -1
    outer loop
      vertex 131 57.2066 0
      vertex 132.953 60.1852 0
      vertex 133.274 60.1214 0
    endloop
  endfacet
  facet normal 0 0 -1
    outer loop
      vertex 133.926 60.1214 0
      vertex 134.247 60.1852 0
      vertex 138 58.5368 0
    endloop
  endfacet
  facet normal 0 0 -1
    outer loop
      vertex 101.037 0 0
      vertex 102.935 3.14999 0
      vertex 103.117 2.87808 0
    endloop
  endfacet
  facet normal 0 0 -1
    outer loop
      vertex 131 7 0
      vertex 131 57.2066 0
      vertex 138 58.5368 0
    endloop
  endfacet
  facet normal 0 0 -1
    outer loop
      vertex 22 2 0
      vertex 29 7 0
      vertex 22 0 0
    endloop
  endfacet
  facet normal 0 0 -1
    outer loop
      vertex 7.28337 7.72189 0
      vertex 8.84258 11.0336 0
      vertex 7.46506 7.45 0
    endloop
  endfacet
  facet normal 0 -0 -1
    outer loop
      vertex 133.6 60.1 0
      vertex 133.926 60.1214 0
      vertex 131 57.2066 0
    endloop
  endfacet
  facet normal 0 0 -1
    outer loop
      vertex 22 2 0
      vertex 19.1225 9 0
      vertex 29 7 0
    endloop
  endfacet
  facet normal -0 0 -1
    outer loop
      vertex 132.078 60.6166 0
      vertex 130.057 57.7664 0
      vertex 131.832 60.8322 0
    endloop
  endfacet
  facet normal 0 0 -1
    outer loop
      vertex 131 57.2066 0
      vertex 133.926 60.1214 0
      vertex 138 58.5368 0
    endloop
  endfacet
  facet normal 0 0 -1
    outer loop
      vertex 8.84258 11.0336 0
      vertex 127.643 63.2577 0
      vertex 19.1225 9 0
    endloop
  endfacet
  facet normal 0 -0 -1
    outer loop
      vertex 127.643 63.2577 0
      vertex 130.057 57.7664 0
      vertex 19.1225 9 0
    endloop
  endfacet
  facet normal 0 0 -1
    outer loop
      vertex 138 0 0
      vertex 131 7 0
      vertex 138 58.5368 0
    endloop
  endfacet
  facet normal -0 0 -1
    outer loop
      vertex 108.753 9.16011 0
      vertex 106.35 6.56506 0
      vertex 108.1 9.59615 0
    endloop
  endfacet
  facet normal 0 0 -1
    outer loop
      vertex 106.35 6.56506 0
      vertex 106.057 6.70969 0
      vertex 107.396 9.94327 0
    endloop
  endfacet
  facet normal -0 0 -1
    outer loop
      vertex 107.396 9.94327 0
      vertex 105.747 6.8148 0
      vertex 106.653 10.1955 0
    endloop
  endfacet
  facet normal -0 0 -1
    outer loop
      vertex 106.653 10.1955 0
      vertex 105.426 6.8786 0
      vertex 105.883 10.3487 0
    endloop
  endfacet
  facet normal -0 0 -1
    outer loop
      vertex 105.883 10.3487 0
      vertex 105.1 6.89999 0
      vertex 105.1 10.4 0
    endloop
  endfacet
  facet normal -0 0 -1
    outer loop
      vertex 105.1 6.89999 0
      vertex 104.774 6.8786 0
      vertex 104.317 10.3487 0
    endloop
  endfacet
  facet normal -0 0 -1
    outer loop
      vertex 104.774 6.8786 0
      vertex 104.453 6.8148 0
      vertex 103.547 10.1955 0
    endloop
  endfacet
  facet normal -0 0 -1
    outer loop
      vertex 104.453 6.8148 0
      vertex 104.143 6.70969 0
      vertex 102.804 9.94327 0
    endloop
  endfacet
  facet normal 0 -0 -1
    outer loop
      vertex 102.804 9.94327 0
      vertex 103.85 6.56506 0
      vertex 102.1 9.59615 0
    endloop
  endfacet
  facet normal -0 0 -1
    outer loop
      vertex 103.85 6.56506 0
      vertex 103.578 6.38338 0
      vertex 101.447 9.16011 0
    endloop
  endfacet
  facet normal 0 -0 -1
    outer loop
      vertex 101.447 9.16011 0
      vertex 103.332 6.16776 0
      vertex 100.857 8.64264 0
    endloop
  endfacet
  facet normal -0 0 -1
    outer loop
      vertex 103.332 6.16776 0
      vertex 103.117 5.92189 0
      vertex 100.34 8.05257 0
    endloop
  endfacet
  facet normal 0 -0 -1
    outer loop
      vertex 100.34 8.05257 0
      vertex 102.935 5.64999 0
      vertex 99.9038 7.39999 0
    endloop
  endfacet
  facet normal -0 0 -1
    outer loop
      vertex 102.935 5.64999 0
      vertex 102.79 5.3567 0
      vertex 99.7066 7 0
    endloop
  endfacet
  facet normal 0 0 -1
    outer loop
      vertex 99.7066 7 0
      vertex 102.685 5.04704 0
      vertex 102.621 4.7263 0
    endloop
  endfacet
  facet normal 0 0 -1
    outer loop
      vertex 102.621 4.07367 0
      vertex 99.7066 7 0
      vertex 102.6 4.39999 0
    endloop
  endfacet
  facet normal -0 0 -1
    outer loop
      vertex 102.685 3.75294 0
      vertex 101.037 0 0
      vertex 102.621 4.07367 0
    endloop
  endfacet
  facet normal 0 -0 -1
    outer loop
      vertex 102.79 3.44328 0
      vertex 102.935 3.14999 0
      vertex 101.037 0 0
    endloop
  endfacet
  facet normal -0 0 -1
    outer loop
      vertex 4.65294 8.61481 0
      vertex 4.34328 8.50969 0
      vertex 7 11.9456 0
    endloop
  endfacet
  facet normal 0 -0 -1
    outer loop
      vertex 3.77809 4.21661 0
      vertex 4.04999 4.03493 0
      vertex 1.64743 1.43987 0
    endloop
  endfacet
  facet normal 0 0 -1
    outer loop
      vertex 4.97368 8.6786 0
      vertex 7 11.9456 0
      vertex 5.29999 8.7 0
    endloop
  endfacet
  facet normal 0 0 -1
    outer loop
      vertex 3.53223 4.43222 0
      vertex 1.64743 1.43987 0
      vertex 1.05736 1.95735 0
    endloop
  endfacet
  facet normal 0 0 -1
    outer loop
      vertex 1.01996 2 0
      vertex 0 3.41057 0
      vertex 3.3166 4.67809 0
    endloop
  endfacet
  facet normal 0 0 -1
    outer loop
      vertex 0 3.41057 0
      vertex 2.9903 5.24329 0
      vertex 3.13493 4.95 0
    endloop
  endfacet
  facet normal 0 0 -1
    outer loop
      vertex -0.243271 3.90388 0
      vertex -0.495544 4.64708 0
      vertex 2.9903 5.24329 0
    endloop
  endfacet
  facet normal 0 0 -1
    outer loop
      vertex -0.495544 4.64708 0
      vertex 2.82138 5.87367 0
      vertex 2.88518 5.55295 0
    endloop
  endfacet
  facet normal 0 0 -1
    outer loop
      vertex 2.82138 5.87367 0
      vertex -0.495544 4.64708 0
      vertex -0.648666 5.41684 0
    endloop
  endfacet
  facet normal 0 0 -1
    outer loop
      vertex -0.699997 6.2 0
      vertex -0.648666 6.98315 0
      vertex 2.79999 6.2 0
    endloop
  endfacet
  facet normal 0 0 -1
    outer loop
      vertex 2.79999 6.2 0
      vertex -0.648666 6.98315 0
      vertex 2.82138 6.52631 0
    endloop
  endfacet
  facet normal 0 0 -1
    outer loop
      vertex 2.82138 6.52631 0
      vertex -0.648666 6.98315 0
      vertex -0.495544 7.7529 0
    endloop
  endfacet
  facet normal -0 0 -1
    outer loop
      vertex 2.88518 6.84705 0
      vertex 2.82138 6.52631 0
      vertex -0.495544 7.7529 0
    endloop
  endfacet
  facet normal -0 0 -1
    outer loop
      vertex 2.9903 7.15671 0
      vertex 2.88518 6.84705 0
      vertex -0.495544 7.7529 0
    endloop
  endfacet
  facet normal 0 -0 -1
    outer loop
      vertex -0.243271 8.49609 0
      vertex 2.9903 7.15671 0
      vertex -0.495544 7.7529 0
    endloop
  endfacet
  facet normal 0 0 -1
    outer loop
      vertex -0.243271 8.49609 0
      vertex 0 8.98943 0
      vertex 2.9903 7.15671 0
    endloop
  endfacet
  facet normal 0 0 -1
    outer loop
      vertex 2.9903 7.15671 0
      vertex 0 8.98943 0
      vertex 3.13493 7.45 0
    endloop
  endfacet
  facet normal 0 0 -1
    outer loop
      vertex 3.13493 7.45 0
      vertex 0 8.98943 0
      vertex 3.3166 7.72189 0
    endloop
  endfacet
  facet normal 0 0 -1
    outer loop
      vertex 3.3166 7.72189 0
      vertex 0 8.98943 0
      vertex 3.53223 7.96776 0
    endloop
  endfacet
  facet normal -0 0 -1
    outer loop
      vertex 3.77809 8.18338 0
      vertex 3.53223 7.96776 0
      vertex 0 8.98943 0
    endloop
  endfacet
  facet normal 0 0 -1
    outer loop
      vertex 7 11.9456 0
      vertex 4.34328 8.50969 0
      vertex 0 8.98943 0
    endloop
  endfacet
  facet normal -0 0 -1
    outer loop
      vertex 4.97368 8.6786 0
      vertex 4.65294 8.61481 0
      vertex 7 11.9456 0
    endloop
  endfacet
  facet normal 0 0 -1
    outer loop
      vertex 5.29999 8.7 0
      vertex 7 11.9456 0
      vertex 5.62631 8.6786 0
    endloop
  endfacet
  facet normal 0 0 -1
    outer loop
      vertex 5.62631 8.6786 0
      vertex 7 11.9456 0
      vertex 5.94704 8.61481 0
    endloop
  endfacet
  facet normal -0 0 -1
    outer loop
      vertex 19.1225 9 0
      vertex 7.77861 6.52631 0
      vertex 8.84258 11.0336 0
    endloop
  endfacet
  facet normal 0 0 -1
    outer loop
      vertex 6.2567 8.50969 0
      vertex 5.94704 8.61481 0
      vertex 7 11.9456 0
    endloop
  endfacet
  facet normal -0 0 -1
    outer loop
      vertex 7.5961 11.7433 0
      vertex 6.2567 8.50969 0
      vertex 7 11.9456 0
    endloop
  endfacet
  facet normal 0 -0 -1
    outer loop
      vertex 7.5961 11.7433 0
      vertex 8.29999 11.3961 0
      vertex 6.2567 8.50969 0
    endloop
  endfacet
  facet normal 0 0 -1
    outer loop
      vertex 6.2567 8.50969 0
      vertex 8.29999 11.3961 0
      vertex 6.54999 8.36505 0
    endloop
  endfacet
  facet normal 0 0 -1
    outer loop
      vertex 6.54999 8.36505 0
      vertex 8.29999 11.3961 0
      vertex 8.84258 11.0336 0
    endloop
  endfacet
  facet normal 0 0 -1
    outer loop
      vertex 6.8219 8.18338 0
      vertex 6.54999 8.36505 0
      vertex 8.84258 11.0336 0
    endloop
  endfacet
  facet normal 0 0 -1
    outer loop
      vertex 7.06776 7.96776 0
      vertex 6.8219 8.18338 0
      vertex 8.84258 11.0336 0
    endloop
  endfacet
  facet normal 0 0 -1
    outer loop
      vertex 7.28337 7.72189 0
      vertex 7.06776 7.96776 0
      vertex 8.84258 11.0336 0
    endloop
  endfacet
  facet normal 0 0 -1
    outer loop
      vertex 7.46506 7.45 0
      vertex 8.84258 11.0336 0
      vertex 7.6097 7.15671 0
    endloop
  endfacet
  facet normal 0 0 -1
    outer loop
      vertex 7.71481 6.84705 0
      vertex 8.84258 11.0336 0
      vertex 7.77861 6.52631 0
    endloop
  endfacet
  facet normal 0 0 -1
    outer loop
      vertex 7.6097 7.15671 0
      vertex 8.84258 11.0336 0
      vertex 7.71481 6.84705 0
    endloop
  endfacet
  facet normal 0 0 -1
    outer loop
      vertex 19.1225 9 0
      vertex 7.79999 6.2 0
      vertex 7.77861 6.52631 0
    endloop
  endfacet
  facet normal 0 0 -1
    outer loop
      vertex 19.1225 9 0
      vertex 9.58003 2 0
      vertex 7.79999 6.2 0
    endloop
  endfacet
  facet normal 0 -0 -1
    outer loop
      vertex 7.79999 6.2 0
      vertex 9.58003 2 0
      vertex 7.77861 5.87367 0
    endloop
  endfacet
  facet normal 0 0 -1
    outer loop
      vertex 9.58003 2 0
      vertex 7.6097 5.24329 0
      vertex 7.71481 5.55295 0
    endloop
  endfacet
  facet normal 0 0 -1
    outer loop
      vertex 7.28337 4.67809 0
      vertex 7.46506 4.95 0
      vertex 9.58003 2 0
    endloop
  endfacet
  facet normal 0 0 -1
    outer loop
      vertex 7.06776 4.43222 0
      vertex 9.58003 2 0
      vertex 9.54263 1.95735 0
    endloop
  endfacet
  facet normal 0 0 -1
    outer loop
      vertex 8.95256 1.43987 0
      vertex 7.06776 4.43222 0
      vertex 9.54263 1.95735 0
    endloop
  endfacet
  facet normal 0 0 -1
    outer loop
      vertex 8.95256 1.43987 0
      vertex 6.8219 4.21661 0
      vertex 7.06776 4.43222 0
    endloop
  endfacet
  facet normal 0 0 -1
    outer loop
      vertex 8.29999 1.00385 0
      vertex 6.54999 4.03493 0
      vertex 6.8219 4.21661 0
    endloop
  endfacet
  facet normal 0 0 -1
    outer loop
      vertex 7.5961 0.656708 0
      vertex 6.2567 3.89029 0
      vertex 8.29999 1.00385 0
    endloop
  endfacet
  facet normal -0 0 -1
    outer loop
      vertex 7.5961 0.656708 0
      vertex 6.85291 0.404434 0
      vertex 6.2567 3.89029 0
    endloop
  endfacet
  facet normal -0 0 -1
    outer loop
      vertex 6.85291 0.404434 0
      vertex 6.08315 0.251328 0
      vertex 5.94704 3.78517 0
    endloop
  endfacet
  facet normal 0 -0 -1
    outer loop
      vertex 5.94704 3.78517 0
      vertex 6.08315 0.251328 0
      vertex 5.62631 3.72137 0
    endloop
  endfacet
  facet normal 0 0 -1
    outer loop
      vertex 5.62631 3.72137 0
      vertex 5.29999 0.199997 0
      vertex 5.29999 3.7 0
    endloop
  endfacet
  facet normal 0 0 -1
    outer loop
      vertex 102.804 -1.14326 0
      vertex 104.143 2.09029 0
      vertex 103.547 -1.39555 0
    endloop
  endfacet
  facet normal 0 0 -1
    outer loop
      vertex 106.868 6.16776 0
      vertex 109.343 8.64264 0
      vertex 109.86 8.05257 0
    endloop
  endfacet
  facet normal 0 0 -1
    outer loop
      vertex 102.804 -1.14326 0
      vertex 102.1 -0.796143 0
      vertex 104.143 2.09029 0
    endloop
  endfacet
  facet normal 0 0 -1
    outer loop
      vertex 108.753 9.16011 0
      vertex 106.622 6.38338 0
      vertex 106.35 6.56506 0
    endloop
  endfacet
  facet normal -0 0 -1
    outer loop
      vertex 104.143 2.09029 0
      vertex 102.1 -0.796143 0
      vertex 103.85 2.23492 0
    endloop
  endfacet
  facet normal 0 0 -1
    outer loop
      vertex 103.85 2.23492 0
      vertex 102.1 -0.796143 0
      vertex 101.447 -0.360107 0
    endloop
  endfacet
  facet normal 0 -0 -1
    outer loop
      vertex 103.578 2.41661 0
      vertex 103.85 2.23492 0
      vertex 101.447 -0.360107 0
    endloop
  endfacet
  facet normal 0 0 -1
    outer loop
      vertex 101.037 0 0
      vertex 103.578 2.41661 0
      vertex 101.447 -0.360107 0
    endloop
  endfacet
  facet normal 0 0 -1
    outer loop
      vertex 101.037 0 0
      vertex 103.332 2.63223 0
      vertex 103.578 2.41661 0
    endloop
  endfacet
  facet normal 0 0 -1
    outer loop
      vertex 101.037 0 0
      vertex 103.117 2.87808 0
      vertex 103.332 2.63223 0
    endloop
  endfacet
  facet normal -0 0 -1
    outer loop
      vertex 102.79 3.44328 0
      vertex 101.037 0 0
      vertex 102.685 3.75294 0
    endloop
  endfacet
  facet normal 0 0 -1
    outer loop
      vertex 101.037 0 0
      vertex 99.7066 7 0
      vertex 102.621 4.07367 0
    endloop
  endfacet
  facet normal 0 0 -1
    outer loop
      vertex 99.7066 7 0
      vertex 102.621 4.7263 0
      vertex 102.6 4.39999 0
    endloop
  endfacet
  facet normal -0 0 -1
    outer loop
      vertex 102.79 5.3567 0
      vertex 102.685 5.04704 0
      vertex 99.7066 7 0
    endloop
  endfacet
  facet normal 0 0 -1
    outer loop
      vertex 102.935 5.64999 0
      vertex 99.7066 7 0
      vertex 99.9038 7.39999 0
    endloop
  endfacet
  facet normal -0 0 -1
    outer loop
      vertex 103.117 5.92189 0
      vertex 102.935 5.64999 0
      vertex 100.34 8.05257 0
    endloop
  endfacet
  facet normal 0 0 -1
    outer loop
      vertex 103.332 6.16776 0
      vertex 100.34 8.05257 0
      vertex 100.857 8.64264 0
    endloop
  endfacet
  facet normal -0 0 -1
    outer loop
      vertex 103.578 6.38338 0
      vertex 103.332 6.16776 0
      vertex 101.447 9.16011 0
    endloop
  endfacet
  facet normal 0 0 -1
    outer loop
      vertex 103.85 6.56506 0
      vertex 101.447 9.16011 0
      vertex 102.1 9.59615 0
    endloop
  endfacet
  facet normal -0 0 -1
    outer loop
      vertex 104.143 6.70969 0
      vertex 103.85 6.56506 0
      vertex 102.804 9.94327 0
    endloop
  endfacet
  facet normal 0 0 -1
    outer loop
      vertex 104.453 6.8148 0
      vertex 102.804 9.94327 0
      vertex 103.547 10.1955 0
    endloop
  endfacet
  facet normal 0 0 -1
    outer loop
      vertex 104.774 6.8786 0
      vertex 103.547 10.1955 0
      vertex 104.317 10.3487 0
    endloop
  endfacet
  facet normal 0 0 -1
    outer loop
      vertex 105.1 6.89999 0
      vertex 104.317 10.3487 0
      vertex 105.1 10.4 0
    endloop
  endfacet
  facet normal 0 0 -1
    outer loop
      vertex 105.426 6.8786 0
      vertex 105.1 6.89999 0
      vertex 105.883 10.3487 0
    endloop
  endfacet
  facet normal 0 0 -1
    outer loop
      vertex 105.747 6.8148 0
      vertex 105.426 6.8786 0
      vertex 106.653 10.1955 0
    endloop
  endfacet
  facet normal 0 0 -1
    outer loop
      vertex 106.057 6.70969 0
      vertex 105.747 6.8148 0
      vertex 107.396 9.94327 0
    endloop
  endfacet
  facet normal 0 0 -1
    outer loop
      vertex 106.35 6.56506 0
      vertex 107.396 9.94327 0
      vertex 108.1 9.59615 0
    endloop
  endfacet
  facet normal 0 -0 -1
    outer loop
      vertex 108.753 9.16011 0
      vertex 109.343 8.64264 0
      vertex 106.622 6.38338 0
    endloop
  endfacet
  facet normal 0 0 -1
    outer loop
      vertex 106.622 6.38338 0
      vertex 109.343 8.64264 0
      vertex 106.868 6.16776 0
    endloop
  endfacet
  facet normal 0 0 -1
    outer loop
      vertex 110.493 7 0
      vertex 107.6 4.39999 0
      vertex 107.579 4.7263 0
    endloop
  endfacet
  facet normal 0 0 -1
    outer loop
      vertex 107.083 5.92189 0
      vertex 106.868 6.16776 0
      vertex 109.86 8.05257 0
    endloop
  endfacet
  facet normal 0 0 -1
    outer loop
      vertex 107.265 5.64999 0
      vertex 107.083 5.92189 0
      vertex 109.86 8.05257 0
    endloop
  endfacet
  facet normal -0 0 -1
    outer loop
      vertex 110.296 7.39999 0
      vertex 107.265 5.64999 0
      vertex 109.86 8.05257 0
    endloop
  endfacet
  facet normal 0 -0 -1
    outer loop
      vertex 110.296 7.39999 0
      vertex 110.493 7 0
      vertex 107.265 5.64999 0
    endloop
  endfacet
  facet normal 0 0 -1
    outer loop
      vertex 107.265 5.64999 0
      vertex 110.493 7 0
      vertex 107.41 5.3567 0
    endloop
  endfacet
  facet normal 0 0 -1
    outer loop
      vertex 107.41 5.3567 0
      vertex 110.493 7 0
      vertex 107.515 5.04704 0
    endloop
  endfacet
  facet normal 0 0 -1
    outer loop
      vertex 107.515 5.04704 0
      vertex 110.493 7 0
      vertex 107.579 4.7263 0
    endloop
  endfacet
  facet normal 0 0 -1
    outer loop
      vertex 110.493 7 0
      vertex 107.579 4.07367 0
      vertex 107.6 4.39999 0
    endloop
  endfacet
  facet normal 0 0 -1
    outer loop
      vertex 110.493 7 0
      vertex 109.163 0 0
      vertex 107.579 4.07367 0
    endloop
  endfacet
  facet normal 0 -0 -1
    outer loop
      vertex 107.579 4.07367 0
      vertex 109.163 0 0
      vertex 107.515 3.75294 0
    endloop
  endfacet
  facet normal 0 0 -1
    outer loop
      vertex 109.163 0 0
      vertex 107.265 3.14999 0
      vertex 107.41 3.44328 0
    endloop
  endfacet
  facet normal 0 0 -1
    outer loop
      vertex 106.868 2.63223 0
      vertex 107.083 2.87808 0
      vertex 109.163 0 0
    endloop
  endfacet
  facet normal 0 0 -1
    outer loop
      vertex 106.622 2.41661 0
      vertex 106.868 2.63223 0
      vertex 109.163 0 0
    endloop
  endfacet
  facet normal 0 0 -1
    outer loop
      vertex 108.1 -0.796143 0
      vertex 106.622 2.41661 0
      vertex 108.753 -0.360107 0
    endloop
  endfacet
  facet normal 0 0 -1
    outer loop
      vertex 108.1 -0.796143 0
      vertex 106.35 2.23492 0
      vertex 106.622 2.41661 0
    endloop
  endfacet
  facet normal 0 0 -1
    outer loop
      vertex 108.1 -0.796143 0
      vertex 106.057 2.09029 0
      vertex 106.35 2.23492 0
    endloop
  endfacet
  facet normal -0 0 -1
    outer loop
      vertex 107.396 -1.14326 0
      vertex 106.653 -1.39555 0
      vertex 106.057 2.09029 0
    endloop
  endfacet
  facet normal -0 0 -1
    outer loop
      vertex 106.653 -1.39555 0
      vertex 105.883 -1.54866 0
      vertex 105.747 1.98518 0
    endloop
  endfacet
  facet normal 0 -0 -1
    outer loop
      vertex 105.747 1.98518 0
      vertex 105.883 -1.54866 0
      vertex 105.426 1.92139 0
    endloop
  endfacet
  facet normal 0 -0 -1
    outer loop
      vertex 105.426 1.92139 0
      vertex 105.883 -1.54866 0
      vertex 105.1 1.89999 0
    endloop
  endfacet
  facet normal 0 0 1
    outer loop
      vertex 109.163 0 1.2
      vertex 106.622 2.41661 1.2
      vertex 108.753 -0.360107 1.2
    endloop
  endfacet
  facet normal 0 0 1
    outer loop
      vertex 107.515 3.75294 1.2
      vertex 107.41 3.44328 1.2
      vertex 109.163 0 1.2
    endloop
  endfacet
  facet normal 0 0 1
    outer loop
      vertex 106.057 2.09029 1.2
      vertex 107.396 -1.14326 1.2
      vertex 108.1 -0.796143 1.2
    endloop
  endfacet
  facet normal 0 0 1
    outer loop
      vertex 107.265 3.14999 1.2
      vertex 107.083 2.87808 1.2
      vertex 109.163 0 1.2
    endloop
  endfacet
  facet normal 0 0 1
    outer loop
      vertex 106.653 -1.39555 1.2
      vertex 106.057 2.09029 1.2
      vertex 105.747 1.98518 1.2
    endloop
  endfacet
  facet normal 0 0 1
    outer loop
      vertex 131 57.2066 1.2
      vertex 132.953 60.1852 1.2
      vertex 132.643 60.2903 1.2
    endloop
  endfacet
  facet normal 0 0 1
    outer loop
      vertex 138.36 66.2526 1.2
      vertex 135.765 63.85 1.2
      vertex 138.796 65.6 1.2
    endloop
  endfacet
  facet normal 0 0 1
    outer loop
      vertex 139.549 61.8168 1.2
      vertex 136.079 62.2737 1.2
      vertex 136.015 61.9529 1.2
    endloop
  endfacet
  facet normal 0 0 1
    outer loop
      vertex 139.6 62.6 1.2
      vertex 139.549 63.3831 1.2
      vertex 136.1 62.6 1.2
    endloop
  endfacet
  facet normal 0 0 1
    outer loop
      vertex 138 66.6632 1.2
      vertex 135.368 64.3678 1.2
      vertex 135.583 64.1219 1.2
    endloop
  endfacet
  facet normal -0 0 1
    outer loop
      vertex 134.85 64.7651 1.2
      vertex 135.122 64.5834 1.2
      vertex 138 66.6632 1.2
    endloop
  endfacet
  facet normal 0 -0 1
    outer loop
      vertex 134.557 64.9097 1.2
      vertex 138 66.6632 1.2
      vertex 134.247 65.0148 1.2
    endloop
  endfacet
  facet normal 0 0 1
    outer loop
      vertex 138 66.6632 1.2
      vertex 131 67.9934 1.2
      vertex 133.926 65.0786 1.2
    endloop
  endfacet
  facet normal 0 0 1
    outer loop
      vertex 131 67.9934 1.2
      vertex 133.274 65.0786 1.2
      vertex 133.6 65.1 1.2
    endloop
  endfacet
  facet normal 0 0 1
    outer loop
      vertex 138 66.6632 1.2
      vertex 135.583 64.1219 1.2
      vertex 138.36 66.2526 1.2
    endloop
  endfacet
  facet normal 0 -0 1
    outer loop
      vertex 29 76 1.2
      vertex 131 76 1.2
      vertex 22 83 1.2
    endloop
  endfacet
  facet normal 0 -0 1
    outer loop
      vertex 29 74 1.2
      vertex 29 76 1.2
      vertex 22 81 1.2
    endloop
  endfacet
  facet normal 0 -0 1
    outer loop
      vertex 131 76 1.2
      vertex 138 83 1.2
      vertex 22 83 1.2
    endloop
  endfacet
  facet normal 0 0 1
    outer loop
      vertex 128.057 64.8961 1.2
      vertex 131.29 63.5567 1.2
      vertex 131.435 63.85 1.2
    endloop
  endfacet
  facet normal 0 -0 1
    outer loop
      vertex 5.05295 79.5148 1.2
      vertex 5.37367 79.5786 1.2
      vertex 4.91684 83.0487 1.2
    endloop
  endfacet
  facet normal 0 -0 1
    outer loop
      vertex 4.74329 79.4097 1.2
      vertex 5.05295 79.5148 1.2
      vertex 4.14708 82.8956 1.2
    endloop
  endfacet
  facet normal -0 0 1
    outer loop
      vertex 2.7 82.2961 1.2
      vertex 4.74329 79.4097 1.2
      vertex 3.40388 82.6433 1.2
    endloop
  endfacet
  facet normal -0 0 1
    outer loop
      vertex 2.04742 81.8601 1.2
      vertex 4.45 79.2651 1.2
      vertex 2.7 82.2961 1.2
    endloop
  endfacet
  facet normal 0 0 1
    outer loop
      vertex 1.45735 81.3426 1.2
      vertex 3.93222 78.8678 1.2
      vertex 4.17809 79.0834 1.2
    endloop
  endfacet
  facet normal 0 0 1
    outer loop
      vertex 1.15686 81 1.2
      vertex 3.71661 78.6219 1.2
      vertex 3.93222 78.8678 1.2
    endloop
  endfacet
  facet normal -0 0 1
    outer loop
      vertex 0 78.9344 1.2
      vertex 3.53493 78.35 1.2
      vertex 1.15686 81 1.2
    endloop
  endfacet
  facet normal 0 -0 1
    outer loop
      vertex 3.28517 77.747 1.2
      vertex 3.39029 78.0567 1.2
      vertex 0 78.9344 1.2
    endloop
  endfacet
  facet normal -0 0 1
    outer loop
      vertex -0.248657 77.8831 1.2
      vertex 3.28517 77.747 1.2
      vertex -0.0955505 78.6529 1.2
    endloop
  endfacet
  facet normal 0 0 1
    outer loop
      vertex -0.299988 77.1 1.2
      vertex 3.22137 77.4263 1.2
      vertex -0.248657 77.8831 1.2
    endloop
  endfacet
  facet normal -0 0 1
    outer loop
      vertex 1.45735 81.3426 1.2
      vertex 4.17809 79.0834 1.2
      vertex 2.04742 81.8601 1.2
    endloop
  endfacet
  facet normal 0 -0 1
    outer loop
      vertex -0.0955505 75.5471 1.2
      vertex 3.28517 76.4529 1.2
      vertex -0.248657 76.3168 1.2
    endloop
  endfacet
  facet normal -0 0 1
    outer loop
      vertex 0 81 1.2
      vertex 0 78.9344 1.2
      vertex 1.15686 81 1.2
    endloop
  endfacet
  facet normal 0 0 1
    outer loop
      vertex 7 71.2541 1.2
      vertex 4.74329 74.7903 1.2
      vertex 4.45 74.9349 1.2
    endloop
  endfacet
  facet normal 0 0 1
    outer loop
      vertex 7 71.2541 1.2
      vertex 0 75.2656 1.2
      vertex 0 8.98943 1.2
    endloop
  endfacet
  facet normal 0 -0 1
    outer loop
      vertex 3.2 77.1 1.2
      vertex 3.22137 77.4263 1.2
      vertex -0.299988 77.1 1.2
    endloop
  endfacet
  facet normal 0 0 1
    outer loop
      vertex 6.48315 83.0487 1.2
      vertex 6.34705 79.5148 1.2
      vertex 7.2529 82.8956 1.2
    endloop
  endfacet
  facet normal 0 0 1
    outer loop
      vertex 6.65671 74.7903 1.2
      vertex 6.34705 74.6852 1.2
      vertex 7.99609 71.5567 1.2
    endloop
  endfacet
  facet normal 0 0 1
    outer loop
      vertex 6.08315 0.251328 1.2
      vertex 5.62631 3.72137 1.2
      vertex 5.29999 0.199997 1.2
    endloop
  endfacet
  facet normal 0 0 1
    outer loop
      vertex 2.9903 5.24329 1.2
      vertex 2.88518 5.55295 1.2
      vertex -0.495544 4.64708 1.2
    endloop
  endfacet
  facet normal 0 -0 1
    outer loop
      vertex 0 3.41057 1.2
      vertex 2.9903 5.24329 1.2
      vertex -0.243271 3.90388 1.2
    endloop
  endfacet
  facet normal 0 0 1
    outer loop
      vertex 3.3166 4.67809 1.2
      vertex 3.13493 4.95 1.2
      vertex 0 3.41057 1.2
    endloop
  endfacet
  facet normal 0 -0 1
    outer loop
      vertex 1.05736 1.95735 1.2
      vertex 3.53223 4.43222 1.2
      vertex 1.01996 2 1.2
    endloop
  endfacet
  facet normal 0 0 1
    outer loop
      vertex 1.64743 1.43987 1.2
      vertex 3.77809 4.21661 1.2
      vertex 3.53223 4.43222 1.2
    endloop
  endfacet
  facet normal 0 -0 1
    outer loop
      vertex 2.29999 1.00385 1.2
      vertex 4.04999 4.03493 1.2
      vertex 1.64743 1.43987 1.2
    endloop
  endfacet
  facet normal 0 0 1
    outer loop
      vertex 3.53223 4.43222 1.2
      vertex 3.3166 4.67809 1.2
      vertex 1.01996 2 1.2
    endloop
  endfacet
  facet normal 0 0 1
    outer loop
      vertex 4.65294 3.78517 1.2
      vertex 3.00389 0.656708 1.2
      vertex 3.74709 0.404434 1.2
    endloop
  endfacet
  facet normal 0 0 1
    outer loop
      vertex 4.34328 3.89029 1.2
      vertex 3.00389 0.656708 1.2
      vertex 4.65294 3.78517 1.2
    endloop
  endfacet
  facet normal 0 0 1
    outer loop
      vertex 4.65294 3.78517 1.2
      vertex 3.74709 0.404434 1.2
      vertex 4.51683 0.251328 1.2
    endloop
  endfacet
  facet normal 0 0 1
    outer loop
      vertex 0 2 1.2
      vertex 1.01996 2 1.2
      vertex 0 3.41057 1.2
    endloop
  endfacet
  facet normal 0 0 1
    outer loop
      vertex 4.34328 3.89029 1.2
      vertex 2.29999 1.00385 1.2
      vertex 3.00389 0.656708 1.2
    endloop
  endfacet
  facet normal 0 0 1
    outer loop
      vertex 4.51683 0.251328 1.2
      vertex 4.97368 3.72137 1.2
      vertex 4.65294 3.78517 1.2
    endloop
  endfacet
  facet normal 0 0 1
    outer loop
      vertex 5.29999 0.199997 1.2
      vertex 4.97368 3.72137 1.2
      vertex 4.51683 0.251328 1.2
    endloop
  endfacet
  facet normal 0 0 1
    outer loop
      vertex 5.29999 3.7 1.2
      vertex 4.97368 3.72137 1.2
      vertex 5.29999 0.199997 1.2
    endloop
  endfacet
  facet normal 0 0 1
    outer loop
      vertex 6.54999 4.03493 1.2
      vertex 6.2567 3.89029 1.2
      vertex 8.29999 1.00385 1.2
    endloop
  endfacet
  facet normal 0 0 1
    outer loop
      vertex 105.1 1.89999 1.2
      vertex 105.1 -1.59999 1.2
      vertex 105.883 -1.54866 1.2
    endloop
  endfacet
  facet normal 0 0 1
    outer loop
      vertex 6.8219 4.21661 1.2
      vertex 8.29999 1.00385 1.2
      vertex 8.95256 1.43987 1.2
    endloop
  endfacet
  facet normal 0 0 1
    outer loop
      vertex 9.58003 2 1.2
      vertex 7.28337 4.67809 1.2
      vertex 7.06776 4.43222 1.2
    endloop
  endfacet
  facet normal 0 0 1
    outer loop
      vertex 103.547 -1.39555 1.2
      vertex 104.453 1.98518 1.2
      vertex 104.143 2.09029 1.2
    endloop
  endfacet
  facet normal 0 0 1
    outer loop
      vertex 7.6097 5.24329 1.2
      vertex 7.46506 4.95 1.2
      vertex 9.58003 2 1.2
    endloop
  endfacet
  facet normal -0 0 1
    outer loop
      vertex 7.71481 5.55295 1.2
      vertex 9.58003 2 1.2
      vertex 7.77861 5.87367 1.2
    endloop
  endfacet
  facet normal 0 0 1
    outer loop
      vertex 6.85291 0.404434 1.2
      vertex 6.2567 3.89029 1.2
      vertex 5.94704 3.78517 1.2
    endloop
  endfacet
  facet normal 0 0 1
    outer loop
      vertex 4.34328 3.89029 1.2
      vertex 4.04999 4.03493 1.2
      vertex 2.29999 1.00385 1.2
    endloop
  endfacet
  facet normal 0 0 1
    outer loop
      vertex 19.1225 9 1.2
      vertex 9.58003 2 1.2
      vertex 22 2 1.2
    endloop
  endfacet
  facet normal 0 0 1
    outer loop
      vertex 9.35255 72.3399 1.2
      vertex 6.95 74.9349 1.2
      vertex 8.7 71.9038 1.2
    endloop
  endfacet
  facet normal 0 0 1
    outer loop
      vertex 133.274 60.1214 1.2
      vertex 131 57.2066 1.2
      vertex 133.6 60.1 1.2
    endloop
  endfacet
  facet normal 0 0 1
    outer loop
      vertex 99.7066 7 1.2
      vertex 29 7 1.2
      vertex 101.037 0 1.2
    endloop
  endfacet
  facet normal 0 -0 1
    outer loop
      vertex 104.317 -1.54866 1.2
      vertex 104.453 1.98518 1.2
      vertex 103.547 -1.39555 1.2
    endloop
  endfacet
  facet normal 0 0 1
    outer loop
      vertex 104.774 1.92139 1.2
      vertex 104.453 1.98518 1.2
      vertex 104.317 -1.54866 1.2
    endloop
  endfacet
  facet normal 0 0 1
    outer loop
      vertex 104.774 1.92139 1.2
      vertex 104.317 -1.54866 1.2
      vertex 105.1 1.89999 1.2
    endloop
  endfacet
  facet normal -0 0 1
    outer loop
      vertex 104.317 -1.54866 1.2
      vertex 105.1 -1.59999 1.2
      vertex 105.1 1.89999 1.2
    endloop
  endfacet
  facet normal 0 0 1
    outer loop
      vertex 10.2431 81 1.2
      vertex 7.68338 78.6219 1.2
      vertex 7.86505 78.35 1.2
    endloop
  endfacet
  facet normal 0 0 1
    outer loop
      vertex 7 71.2541 1.2
      vertex 5.05295 74.6852 1.2
      vertex 4.74329 74.7903 1.2
    endloop
  endfacet
  facet normal 0 0 1
    outer loop
      vertex 0 8.98943 1.2
      vertex 3.77809 8.18338 1.2
      vertex 4.04999 8.36505 1.2
    endloop
  endfacet
  facet normal 0 0 1
    outer loop
      vertex 7 71.2541 1.2
      vertex 4.45 74.9349 1.2
      vertex 0 75.2656 1.2
    endloop
  endfacet
  facet normal 0 0 1
    outer loop
      vertex 4.17809 75.1166 1.2
      vertex 3.93222 75.3322 1.2
      vertex 0 75.2656 1.2
    endloop
  endfacet
  facet normal 0 0 1
    outer loop
      vertex 4.45 74.9349 1.2
      vertex 4.17809 75.1166 1.2
      vertex 0 75.2656 1.2
    endloop
  endfacet
  facet normal 0 0 1
    outer loop
      vertex 0 75.2656 1.2
      vertex 3.71661 75.5781 1.2
      vertex 3.53493 75.85 1.2
    endloop
  endfacet
  facet normal 0 0 1
    outer loop
      vertex 0 75.2656 1.2
      vertex 3.93222 75.3322 1.2
      vertex 3.71661 75.5781 1.2
    endloop
  endfacet
  facet normal 0 0 1
    outer loop
      vertex 3.28517 76.4529 1.2
      vertex 0 75.2656 1.2
      vertex 3.39029 76.1433 1.2
    endloop
  endfacet
  facet normal 0 0 1
    outer loop
      vertex 3.39029 76.1433 1.2
      vertex 0 75.2656 1.2
      vertex 3.53493 75.85 1.2
    endloop
  endfacet
  facet normal -0 0 1
    outer loop
      vertex -0.0955505 75.5471 1.2
      vertex 0 75.2656 1.2
      vertex 3.28517 76.4529 1.2
    endloop
  endfacet
  facet normal 0 0 1
    outer loop
      vertex -0.248657 76.3168 1.2
      vertex 3.28517 76.4529 1.2
      vertex 3.22137 76.7737 1.2
    endloop
  endfacet
  facet normal 0 -0 1
    outer loop
      vertex -0.248657 76.3168 1.2
      vertex 3.22137 76.7737 1.2
      vertex -0.299988 77.1 1.2
    endloop
  endfacet
  facet normal 0 0 1
    outer loop
      vertex 3.22137 76.7737 1.2
      vertex 3.2 77.1 1.2
      vertex -0.299988 77.1 1.2
    endloop
  endfacet
  facet normal 0 0 1
    outer loop
      vertex -0.248657 77.8831 1.2
      vertex 3.22137 77.4263 1.2
      vertex 3.28517 77.747 1.2
    endloop
  endfacet
  facet normal -0 0 1
    outer loop
      vertex -0.0955505 78.6529 1.2
      vertex 3.28517 77.747 1.2
      vertex 0 78.9344 1.2
    endloop
  endfacet
  facet normal 0 0 1
    outer loop
      vertex 0 78.9344 1.2
      vertex 3.39029 78.0567 1.2
      vertex 3.53493 78.35 1.2
    endloop
  endfacet
  facet normal 0 0 1
    outer loop
      vertex 1.15686 81 1.2
      vertex 3.53493 78.35 1.2
      vertex 3.71661 78.6219 1.2
    endloop
  endfacet
  facet normal 0 0 1
    outer loop
      vertex 1.45735 81.3426 1.2
      vertex 1.15686 81 1.2
      vertex 3.93222 78.8678 1.2
    endloop
  endfacet
  facet normal 0 -0 1
    outer loop
      vertex 4.17809 79.0834 1.2
      vertex 4.45 79.2651 1.2
      vertex 2.04742 81.8601 1.2
    endloop
  endfacet
  facet normal 0 -0 1
    outer loop
      vertex 4.45 79.2651 1.2
      vertex 4.74329 79.4097 1.2
      vertex 2.7 82.2961 1.2
    endloop
  endfacet
  facet normal 0 0 1
    outer loop
      vertex 4.74329 79.4097 1.2
      vertex 4.14708 82.8956 1.2
      vertex 3.40388 82.6433 1.2
    endloop
  endfacet
  facet normal 0 0 1
    outer loop
      vertex 5.05295 79.5148 1.2
      vertex 4.91684 83.0487 1.2
      vertex 4.14708 82.8956 1.2
    endloop
  endfacet
  facet normal 0 -0 1
    outer loop
      vertex 5.37367 79.5786 1.2
      vertex 5.7 79.6 1.2
      vertex 4.91684 83.0487 1.2
    endloop
  endfacet
  facet normal 0 0 1
    outer loop
      vertex 6.48315 83.0487 1.2
      vertex 5.7 83.1 1.2
      vertex 5.7 79.6 1.2
    endloop
  endfacet
  facet normal 0 -0 1
    outer loop
      vertex 5.7 79.6 1.2
      vertex 5.7 83.1 1.2
      vertex 4.91684 83.0487 1.2
    endloop
  endfacet
  facet normal 0 -0 1
    outer loop
      vertex 6.34705 79.5148 1.2
      vertex 6.48315 83.0487 1.2
      vertex 6.02631 79.5786 1.2
    endloop
  endfacet
  facet normal 0 -0 1
    outer loop
      vertex 6.02631 79.5786 1.2
      vertex 6.48315 83.0487 1.2
      vertex 5.7 79.6 1.2
    endloop
  endfacet
  facet normal -0 0 1
    outer loop
      vertex 6.34705 79.5148 1.2
      vertex 6.65671 79.4097 1.2
      vertex 7.2529 82.8956 1.2
    endloop
  endfacet
  facet normal 0 0 1
    outer loop
      vertex 6.65671 79.4097 1.2
      vertex 7.99609 82.6433 1.2
      vertex 7.2529 82.8956 1.2
    endloop
  endfacet
  facet normal 0 0 1
    outer loop
      vertex 8.7 82.2961 1.2
      vertex 7.99609 82.6433 1.2
      vertex 6.65671 79.4097 1.2
    endloop
  endfacet
  facet normal 0 0 1
    outer loop
      vertex 8.7 82.2961 1.2
      vertex 6.65671 79.4097 1.2
      vertex 6.95 79.2651 1.2
    endloop
  endfacet
  facet normal 0 0 1
    outer loop
      vertex 8.7 82.2961 1.2
      vertex 6.95 79.2651 1.2
      vertex 9.35255 81.8601 1.2
    endloop
  endfacet
  facet normal -0 0 1
    outer loop
      vertex 6.95 79.2651 1.2
      vertex 7.22189 79.0834 1.2
      vertex 9.35255 81.8601 1.2
    endloop
  endfacet
  facet normal 0 0 1
    outer loop
      vertex 7.22189 79.0834 1.2
      vertex 9.94263 81.3426 1.2
      vertex 9.35255 81.8601 1.2
    endloop
  endfacet
  facet normal 0 -0 1
    outer loop
      vertex 7.46776 78.8678 1.2
      vertex 9.94263 81.3426 1.2
      vertex 7.22189 79.0834 1.2
    endloop
  endfacet
  facet normal 0 0 1
    outer loop
      vertex 10.2431 81 1.2
      vertex 9.94263 81.3426 1.2
      vertex 7.46776 78.8678 1.2
    endloop
  endfacet
  facet normal 0 0 1
    outer loop
      vertex 10.2431 81 1.2
      vertex 7.46776 78.8678 1.2
      vertex 7.68338 78.6219 1.2
    endloop
  endfacet
  facet normal 0 -0 1
    outer loop
      vertex 8.00969 78.0567 1.2
      vertex 10.2431 81 1.2
      vertex 7.86505 78.35 1.2
    endloop
  endfacet
  facet normal 0 -0 1
    outer loop
      vertex 8.11481 77.747 1.2
      vertex 10.2431 81 1.2
      vertex 8.00969 78.0567 1.2
    endloop
  endfacet
  facet normal 0 -0 1
    outer loop
      vertex 8.1786 77.4263 1.2
      vertex 10.2431 81 1.2
      vertex 8.11481 77.747 1.2
    endloop
  endfacet
  facet normal -0 -0 1
    outer loop
      vertex 8.2 77.1 1.2
      vertex 10.8293 74 1.2
      vertex 8.1786 77.4263 1.2
    endloop
  endfacet
  facet normal 0 0 1
    outer loop
      vertex 10.8293 74 1.2
      vertex 8.11481 76.4529 1.2
      vertex 8.00969 76.1433 1.2
    endloop
  endfacet
  facet normal 0 0 1
    outer loop
      vertex 10.8293 74 1.2
      vertex 8.00969 76.1433 1.2
      vertex 7.86505 75.85 1.2
    endloop
  endfacet
  facet normal 0 -0 1
    outer loop
      vertex 10.4601 73.4474 1.2
      vertex 10.8293 74 1.2
      vertex 7.68338 75.5781 1.2
    endloop
  endfacet
  facet normal 0 0 1
    outer loop
      vertex 9.94263 72.8573 1.2
      vertex 7.68338 75.5781 1.2
      vertex 7.46776 75.3322 1.2
    endloop
  endfacet
  facet normal -0 0 1
    outer loop
      vertex 6.95 74.9349 1.2
      vertex 9.35255 72.3399 1.2
      vertex 7.22189 75.1166 1.2
    endloop
  endfacet
  facet normal 0 -0 1
    outer loop
      vertex 7.99609 71.5567 1.2
      vertex 8.7 71.9038 1.2
      vertex 6.95 74.9349 1.2
    endloop
  endfacet
  facet normal 0 0 1
    outer loop
      vertex 7.99609 71.5567 1.2
      vertex 6.95 74.9349 1.2
      vertex 6.65671 74.7903 1.2
    endloop
  endfacet
  facet normal 0 0 1
    outer loop
      vertex 9.94263 72.8573 1.2
      vertex 7.22189 75.1166 1.2
      vertex 9.35255 72.3399 1.2
    endloop
  endfacet
  facet normal 0 0 1
    outer loop
      vertex 7.2529 71.3044 1.2
      vertex 6.34705 74.6852 1.2
      vertex 7 71.2541 1.2
    endloop
  endfacet
  facet normal 0 0 1
    outer loop
      vertex 6.02631 74.6214 1.2
      vertex 5.7 74.6 1.2
      vertex 7 71.2541 1.2
    endloop
  endfacet
  facet normal 0 0 1
    outer loop
      vertex 5.37367 74.6214 1.2
      vertex 5.05295 74.6852 1.2
      vertex 7 71.2541 1.2
    endloop
  endfacet
  facet normal 0 0 1
    outer loop
      vertex 5.7 74.6 1.2
      vertex 5.37367 74.6214 1.2
      vertex 7 71.2541 1.2
    endloop
  endfacet
  facet normal 0 0 1
    outer loop
      vertex 6.34705 74.6852 1.2
      vertex 6.02631 74.6214 1.2
      vertex 7 71.2541 1.2
    endloop
  endfacet
  facet normal 0 -0 1
    outer loop
      vertex -0.648666 5.41684 1.2
      vertex 2.79999 6.2 1.2
      vertex -0.699997 6.2 1.2
    endloop
  endfacet
  facet normal 0 0 1
    outer loop
      vertex 0 8.98943 1.2
      vertex 4.04999 8.36505 1.2
      vertex 4.34328 8.50969 1.2
    endloop
  endfacet
  facet normal 0 0 1
    outer loop
      vertex -0.648666 5.41684 1.2
      vertex 2.82138 5.87367 1.2
      vertex 2.79999 6.2 1.2
    endloop
  endfacet
  facet normal 0 0 1
    outer loop
      vertex 7 71.2541 1.2
      vertex 0 8.98943 1.2
      vertex 7 11.9456 1.2
    endloop
  endfacet
  facet normal 0 -0 1
    outer loop
      vertex 7.2529 71.3044 1.2
      vertex 7.99609 71.5567 1.2
      vertex 6.34705 74.6852 1.2
    endloop
  endfacet
  facet normal 0 0 1
    outer loop
      vertex 9.94263 72.8573 1.2
      vertex 7.46776 75.3322 1.2
      vertex 7.22189 75.1166 1.2
    endloop
  endfacet
  facet normal 0 0 1
    outer loop
      vertex 10.4601 73.4474 1.2
      vertex 7.68338 75.5781 1.2
      vertex 9.94263 72.8573 1.2
    endloop
  endfacet
  facet normal 0 0 1
    outer loop
      vertex 10.8293 74 1.2
      vertex 7.86505 75.85 1.2
      vertex 7.68338 75.5781 1.2
    endloop
  endfacet
  facet normal 0 0 1
    outer loop
      vertex 8.1786 76.7737 1.2
      vertex 8.11481 76.4529 1.2
      vertex 10.8293 74 1.2
    endloop
  endfacet
  facet normal -0 0 1
    outer loop
      vertex 8.1786 76.7737 1.2
      vertex 10.8293 74 1.2
      vertex 8.2 77.1 1.2
    endloop
  endfacet
  facet normal 0 0 1
    outer loop
      vertex 10.8293 74 1.2
      vertex 10.2431 81 1.2
      vertex 8.1786 77.4263 1.2
    endloop
  endfacet
  facet normal 0 0 1
    outer loop
      vertex 22 81 1.2
      vertex 10.2431 81 1.2
      vertex 10.8293 74 1.2
    endloop
  endfacet
  facet normal 0 0 1
    outer loop
      vertex 138 66.6632 1.2
      vertex 131 76 1.2
      vertex 131 67.9934 1.2
    endloop
  endfacet
  facet normal 0 0 1
    outer loop
      vertex 22 81 1.2
      vertex 10.8293 74 1.2
      vertex 29 74 1.2
    endloop
  endfacet
  facet normal -0 0 1
    outer loop
      vertex 22 81 1.2
      vertex 29 76 1.2
      vertex 22 83 1.2
    endloop
  endfacet
  facet normal 0 -0 1
    outer loop
      vertex 138 66.6632 1.2
      vertex 138 83 1.2
      vertex 131 76 1.2
    endloop
  endfacet
  facet normal 0 -0 1
    outer loop
      vertex 131.435 63.85 1.2
      vertex 131.617 64.1219 1.2
      vertex 128.84 66.2526 1.2
    endloop
  endfacet
  facet normal 0 -0 1
    outer loop
      vertex 131.121 62.9263 1.2
      vertex 131.185 63.247 1.2
      vertex 127.804 64.1529 1.2
    endloop
  endfacet
  facet normal 0 0 1
    outer loop
      vertex 127.643 63.2577 1.2
      vertex 131.1 62.6 1.2
      vertex 131.121 62.9263 1.2
    endloop
  endfacet
  facet normal 0 0 1
    outer loop
      vertex 131 7 1.2
      vertex 110.493 7 1.2
      vertex 109.163 0 1.2
    endloop
  endfacet
  facet normal 0 0 1
    outer loop
      vertex 139.396 61.0471 1.2
      vertex 136.015 61.9529 1.2
      vertex 135.91 61.6433 1.2
    endloop
  endfacet
  facet normal 0 0 1
    outer loop
      vertex 132.643 60.2903 1.2
      vertex 132.35 60.4349 1.2
      vertex 131 57.2066 1.2
    endloop
  endfacet
  facet normal 0 0 1
    outer loop
      vertex 131 7 1.2
      vertex 109.163 0 1.2
      vertex 138 0 1.2
    endloop
  endfacet
  facet normal 0 0 1
    outer loop
      vertex 131.185 61.9529 1.2
      vertex 131.121 62.2737 1.2
      vertex 127.643 63.2577 1.2
    endloop
  endfacet
  facet normal -0 0 1
    outer loop
      vertex 128.057 64.8961 1.2
      vertex 131.435 63.85 1.2
      vertex 128.404 65.6 1.2
    endloop
  endfacet
  facet normal 0 0 1
    outer loop
      vertex 101.037 0 1.2
      vertex 29 7 1.2
      vertex 22 0 1.2
    endloop
  endfacet
  facet normal 0 -0 1
    outer loop
      vertex 29 7 1.2
      vertex 29 9 1.2
      vertex 19.1225 9 1.2
    endloop
  endfacet
  facet normal 0 -0 1
    outer loop
      vertex 131 57.2066 1.2
      vertex 132.35 60.4349 1.2
      vertex 130.6 57.4038 1.2
    endloop
  endfacet
  facet normal 0 0 1
    outer loop
      vertex 132.35 60.4349 1.2
      vertex 130.057 57.7664 1.2
      vertex 130.6 57.4038 1.2
    endloop
  endfacet
  facet normal 0 0 1
    outer loop
      vertex 132.078 60.6166 1.2
      vertex 130.057 57.7664 1.2
      vertex 132.35 60.4349 1.2
    endloop
  endfacet
  facet normal 0 0 1
    outer loop
      vertex 131.617 61.0781 1.2
      vertex 131.435 61.35 1.2
      vertex 130.057 57.7664 1.2
    endloop
  endfacet
  facet normal 0 0 1
    outer loop
      vertex 131.832 60.8322 1.2
      vertex 131.617 61.0781 1.2
      vertex 130.057 57.7664 1.2
    endloop
  endfacet
  facet normal 0 -0 1
    outer loop
      vertex 130.057 57.7664 1.2
      vertex 131.29 61.6433 1.2
      vertex 127.643 63.2577 1.2
    endloop
  endfacet
  facet normal 0 0 1
    outer loop
      vertex 130.057 57.7664 1.2
      vertex 131.435 61.35 1.2
      vertex 131.29 61.6433 1.2
    endloop
  endfacet
  facet normal 0 0 1
    outer loop
      vertex 131.29 61.6433 1.2
      vertex 131.185 61.9529 1.2
      vertex 127.643 63.2577 1.2
    endloop
  endfacet
  facet normal 0 0 1
    outer loop
      vertex 127.643 63.2577 1.2
      vertex 131.121 62.2737 1.2
      vertex 131.1 62.6 1.2
    endloop
  endfacet
  facet normal 0 0 1
    outer loop
      vertex 127.804 64.1529 1.2
      vertex 127.651 63.3831 1.2
      vertex 131.121 62.9263 1.2
    endloop
  endfacet
  facet normal 0 0 1
    outer loop
      vertex 131.121 62.9263 1.2
      vertex 127.651 63.3831 1.2
      vertex 127.643 63.2577 1.2
    endloop
  endfacet
  facet normal 0 0 1
    outer loop
      vertex 131.185 63.247 1.2
      vertex 128.057 64.8961 1.2
      vertex 127.804 64.1529 1.2
    endloop
  endfacet
  facet normal 0 0 1
    outer loop
      vertex 128.057 64.8961 1.2
      vertex 131.185 63.247 1.2
      vertex 131.29 63.5567 1.2
    endloop
  endfacet
  facet normal 0 0 1
    outer loop
      vertex 131.435 63.85 1.2
      vertex 128.84 66.2526 1.2
      vertex 128.404 65.6 1.2
    endloop
  endfacet
  facet normal 0 0 1
    outer loop
      vertex 131.617 64.1219 1.2
      vertex 129.357 66.8426 1.2
      vertex 128.84 66.2526 1.2
    endloop
  endfacet
  facet normal 0 0 1
    outer loop
      vertex 131.832 64.3678 1.2
      vertex 129.357 66.8426 1.2
      vertex 131.617 64.1219 1.2
    endloop
  endfacet
  facet normal 0 0 1
    outer loop
      vertex 129.947 67.3601 1.2
      vertex 129.357 66.8426 1.2
      vertex 131.832 64.3678 1.2
    endloop
  endfacet
  facet normal 0 0 1
    outer loop
      vertex 129.947 67.3601 1.2
      vertex 131.832 64.3678 1.2
      vertex 132.078 64.5834 1.2
    endloop
  endfacet
  facet normal 0 0 1
    outer loop
      vertex 129.947 67.3601 1.2
      vertex 132.078 64.5834 1.2
      vertex 132.35 64.7651 1.2
    endloop
  endfacet
  facet normal -0 0 1
    outer loop
      vertex 129.947 67.3601 1.2
      vertex 132.35 64.7651 1.2
      vertex 130.6 67.7961 1.2
    endloop
  endfacet
  facet normal 0 0 1
    outer loop
      vertex 132.35 64.7651 1.2
      vertex 131 67.9934 1.2
      vertex 130.6 67.7961 1.2
    endloop
  endfacet
  facet normal 0 0 1
    outer loop
      vertex 132.643 64.9097 1.2
      vertex 131 67.9934 1.2
      vertex 132.35 64.7651 1.2
    endloop
  endfacet
  facet normal 0 0 1
    outer loop
      vertex 132.953 65.0148 1.2
      vertex 131 67.9934 1.2
      vertex 132.643 64.9097 1.2
    endloop
  endfacet
  facet normal 0 0 1
    outer loop
      vertex 133.274 65.0786 1.2
      vertex 131 67.9934 1.2
      vertex 132.953 65.0148 1.2
    endloop
  endfacet
  facet normal 0 0 1
    outer loop
      vertex 133.926 65.0786 1.2
      vertex 131 67.9934 1.2
      vertex 133.6 65.1 1.2
    endloop
  endfacet
  facet normal 0 -0 1
    outer loop
      vertex 134.247 65.0148 1.2
      vertex 138 66.6632 1.2
      vertex 133.926 65.0786 1.2
    endloop
  endfacet
  facet normal -0 0 1
    outer loop
      vertex 134.557 64.9097 1.2
      vertex 134.85 64.7651 1.2
      vertex 138 66.6632 1.2
    endloop
  endfacet
  facet normal 0 0 1
    outer loop
      vertex 138 66.6632 1.2
      vertex 135.122 64.5834 1.2
      vertex 135.368 64.3678 1.2
    endloop
  endfacet
  facet normal -0 0 1
    outer loop
      vertex 135.583 64.1219 1.2
      vertex 135.765 63.85 1.2
      vertex 138.36 66.2526 1.2
    endloop
  endfacet
  facet normal -0 0 1
    outer loop
      vertex 135.765 63.85 1.2
      vertex 135.91 63.5567 1.2
      vertex 138.796 65.6 1.2
    endloop
  endfacet
  facet normal 0 0 1
    outer loop
      vertex 139.396 64.1529 1.2
      vertex 139.143 64.8961 1.2
      vertex 135.91 63.5567 1.2
    endloop
  endfacet
  facet normal 0 0 1
    outer loop
      vertex 135.91 63.5567 1.2
      vertex 139.143 64.8961 1.2
      vertex 138.796 65.6 1.2
    endloop
  endfacet
  facet normal 0 0 1
    outer loop
      vertex 139.549 63.3831 1.2
      vertex 139.396 64.1529 1.2
      vertex 136.015 63.247 1.2
    endloop
  endfacet
  facet normal 0 -0 1
    outer loop
      vertex 136.015 63.247 1.2
      vertex 139.396 64.1529 1.2
      vertex 135.91 63.5567 1.2
    endloop
  endfacet
  facet normal 0 -0 1
    outer loop
      vertex 136.079 62.9263 1.2
      vertex 139.549 63.3831 1.2
      vertex 136.015 63.247 1.2
    endloop
  endfacet
  facet normal 0 -0 1
    outer loop
      vertex 136.1 62.6 1.2
      vertex 139.549 63.3831 1.2
      vertex 136.079 62.9263 1.2
    endloop
  endfacet
  facet normal 0 -0 1
    outer loop
      vertex 139.549 61.8168 1.2
      vertex 139.6 62.6 1.2
      vertex 136.1 62.6 1.2
    endloop
  endfacet
  facet normal 0 0 1
    outer loop
      vertex 139.549 61.8168 1.2
      vertex 136.1 62.6 1.2
      vertex 136.079 62.2737 1.2
    endloop
  endfacet
  facet normal 0 -0 1
    outer loop
      vertex 139.396 61.0471 1.2
      vertex 139.549 61.8168 1.2
      vertex 136.015 61.9529 1.2
    endloop
  endfacet
  facet normal 0 -0 1
    outer loop
      vertex 139.143 60.3039 1.2
      vertex 139.396 61.0471 1.2
      vertex 135.91 61.6433 1.2
    endloop
  endfacet
  facet normal 0 0 1
    outer loop
      vertex 139.143 60.3039 1.2
      vertex 135.91 61.6433 1.2
      vertex 138.796 59.6 1.2
    endloop
  endfacet
  facet normal 0 0 1
    outer loop
      vertex 135.91 61.6433 1.2
      vertex 135.765 61.35 1.2
      vertex 138.796 59.6 1.2
    endloop
  endfacet
  facet normal 0 0 1
    outer loop
      vertex 135.765 61.35 1.2
      vertex 138.36 58.9474 1.2
      vertex 138.796 59.6 1.2
    endloop
  endfacet
  facet normal -0 0 1
    outer loop
      vertex 135.583 61.0781 1.2
      vertex 138.36 58.9474 1.2
      vertex 135.765 61.35 1.2
    endloop
  endfacet
  facet normal 0 -0 1
    outer loop
      vertex 138 58.5368 1.2
      vertex 138.36 58.9474 1.2
      vertex 135.583 61.0781 1.2
    endloop
  endfacet
  facet normal 0 0 1
    outer loop
      vertex 138 58.5368 1.2
      vertex 135.583 61.0781 1.2
      vertex 135.368 60.8322 1.2
    endloop
  endfacet
  facet normal 0 0 1
    outer loop
      vertex 138 58.5368 1.2
      vertex 135.368 60.8322 1.2
      vertex 135.122 60.6166 1.2
    endloop
  endfacet
  facet normal 0 0 1
    outer loop
      vertex 138 58.5368 1.2
      vertex 135.122 60.6166 1.2
      vertex 134.85 60.4349 1.2
    endloop
  endfacet
  facet normal 0 0 1
    outer loop
      vertex 138 58.5368 1.2
      vertex 134.85 60.4349 1.2
      vertex 134.557 60.2903 1.2
    endloop
  endfacet
  facet normal 0 0 1
    outer loop
      vertex 138 58.5368 1.2
      vertex 134.557 60.2903 1.2
      vertex 134.247 60.1852 1.2
    endloop
  endfacet
  facet normal 0 0 1
    outer loop
      vertex 133.274 60.1214 1.2
      vertex 132.953 60.1852 1.2
      vertex 131 57.2066 1.2
    endloop
  endfacet
  facet normal 0 0 1
    outer loop
      vertex 138 58.5368 1.2
      vertex 134.247 60.1852 1.2
      vertex 133.926 60.1214 1.2
    endloop
  endfacet
  facet normal 0 0 1
    outer loop
      vertex 103.117 2.87808 1.2
      vertex 102.935 3.14999 1.2
      vertex 101.037 0 1.2
    endloop
  endfacet
  facet normal 0 0 1
    outer loop
      vertex 138 58.5368 1.2
      vertex 131 57.2066 1.2
      vertex 131 7 1.2
    endloop
  endfacet
  facet normal 0 0 1
    outer loop
      vertex 22 0 1.2
      vertex 29 7 1.2
      vertex 22 2 1.2
    endloop
  endfacet
  facet normal 0 -0 1
    outer loop
      vertex 7.46506 7.45 1.2
      vertex 8.84258 11.0336 1.2
      vertex 7.28337 7.72189 1.2
    endloop
  endfacet
  facet normal 0 0 1
    outer loop
      vertex 131 57.2066 1.2
      vertex 133.926 60.1214 1.2
      vertex 133.6 60.1 1.2
    endloop
  endfacet
  facet normal 0 0 1
    outer loop
      vertex 29 7 1.2
      vertex 19.1225 9 1.2
      vertex 22 2 1.2
    endloop
  endfacet
  facet normal 0 0 1
    outer loop
      vertex 131.832 60.8322 1.2
      vertex 130.057 57.7664 1.2
      vertex 132.078 60.6166 1.2
    endloop
  endfacet
  facet normal 0 0 1
    outer loop
      vertex 138 58.5368 1.2
      vertex 133.926 60.1214 1.2
      vertex 131 57.2066 1.2
    endloop
  endfacet
  facet normal 0 -0 1
    outer loop
      vertex 19.1225 9 1.2
      vertex 127.643 63.2577 1.2
      vertex 8.84258 11.0336 1.2
    endloop
  endfacet
  facet normal 0 0 1
    outer loop
      vertex 19.1225 9 1.2
      vertex 130.057 57.7664 1.2
      vertex 127.643 63.2577 1.2
    endloop
  endfacet
  facet normal 0 0 1
    outer loop
      vertex 138 58.5368 1.2
      vertex 131 7 1.2
      vertex 138 0 1.2
    endloop
  endfacet
  facet normal 0 0 1
    outer loop
      vertex 108.1 9.59615 1.2
      vertex 106.35 6.56506 1.2
      vertex 108.753 9.16011 1.2
    endloop
  endfacet
  facet normal 0 0 1
    outer loop
      vertex 107.396 9.94327 1.2
      vertex 106.057 6.70969 1.2
      vertex 106.35 6.56506 1.2
    endloop
  endfacet
  facet normal 0 0 1
    outer loop
      vertex 106.653 10.1955 1.2
      vertex 105.747 6.8148 1.2
      vertex 107.396 9.94327 1.2
    endloop
  endfacet
  facet normal 0 0 1
    outer loop
      vertex 105.883 10.3487 1.2
      vertex 105.426 6.8786 1.2
      vertex 106.653 10.1955 1.2
    endloop
  endfacet
  facet normal 0 0 1
    outer loop
      vertex 105.1 10.4 1.2
      vertex 105.1 6.89999 1.2
      vertex 105.883 10.3487 1.2
    endloop
  endfacet
  facet normal 0 0 1
    outer loop
      vertex 104.317 10.3487 1.2
      vertex 104.774 6.8786 1.2
      vertex 105.1 6.89999 1.2
    endloop
  endfacet
  facet normal 0 0 1
    outer loop
      vertex 103.547 10.1955 1.2
      vertex 104.453 6.8148 1.2
      vertex 104.774 6.8786 1.2
    endloop
  endfacet
  facet normal 0 0 1
    outer loop
      vertex 102.804 9.94327 1.2
      vertex 104.143 6.70969 1.2
      vertex 104.453 6.8148 1.2
    endloop
  endfacet
  facet normal -0 0 1
    outer loop
      vertex 102.1 9.59615 1.2
      vertex 103.85 6.56506 1.2
      vertex 102.804 9.94327 1.2
    endloop
  endfacet
  facet normal 0 0 1
    outer loop
      vertex 101.447 9.16011 1.2
      vertex 103.578 6.38338 1.2
      vertex 103.85 6.56506 1.2
    endloop
  endfacet
  facet normal -0 0 1
    outer loop
      vertex 100.857 8.64264 1.2
      vertex 103.332 6.16776 1.2
      vertex 101.447 9.16011 1.2
    endloop
  endfacet
  facet normal 0 0 1
    outer loop
      vertex 100.34 8.05257 1.2
      vertex 103.117 5.92189 1.2
      vertex 103.332 6.16776 1.2
    endloop
  endfacet
  facet normal -0 0 1
    outer loop
      vertex 99.9038 7.39999 1.2
      vertex 102.935 5.64999 1.2
      vertex 100.34 8.05257 1.2
    endloop
  endfacet
  facet normal 0 0 1
    outer loop
      vertex 99.7066 7 1.2
      vertex 102.79 5.3567 1.2
      vertex 102.935 5.64999 1.2
    endloop
  endfacet
  facet normal 0 -0 1
    outer loop
      vertex 102.621 4.7263 1.2
      vertex 102.685 5.04704 1.2
      vertex 99.7066 7 1.2
    endloop
  endfacet
  facet normal 0 0 1
    outer loop
      vertex 102.6 4.39999 1.2
      vertex 99.7066 7 1.2
      vertex 102.621 4.07367 1.2
    endloop
  endfacet
  facet normal 0 0 1
    outer loop
      vertex 102.621 4.07367 1.2
      vertex 101.037 0 1.2
      vertex 102.685 3.75294 1.2
    endloop
  endfacet
  facet normal 0 0 1
    outer loop
      vertex 101.037 0 1.2
      vertex 102.935 3.14999 1.2
      vertex 102.79 3.44328 1.2
    endloop
  endfacet
  facet normal 0 0 1
    outer loop
      vertex 7 11.9456 1.2
      vertex 4.34328 8.50969 1.2
      vertex 4.65294 8.61481 1.2
    endloop
  endfacet
  facet normal 0 0 1
    outer loop
      vertex 1.64743 1.43987 1.2
      vertex 4.04999 4.03493 1.2
      vertex 3.77809 4.21661 1.2
    endloop
  endfacet
  facet normal 0 -0 1
    outer loop
      vertex 5.29999 8.7 1.2
      vertex 7 11.9456 1.2
      vertex 4.97368 8.6786 1.2
    endloop
  endfacet
  facet normal -0 0 1
    outer loop
      vertex 1.05736 1.95735 1.2
      vertex 1.64743 1.43987 1.2
      vertex 3.53223 4.43222 1.2
    endloop
  endfacet
  facet normal 0 0 1
    outer loop
      vertex 3.3166 4.67809 1.2
      vertex 0 3.41057 1.2
      vertex 1.01996 2 1.2
    endloop
  endfacet
  facet normal 0 0 1
    outer loop
      vertex 3.13493 4.95 1.2
      vertex 2.9903 5.24329 1.2
      vertex 0 3.41057 1.2
    endloop
  endfacet
  facet normal 0 0 1
    outer loop
      vertex 2.9903 5.24329 1.2
      vertex -0.495544 4.64708 1.2
      vertex -0.243271 3.90388 1.2
    endloop
  endfacet
  facet normal 0 0 1
    outer loop
      vertex 2.88518 5.55295 1.2
      vertex 2.82138 5.87367 1.2
      vertex -0.495544 4.64708 1.2
    endloop
  endfacet
  facet normal -0 0 1
    outer loop
      vertex -0.648666 5.41684 1.2
      vertex -0.495544 4.64708 1.2
      vertex 2.82138 5.87367 1.2
    endloop
  endfacet
  facet normal 0 0 1
    outer loop
      vertex 2.79999 6.2 1.2
      vertex -0.648666 6.98315 1.2
      vertex -0.699997 6.2 1.2
    endloop
  endfacet
  facet normal 0 0 1
    outer loop
      vertex 2.82138 6.52631 1.2
      vertex -0.648666 6.98315 1.2
      vertex 2.79999 6.2 1.2
    endloop
  endfacet
  facet normal 0 0 1
    outer loop
      vertex -0.495544 7.7529 1.2
      vertex -0.648666 6.98315 1.2
      vertex 2.82138 6.52631 1.2
    endloop
  endfacet
  facet normal 0 0 1
    outer loop
      vertex -0.495544 7.7529 1.2
      vertex 2.82138 6.52631 1.2
      vertex 2.88518 6.84705 1.2
    endloop
  endfacet
  facet normal 0 0 1
    outer loop
      vertex -0.495544 7.7529 1.2
      vertex 2.88518 6.84705 1.2
      vertex 2.9903 7.15671 1.2
    endloop
  endfacet
  facet normal -0 0 1
    outer loop
      vertex -0.495544 7.7529 1.2
      vertex 2.9903 7.15671 1.2
      vertex -0.243271 8.49609 1.2
    endloop
  endfacet
  facet normal 0 0 1
    outer loop
      vertex 2.9903 7.15671 1.2
      vertex 0 8.98943 1.2
      vertex -0.243271 8.49609 1.2
    endloop
  endfacet
  facet normal 0 0 1
    outer loop
      vertex 3.13493 7.45 1.2
      vertex 0 8.98943 1.2
      vertex 2.9903 7.15671 1.2
    endloop
  endfacet
  facet normal 0 0 1
    outer loop
      vertex 3.3166 7.72189 1.2
      vertex 0 8.98943 1.2
      vertex 3.13493 7.45 1.2
    endloop
  endfacet
  facet normal 0 0 1
    outer loop
      vertex 3.53223 7.96776 1.2
      vertex 0 8.98943 1.2
      vertex 3.3166 7.72189 1.2
    endloop
  endfacet
  facet normal 0 0 1
    outer loop
      vertex 0 8.98943 1.2
      vertex 3.53223 7.96776 1.2
      vertex 3.77809 8.18338 1.2
    endloop
  endfacet
  facet normal -0 0 1
    outer loop
      vertex 0 8.98943 1.2
      vertex 4.34328 8.50969 1.2
      vertex 7 11.9456 1.2
    endloop
  endfacet
  facet normal 0 0 1
    outer loop
      vertex 7 11.9456 1.2
      vertex 4.65294 8.61481 1.2
      vertex 4.97368 8.6786 1.2
    endloop
  endfacet
  facet normal 0 -0 1
    outer loop
      vertex 5.62631 8.6786 1.2
      vertex 7 11.9456 1.2
      vertex 5.29999 8.7 1.2
    endloop
  endfacet
  facet normal 0 -0 1
    outer loop
      vertex 5.94704 8.61481 1.2
      vertex 7 11.9456 1.2
      vertex 5.62631 8.6786 1.2
    endloop
  endfacet
  facet normal 0 0 1
    outer loop
      vertex 8.84258 11.0336 1.2
      vertex 7.77861 6.52631 1.2
      vertex 19.1225 9 1.2
    endloop
  endfacet
  facet normal 0 0 1
    outer loop
      vertex 7 11.9456 1.2
      vertex 5.94704 8.61481 1.2
      vertex 6.2567 8.50969 1.2
    endloop
  endfacet
  facet normal 0 0 1
    outer loop
      vertex 7 11.9456 1.2
      vertex 6.2567 8.50969 1.2
      vertex 7.5961 11.7433 1.2
    endloop
  endfacet
  facet normal 0 0 1
    outer loop
      vertex 6.2567 8.50969 1.2
      vertex 8.29999 11.3961 1.2
      vertex 7.5961 11.7433 1.2
    endloop
  endfacet
  facet normal 0 -0 1
    outer loop
      vertex 6.54999 8.36505 1.2
      vertex 8.29999 11.3961 1.2
      vertex 6.2567 8.50969 1.2
    endloop
  endfacet
  facet normal 0 0 1
    outer loop
      vertex 8.84258 11.0336 1.2
      vertex 8.29999 11.3961 1.2
      vertex 6.54999 8.36505 1.2
    endloop
  endfacet
  facet normal 0 0 1
    outer loop
      vertex 8.84258 11.0336 1.2
      vertex 6.54999 8.36505 1.2
      vertex 6.8219 8.18338 1.2
    endloop
  endfacet
  facet normal 0 0 1
    outer loop
      vertex 8.84258 11.0336 1.2
      vertex 6.8219 8.18338 1.2
      vertex 7.06776 7.96776 1.2
    endloop
  endfacet
  facet normal 0 0 1
    outer loop
      vertex 8.84258 11.0336 1.2
      vertex 7.06776 7.96776 1.2
      vertex 7.28337 7.72189 1.2
    endloop
  endfacet
  facet normal 0 -0 1
    outer loop
      vertex 7.6097 7.15671 1.2
      vertex 8.84258 11.0336 1.2
      vertex 7.46506 7.45 1.2
    endloop
  endfacet
  facet normal 0 -0 1
    outer loop
      vertex 7.77861 6.52631 1.2
      vertex 8.84258 11.0336 1.2
      vertex 7.71481 6.84705 1.2
    endloop
  endfacet
  facet normal 0 -0 1
    outer loop
      vertex 7.71481 6.84705 1.2
      vertex 8.84258 11.0336 1.2
      vertex 7.6097 7.15671 1.2
    endloop
  endfacet
  facet normal -0 0 1
    outer loop
      vertex 7.77861 6.52631 1.2
      vertex 7.79999 6.2 1.2
      vertex 19.1225 9 1.2
    endloop
  endfacet
  facet normal -0 0 1
    outer loop
      vertex 7.79999 6.2 1.2
      vertex 9.58003 2 1.2
      vertex 19.1225 9 1.2
    endloop
  endfacet
  facet normal -0 0 1
    outer loop
      vertex 7.77861 5.87367 1.2
      vertex 9.58003 2 1.2
      vertex 7.79999 6.2 1.2
    endloop
  endfacet
  facet normal 0 0 1
    outer loop
      vertex 7.71481 5.55295 1.2
      vertex 7.6097 5.24329 1.2
      vertex 9.58003 2 1.2
    endloop
  endfacet
  facet normal 0 0 1
    outer loop
      vertex 9.58003 2 1.2
      vertex 7.46506 4.95 1.2
      vertex 7.28337 4.67809 1.2
    endloop
  endfacet
  facet normal 0 -0 1
    outer loop
      vertex 9.54263 1.95735 1.2
      vertex 9.58003 2 1.2
      vertex 7.06776 4.43222 1.2
    endloop
  endfacet
  facet normal 0 0 1
    outer loop
      vertex 9.54263 1.95735 1.2
      vertex 7.06776 4.43222 1.2
      vertex 8.95256 1.43987 1.2
    endloop
  endfacet
  facet normal 0 0 1
    outer loop
      vertex 7.06776 4.43222 1.2
      vertex 6.8219 4.21661 1.2
      vertex 8.95256 1.43987 1.2
    endloop
  endfacet
  facet normal 0 0 1
    outer loop
      vertex 6.8219 4.21661 1.2
      vertex 6.54999 4.03493 1.2
      vertex 8.29999 1.00385 1.2
    endloop
  endfacet
  facet normal 0 0 1
    outer loop
      vertex 8.29999 1.00385 1.2
      vertex 6.2567 3.89029 1.2
      vertex 7.5961 0.656708 1.2
    endloop
  endfacet
  facet normal 0 0 1
    outer loop
      vertex 6.2567 3.89029 1.2
      vertex 6.85291 0.404434 1.2
      vertex 7.5961 0.656708 1.2
    endloop
  endfacet
  facet normal 0 0 1
    outer loop
      vertex 5.94704 3.78517 1.2
      vertex 6.08315 0.251328 1.2
      vertex 6.85291 0.404434 1.2
    endloop
  endfacet
  facet normal -0 0 1
    outer loop
      vertex 5.62631 3.72137 1.2
      vertex 6.08315 0.251328 1.2
      vertex 5.94704 3.78517 1.2
    endloop
  endfacet
  facet normal -0 0 1
    outer loop
      vertex 5.29999 3.7 1.2
      vertex 5.29999 0.199997 1.2
      vertex 5.62631 3.72137 1.2
    endloop
  endfacet
  facet normal 0 -0 1
    outer loop
      vertex 103.547 -1.39555 1.2
      vertex 104.143 2.09029 1.2
      vertex 102.804 -1.14326 1.2
    endloop
  endfacet
  facet normal 0 0 1
    outer loop
      vertex 109.86 8.05257 1.2
      vertex 109.343 8.64264 1.2
      vertex 106.868 6.16776 1.2
    endloop
  endfacet
  facet normal 0 0 1
    outer loop
      vertex 104.143 2.09029 1.2
      vertex 102.1 -0.796143 1.2
      vertex 102.804 -1.14326 1.2
    endloop
  endfacet
  facet normal -0 0 1
    outer loop
      vertex 106.35 6.56506 1.2
      vertex 106.622 6.38338 1.2
      vertex 108.753 9.16011 1.2
    endloop
  endfacet
  facet normal 0 0 1
    outer loop
      vertex 103.85 2.23492 1.2
      vertex 102.1 -0.796143 1.2
      vertex 104.143 2.09029 1.2
    endloop
  endfacet
  facet normal -0 0 1
    outer loop
      vertex 101.447 -0.360107 1.2
      vertex 102.1 -0.796143 1.2
      vertex 103.85 2.23492 1.2
    endloop
  endfacet
  facet normal 0 0 1
    outer loop
      vertex 101.447 -0.360107 1.2
      vertex 103.85 2.23492 1.2
      vertex 103.578 2.41661 1.2
    endloop
  endfacet
  facet normal 0 -0 1
    outer loop
      vertex 101.447 -0.360107 1.2
      vertex 103.578 2.41661 1.2
      vertex 101.037 0 1.2
    endloop
  endfacet
  facet normal 0 0 1
    outer loop
      vertex 103.578 2.41661 1.2
      vertex 103.332 2.63223 1.2
      vertex 101.037 0 1.2
    endloop
  endfacet
  facet normal 0 0 1
    outer loop
      vertex 103.332 2.63223 1.2
      vertex 103.117 2.87808 1.2
      vertex 101.037 0 1.2
    endloop
  endfacet
  facet normal 0 0 1
    outer loop
      vertex 102.685 3.75294 1.2
      vertex 101.037 0 1.2
      vertex 102.79 3.44328 1.2
    endloop
  endfacet
  facet normal 0 0 1
    outer loop
      vertex 102.621 4.07367 1.2
      vertex 99.7066 7 1.2
      vertex 101.037 0 1.2
    endloop
  endfacet
  facet normal 0 -0 1
    outer loop
      vertex 102.6 4.39999 1.2
      vertex 102.621 4.7263 1.2
      vertex 99.7066 7 1.2
    endloop
  endfacet
  facet normal 0 0 1
    outer loop
      vertex 99.7066 7 1.2
      vertex 102.685 5.04704 1.2
      vertex 102.79 5.3567 1.2
    endloop
  endfacet
  facet normal 0 0 1
    outer loop
      vertex 99.9038 7.39999 1.2
      vertex 99.7066 7 1.2
      vertex 102.935 5.64999 1.2
    endloop
  endfacet
  facet normal 0 0 1
    outer loop
      vertex 100.34 8.05257 1.2
      vertex 102.935 5.64999 1.2
      vertex 103.117 5.92189 1.2
    endloop
  endfacet
  facet normal 0 0 1
    outer loop
      vertex 100.857 8.64264 1.2
      vertex 100.34 8.05257 1.2
      vertex 103.332 6.16776 1.2
    endloop
  endfacet
  facet normal 0 0 1
    outer loop
      vertex 101.447 9.16011 1.2
      vertex 103.332 6.16776 1.2
      vertex 103.578 6.38338 1.2
    endloop
  endfacet
  facet normal 0 0 1
    outer loop
      vertex 102.1 9.59615 1.2
      vertex 101.447 9.16011 1.2
      vertex 103.85 6.56506 1.2
    endloop
  endfacet
  facet normal 0 0 1
    outer loop
      vertex 102.804 9.94327 1.2
      vertex 103.85 6.56506 1.2
      vertex 104.143 6.70969 1.2
    endloop
  endfacet
  facet normal 0 0 1
    outer loop
      vertex 103.547 10.1955 1.2
      vertex 102.804 9.94327 1.2
      vertex 104.453 6.8148 1.2
    endloop
  endfacet
  facet normal 0 0 1
    outer loop
      vertex 104.317 10.3487 1.2
      vertex 103.547 10.1955 1.2
      vertex 104.774 6.8786 1.2
    endloop
  endfacet
  facet normal 0 0 1
    outer loop
      vertex 105.1 10.4 1.2
      vertex 104.317 10.3487 1.2
      vertex 105.1 6.89999 1.2
    endloop
  endfacet
  facet normal 0 0 1
    outer loop
      vertex 105.883 10.3487 1.2
      vertex 105.1 6.89999 1.2
      vertex 105.426 6.8786 1.2
    endloop
  endfacet
  facet normal 0 0 1
    outer loop
      vertex 106.653 10.1955 1.2
      vertex 105.426 6.8786 1.2
      vertex 105.747 6.8148 1.2
    endloop
  endfacet
  facet normal 0 0 1
    outer loop
      vertex 107.396 9.94327 1.2
      vertex 105.747 6.8148 1.2
      vertex 106.057 6.70969 1.2
    endloop
  endfacet
  facet normal 0 0 1
    outer loop
      vertex 108.1 9.59615 1.2
      vertex 107.396 9.94327 1.2
      vertex 106.35 6.56506 1.2
    endloop
  endfacet
  facet normal 0 0 1
    outer loop
      vertex 106.622 6.38338 1.2
      vertex 109.343 8.64264 1.2
      vertex 108.753 9.16011 1.2
    endloop
  endfacet
  facet normal 0 -0 1
    outer loop
      vertex 106.868 6.16776 1.2
      vertex 109.343 8.64264 1.2
      vertex 106.622 6.38338 1.2
    endloop
  endfacet
  facet normal -0 0 1
    outer loop
      vertex 107.579 4.7263 1.2
      vertex 107.6 4.39999 1.2
      vertex 110.493 7 1.2
    endloop
  endfacet
  facet normal 0 0 1
    outer loop
      vertex 109.86 8.05257 1.2
      vertex 106.868 6.16776 1.2
      vertex 107.083 5.92189 1.2
    endloop
  endfacet
  facet normal 0 0 1
    outer loop
      vertex 109.86 8.05257 1.2
      vertex 107.083 5.92189 1.2
      vertex 107.265 5.64999 1.2
    endloop
  endfacet
  facet normal 0 0 1
    outer loop
      vertex 109.86 8.05257 1.2
      vertex 107.265 5.64999 1.2
      vertex 110.296 7.39999 1.2
    endloop
  endfacet
  facet normal 0 0 1
    outer loop
      vertex 107.265 5.64999 1.2
      vertex 110.493 7 1.2
      vertex 110.296 7.39999 1.2
    endloop
  endfacet
  facet normal 0 -0 1
    outer loop
      vertex 107.41 5.3567 1.2
      vertex 110.493 7 1.2
      vertex 107.265 5.64999 1.2
    endloop
  endfacet
  facet normal 0 -0 1
    outer loop
      vertex 107.515 5.04704 1.2
      vertex 110.493 7 1.2
      vertex 107.41 5.3567 1.2
    endloop
  endfacet
  facet normal 0 -0 1
    outer loop
      vertex 107.579 4.7263 1.2
      vertex 110.493 7 1.2
      vertex 107.515 5.04704 1.2
    endloop
  endfacet
  facet normal -0 0 1
    outer loop
      vertex 107.6 4.39999 1.2
      vertex 107.579 4.07367 1.2
      vertex 110.493 7 1.2
    endloop
  endfacet
  facet normal -0 0 1
    outer loop
      vertex 107.579 4.07367 1.2
      vertex 109.163 0 1.2
      vertex 110.493 7 1.2
    endloop
  endfacet
  facet normal -0 0 1
    outer loop
      vertex 107.515 3.75294 1.2
      vertex 109.163 0 1.2
      vertex 107.579 4.07367 1.2
    endloop
  endfacet
  facet normal 0 0 1
    outer loop
      vertex 107.41 3.44328 1.2
      vertex 107.265 3.14999 1.2
      vertex 109.163 0 1.2
    endloop
  endfacet
  facet normal 0 0 1
    outer loop
      vertex 109.163 0 1.2
      vertex 107.083 2.87808 1.2
      vertex 106.868 2.63223 1.2
    endloop
  endfacet
  facet normal 0 0 1
    outer loop
      vertex 109.163 0 1.2
      vertex 106.868 2.63223 1.2
      vertex 106.622 2.41661 1.2
    endloop
  endfacet
  facet normal 0 0 1
    outer loop
      vertex 108.753 -0.360107 1.2
      vertex 106.622 2.41661 1.2
      vertex 108.1 -0.796143 1.2
    endloop
  endfacet
  facet normal 0 0 1
    outer loop
      vertex 106.622 2.41661 1.2
      vertex 106.35 2.23492 1.2
      vertex 108.1 -0.796143 1.2
    endloop
  endfacet
  facet normal 0 0 1
    outer loop
      vertex 106.35 2.23492 1.2
      vertex 106.057 2.09029 1.2
      vertex 108.1 -0.796143 1.2
    endloop
  endfacet
  facet normal 0 0 1
    outer loop
      vertex 106.057 2.09029 1.2
      vertex 106.653 -1.39555 1.2
      vertex 107.396 -1.14326 1.2
    endloop
  endfacet
  facet normal 0 0 1
    outer loop
      vertex 105.747 1.98518 1.2
      vertex 105.883 -1.54866 1.2
      vertex 106.653 -1.39555 1.2
    endloop
  endfacet
  facet normal -0 0 1
    outer loop
      vertex 105.426 1.92139 1.2
      vertex 105.883 -1.54866 1.2
      vertex 105.747 1.98518 1.2
    endloop
  endfacet
  facet normal -0 0 1
    outer loop
      vertex 105.1 1.89999 1.2
      vertex 105.883 -1.54866 1.2
      vertex 105.426 1.92139 1.2
    endloop
  endfacet
  facet normal 0.195026 -0.980798 -5.81956e-18
    outer loop
      vertex 106.653 -1.39555 0
      vertex 105.883 -1.54866 1.2
      vertex 105.883 -1.54866 0
    endloop
  endfacet
  facet normal 0.195026 -0.980798 0
    outer loop
      vertex 106.653 -1.39555 0
      vertex 106.653 -1.39555 1.2
      vertex 105.883 -1.54866 1.2
    endloop
  endfacet
  facet normal 0.321526 -0.946901 -1.2873e-17
    outer loop
      vertex 107.396 -1.14326 0
      vertex 106.653 -1.39555 1.2
      vertex 106.653 -1.39555 0
    endloop
  endfacet
  facet normal 0.321526 -0.946901 0
    outer loop
      vertex 107.396 -1.14326 0
      vertex 107.396 -1.14326 1.2
      vertex 106.653 -1.39555 1.2
    endloop
  endfacet
  facet normal 0.44223 -0.896902 6.06732e-18
    outer loop
      vertex 108.1 -0.796143 0
      vertex 107.396 -1.14326 1.2
      vertex 107.396 -1.14326 0
    endloop
  endfacet
  facet normal 0.44223 -0.896902 0
    outer loop
      vertex 108.1 -0.796143 0
      vertex 108.1 -0.796143 1.2
      vertex 107.396 -1.14326 1.2
    endloop
  endfacet
  facet normal 0.55532 -0.831637 -2.62705e-17
    outer loop
      vertex 108.753 -0.360107 0
      vertex 108.1 -0.796143 1.2
      vertex 108.1 -0.796143 0
    endloop
  endfacet
  facet normal 0.55532 -0.831637 0
    outer loop
      vertex 108.753 -0.360107 0
      vertex 108.753 -0.360107 1.2
      vertex 108.1 -0.796143 1.2
    endloop
  endfacet
  facet normal 0.659912 -0.751343 -1.99193e-17
    outer loop
      vertex 109.163 0 0
      vertex 108.753 -0.360107 1.2
      vertex 108.753 -0.360107 0
    endloop
  endfacet
  facet normal 0.659912 -0.751343 0
    outer loop
      vertex 109.163 0 0
      vertex 109.163 0 1.2
      vertex 108.753 -0.360107 1.2
    endloop
  endfacet
  facet normal 0 -1 0
    outer loop
      vertex 138 0 0
      vertex 109.163 0 1.2
      vertex 109.163 0 0
    endloop
  endfacet
  facet normal 0 -1 0
    outer loop
      vertex 138 0 0
      vertex 138 0 1.2
      vertex 109.163 0 1.2
    endloop
  endfacet
  facet normal 1 0 0
    outer loop
      vertex 138 58.5368 0
      vertex 138 0 1.2
      vertex 138 0 0
    endloop
  endfacet
  facet normal 1 0 -0
    outer loop
      vertex 138 58.5368 0
      vertex 138 58.5368 1.2
      vertex 138 0 1.2
    endloop
  endfacet
  facet normal 0.751918 -0.659256 2.10983e-17
    outer loop
      vertex 138.36 58.9474 0
      vertex 138 58.5368 1.2
      vertex 138 58.5368 0
    endloop
  endfacet
  facet normal 0.751918 -0.659256 0
    outer loop
      vertex 138.36 58.9474 0
      vertex 138.36 58.9474 1.2
      vertex 138 58.5368 1.2
    endloop
  endfacet
  facet normal 0.831501 -0.555523 -1.00589e-17
    outer loop
      vertex 138.796 59.6 0
      vertex 138.36 58.9474 1.2
      vertex 138.36 58.9474 0
    endloop
  endfacet
  facet normal 0.831501 -0.555523 0
    outer loop
      vertex 138.796 59.6 0
      vertex 138.796 59.6 1.2
      vertex 138.36 58.9474 1.2
    endloop
  endfacet
  facet normal 0.896936 -0.44216 1.28178e-17
    outer loop
      vertex 139.143 60.3039 0
      vertex 138.796 59.6 1.2
      vertex 138.796 59.6 0
    endloop
  endfacet
  facet normal 0.896936 -0.44216 0
    outer loop
      vertex 139.143 60.3039 0
      vertex 139.143 60.3039 1.2
      vertex 138.796 59.6 1.2
    endloop
  endfacet
  facet normal 0.946652 -0.322259 -6.90142e-18
    outer loop
      vertex 139.396 61.0471 0
      vertex 139.143 60.3039 1.2
      vertex 139.143 60.3039 0
    endloop
  endfacet
  facet normal 0.946652 -0.322259 0
    outer loop
      vertex 139.396 61.0471 0
      vertex 139.396 61.0471 1.2
      vertex 139.143 60.3039 1.2
    endloop
  endfacet
  facet normal 0.98081 -0.194964 4.86667e-20
    outer loop
      vertex 139.549 61.8168 0
      vertex 139.396 61.0471 1.2
      vertex 139.396 61.0471 0
    endloop
  endfacet
  facet normal 0.98081 -0.194964 0
    outer loop
      vertex 139.549 61.8168 0
      vertex 139.549 61.8168 1.2
      vertex 139.396 61.0471 1.2
    endloop
  endfacet
  facet normal 0.997887 -0.0649798 1.33741e-18
    outer loop
      vertex 139.6 62.6 0
      vertex 139.549 61.8168 1.2
      vertex 139.549 61.8168 0
    endloop
  endfacet
  facet normal 0.997887 -0.0649798 0
    outer loop
      vertex 139.6 62.6 0
      vertex 139.6 62.6 1.2
      vertex 139.549 61.8168 1.2
    endloop
  endfacet
  facet normal 0.997886 0.0649881 -6.96142e-19
    outer loop
      vertex 139.549 63.3831 0
      vertex 139.6 62.6 1.2
      vertex 139.6 62.6 0
    endloop
  endfacet
  facet normal 0.997886 0.0649881 -0
    outer loop
      vertex 139.549 63.3831 0
      vertex 139.549 63.3831 1.2
      vertex 139.6 62.6 1.2
    endloop
  endfacet
  facet normal 0.980815 0.19494 -6.40699e-19
    outer loop
      vertex 139.396 64.1529 0
      vertex 139.549 63.3831 1.2
      vertex 139.549 63.3831 0
    endloop
  endfacet
  facet normal 0.980815 0.19494 -0
    outer loop
      vertex 139.396 64.1529 0
      vertex 139.396 64.1529 1.2
      vertex 139.549 63.3831 1.2
    endloop
  endfacet
  facet normal 0.946652 0.322259 6.90142e-18
    outer loop
      vertex 139.143 64.8961 0
      vertex 139.396 64.1529 1.2
      vertex 139.396 64.1529 0
    endloop
  endfacet
  facet normal 0.946652 0.322259 -0
    outer loop
      vertex 139.143 64.8961 0
      vertex 139.143 64.8961 1.2
      vertex 139.396 64.1529 1.2
    endloop
  endfacet
  facet normal 0.896936 0.44216 1.17034e-17
    outer loop
      vertex 138.796 65.6 0
      vertex 139.143 64.8961 1.2
      vertex 139.143 64.8961 0
    endloop
  endfacet
  facet normal 0.896936 0.44216 -0
    outer loop
      vertex 138.796 65.6 0
      vertex 138.796 65.6 1.2
      vertex 139.143 64.8961 1.2
    endloop
  endfacet
  facet normal 0.831501 0.555523 2.13755e-17
    outer loop
      vertex 138.36 66.2526 0
      vertex 138.796 65.6 1.2
      vertex 138.796 65.6 0
    endloop
  endfacet
  facet normal 0.831501 0.555523 -0
    outer loop
      vertex 138.36 66.2526 0
      vertex 138.36 66.2526 1.2
      vertex 138.796 65.6 1.2
    endloop
  endfacet
  facet normal 0.751918 0.659256 -2.10983e-17
    outer loop
      vertex 138 66.6632 0
      vertex 138.36 66.2526 1.2
      vertex 138.36 66.2526 0
    endloop
  endfacet
  facet normal 0.751918 0.659256 -0
    outer loop
      vertex 138 66.6632 0
      vertex 138 66.6632 1.2
      vertex 138.36 66.2526 1.2
    endloop
  endfacet
  facet normal 1 0 0
    outer loop
      vertex 138 83 0
      vertex 138 66.6632 1.2
      vertex 138 66.6632 0
    endloop
  endfacet
  facet normal 1 0 -0
    outer loop
      vertex 138 83 0
      vertex 138 83 1.2
      vertex 138 66.6632 1.2
    endloop
  endfacet
  facet normal 0 1 0
    outer loop
      vertex 22 83 0
      vertex 138 83 1.2
      vertex 138 83 0
    endloop
  endfacet
  facet normal 0 1 0
    outer loop
      vertex 22 83 0
      vertex 22 83 1.2
      vertex 138 83 1.2
    endloop
  endfacet
  facet normal -1 0 0
    outer loop
      vertex 22 81 0
      vertex 22 83 1.2
      vertex 22 83 0
    endloop
  endfacet
  facet normal -1 0 0
    outer loop
      vertex 22 81 0
      vertex 22 81 1.2
      vertex 22 83 1.2
    endloop
  endfacet
  facet normal 0 1 0
    outer loop
      vertex 10.2431 81 0
      vertex 22 81 1.2
      vertex 22 81 0
    endloop
  endfacet
  facet normal 0 1 0
    outer loop
      vertex 10.2431 81 0
      vertex 10.2431 81 1.2
      vertex 22 81 1.2
    endloop
  endfacet
  facet normal 0.75182 0.659368 5.21656e-18
    outer loop
      vertex 9.94263 81.3426 0
      vertex 10.2431 81 1.2
      vertex 10.2431 81 0
    endloop
  endfacet
  facet normal 0.75182 0.659368 -0
    outer loop
      vertex 9.94263 81.3426 0
      vertex 9.94263 81.3426 1.2
      vertex 10.2431 81 1.2
    endloop
  endfacet
  facet normal 0.659356 0.751831 -1.13602e-17
    outer loop
      vertex 9.35255 81.8601 0
      vertex 9.94263 81.3426 1.2
      vertex 9.94263 81.3426 0
    endloop
  endfacet
  facet normal 0.659356 0.751831 -0
    outer loop
      vertex 9.35255 81.8601 0
      vertex 9.35255 81.8601 1.2
      vertex 9.94263 81.3426 1.2
    endloop
  endfacet
  facet normal 0.555553 0.831481 -3.61849e-18
    outer loop
      vertex 8.7 82.2961 0
      vertex 9.35255 81.8601 1.2
      vertex 9.35255 81.8601 0
    endloop
  endfacet
  facet normal 0.555553 0.831481 -0
    outer loop
      vertex 8.7 82.2961 0
      vertex 8.7 82.2961 1.2
      vertex 9.35255 81.8601 1.2
    endloop
  endfacet
  facet normal 0.44236 0.896837 1.23123e-17
    outer loop
      vertex 7.99609 82.6433 0
      vertex 8.7 82.2961 1.2
      vertex 8.7 82.2961 0
    endloop
  endfacet
  facet normal 0.44236 0.896837 -0
    outer loop
      vertex 7.99609 82.6433 0
      vertex 7.99609 82.6433 1.2
      vertex 8.7 82.2961 1.2
    endloop
  endfacet
  facet normal 0.321463 0.946922 1.13828e-17
    outer loop
      vertex 7.2529 82.8956 0
      vertex 7.99609 82.6433 1.2
      vertex 7.99609 82.6433 0
    endloop
  endfacet
  facet normal 0.321463 0.946922 -0
    outer loop
      vertex 7.2529 82.8956 0
      vertex 7.2529 82.8956 1.2
      vertex 7.99609 82.6433 1.2
    endloop
  endfacet
  facet normal 0.195075 0.980788 -1.83484e-18
    outer loop
      vertex 6.48315 83.0487 0
      vertex 7.2529 82.8956 1.2
      vertex 7.2529 82.8956 0
    endloop
  endfacet
  facet normal 0.195075 0.980788 -0
    outer loop
      vertex 6.48315 83.0487 0
      vertex 6.48315 83.0487 1.2
      vertex 7.2529 82.8956 1.2
    endloop
  endfacet
  facet normal 0.0653646 0.997861 -9.67798e-19
    outer loop
      vertex 5.7 83.1 0
      vertex 6.48315 83.0487 1.2
      vertex 6.48315 83.0487 0
    endloop
  endfacet
  facet normal 0.0653646 0.997861 -0
    outer loop
      vertex 5.7 83.1 0
      vertex 5.7 83.1 1.2
      vertex 6.48315 83.0487 1.2
    endloop
  endfacet
  facet normal -0.0653638 0.997862 -1.4027e-18
    outer loop
      vertex 4.91684 83.0487 0
      vertex 5.7 83.1 1.2
      vertex 5.7 83.1 0
    endloop
  endfacet
  facet normal -0.0653638 0.997862 0
    outer loop
      vertex 4.91684 83.0487 0
      vertex 4.91684 83.0487 1.2
      vertex 5.7 83.1 1.2
    endloop
  endfacet
  facet normal -0.195072 0.980789 1.77537e-19
    outer loop
      vertex 4.14708 82.8956 0
      vertex 4.91684 83.0487 1.2
      vertex 4.91684 83.0487 0
    endloop
  endfacet
  facet normal -0.195072 0.980789 0
    outer loop
      vertex 4.14708 82.8956 0
      vertex 4.14708 82.8956 1.2
      vertex 4.91684 83.0487 1.2
    endloop
  endfacet
  facet normal -0.32146 0.946923 2.77192e-18
    outer loop
      vertex 3.40388 82.6433 0
      vertex 4.14708 82.8956 1.2
      vertex 4.14708 82.8956 0
    endloop
  endfacet
  facet normal -0.32146 0.946923 0
    outer loop
      vertex 3.40388 82.6433 0
      vertex 3.40388 82.6433 1.2
      vertex 4.14708 82.8956 1.2
    endloop
  endfacet
  facet normal -0.442376 0.89683 4.39941e-18
    outer loop
      vertex 2.7 82.2961 0
      vertex 3.40388 82.6433 1.2
      vertex 3.40388 82.6433 0
    endloop
  endfacet
  facet normal -0.442376 0.89683 0
    outer loop
      vertex 2.7 82.2961 0
      vertex 2.7 82.2961 1.2
      vertex 3.40388 82.6433 1.2
    endloop
  endfacet
  facet normal -0.555535 0.831493 9.52018e-18
    outer loop
      vertex 2.04742 81.8601 0
      vertex 2.7 82.2961 1.2
      vertex 2.7 82.2961 0
    endloop
  endfacet
  facet normal -0.555535 0.831493 0
    outer loop
      vertex 2.04742 81.8601 0
      vertex 2.04742 81.8601 1.2
      vertex 2.7 82.2961 1.2
    endloop
  endfacet
  facet normal -0.659362 0.751826 2.55241e-17
    outer loop
      vertex 1.45735 81.3426 0
      vertex 2.04742 81.8601 1.2
      vertex 2.04742 81.8601 0
    endloop
  endfacet
  facet normal -0.659362 0.751826 0
    outer loop
      vertex 1.45735 81.3426 0
      vertex 1.45735 81.3426 1.2
      vertex 2.04742 81.8601 1.2
    endloop
  endfacet
  facet normal -0.751799 0.659393 -2.21499e-19
    outer loop
      vertex 1.15686 81 0
      vertex 1.45735 81.3426 1.2
      vertex 1.45735 81.3426 0
    endloop
  endfacet
  facet normal -0.751799 0.659393 0
    outer loop
      vertex 1.15686 81 0
      vertex 1.15686 81 1.2
      vertex 1.45735 81.3426 1.2
    endloop
  endfacet
  facet normal 0 1 0
    outer loop
      vertex 0 81 0
      vertex 1.15686 81 1.2
      vertex 1.15686 81 0
    endloop
  endfacet
  facet normal 0 1 0
    outer loop
      vertex 0 81 0
      vertex 0 81 1.2
      vertex 1.15686 81 1.2
    endloop
  endfacet
  facet normal -1 0 0
    outer loop
      vertex 0 78.9344 0
      vertex 0 81 1.2
      vertex 0 81 0
    endloop
  endfacet
  facet normal -1 0 0
    outer loop
      vertex 0 78.9344 0
      vertex 0 78.9344 1.2
      vertex 0 81 1.2
    endloop
  endfacet
  facet normal -0.946936 0.321422 3.36571e-18
    outer loop
      vertex -0.0955505 78.6529 0
      vertex 0 78.9344 1.2
      vertex 0 78.9344 0
    endloop
  endfacet
  facet normal -0.946936 0.321422 0
    outer loop
      vertex -0.0955505 78.6529 0
      vertex -0.0955505 78.6529 1.2
      vertex 0 78.9344 1.2
    endloop
  endfacet
  facet normal -0.980789 0.19507 4.0056e-18
    outer loop
      vertex -0.248657 77.8831 0
      vertex -0.0955505 78.6529 1.2
      vertex -0.0955505 78.6529 0
    endloop
  endfacet
  facet normal -0.980789 0.19507 0
    outer loop
      vertex -0.248657 77.8831 0
      vertex -0.248657 77.8831 1.2
      vertex -0.0955505 78.6529 1.2
    endloop
  endfacet
  facet normal -0.997859 0.0654081 -5.00406e-19
    outer loop
      vertex -0.299988 77.1 0
      vertex -0.248657 77.8831 1.2
      vertex -0.248657 77.8831 0
    endloop
  endfacet
  facet normal -0.997859 0.0654081 0
    outer loop
      vertex -0.299988 77.1 0
      vertex -0.299988 77.1 1.2
      vertex -0.248657 77.8831 1.2
    endloop
  endfacet
  facet normal -0.997859 -0.0653998 3.39479e-18
    outer loop
      vertex -0.248657 76.3168 0
      vertex -0.299988 77.1 1.2
      vertex -0.299988 77.1 0
    endloop
  endfacet
  facet normal -0.997859 -0.0653998 0
    outer loop
      vertex -0.248657 76.3168 0
      vertex -0.248657 76.3168 1.2
      vertex -0.299988 77.1 1.2
    endloop
  endfacet
  facet normal -0.980784 -0.195095 2.26062e-18
    outer loop
      vertex -0.0955505 75.5471 0
      vertex -0.248657 76.3168 1.2
      vertex -0.248657 76.3168 0
    endloop
  endfacet
  facet normal -0.980784 -0.195095 0
    outer loop
      vertex -0.0955505 75.5471 0
      vertex -0.0955505 75.5471 1.2
      vertex -0.248657 76.3168 1.2
    endloop
  endfacet
  facet normal -0.946936 -0.321422 -3.36571e-18
    outer loop
      vertex 0 75.2656 0
      vertex -0.0955505 75.5471 1.2
      vertex -0.0955505 75.5471 0
    endloop
  endfacet
  facet normal -0.946936 -0.321422 0
    outer loop
      vertex 0 75.2656 0
      vertex 0 75.2656 1.2
      vertex -0.0955505 75.5471 1.2
    endloop
  endfacet
  facet normal -1 0 0
    outer loop
      vertex 0 8.98943 0
      vertex 0 75.2656 1.2
      vertex 0 75.2656 0
    endloop
  endfacet
  facet normal -1 0 0
    outer loop
      vertex 0 8.98943 0
      vertex 0 8.98943 1.2
      vertex 0 75.2656 1.2
    endloop
  endfacet
  facet normal -0.896885 0.442263 -7.285e-19
    outer loop
      vertex -0.243271 8.49609 0
      vertex 0 8.98943 1.2
      vertex 0 8.98943 0
    endloop
  endfacet
  facet normal -0.896885 0.442263 0
    outer loop
      vertex -0.243271 8.49609 0
      vertex -0.243271 8.49609 1.2
      vertex 0 8.98943 1.2
    endloop
  endfacet
  facet normal -0.946932 0.321433 -3.79115e-18
    outer loop
      vertex -0.495544 7.7529 0
      vertex -0.243271 8.49609 1.2
      vertex -0.243271 8.49609 0
    endloop
  endfacet
  facet normal -0.946932 0.321433 0
    outer loop
      vertex -0.495544 7.7529 0
      vertex -0.495544 7.7529 1.2
      vertex -0.243271 8.49609 1.2
    endloop
  endfacet
  facet normal -0.980783 0.195102 -2.58214e-18
    outer loop
      vertex -0.648666 6.98315 0
      vertex -0.495544 7.7529 1.2
      vertex -0.495544 7.7529 0
    endloop
  endfacet
  facet normal -0.980783 0.195102 0
    outer loop
      vertex -0.648666 6.98315 0
      vertex -0.648666 6.98315 1.2
      vertex -0.495544 7.7529 1.2
    endloop
  endfacet
  facet normal -0.997859 0.0654039 3.23158e-18
    outer loop
      vertex -0.699997 6.2 0
      vertex -0.648666 6.98315 1.2
      vertex -0.648666 6.98315 0
    endloop
  endfacet
  facet normal -0.997859 0.0654039 0
    outer loop
      vertex -0.699997 6.2 0
      vertex -0.699997 6.2 1.2
      vertex -0.648666 6.98315 1.2
    endloop
  endfacet
  facet normal -0.997859 -0.0654031 -3.13881e-18
    outer loop
      vertex -0.648666 5.41684 0
      vertex -0.699997 6.2 1.2
      vertex -0.699997 6.2 0
    endloop
  endfacet
  facet normal -0.997859 -0.0654031 0
    outer loop
      vertex -0.648666 5.41684 0
      vertex -0.648666 5.41684 1.2
      vertex -0.699997 6.2 1.2
    endloop
  endfacet
  facet normal -0.980784 -0.195099 -5.94855e-18
    outer loop
      vertex -0.495544 4.64708 0
      vertex -0.648666 5.41684 1.2
      vertex -0.648666 5.41684 0
    endloop
  endfacet
  facet normal -0.980784 -0.195099 0
    outer loop
      vertex -0.495544 4.64708 0
      vertex -0.495544 4.64708 1.2
      vertex -0.648666 5.41684 1.2
    endloop
  endfacet
  facet normal -0.946934 -0.321429 -2.39873e-18
    outer loop
      vertex -0.243271 3.90388 0
      vertex -0.495544 4.64708 1.2
      vertex -0.495544 4.64708 0
    endloop
  endfacet
  facet normal -0.946934 -0.321429 0
    outer loop
      vertex -0.243271 3.90388 0
      vertex -0.243271 3.90388 1.2
      vertex -0.495544 4.64708 1.2
    endloop
  endfacet
  facet normal -0.896875 -0.442285 -5.92626e-18
    outer loop
      vertex 0 3.41057 0
      vertex -0.243271 3.90388 1.2
      vertex -0.243271 3.90388 0
    endloop
  endfacet
  facet normal -0.896875 -0.442285 0
    outer loop
      vertex 0 3.41057 0
      vertex 0 3.41057 1.2
      vertex -0.243271 3.90388 1.2
    endloop
  endfacet
  facet normal -1 0 0
    outer loop
      vertex 0 2 0
      vertex 0 3.41057 1.2
      vertex 0 3.41057 0
    endloop
  endfacet
  facet normal -1 0 0
    outer loop
      vertex 0 2 0
      vertex 0 2 1.2
      vertex 0 3.41057 1.2
    endloop
  endfacet
  facet normal 0 -1 0
    outer loop
      vertex 1.01996 2 0
      vertex 0 2 1.2
      vertex 0 2 0
    endloop
  endfacet
  facet normal 0 -1 0
    outer loop
      vertex 1.01996 2 0
      vertex 1.01996 2 1.2
      vertex 0 2 1.2
    endloop
  endfacet
  facet normal -0.751866 -0.659315 1.30335e-18
    outer loop
      vertex 1.05736 1.95735 0
      vertex 1.01996 2 1.2
      vertex 1.01996 2 0
    endloop
  endfacet
  facet normal -0.751866 -0.659315 0
    outer loop
      vertex 1.05736 1.95735 0
      vertex 1.05736 1.95735 1.2
      vertex 1.01996 2 1.2
    endloop
  endfacet
  facet normal -0.659348 -0.751838 -7.18469e-18
    outer loop
      vertex 1.64743 1.43987 0
      vertex 1.05736 1.95735 1.2
      vertex 1.05736 1.95735 0
    endloop
  endfacet
  facet normal -0.659348 -0.751838 0
    outer loop
      vertex 1.64743 1.43987 0
      vertex 1.64743 1.43987 1.2
      vertex 1.05736 1.95735 1.2
    endloop
  endfacet
  facet normal -0.555564 -0.831474 -2.77847e-17
    outer loop
      vertex 2.29999 1.00385 0
      vertex 1.64743 1.43987 1.2
      vertex 1.64743 1.43987 0
    endloop
  endfacet
  facet normal -0.555564 -0.831474 0
    outer loop
      vertex 2.29999 1.00385 0
      vertex 2.29999 1.00385 1.2
      vertex 1.64743 1.43987 1.2
    endloop
  endfacet
  facet normal -0.442306 -0.896864 -7.66089e-18
    outer loop
      vertex 3.00389 0.656708 0
      vertex 2.29999 1.00385 1.2
      vertex 2.29999 1.00385 0
    endloop
  endfacet
  facet normal -0.442306 -0.896864 0
    outer loop
      vertex 3.00389 0.656708 0
      vertex 3.00389 0.656708 1.2
      vertex 2.29999 1.00385 1.2
    endloop
  endfacet
  facet normal -0.32143 -0.946933 4.15559e-18
    outer loop
      vertex 3.74709 0.404434 0
      vertex 3.00389 0.656708 1.2
      vertex 3.00389 0.656708 0
    endloop
  endfacet
  facet normal -0.32143 -0.946933 0
    outer loop
      vertex 3.74709 0.404434 0
      vertex 3.74709 0.404434 1.2
      vertex 3.00389 0.656708 1.2
    endloop
  endfacet
  facet normal -0.195084 -0.980786 6.43247e-18
    outer loop
      vertex 4.51683 0.251328 0
      vertex 3.74709 0.404434 1.2
      vertex 3.74709 0.404434 0
    endloop
  endfacet
  facet normal -0.195084 -0.980786 0
    outer loop
      vertex 4.51683 0.251328 0
      vertex 4.51683 0.251328 1.2
      vertex 3.74709 0.404434 1.2
    endloop
  endfacet
  facet normal -0.0654031 -0.997859 -2.16157e-18
    outer loop
      vertex 5.29999 0.199997 0
      vertex 4.51683 0.251328 1.2
      vertex 4.51683 0.251328 0
    endloop
  endfacet
  facet normal -0.0654031 -0.997859 0
    outer loop
      vertex 5.29999 0.199997 0
      vertex 5.29999 0.199997 1.2
      vertex 4.51683 0.251328 1.2
    endloop
  endfacet
  facet normal 0.0654031 -0.997859 -2.04069e-18
    outer loop
      vertex 6.08315 0.251328 0
      vertex 5.29999 0.199997 1.2
      vertex 5.29999 0.199997 0
    endloop
  endfacet
  facet normal 0.0654031 -0.997859 0
    outer loop
      vertex 6.08315 0.251328 0
      vertex 6.08315 0.251328 1.2
      vertex 5.29999 0.199997 1.2
    endloop
  endfacet
  facet normal 0.19508 -0.980787 6.32014e-18
    outer loop
      vertex 6.85291 0.404434 0
      vertex 6.08315 0.251328 1.2
      vertex 6.08315 0.251328 0
    endloop
  endfacet
  facet normal 0.19508 -0.980787 0
    outer loop
      vertex 6.85291 0.404434 0
      vertex 6.85291 0.404434 1.2
      vertex 6.08315 0.251328 1.2
    endloop
  endfacet
  facet normal 0.321434 -0.946932 -9.46633e-18
    outer loop
      vertex 7.5961 0.656708 0
      vertex 6.85291 0.404434 1.2
      vertex 6.85291 0.404434 0
    endloop
  endfacet
  facet normal 0.321434 -0.946932 0
    outer loop
      vertex 7.5961 0.656708 0
      vertex 7.5961 0.656708 1.2
      vertex 6.85291 0.404434 1.2
    endloop
  endfacet
  facet normal 0.442311 -0.896862 9.26659e-18
    outer loop
      vertex 8.29999 1.00385 0
      vertex 7.5961 0.656708 1.2
      vertex 7.5961 0.656708 0
    endloop
  endfacet
  facet normal 0.442311 -0.896862 0
    outer loop
      vertex 8.29999 1.00385 0
      vertex 8.29999 1.00385 1.2
      vertex 7.5961 0.656708 1.2
    endloop
  endfacet
  facet normal 0.555558 -0.831477 -2.84404e-17
    outer loop
      vertex 8.95256 1.43987 0
      vertex 8.29999 1.00385 1.2
      vertex 8.29999 1.00385 0
    endloop
  endfacet
  facet normal 0.555558 -0.831477 0
    outer loop
      vertex 8.95256 1.43987 0
      vertex 8.95256 1.43987 1.2
      vertex 8.29999 1.00385 1.2
    endloop
  endfacet
  facet normal 0.659348 -0.751838 2.36694e-17
    outer loop
      vertex 9.54263 1.95735 0
      vertex 8.95256 1.43987 1.2
      vertex 8.95256 1.43987 0
    endloop
  endfacet
  facet normal 0.659348 -0.751838 0
    outer loop
      vertex 9.54263 1.95735 0
      vertex 9.54263 1.95735 1.2
      vertex 8.95256 1.43987 1.2
    endloop
  endfacet
  facet normal 0.751866 -0.659315 -2.636e-19
    outer loop
      vertex 9.58003 2 0
      vertex 9.54263 1.95735 1.2
      vertex 9.54263 1.95735 0
    endloop
  endfacet
  facet normal 0.751866 -0.659315 0
    outer loop
      vertex 9.58003 2 0
      vertex 9.58003 2 1.2
      vertex 9.54263 1.95735 1.2
    endloop
  endfacet
  facet normal 0 -1 0
    outer loop
      vertex 22 2 0
      vertex 9.58003 2 1.2
      vertex 9.58003 2 0
    endloop
  endfacet
  facet normal 0 -1 0
    outer loop
      vertex 22 2 0
      vertex 22 2 1.2
      vertex 9.58003 2 1.2
    endloop
  endfacet
  facet normal -1 0 0
    outer loop
      vertex 22 0 0
      vertex 22 2 1.2
      vertex 22 2 0
    endloop
  endfacet
  facet normal -1 0 0
    outer loop
      vertex 22 0 0
      vertex 22 0 1.2
      vertex 22 2 1.2
    endloop
  endfacet
  facet normal 0 -1 0
    outer loop
      vertex 101.037 0 0
      vertex 22 0 1.2
      vertex 22 0 0
    endloop
  endfacet
  facet normal 0 -1 0
    outer loop
      vertex 101.037 0 0
      vertex 101.037 0 1.2
      vertex 22 0 1.2
    endloop
  endfacet
  facet normal -0.659912 -0.751343 1.99193e-17
    outer loop
      vertex 101.447 -0.360107 0
      vertex 101.037 0 1.2
      vertex 101.037 0 0
    endloop
  endfacet
  facet normal -0.659912 -0.751343 0
    outer loop
      vertex 101.447 -0.360107 0
      vertex 101.447 -0.360107 1.2
      vertex 101.037 0 1.2
    endloop
  endfacet
  facet normal -0.55532 -0.831637 4.19044e-18
    outer loop
      vertex 102.1 -0.796143 0
      vertex 101.447 -0.360107 1.2
      vertex 101.447 -0.360107 0
    endloop
  endfacet
  facet normal -0.55532 -0.831637 0
    outer loop
      vertex 102.1 -0.796143 0
      vertex 102.1 -0.796143 1.2
      vertex 101.447 -0.360107 1.2
    endloop
  endfacet
  facet normal -0.44223 -0.896902 2.0685e-18
    outer loop
      vertex 102.804 -1.14326 0
      vertex 102.1 -0.796143 1.2
      vertex 102.1 -0.796143 0
    endloop
  endfacet
  facet normal -0.44223 -0.896902 0
    outer loop
      vertex 102.804 -1.14326 0
      vertex 102.804 -1.14326 1.2
      vertex 102.1 -0.796143 1.2
    endloop
  endfacet
  facet normal -0.321526 -0.946901 1.2873e-17
    outer loop
      vertex 103.547 -1.39555 0
      vertex 102.804 -1.14326 1.2
      vertex 102.804 -1.14326 0
    endloop
  endfacet
  facet normal -0.321526 -0.946901 0
    outer loop
      vertex 103.547 -1.39555 0
      vertex 103.547 -1.39555 1.2
      vertex 102.804 -1.14326 1.2
    endloop
  endfacet
  facet normal -0.195026 -0.980798 2.64712e-18
    outer loop
      vertex 104.317 -1.54866 0
      vertex 103.547 -1.39555 1.2
      vertex 103.547 -1.39555 0
    endloop
  endfacet
  facet normal -0.195026 -0.980798 0
    outer loop
      vertex 104.317 -1.54866 0
      vertex 104.317 -1.54866 1.2
      vertex 103.547 -1.39555 1.2
    endloop
  endfacet
  facet normal -0.0654151 -0.997858 -1.61309e-18
    outer loop
      vertex 105.1 -1.59999 0
      vertex 104.317 -1.54866 1.2
      vertex 104.317 -1.54866 0
    endloop
  endfacet
  facet normal -0.0654151 -0.997858 0
    outer loop
      vertex 105.1 -1.59999 0
      vertex 105.1 -1.59999 1.2
      vertex 104.317 -1.54866 1.2
    endloop
  endfacet
  facet normal 0.0654151 -0.997858 1.61309e-18
    outer loop
      vertex 105.883 -1.54866 0
      vertex 105.1 -1.59999 1.2
      vertex 105.1 -1.59999 0
    endloop
  endfacet
  facet normal 0.0654151 -0.997858 0
    outer loop
      vertex 105.883 -1.54866 0
      vertex 105.883 -1.54866 1.2
      vertex 105.1 -1.59999 1.2
    endloop
  endfacet
  facet normal 0.195105 0.980782 -0
    outer loop
      vertex 5.05295 74.6852 0
      vertex 5.05295 74.6852 1.2
      vertex 5.37367 74.6214 0
    endloop
  endfacet
  facet normal 0.195105 0.980782 0
    outer loop
      vertex 5.37367 74.6214 1.2
      vertex 5.37367 74.6214 0
      vertex 5.05295 74.6852 1.2
    endloop
  endfacet
  facet normal 0.321397 0.946944 -0
    outer loop
      vertex 4.74329 74.7903 0
      vertex 4.74329 74.7903 1.2
      vertex 5.05295 74.6852 0
    endloop
  endfacet
  facet normal 0.321397 0.946944 0
    outer loop
      vertex 5.05295 74.6852 1.2
      vertex 5.05295 74.6852 0
      vertex 4.74329 74.7903 1.2
    endloop
  endfacet
  facet normal 0.442204 0.896915 -0
    outer loop
      vertex 4.45 74.9349 0
      vertex 4.45 74.9349 1.2
      vertex 4.74329 74.7903 0
    endloop
  endfacet
  facet normal 0.442204 0.896915 0
    outer loop
      vertex 4.74329 74.7903 1.2
      vertex 4.74329 74.7903 0
      vertex 4.45 74.9349 1.2
    endloop
  endfacet
  facet normal 0.555603 0.831448 -0
    outer loop
      vertex 4.17809 75.1166 0
      vertex 4.17809 75.1166 1.2
      vertex 4.45 74.9349 0
    endloop
  endfacet
  facet normal 0.555603 0.831448 0
    outer loop
      vertex 4.45 74.9349 1.2
      vertex 4.45 74.9349 0
      vertex 4.17809 75.1166 1.2
    endloop
  endfacet
  facet normal 0.659307 0.751873 -0
    outer loop
      vertex 3.93222 75.3322 0
      vertex 3.93222 75.3322 1.2
      vertex 4.17809 75.1166 0
    endloop
  endfacet
  facet normal 0.659307 0.751873 0
    outer loop
      vertex 4.17809 75.1166 1.2
      vertex 4.17809 75.1166 0
      vertex 3.93222 75.3322 1.2
    endloop
  endfacet
  facet normal 0.751898 0.659279 -0
    outer loop
      vertex 3.71661 75.5781 0
      vertex 3.71661 75.5781 1.2
      vertex 3.93222 75.3322 0
    endloop
  endfacet
  facet normal 0.751898 0.659279 0
    outer loop
      vertex 3.93222 75.3322 1.2
      vertex 3.93222 75.3322 0
      vertex 3.71661 75.5781 1.2
    endloop
  endfacet
  facet normal 0.831466 0.555575 -0
    outer loop
      vertex 3.53493 75.85 0
      vertex 3.53493 75.85 1.2
      vertex 3.71661 75.5781 0
    endloop
  endfacet
  facet normal 0.831466 0.555575 0
    outer loop
      vertex 3.71661 75.5781 1.2
      vertex 3.71661 75.5781 0
      vertex 3.53493 75.85 1.2
    endloop
  endfacet
  facet normal 0.896872 0.44229 -0
    outer loop
      vertex 3.39029 76.1433 0
      vertex 3.39029 76.1433 1.2
      vertex 3.53493 75.85 0
    endloop
  endfacet
  facet normal 0.896872 0.44229 0
    outer loop
      vertex 3.53493 75.85 1.2
      vertex 3.53493 75.85 0
      vertex 3.39029 76.1433 1.2
    endloop
  endfacet
  facet normal 0.946907 0.321508 -0
    outer loop
      vertex 3.28517 76.4529 0
      vertex 3.28517 76.4529 1.2
      vertex 3.39029 76.1433 0
    endloop
  endfacet
  facet normal 0.946907 0.321508 0
    outer loop
      vertex 3.39029 76.1433 1.2
      vertex 3.39029 76.1433 0
      vertex 3.28517 76.4529 1.2
    endloop
  endfacet
  facet normal 0.980792 0.195058 -0
    outer loop
      vertex 3.22137 76.7737 0
      vertex 3.22137 76.7737 1.2
      vertex 3.28517 76.4529 0
    endloop
  endfacet
  facet normal 0.980792 0.195058 0
    outer loop
      vertex 3.28517 76.4529 1.2
      vertex 3.28517 76.4529 0
      vertex 3.22137 76.7737 1.2
    endloop
  endfacet
  facet normal 0.997862 0.0653519 -0
    outer loop
      vertex 3.2 77.1 0
      vertex 3.2 77.1 1.2
      vertex 3.22137 76.7737 0
    endloop
  endfacet
  facet normal 0.997862 0.0653519 0
    outer loop
      vertex 3.22137 76.7737 1.2
      vertex 3.22137 76.7737 0
      vertex 3.2 77.1 1.2
    endloop
  endfacet
  facet normal 0.997862 -0.0653519 0
    outer loop
      vertex 3.22137 77.4263 0
      vertex 3.22137 77.4263 1.2
      vertex 3.2 77.1 0
    endloop
  endfacet
  facet normal 0.997862 -0.0653519 0
    outer loop
      vertex 3.2 77.1 1.2
      vertex 3.2 77.1 0
      vertex 3.22137 77.4263 1.2
    endloop
  endfacet
  facet normal 0.98078 -0.195116 0
    outer loop
      vertex 3.28517 77.747 0
      vertex 3.28517 77.747 1.2
      vertex 3.22137 77.4263 0
    endloop
  endfacet
  facet normal 0.98078 -0.195116 0
    outer loop
      vertex 3.22137 77.4263 1.2
      vertex 3.22137 77.4263 0
      vertex 3.28517 77.747 1.2
    endloop
  endfacet
  facet normal 0.946938 -0.321415 0
    outer loop
      vertex 3.39029 78.0567 0
      vertex 3.39029 78.0567 1.2
      vertex 3.28517 77.747 0
    endloop
  endfacet
  facet normal 0.946938 -0.321415 0
    outer loop
      vertex 3.28517 77.747 1.2
      vertex 3.28517 77.747 0
      vertex 3.39029 78.0567 1.2
    endloop
  endfacet
  facet normal 0.896872 -0.44229 0
    outer loop
      vertex 3.53493 78.35 0
      vertex 3.53493 78.35 1.2
      vertex 3.39029 78.0567 0
    endloop
  endfacet
  facet normal 0.896872 -0.44229 0
    outer loop
      vertex 3.39029 78.0567 1.2
      vertex 3.39029 78.0567 0
      vertex 3.53493 78.35 1.2
    endloop
  endfacet
  facet normal 0.831466 -0.555575 0
    outer loop
      vertex 3.71661 78.6219 0
      vertex 3.71661 78.6219 1.2
      vertex 3.53493 78.35 0
    endloop
  endfacet
  facet normal 0.831466 -0.555575 0
    outer loop
      vertex 3.53493 78.35 1.2
      vertex 3.53493 78.35 0
      vertex 3.71661 78.6219 1.2
    endloop
  endfacet
  facet normal 0.751898 -0.659279 0
    outer loop
      vertex 3.93222 78.8678 0
      vertex 3.93222 78.8678 1.2
      vertex 3.71661 78.6219 0
    endloop
  endfacet
  facet normal 0.751898 -0.659279 0
    outer loop
      vertex 3.71661 78.6219 1.2
      vertex 3.71661 78.6219 0
      vertex 3.93222 78.8678 1.2
    endloop
  endfacet
  facet normal 0.659307 -0.751873 0
    outer loop
      vertex 4.17809 79.0834 0
      vertex 4.17809 79.0834 1.2
      vertex 3.93222 78.8678 0
    endloop
  endfacet
  facet normal 0.659307 -0.751873 0
    outer loop
      vertex 3.93222 78.8678 1.2
      vertex 3.93222 78.8678 0
      vertex 4.17809 79.0834 1.2
    endloop
  endfacet
  facet normal 0.555603 -0.831448 0
    outer loop
      vertex 4.45 79.2651 0
      vertex 4.45 79.2651 1.2
      vertex 4.17809 79.0834 0
    endloop
  endfacet
  facet normal 0.555603 -0.831448 0
    outer loop
      vertex 4.17809 79.0834 1.2
      vertex 4.17809 79.0834 0
      vertex 4.45 79.2651 1.2
    endloop
  endfacet
  facet normal 0.442204 -0.896915 0
    outer loop
      vertex 4.74329 79.4097 0
      vertex 4.74329 79.4097 1.2
      vertex 4.45 79.2651 0
    endloop
  endfacet
  facet normal 0.442204 -0.896915 0
    outer loop
      vertex 4.45 79.2651 1.2
      vertex 4.45 79.2651 0
      vertex 4.74329 79.4097 1.2
    endloop
  endfacet
  facet normal 0.321397 -0.946944 0
    outer loop
      vertex 5.05295 79.5148 0
      vertex 5.05295 79.5148 1.2
      vertex 4.74329 79.4097 0
    endloop
  endfacet
  facet normal 0.321397 -0.946944 0
    outer loop
      vertex 4.74329 79.4097 1.2
      vertex 4.74329 79.4097 0
      vertex 5.05295 79.5148 1.2
    endloop
  endfacet
  facet normal 0.195105 -0.980782 0
    outer loop
      vertex 5.37367 79.5786 0
      vertex 5.37367 79.5786 1.2
      vertex 5.05295 79.5148 0
    endloop
  endfacet
  facet normal 0.195105 -0.980782 0
    outer loop
      vertex 5.05295 79.5148 1.2
      vertex 5.05295 79.5148 0
      vertex 5.37367 79.5786 1.2
    endloop
  endfacet
  facet normal 0.0654372 -0.997857 0
    outer loop
      vertex 5.7 79.6 0
      vertex 5.7 79.6 1.2
      vertex 5.37367 79.5786 0
    endloop
  endfacet
  facet normal 0.0654372 -0.997857 0
    outer loop
      vertex 5.37367 79.5786 1.2
      vertex 5.37367 79.5786 0
      vertex 5.7 79.6 1.2
    endloop
  endfacet
  facet normal -0.0654412 -0.997856 0
    outer loop
      vertex 6.02631 79.5786 0
      vertex 6.02631 79.5786 1.2
      vertex 5.7 79.6 0
    endloop
  endfacet
  facet normal -0.0654412 -0.997856 -0
    outer loop
      vertex 5.7 79.6 1.2
      vertex 5.7 79.6 0
      vertex 6.02631 79.5786 1.2
    endloop
  endfacet
  facet normal -0.195093 -0.980785 0
    outer loop
      vertex 6.34705 79.5148 0
      vertex 6.34705 79.5148 1.2
      vertex 6.02631 79.5786 0
    endloop
  endfacet
  facet normal -0.195093 -0.980785 -0
    outer loop
      vertex 6.02631 79.5786 1.2
      vertex 6.02631 79.5786 0
      vertex 6.34705 79.5148 1.2
    endloop
  endfacet
  facet normal -0.321397 -0.946944 0
    outer loop
      vertex 6.65671 79.4097 0
      vertex 6.65671 79.4097 1.2
      vertex 6.34705 79.5148 0
    endloop
  endfacet
  facet normal -0.321397 -0.946944 -0
    outer loop
      vertex 6.34705 79.5148 1.2
      vertex 6.34705 79.5148 0
      vertex 6.65671 79.4097 1.2
    endloop
  endfacet
  facet normal -0.442204 -0.896915 0
    outer loop
      vertex 6.95 79.2651 0
      vertex 6.95 79.2651 1.2
      vertex 6.65671 79.4097 0
    endloop
  endfacet
  facet normal -0.442204 -0.896915 -0
    outer loop
      vertex 6.65671 79.4097 1.2
      vertex 6.65671 79.4097 0
      vertex 6.95 79.2651 1.2
    endloop
  endfacet
  facet normal -0.555631 -0.831429 0
    outer loop
      vertex 7.22189 79.0834 0
      vertex 7.22189 79.0834 1.2
      vertex 6.95 79.2651 0
    endloop
  endfacet
  facet normal -0.555631 -0.831429 -0
    outer loop
      vertex 6.95 79.2651 1.2
      vertex 6.95 79.2651 0
      vertex 7.22189 79.0834 1.2
    endloop
  endfacet
  facet normal -0.659307 -0.751873 0
    outer loop
      vertex 7.46776 78.8678 0
      vertex 7.46776 78.8678 1.2
      vertex 7.22189 79.0834 0
    endloop
  endfacet
  facet normal -0.659307 -0.751873 -0
    outer loop
      vertex 7.22189 79.0834 1.2
      vertex 7.22189 79.0834 0
      vertex 7.46776 78.8678 1.2
    endloop
  endfacet
  facet normal -0.751883 -0.659297 0
    outer loop
      vertex 7.68338 78.6219 0
      vertex 7.68338 78.6219 1.2
      vertex 7.46776 78.8678 0
    endloop
  endfacet
  facet normal -0.751883 -0.659297 -0
    outer loop
      vertex 7.46776 78.8678 1.2
      vertex 7.46776 78.8678 0
      vertex 7.68338 78.6219 1.2
    endloop
  endfacet
  facet normal -0.831481 -0.555554 0
    outer loop
      vertex 7.86505 78.35 0
      vertex 7.86505 78.35 1.2
      vertex 7.68338 78.6219 0
    endloop
  endfacet
  facet normal -0.831481 -0.555554 -0
    outer loop
      vertex 7.68338 78.6219 1.2
      vertex 7.68338 78.6219 0
      vertex 7.86505 78.35 1.2
    endloop
  endfacet
  facet normal -0.896872 -0.44229 0
    outer loop
      vertex 8.00969 78.0567 0
      vertex 8.00969 78.0567 1.2
      vertex 7.86505 78.35 0
    endloop
  endfacet
  facet normal -0.896872 -0.44229 -0
    outer loop
      vertex 7.86505 78.35 1.2
      vertex 7.86505 78.35 0
      vertex 8.00969 78.0567 1.2
    endloop
  endfacet
  facet normal -0.946938 -0.321415 0
    outer loop
      vertex 8.11481 77.747 0
      vertex 8.11481 77.747 1.2
      vertex 8.00969 78.0567 0
    endloop
  endfacet
  facet normal -0.946938 -0.321415 -0
    outer loop
      vertex 8.00969 78.0567 1.2
      vertex 8.00969 78.0567 0
      vertex 8.11481 77.747 1.2
    endloop
  endfacet
  facet normal -0.980786 -0.195087 0
    outer loop
      vertex 8.1786 77.4263 0
      vertex 8.1786 77.4263 1.2
      vertex 8.11481 77.747 0
    endloop
  endfacet
  facet normal -0.980786 -0.195087 -0
    outer loop
      vertex 8.11481 77.747 1.2
      vertex 8.11481 77.747 0
      vertex 8.1786 77.4263 1.2
    endloop
  endfacet
  facet normal -0.997856 -0.0654432 0
    outer loop
      vertex 8.2 77.1 0
      vertex 8.2 77.1 1.2
      vertex 8.1786 77.4263 0
    endloop
  endfacet
  facet normal -0.997856 -0.0654432 -0
    outer loop
      vertex 8.1786 77.4263 1.2
      vertex 8.1786 77.4263 0
      vertex 8.2 77.1 1.2
    endloop
  endfacet
  facet normal -0.997856 0.0654432 0
    outer loop
      vertex 8.1786 76.7737 0
      vertex 8.1786 76.7737 1.2
      vertex 8.2 77.1 0
    endloop
  endfacet
  facet normal -0.997856 0.0654432 0
    outer loop
      vertex 8.2 77.1 1.2
      vertex 8.2 77.1 0
      vertex 8.1786 76.7737 1.2
    endloop
  endfacet
  facet normal -0.980798 0.195028 0
    outer loop
      vertex 8.11481 76.4529 0
      vertex 8.11481 76.4529 1.2
      vertex 8.1786 76.7737 0
    endloop
  endfacet
  facet normal -0.980798 0.195028 0
    outer loop
      vertex 8.1786 76.7737 1.2
      vertex 8.1786 76.7737 0
      vertex 8.11481 76.4529 1.2
    endloop
  endfacet
  facet normal -0.946907 0.321508 0
    outer loop
      vertex 8.00969 76.1433 0
      vertex 8.00969 76.1433 1.2
      vertex 8.11481 76.4529 0
    endloop
  endfacet
  facet normal -0.946907 0.321508 0
    outer loop
      vertex 8.11481 76.4529 1.2
      vertex 8.11481 76.4529 0
      vertex 8.00969 76.1433 1.2
    endloop
  endfacet
  facet normal -0.896872 0.44229 0
    outer loop
      vertex 7.86505 75.85 0
      vertex 7.86505 75.85 1.2
      vertex 8.00969 76.1433 0
    endloop
  endfacet
  facet normal -0.896872 0.44229 0
    outer loop
      vertex 8.00969 76.1433 1.2
      vertex 8.00969 76.1433 0
      vertex 7.86505 75.85 1.2
    endloop
  endfacet
  facet normal -0.831481 0.555554 0
    outer loop
      vertex 7.68338 75.5781 0
      vertex 7.68338 75.5781 1.2
      vertex 7.86505 75.85 0
    endloop
  endfacet
  facet normal -0.831481 0.555554 0
    outer loop
      vertex 7.86505 75.85 1.2
      vertex 7.86505 75.85 0
      vertex 7.68338 75.5781 1.2
    endloop
  endfacet
  facet normal -0.751883 0.659297 0
    outer loop
      vertex 7.46776 75.3322 0
      vertex 7.46776 75.3322 1.2
      vertex 7.68338 75.5781 0
    endloop
  endfacet
  facet normal -0.751883 0.659297 0
    outer loop
      vertex 7.68338 75.5781 1.2
      vertex 7.68338 75.5781 0
      vertex 7.46776 75.3322 1.2
    endloop
  endfacet
  facet normal -0.659307 0.751873 0
    outer loop
      vertex 7.22189 75.1166 0
      vertex 7.22189 75.1166 1.2
      vertex 7.46776 75.3322 0
    endloop
  endfacet
  facet normal -0.659307 0.751873 0
    outer loop
      vertex 7.46776 75.3322 1.2
      vertex 7.46776 75.3322 0
      vertex 7.22189 75.1166 1.2
    endloop
  endfacet
  facet normal -0.555631 0.831429 0
    outer loop
      vertex 6.95 74.9349 0
      vertex 6.95 74.9349 1.2
      vertex 7.22189 75.1166 0
    endloop
  endfacet
  facet normal -0.555631 0.831429 0
    outer loop
      vertex 7.22189 75.1166 1.2
      vertex 7.22189 75.1166 0
      vertex 6.95 74.9349 1.2
    endloop
  endfacet
  facet normal -0.442204 0.896915 0
    outer loop
      vertex 6.65671 74.7903 0
      vertex 6.65671 74.7903 1.2
      vertex 6.95 74.9349 0
    endloop
  endfacet
  facet normal -0.442204 0.896915 0
    outer loop
      vertex 6.95 74.9349 1.2
      vertex 6.95 74.9349 0
      vertex 6.65671 74.7903 1.2
    endloop
  endfacet
  facet normal -0.321397 0.946944 0
    outer loop
      vertex 6.34705 74.6852 0
      vertex 6.34705 74.6852 1.2
      vertex 6.65671 74.7903 0
    endloop
  endfacet
  facet normal -0.321397 0.946944 0
    outer loop
      vertex 6.65671 74.7903 1.2
      vertex 6.65671 74.7903 0
      vertex 6.34705 74.6852 1.2
    endloop
  endfacet
  facet normal -0.195093 0.980785 0
    outer loop
      vertex 6.02631 74.6214 0
      vertex 6.02631 74.6214 1.2
      vertex 6.34705 74.6852 0
    endloop
  endfacet
  facet normal -0.195093 0.980785 0
    outer loop
      vertex 6.34705 74.6852 1.2
      vertex 6.34705 74.6852 0
      vertex 6.02631 74.6214 1.2
    endloop
  endfacet
  facet normal -0.0654412 0.997856 0
    outer loop
      vertex 5.7 74.6 0
      vertex 5.7 74.6 1.2
      vertex 6.02631 74.6214 0
    endloop
  endfacet
  facet normal -0.0654412 0.997856 0
    outer loop
      vertex 6.02631 74.6214 1.2
      vertex 6.02631 74.6214 0
      vertex 5.7 74.6 1.2
    endloop
  endfacet
  facet normal 0.0654372 0.997857 -0
    outer loop
      vertex 5.37367 74.6214 0
      vertex 5.37367 74.6214 1.2
      vertex 5.7 74.6 0
    endloop
  endfacet
  facet normal 0.0654372 0.997857 0
    outer loop
      vertex 5.7 74.6 1.2
      vertex 5.7 74.6 0
      vertex 5.37367 74.6214 1.2
    endloop
  endfacet
  facet normal 0.442371 0.896832 -0
    outer loop
      vertex 7.5961 11.7433 0
      vertex 7.5961 11.7433 1.2
      vertex 8.29999 11.3961 0
    endloop
  endfacet
  facet normal 0.442371 0.896832 0
    outer loop
      vertex 8.29999 11.3961 1.2
      vertex 8.29999 11.3961 0
      vertex 7.5961 11.7433 1.2
    endloop
  endfacet
  facet normal 0.32137 0.946954 -0
    outer loop
      vertex 7 11.9456 0
      vertex 7 11.9456 1.2
      vertex 7.5961 11.7433 0
    endloop
  endfacet
  facet normal 0.32137 0.946954 0
    outer loop
      vertex 7.5961 11.7433 1.2
      vertex 7.5961 11.7433 0
      vertex 7 11.9456 1.2
    endloop
  endfacet
  facet normal 1 0 -0
    outer loop
      vertex 7 71.2541 0
      vertex 7 71.2541 1.2
      vertex 7 11.9456 0
    endloop
  endfacet
  facet normal 1 -0 0
    outer loop
      vertex 7 11.9456 1.2
      vertex 7 11.9456 0
      vertex 7 71.2541 1.2
    endloop
  endfacet
  facet normal 0.195072 -0.980789 0
    outer loop
      vertex 7.2529 71.3044 0
      vertex 7.2529 71.3044 1.2
      vertex 7 71.2541 0
    endloop
  endfacet
  facet normal 0.195072 -0.980789 0
    outer loop
      vertex 7 71.2541 1.2
      vertex 7 71.2541 0
      vertex 7.2529 71.3044 1.2
    endloop
  endfacet
  facet normal 0.321463 -0.946922 0
    outer loop
      vertex 7.99609 71.5567 0
      vertex 7.99609 71.5567 1.2
      vertex 7.2529 71.3044 0
    endloop
  endfacet
  facet normal 0.321463 -0.946922 0
    outer loop
      vertex 7.2529 71.3044 1.2
      vertex 7.2529 71.3044 0
      vertex 7.99609 71.5567 1.2
    endloop
  endfacet
  facet normal 0.442258 -0.896888 0
    outer loop
      vertex 8.7 71.9038 0
      vertex 8.7 71.9038 1.2
      vertex 7.99609 71.5567 0
    endloop
  endfacet
  facet normal 0.442258 -0.896888 0
    outer loop
      vertex 7.99609 71.5567 1.2
      vertex 7.99609 71.5567 0
      vertex 8.7 71.9038 1.2
    endloop
  endfacet
  facet normal 0.555641 -0.831423 0
    outer loop
      vertex 9.35255 72.3399 0
      vertex 9.35255 72.3399 1.2
      vertex 8.7 71.9038 0
    endloop
  endfacet
  facet normal 0.555641 -0.831423 0
    outer loop
      vertex 8.7 71.9038 1.2
      vertex 8.7 71.9038 0
      vertex 9.35255 72.3399 1.2
    endloop
  endfacet
  facet normal 0.659284 -0.751894 0
    outer loop
      vertex 9.94263 72.8573 0
      vertex 9.94263 72.8573 1.2
      vertex 9.35255 72.3399 0
    endloop
  endfacet
  facet normal 0.659284 -0.751894 0
    outer loop
      vertex 9.35255 72.3399 1.2
      vertex 9.35255 72.3399 0
      vertex 9.94263 72.8573 1.2
    endloop
  endfacet
  facet normal 0.751861 -0.659321 0
    outer loop
      vertex 10.4601 73.4474 0
      vertex 10.4601 73.4474 1.2
      vertex 9.94263 72.8573 0
    endloop
  endfacet
  facet normal 0.751861 -0.659321 0
    outer loop
      vertex 9.94263 72.8573 1.2
      vertex 9.94263 72.8573 0
      vertex 10.4601 73.4474 1.2
    endloop
  endfacet
  facet normal 0.831494 -0.555533 0
    outer loop
      vertex 10.8293 74 0
      vertex 10.8293 74 1.2
      vertex 10.4601 73.4474 0
    endloop
  endfacet
  facet normal 0.831494 -0.555533 0
    outer loop
      vertex 10.4601 73.4474 1.2
      vertex 10.4601 73.4474 0
      vertex 10.8293 74 1.2
    endloop
  endfacet
  facet normal 0 -1 0
    outer loop
      vertex 29 74 0
      vertex 29 74 1.2
      vertex 10.8293 74 0
    endloop
  endfacet
  facet normal 0 -1 0
    outer loop
      vertex 10.8293 74 1.2
      vertex 10.8293 74 0
      vertex 29 74 1.2
    endloop
  endfacet
  facet normal 1 0 -0
    outer loop
      vertex 29 76 0
      vertex 29 76 1.2
      vertex 29 74 0
    endloop
  endfacet
  facet normal 1 -0 0
    outer loop
      vertex 29 74 1.2
      vertex 29 74 0
      vertex 29 76 1.2
    endloop
  endfacet
  facet normal 0 -1 0
    outer loop
      vertex 131 76 0
      vertex 131 76 1.2
      vertex 29 76 0
    endloop
  endfacet
  facet normal 0 -1 0
    outer loop
      vertex 29 76 1.2
      vertex 29 76 0
      vertex 131 76 1.2
    endloop
  endfacet
  facet normal -1 0 0
    outer loop
      vertex 131 67.9934 0
      vertex 131 67.9934 1.2
      vertex 131 76 0
    endloop
  endfacet
  facet normal -1 -0 -0
    outer loop
      vertex 131 76 1.2
      vertex 131 76 0
      vertex 131 67.9934 1.2
    endloop
  endfacet
  facet normal -0.442364 0.896836 0
    outer loop
      vertex 130.6 67.7961 0
      vertex 130.6 67.7961 1.2
      vertex 131 67.9934 0
    endloop
  endfacet
  facet normal -0.442364 0.896836 0
    outer loop
      vertex 131 67.9934 1.2
      vertex 131 67.9934 0
      vertex 130.6 67.7961 1.2
    endloop
  endfacet
  facet normal -0.555288 0.831658 0
    outer loop
      vertex 129.947 67.3601 0
      vertex 129.947 67.3601 1.2
      vertex 130.6 67.7961 0
    endloop
  endfacet
  facet normal -0.555288 0.831658 0
    outer loop
      vertex 130.6 67.7961 1.2
      vertex 130.6 67.7961 0
      vertex 129.947 67.3601 1.2
    endloop
  endfacet
  facet normal -0.659406 0.751787 0
    outer loop
      vertex 129.357 66.8426 0
      vertex 129.357 66.8426 1.2
      vertex 129.947 67.3601 0
    endloop
  endfacet
  facet normal -0.659406 0.751787 0
    outer loop
      vertex 129.947 67.3601 1.2
      vertex 129.947 67.3601 0
      vertex 129.357 66.8426 1.2
    endloop
  endfacet
  facet normal -0.752103 0.659046 0
    outer loop
      vertex 128.84 66.2526 0
      vertex 128.84 66.2526 1.2
      vertex 129.357 66.8426 0
    endloop
  endfacet
  facet normal -0.752103 0.659046 0
    outer loop
      vertex 129.357 66.8426 1.2
      vertex 129.357 66.8426 0
      vertex 128.84 66.2526 1.2
    endloop
  endfacet
  facet normal -0.831501 0.555523 0
    outer loop
      vertex 128.404 65.6 0
      vertex 128.404 65.6 1.2
      vertex 128.84 66.2526 0
    endloop
  endfacet
  facet normal -0.831501 0.555523 0
    outer loop
      vertex 128.84 66.2526 1.2
      vertex 128.84 66.2526 0
      vertex 128.404 65.6 1.2
    endloop
  endfacet
  facet normal -0.896936 0.44216 0
    outer loop
      vertex 128.057 64.8961 0
      vertex 128.057 64.8961 1.2
      vertex 128.404 65.6 0
    endloop
  endfacet
  facet normal -0.896936 0.44216 0
    outer loop
      vertex 128.404 65.6 1.2
      vertex 128.404 65.6 0
      vertex 128.057 64.8961 1.2
    endloop
  endfacet
  facet normal -0.946652 0.322259 0
    outer loop
      vertex 127.804 64.1529 0
      vertex 127.804 64.1529 1.2
      vertex 128.057 64.8961 0
    endloop
  endfacet
  facet normal -0.946652 0.322259 0
    outer loop
      vertex 128.057 64.8961 1.2
      vertex 128.057 64.8961 0
      vertex 127.804 64.1529 1.2
    endloop
  endfacet
  facet normal -0.980815 0.19494 0
    outer loop
      vertex 127.651 63.3831 0
      vertex 127.651 63.3831 1.2
      vertex 127.804 64.1529 0
    endloop
  endfacet
  facet normal -0.980815 0.19494 0
    outer loop
      vertex 127.804 64.1529 1.2
      vertex 127.804 64.1529 0
      vertex 127.651 63.3831 1.2
    endloop
  endfacet
  facet normal -0.997971 0.0636664 0
    outer loop
      vertex 127.643 63.2577 0
      vertex 127.643 63.2577 1.2
      vertex 127.651 63.3831 0
    endloop
  endfacet
  facet normal -0.997971 0.0636664 0
    outer loop
      vertex 127.651 63.3831 1.2
      vertex 127.651 63.3831 0
      vertex 127.643 63.2577 1.2
    endloop
  endfacet
  facet normal -0.402428 0.915452 0
    outer loop
      vertex 8.84258 11.0336 0
      vertex 8.84258 11.0336 1.2
      vertex 127.643 63.2577 0
    endloop
  endfacet
  facet normal -0.402428 0.915452 0
    outer loop
      vertex 127.643 63.2577 1.2
      vertex 127.643 63.2577 0
      vertex 8.84258 11.0336 1.2
    endloop
  endfacet
  facet normal 0.55552 0.831503 -0
    outer loop
      vertex 8.29999 11.3961 0
      vertex 8.29999 11.3961 1.2
      vertex 8.84258 11.0336 0
    endloop
  endfacet
  facet normal 0.55552 0.831503 0
    outer loop
      vertex 8.84258 11.0336 1.2
      vertex 8.84258 11.0336 0
      vertex 8.29999 11.3961 1.2
    endloop
  endfacet
  facet normal 0.194941 0.980815 -0
    outer loop
      vertex 132.953 60.1852 0
      vertex 132.953 60.1852 1.2
      vertex 133.274 60.1214 0
    endloop
  endfacet
  facet normal 0.194941 0.980815 0
    outer loop
      vertex 133.274 60.1214 1.2
      vertex 133.274 60.1214 0
      vertex 132.953 60.1852 1.2
    endloop
  endfacet
  facet normal 0.321081 0.947052 -0
    outer loop
      vertex 132.643 60.2903 0
      vertex 132.643 60.2903 1.2
      vertex 132.953 60.1852 0
    endloop
  endfacet
  facet normal 0.321081 0.947052 0
    outer loop
      vertex 132.953 60.1852 1.2
      vertex 132.953 60.1852 0
      vertex 132.643 60.2903 1.2
    endloop
  endfacet
  facet normal 0.442556 0.896741 -0
    outer loop
      vertex 132.35 60.4349 0
      vertex 132.35 60.4349 1.2
      vertex 132.643 60.2903 0
    endloop
  endfacet
  facet normal 0.442556 0.896741 0
    outer loop
      vertex 132.643 60.2903 1.2
      vertex 132.643 60.2903 0
      vertex 132.35 60.4349 1.2
    endloop
  endfacet
  facet normal 0.555476 0.831533 -0
    outer loop
      vertex 132.078 60.6166 0
      vertex 132.078 60.6166 1.2
      vertex 132.35 60.4349 0
    endloop
  endfacet
  facet normal 0.555476 0.831533 0
    outer loop
      vertex 132.35 60.4349 1.2
      vertex 132.35 60.4349 0
      vertex 132.078 60.6166 1.2
    endloop
  endfacet
  facet normal 0.65911 0.752046 -0
    outer loop
      vertex 131.832 60.8322 0
      vertex 131.832 60.8322 1.2
      vertex 132.078 60.6166 0
    endloop
  endfacet
  facet normal 0.65911 0.752046 0
    outer loop
      vertex 132.078 60.6166 1.2
      vertex 132.078 60.6166 0
      vertex 131.832 60.8322 1.2
    endloop
  endfacet
  facet normal 0.752823 0.658223 -0
    outer loop
      vertex 131.617 61.0781 0
      vertex 131.617 61.0781 1.2
      vertex 131.832 60.8322 0
    endloop
  endfacet
  facet normal 0.752823 0.658223 0
    outer loop
      vertex 131.832 60.8322 1.2
      vertex 131.832 60.8322 0
      vertex 131.617 61.0781 1.2
    endloop
  endfacet
  facet normal 0.831014 0.556251 -0
    outer loop
      vertex 131.435 61.35 0
      vertex 131.435 61.35 1.2
      vertex 131.617 61.0781 0
    endloop
  endfacet
  facet normal 0.831014 0.556251 0
    outer loop
      vertex 131.617 61.0781 1.2
      vertex 131.617 61.0781 0
      vertex 131.435 61.35 1.2
    endloop
  endfacet
  facet normal 0.896435 0.443175 -0
    outer loop
      vertex 131.29 61.6433 0
      vertex 131.29 61.6433 1.2
      vertex 131.435 61.35 0
    endloop
  endfacet
  facet normal 0.896435 0.443175 0
    outer loop
      vertex 131.435 61.35 1.2
      vertex 131.435 61.35 0
      vertex 131.29 61.6433 1.2
    endloop
  endfacet
  facet normal 0.947019 0.321179 -0
    outer loop
      vertex 131.185 61.9529 0
      vertex 131.185 61.9529 1.2
      vertex 131.29 61.6433 0
    endloop
  endfacet
  facet normal 0.947019 0.321179 0
    outer loop
      vertex 131.29 61.6433 1.2
      vertex 131.29 61.6433 0
      vertex 131.185 61.9529 1.2
    endloop
  endfacet
  facet normal 0.980675 0.195646 -0
    outer loop
      vertex 131.121 62.2737 0
      vertex 131.121 62.2737 1.2
      vertex 131.185 61.9529 0
    endloop
  endfacet
  facet normal 0.980675 0.195646 0
    outer loop
      vertex 131.185 61.9529 1.2
      vertex 131.185 61.9529 0
      vertex 131.121 62.2737 1.2
    endloop
  endfacet
  facet normal 0.997935 0.0642251 -0
    outer loop
      vertex 131.1 62.6 0
      vertex 131.1 62.6 1.2
      vertex 131.121 62.2737 0
    endloop
  endfacet
  facet normal 0.997935 0.0642251 0
    outer loop
      vertex 131.121 62.2737 1.2
      vertex 131.121 62.2737 0
      vertex 131.1 62.6 1.2
    endloop
  endfacet
  facet normal 0.997935 -0.0642251 0
    outer loop
      vertex 131.121 62.9263 0
      vertex 131.121 62.9263 1.2
      vertex 131.1 62.6 0
    endloop
  endfacet
  facet normal 0.997935 -0.0642251 0
    outer loop
      vertex 131.1 62.6 1.2
      vertex 131.1 62.6 0
      vertex 131.121 62.9263 1.2
    endloop
  endfacet
  facet normal 0.980663 -0.195704 0
    outer loop
      vertex 131.185 63.247 0
      vertex 131.185 63.247 1.2
      vertex 131.121 62.9263 0
    endloop
  endfacet
  facet normal 0.980663 -0.195704 0
    outer loop
      vertex 131.121 62.9263 1.2
      vertex 131.121 62.9263 0
      vertex 131.185 63.247 1.2
    endloop
  endfacet
  facet normal 0.94705 -0.321086 0
    outer loop
      vertex 131.29 63.5567 0
      vertex 131.29 63.5567 1.2
      vertex 131.185 63.247 0
    endloop
  endfacet
  facet normal 0.94705 -0.321086 0
    outer loop
      vertex 131.185 63.247 1.2
      vertex 131.185 63.247 0
      vertex 131.29 63.5567 1.2
    endloop
  endfacet
  facet normal 0.896435 -0.443175 0
    outer loop
      vertex 131.435 63.85 0
      vertex 131.435 63.85 1.2
      vertex 131.29 63.5567 0
    endloop
  endfacet
  facet normal 0.896435 -0.443175 0
    outer loop
      vertex 131.29 63.5567 1.2
      vertex 131.29 63.5567 0
      vertex 131.435 63.85 1.2
    endloop
  endfacet
  facet normal 0.831014 -0.556251 0
    outer loop
      vertex 131.617 64.1219 0
      vertex 131.617 64.1219 1.2
      vertex 131.435 63.85 0
    endloop
  endfacet
  facet normal 0.831014 -0.556251 0
    outer loop
      vertex 131.435 63.85 1.2
      vertex 131.435 63.85 0
      vertex 131.617 64.1219 1.2
    endloop
  endfacet
  facet normal 0.752823 -0.658223 0
    outer loop
      vertex 131.832 64.3678 0
      vertex 131.832 64.3678 1.2
      vertex 131.617 64.1219 0
    endloop
  endfacet
  facet normal 0.752823 -0.658223 0
    outer loop
      vertex 131.617 64.1219 1.2
      vertex 131.617 64.1219 0
      vertex 131.832 64.3678 1.2
    endloop
  endfacet
  facet normal 0.65911 -0.752046 0
    outer loop
      vertex 132.078 64.5834 0
      vertex 132.078 64.5834 1.2
      vertex 131.832 64.3678 0
    endloop
  endfacet
  facet normal 0.65911 -0.752046 0
    outer loop
      vertex 131.832 64.3678 1.2
      vertex 131.832 64.3678 0
      vertex 132.078 64.5834 1.2
    endloop
  endfacet
  facet normal 0.555476 -0.831533 0
    outer loop
      vertex 132.35 64.7651 0
      vertex 132.35 64.7651 1.2
      vertex 132.078 64.5834 0
    endloop
  endfacet
  facet normal 0.555476 -0.831533 0
    outer loop
      vertex 132.078 64.5834 1.2
      vertex 132.078 64.5834 0
      vertex 132.35 64.7651 1.2
    endloop
  endfacet
  facet normal 0.442556 -0.896741 0
    outer loop
      vertex 132.643 64.9097 0
      vertex 132.643 64.9097 1.2
      vertex 132.35 64.7651 0
    endloop
  endfacet
  facet normal 0.442556 -0.896741 0
    outer loop
      vertex 132.35 64.7651 1.2
      vertex 132.35 64.7651 0
      vertex 132.643 64.9097 1.2
    endloop
  endfacet
  facet normal 0.321081 -0.947052 0
    outer loop
      vertex 132.953 65.0148 0
      vertex 132.953 65.0148 1.2
      vertex 132.643 64.9097 0
    endloop
  endfacet
  facet normal 0.321081 -0.947052 0
    outer loop
      vertex 132.643 64.9097 1.2
      vertex 132.643 64.9097 0
      vertex 132.953 65.0148 1.2
    endloop
  endfacet
  facet normal 0.194941 -0.980815 0
    outer loop
      vertex 133.274 65.0786 0
      vertex 133.274 65.0786 1.2
      vertex 132.953 65.0148 0
    endloop
  endfacet
  facet normal 0.194941 -0.980815 0
    outer loop
      vertex 132.953 65.0148 1.2
      vertex 132.953 65.0148 0
      vertex 133.274 65.0786 1.2
    endloop
  endfacet
  facet normal 0.0655032 -0.997852 0
    outer loop
      vertex 133.6 65.1 0
      vertex 133.6 65.1 1.2
      vertex 133.274 65.0786 0
    endloop
  endfacet
  facet normal 0.0655032 -0.997852 0
    outer loop
      vertex 133.274 65.0786 1.2
      vertex 133.274 65.0786 0
      vertex 133.6 65.1 1.2
    endloop
  endfacet
  facet normal -0.0655032 -0.997852 0
    outer loop
      vertex 133.926 65.0786 0
      vertex 133.926 65.0786 1.2
      vertex 133.6 65.1 0
    endloop
  endfacet
  facet normal -0.0655032 -0.997852 -0
    outer loop
      vertex 133.6 65.1 1.2
      vertex 133.6 65.1 0
      vertex 133.926 65.0786 1.2
    endloop
  endfacet
  facet normal -0.194941 -0.980815 0
    outer loop
      vertex 134.247 65.0148 0
      vertex 134.247 65.0148 1.2
      vertex 133.926 65.0786 0
    endloop
  endfacet
  facet normal -0.194941 -0.980815 -0
    outer loop
      vertex 133.926 65.0786 1.2
      vertex 133.926 65.0786 0
      vertex 134.247 65.0148 1.2
    endloop
  endfacet
  facet normal -0.321081 -0.947052 0
    outer loop
      vertex 134.557 64.9097 0
      vertex 134.557 64.9097 1.2
      vertex 134.247 65.0148 0
    endloop
  endfacet
  facet normal -0.321081 -0.947052 -0
    outer loop
      vertex 134.247 65.0148 1.2
      vertex 134.247 65.0148 0
      vertex 134.557 64.9097 1.2
    endloop
  endfacet
  facet normal -0.442556 -0.896741 0
    outer loop
      vertex 134.85 64.7651 0
      vertex 134.85 64.7651 1.2
      vertex 134.557 64.9097 0
    endloop
  endfacet
  facet normal -0.442556 -0.896741 -0
    outer loop
      vertex 134.557 64.9097 1.2
      vertex 134.557 64.9097 0
      vertex 134.85 64.7651 1.2
    endloop
  endfacet
  facet normal -0.555476 -0.831533 0
    outer loop
      vertex 135.122 64.5834 0
      vertex 135.122 64.5834 1.2
      vertex 134.85 64.7651 0
    endloop
  endfacet
  facet normal -0.555476 -0.831533 -0
    outer loop
      vertex 134.85 64.7651 1.2
      vertex 134.85 64.7651 0
      vertex 135.122 64.5834 1.2
    endloop
  endfacet
  facet normal -0.65911 -0.752046 0
    outer loop
      vertex 135.368 64.3678 0
      vertex 135.368 64.3678 1.2
      vertex 135.122 64.5834 0
    endloop
  endfacet
  facet normal -0.65911 -0.752046 -0
    outer loop
      vertex 135.122 64.5834 1.2
      vertex 135.122 64.5834 0
      vertex 135.368 64.3678 1.2
    endloop
  endfacet
  facet normal -0.752823 -0.658223 0
    outer loop
      vertex 135.583 64.1219 0
      vertex 135.583 64.1219 1.2
      vertex 135.368 64.3678 0
    endloop
  endfacet
  facet normal -0.752823 -0.658223 -0
    outer loop
      vertex 135.368 64.3678 1.2
      vertex 135.368 64.3678 0
      vertex 135.583 64.1219 1.2
    endloop
  endfacet
  facet normal -0.831014 -0.556251 0
    outer loop
      vertex 135.765 63.85 0
      vertex 135.765 63.85 1.2
      vertex 135.583 64.1219 0
    endloop
  endfacet
  facet normal -0.831014 -0.556251 -0
    outer loop
      vertex 135.583 64.1219 1.2
      vertex 135.583 64.1219 0
      vertex 135.765 63.85 1.2
    endloop
  endfacet
  facet normal -0.896435 -0.443175 0
    outer loop
      vertex 135.91 63.5567 0
      vertex 135.91 63.5567 1.2
      vertex 135.765 63.85 0
    endloop
  endfacet
  facet normal -0.896435 -0.443175 -0
    outer loop
      vertex 135.765 63.85 1.2
      vertex 135.765 63.85 0
      vertex 135.91 63.5567 1.2
    endloop
  endfacet
  facet normal -0.94705 -0.321086 0
    outer loop
      vertex 136.015 63.247 0
      vertex 136.015 63.247 1.2
      vertex 135.91 63.5567 0
    endloop
  endfacet
  facet normal -0.94705 -0.321086 -0
    outer loop
      vertex 135.91 63.5567 1.2
      vertex 135.91 63.5567 0
      vertex 136.015 63.247 1.2
    endloop
  endfacet
  facet normal -0.980663 -0.195704 0
    outer loop
      vertex 136.079 62.9263 0
      vertex 136.079 62.9263 1.2
      vertex 136.015 63.247 0
    endloop
  endfacet
  facet normal -0.980663 -0.195704 -0
    outer loop
      vertex 136.015 63.247 1.2
      vertex 136.015 63.247 0
      vertex 136.079 62.9263 1.2
    endloop
  endfacet
  facet normal -0.997935 -0.0642251 0
    outer loop
      vertex 136.1 62.6 0
      vertex 136.1 62.6 1.2
      vertex 136.079 62.9263 0
    endloop
  endfacet
  facet normal -0.997935 -0.0642251 -0
    outer loop
      vertex 136.079 62.9263 1.2
      vertex 136.079 62.9263 0
      vertex 136.1 62.6 1.2
    endloop
  endfacet
  facet normal -0.997935 0.0642251 0
    outer loop
      vertex 136.079 62.2737 0
      vertex 136.079 62.2737 1.2
      vertex 136.1 62.6 0
    endloop
  endfacet
  facet normal -0.997935 0.0642251 0
    outer loop
      vertex 136.1 62.6 1.2
      vertex 136.1 62.6 0
      vertex 136.079 62.2737 1.2
    endloop
  endfacet
  facet normal -0.980675 0.195646 0
    outer loop
      vertex 136.015 61.9529 0
      vertex 136.015 61.9529 1.2
      vertex 136.079 62.2737 0
    endloop
  endfacet
  facet normal -0.980675 0.195646 0
    outer loop
      vertex 136.079 62.2737 1.2
      vertex 136.079 62.2737 0
      vertex 136.015 61.9529 1.2
    endloop
  endfacet
  facet normal -0.947019 0.321179 0
    outer loop
      vertex 135.91 61.6433 0
      vertex 135.91 61.6433 1.2
      vertex 136.015 61.9529 0
    endloop
  endfacet
  facet normal -0.947019 0.321179 0
    outer loop
      vertex 136.015 61.9529 1.2
      vertex 136.015 61.9529 0
      vertex 135.91 61.6433 1.2
    endloop
  endfacet
  facet normal -0.896435 0.443175 0
    outer loop
      vertex 135.765 61.35 0
      vertex 135.765 61.35 1.2
      vertex 135.91 61.6433 0
    endloop
  endfacet
  facet normal -0.896435 0.443175 0
    outer loop
      vertex 135.91 61.6433 1.2
      vertex 135.91 61.6433 0
      vertex 135.765 61.35 1.2
    endloop
  endfacet
  facet normal -0.831014 0.556251 0
    outer loop
      vertex 135.583 61.0781 0
      vertex 135.583 61.0781 1.2
      vertex 135.765 61.35 0
    endloop
  endfacet
  facet normal -0.831014 0.556251 0
    outer loop
      vertex 135.765 61.35 1.2
      vertex 135.765 61.35 0
      vertex 135.583 61.0781 1.2
    endloop
  endfacet
  facet normal -0.752823 0.658223 0
    outer loop
      vertex 135.368 60.8322 0
      vertex 135.368 60.8322 1.2
      vertex 135.583 61.0781 0
    endloop
  endfacet
  facet normal -0.752823 0.658223 0
    outer loop
      vertex 135.583 61.0781 1.2
      vertex 135.583 61.0781 0
      vertex 135.368 60.8322 1.2
    endloop
  endfacet
  facet normal -0.65911 0.752046 0
    outer loop
      vertex 135.122 60.6166 0
      vertex 135.122 60.6166 1.2
      vertex 135.368 60.8322 0
    endloop
  endfacet
  facet normal -0.65911 0.752046 0
    outer loop
      vertex 135.368 60.8322 1.2
      vertex 135.368 60.8322 0
      vertex 135.122 60.6166 1.2
    endloop
  endfacet
  facet normal -0.555476 0.831533 0
    outer loop
      vertex 134.85 60.4349 0
      vertex 134.85 60.4349 1.2
      vertex 135.122 60.6166 0
    endloop
  endfacet
  facet normal -0.555476 0.831533 0
    outer loop
      vertex 135.122 60.6166 1.2
      vertex 135.122 60.6166 0
      vertex 134.85 60.4349 1.2
    endloop
  endfacet
  facet normal -0.442556 0.896741 0
    outer loop
      vertex 134.557 60.2903 0
      vertex 134.557 60.2903 1.2
      vertex 134.85 60.4349 0
    endloop
  endfacet
  facet normal -0.442556 0.896741 0
    outer loop
      vertex 134.85 60.4349 1.2
      vertex 134.85 60.4349 0
      vertex 134.557 60.2903 1.2
    endloop
  endfacet
  facet normal -0.321081 0.947052 0
    outer loop
      vertex 134.247 60.1852 0
      vertex 134.247 60.1852 1.2
      vertex 134.557 60.2903 0
    endloop
  endfacet
  facet normal -0.321081 0.947052 0
    outer loop
      vertex 134.557 60.2903 1.2
      vertex 134.557 60.2903 0
      vertex 134.247 60.1852 1.2
    endloop
  endfacet
  facet normal -0.194941 0.980815 0
    outer loop
      vertex 133.926 60.1214 0
      vertex 133.926 60.1214 1.2
      vertex 134.247 60.1852 0
    endloop
  endfacet
  facet normal -0.194941 0.980815 0
    outer loop
      vertex 134.247 60.1852 1.2
      vertex 134.247 60.1852 0
      vertex 133.926 60.1214 1.2
    endloop
  endfacet
  facet normal -0.0655032 0.997852 0
    outer loop
      vertex 133.6 60.1 0
      vertex 133.6 60.1 1.2
      vertex 133.926 60.1214 0
    endloop
  endfacet
  facet normal -0.0655032 0.997852 0
    outer loop
      vertex 133.926 60.1214 1.2
      vertex 133.926 60.1214 0
      vertex 133.6 60.1 1.2
    endloop
  endfacet
  facet normal 0.0655032 0.997852 -0
    outer loop
      vertex 133.274 60.1214 0
      vertex 133.274 60.1214 1.2
      vertex 133.6 60.1 0
    endloop
  endfacet
  facet normal 0.0655032 0.997852 0
    outer loop
      vertex 133.6 60.1 1.2
      vertex 133.6 60.1 0
      vertex 133.274 60.1214 1.2
    endloop
  endfacet
  facet normal 1 0 -0
    outer loop
      vertex 29 9 0
      vertex 29 9 1.2
      vertex 29 7 0
    endloop
  endfacet
  facet normal 1 -0 0
    outer loop
      vertex 29 7 1.2
      vertex 29 7 0
      vertex 29 9 1.2
    endloop
  endfacet
  facet normal 0 1 0
    outer loop
      vertex 19.1225 9 0
      vertex 19.1225 9 1.2
      vertex 29 9 0
    endloop
  endfacet
  facet normal 0 1 0
    outer loop
      vertex 29 9 1.2
      vertex 29 9 0
      vertex 19.1225 9 1.2
    endloop
  endfacet
  facet normal 0.402429 -0.915451 0
    outer loop
      vertex 130.057 57.7664 0
      vertex 130.057 57.7664 1.2
      vertex 19.1225 9 0
    endloop
  endfacet
  facet normal 0.402429 -0.915451 0
    outer loop
      vertex 19.1225 9 1.2
      vertex 19.1225 9 0
      vertex 130.057 57.7664 1.2
    endloop
  endfacet
  facet normal -0.555336 -0.831626 0
    outer loop
      vertex 130.6 57.4038 0
      vertex 130.6 57.4038 1.2
      vertex 130.057 57.7664 0
    endloop
  endfacet
  facet normal -0.555336 -0.831626 -0
    outer loop
      vertex 130.057 57.7664 1.2
      vertex 130.057 57.7664 0
      vertex 130.6 57.4038 1.2
    endloop
  endfacet
  facet normal -0.442184 -0.896924 0
    outer loop
      vertex 131 57.2066 0
      vertex 131 57.2066 1.2
      vertex 130.6 57.4038 0
    endloop
  endfacet
  facet normal -0.442184 -0.896924 -0
    outer loop
      vertex 130.6 57.4038 1.2
      vertex 130.6 57.4038 0
      vertex 131 57.2066 1.2
    endloop
  endfacet
  facet normal -1 0 0
    outer loop
      vertex 131 7 0
      vertex 131 7 1.2
      vertex 131 57.2066 0
    endloop
  endfacet
  facet normal -1 -0 -0
    outer loop
      vertex 131 57.2066 1.2
      vertex 131 57.2066 0
      vertex 131 7 1.2
    endloop
  endfacet
  facet normal 0 1 0
    outer loop
      vertex 110.493 7 0
      vertex 110.493 7 1.2
      vertex 131 7 0
    endloop
  endfacet
  facet normal 0 1 0
    outer loop
      vertex 131 7 1.2
      vertex 131 7 0
      vertex 110.493 7 1.2
    endloop
  endfacet
  facet normal 0.897098 0.441832 -0
    outer loop
      vertex 110.296 7.39999 0
      vertex 110.296 7.39999 1.2
      vertex 110.493 7 0
    endloop
  endfacet
  facet normal 0.897098 0.441832 0
    outer loop
      vertex 110.493 7 1.2
      vertex 110.493 7 0
      vertex 110.296 7.39999 1.2
    endloop
  endfacet
  facet normal 0.831493 0.555535 -0
    outer loop
      vertex 109.86 8.05257 0
      vertex 109.86 8.05257 1.2
      vertex 110.296 7.39999 0
    endloop
  endfacet
  facet normal 0.831493 0.555535 0
    outer loop
      vertex 110.296 7.39999 1.2
      vertex 110.296 7.39999 0
      vertex 109.86 8.05257 1.2
    endloop
  endfacet
  facet normal 0.752141 0.659002 -0
    outer loop
      vertex 109.343 8.64264 0
      vertex 109.343 8.64264 1.2
      vertex 109.86 8.05257 0
    endloop
  endfacet
  facet normal 0.752141 0.659002 0
    outer loop
      vertex 109.86 8.05257 1.2
      vertex 109.86 8.05257 0
      vertex 109.343 8.64264 1.2
    endloop
  endfacet
  facet normal 0.659385 0.751806 -0
    outer loop
      vertex 108.753 9.16011 0
      vertex 108.753 9.16011 1.2
      vertex 109.343 8.64264 0
    endloop
  endfacet
  facet normal 0.659385 0.751806 0
    outer loop
      vertex 109.343 8.64264 1.2
      vertex 109.343 8.64264 0
      vertex 108.753 9.16011 1.2
    endloop
  endfacet
  facet normal 0.555323 0.831635 -0
    outer loop
      vertex 108.1 9.59615 0
      vertex 108.1 9.59615 1.2
      vertex 108.753 9.16011 0
    endloop
  endfacet
  facet normal 0.555323 0.831635 0
    outer loop
      vertex 108.753 9.16011 1.2
      vertex 108.753 9.16011 0
      vertex 108.1 9.59615 1.2
    endloop
  endfacet
  facet normal 0.442233 0.8969 -0
    outer loop
      vertex 107.396 9.94327 0
      vertex 107.396 9.94327 1.2
      vertex 108.1 9.59615 0
    endloop
  endfacet
  facet normal 0.442233 0.8969 0
    outer loop
      vertex 108.1 9.59615 1.2
      vertex 108.1 9.59615 0
      vertex 107.396 9.94327 1.2
    endloop
  endfacet
  facet normal 0.321457 0.946924 -0
    outer loop
      vertex 106.653 10.1955 0
      vertex 106.653 10.1955 1.2
      vertex 107.396 9.94327 0
    endloop
  endfacet
  facet normal 0.321457 0.946924 0
    outer loop
      vertex 107.396 9.94327 1.2
      vertex 107.396 9.94327 0
      vertex 106.653 10.1955 1.2
    endloop
  endfacet
  facet normal 0.195136 0.980776 -0
    outer loop
      vertex 105.883 10.3487 0
      vertex 105.883 10.3487 1.2
      vertex 106.653 10.1955 0
    endloop
  endfacet
  facet normal 0.195136 0.980776 0
    outer loop
      vertex 106.653 10.1955 1.2
      vertex 106.653 10.1955 0
      vertex 105.883 10.3487 1.2
    endloop
  endfacet
  facet normal 0.0653771 0.997861 -0
    outer loop
      vertex 105.1 10.4 0
      vertex 105.1 10.4 1.2
      vertex 105.883 10.3487 0
    endloop
  endfacet
  facet normal 0.0653771 0.997861 0
    outer loop
      vertex 105.883 10.3487 1.2
      vertex 105.883 10.3487 0
      vertex 105.1 10.4 1.2
    endloop
  endfacet
  facet normal -0.0653771 0.997861 0
    outer loop
      vertex 104.317 10.3487 0
      vertex 104.317 10.3487 1.2
      vertex 105.1 10.4 0
    endloop
  endfacet
  facet normal -0.0653771 0.997861 0
    outer loop
      vertex 105.1 10.4 1.2
      vertex 105.1 10.4 0
      vertex 104.317 10.3487 1.2
    endloop
  endfacet
  facet normal -0.195136 0.980776 0
    outer loop
      vertex 103.547 10.1955 0
      vertex 103.547 10.1955 1.2
      vertex 104.317 10.3487 0
    endloop
  endfacet
  facet normal -0.195136 0.980776 0
    outer loop
      vertex 104.317 10.3487 1.2
      vertex 104.317 10.3487 0
      vertex 103.547 10.1955 1.2
    endloop
  endfacet
  facet normal -0.321457 0.946924 0
    outer loop
      vertex 102.804 9.94327 0
      vertex 102.804 9.94327 1.2
      vertex 103.547 10.1955 0
    endloop
  endfacet
  facet normal -0.321457 0.946924 0
    outer loop
      vertex 103.547 10.1955 1.2
      vertex 103.547 10.1955 0
      vertex 102.804 9.94327 1.2
    endloop
  endfacet
  facet normal -0.442233 0.8969 0
    outer loop
      vertex 102.1 9.59615 0
      vertex 102.1 9.59615 1.2
      vertex 102.804 9.94327 0
    endloop
  endfacet
  facet normal -0.442233 0.8969 0
    outer loop
      vertex 102.804 9.94327 1.2
      vertex 102.804 9.94327 0
      vertex 102.1 9.59615 1.2
    endloop
  endfacet
  facet normal -0.555323 0.831635 0
    outer loop
      vertex 101.447 9.16011 0
      vertex 101.447 9.16011 1.2
      vertex 102.1 9.59615 0
    endloop
  endfacet
  facet normal -0.555323 0.831635 0
    outer loop
      vertex 102.1 9.59615 1.2
      vertex 102.1 9.59615 0
      vertex 101.447 9.16011 1.2
    endloop
  endfacet
  facet normal -0.659385 0.751806 0
    outer loop
      vertex 100.857 8.64264 0
      vertex 100.857 8.64264 1.2
      vertex 101.447 9.16011 0
    endloop
  endfacet
  facet normal -0.659385 0.751806 0
    outer loop
      vertex 101.447 9.16011 1.2
      vertex 101.447 9.16011 0
      vertex 100.857 8.64264 1.2
    endloop
  endfacet
  facet normal -0.752141 0.659002 0
    outer loop
      vertex 100.34 8.05257 0
      vertex 100.34 8.05257 1.2
      vertex 100.857 8.64264 0
    endloop
  endfacet
  facet normal -0.752141 0.659002 0
    outer loop
      vertex 100.857 8.64264 1.2
      vertex 100.857 8.64264 0
      vertex 100.34 8.05257 1.2
    endloop
  endfacet
  facet normal -0.831375 0.555711 0
    outer loop
      vertex 99.9038 7.39999 0
      vertex 99.9038 7.39999 1.2
      vertex 100.34 8.05257 0
    endloop
  endfacet
  facet normal -0.831375 0.555711 0
    outer loop
      vertex 100.34 8.05257 1.2
      vertex 100.34 8.05257 0
      vertex 99.9038 7.39999 1.2
    endloop
  endfacet
  facet normal -0.89692 0.442193 0
    outer loop
      vertex 99.7066 7 0
      vertex 99.7066 7 1.2
      vertex 99.9038 7.39999 0
    endloop
  endfacet
  facet normal -0.89692 0.442193 0
    outer loop
      vertex 99.9038 7.39999 1.2
      vertex 99.9038 7.39999 0
      vertex 99.7066 7 1.2
    endloop
  endfacet
  facet normal 0 1 0
    outer loop
      vertex 29 7 0
      vertex 29 7 1.2
      vertex 99.7066 7 0
    endloop
  endfacet
  facet normal 0 1 0
    outer loop
      vertex 99.7066 7 1.2
      vertex 99.7066 7 0
      vertex 29 7 1.2
    endloop
  endfacet
  facet normal 0.195093 0.980785 -0
    outer loop
      vertex 4.65294 3.78517 0
      vertex 4.65294 3.78517 1.2
      vertex 4.97368 3.72137 0
    endloop
  endfacet
  facet normal 0.195093 0.980785 0
    outer loop
      vertex 4.97368 3.72137 1.2
      vertex 4.97368 3.72137 0
      vertex 4.65294 3.78517 1.2
    endloop
  endfacet
  facet normal 0.321452 0.946926 -0
    outer loop
      vertex 4.34328 3.89029 0
      vertex 4.34328 3.89029 1.2
      vertex 4.65294 3.78517 0
    endloop
  endfacet
  facet normal 0.321452 0.946926 0
    outer loop
      vertex 4.65294 3.78517 1.2
      vertex 4.65294 3.78517 0
      vertex 4.34328 3.89029 1.2
    endloop
  endfacet
  facet normal 0.442302 0.896866 -0
    outer loop
      vertex 4.04999 4.03493 0
      vertex 4.04999 4.03493 1.2
      vertex 4.34328 3.89029 0
    endloop
  endfacet
  facet normal 0.442302 0.896866 0
    outer loop
      vertex 4.34328 3.89029 1.2
      vertex 4.34328 3.89029 0
      vertex 4.04999 4.03493 1.2
    endloop
  endfacet
  facet normal 0.555575 0.831466 -0
    outer loop
      vertex 3.77809 4.21661 0
      vertex 3.77809 4.21661 1.2
      vertex 4.04999 4.03493 0
    endloop
  endfacet
  facet normal 0.555575 0.831466 0
    outer loop
      vertex 4.04999 4.03493 1.2
      vertex 4.04999 4.03493 0
      vertex 3.77809 4.21661 1.2
    endloop
  endfacet
  facet normal 0.65934 0.751845 -0
    outer loop
      vertex 3.53223 4.43222 0
      vertex 3.53223 4.43222 1.2
      vertex 3.77809 4.21661 0
    endloop
  endfacet
  facet normal 0.65934 0.751845 0
    outer loop
      vertex 3.77809 4.21661 1.2
      vertex 3.77809 4.21661 0
      vertex 3.53223 4.43222 1.2
    endloop
  endfacet
  facet normal 0.751828 0.659359 -0
    outer loop
      vertex 3.3166 4.67809 0
      vertex 3.3166 4.67809 1.2
      vertex 3.53223 4.43222 0
    endloop
  endfacet
  facet normal 0.751828 0.659359 0
    outer loop
      vertex 3.53223 4.43222 1.2
      vertex 3.53223 4.43222 0
      vertex 3.3166 4.67809 1.2
    endloop
  endfacet
  facet normal 0.83149 0.55554 -0
    outer loop
      vertex 3.13493 4.95 0
      vertex 3.13493 4.95 1.2
      vertex 3.3166 4.67809 0
    endloop
  endfacet
  facet normal 0.83149 0.55554 0
    outer loop
      vertex 3.3166 4.67809 1.2
      vertex 3.3166 4.67809 0
      vertex 3.13493 4.95 1.2
    endloop
  endfacet
  facet normal 0.896878 0.442277 -0
    outer loop
      vertex 2.9903 5.24329 0
      vertex 2.9903 5.24329 1.2
      vertex 3.13493 4.95 0
    endloop
  endfacet
  facet normal 0.896878 0.442277 0
    outer loop
      vertex 3.13493 4.95 1.2
      vertex 3.13493 4.95 0
      vertex 2.9903 5.24329 1.2
    endloop
  endfacet
  facet normal 0.946926 0.321452 -0
    outer loop
      vertex 2.88518 5.55295 0
      vertex 2.88518 5.55295 1.2
      vertex 2.9903 5.24329 0
    endloop
  endfacet
  facet normal 0.946926 0.321452 0
    outer loop
      vertex 2.9903 5.24329 1.2
      vertex 2.9903 5.24329 0
      vertex 2.88518 5.55295 1.2
    endloop
  endfacet
  facet normal 0.980782 0.195105 -0
    outer loop
      vertex 2.82138 5.87367 0
      vertex 2.82138 5.87367 1.2
      vertex 2.88518 5.55295 0
    endloop
  endfacet
  facet normal 0.980782 0.195105 0
    outer loop
      vertex 2.88518 5.55295 1.2
      vertex 2.88518 5.55295 0
      vertex 2.82138 5.87367 1.2
    endloop
  endfacet
  facet normal 0.997859 0.0654068 -0
    outer loop
      vertex 2.79999 6.2 0
      vertex 2.79999 6.2 1.2
      vertex 2.82138 5.87367 0
    endloop
  endfacet
  facet normal 0.997859 0.0654068 0
    outer loop
      vertex 2.82138 5.87367 1.2
      vertex 2.82138 5.87367 0
      vertex 2.79999 6.2 1.2
    endloop
  endfacet
  facet normal 0.997858 -0.0654108 0
    outer loop
      vertex 2.82138 6.52631 0
      vertex 2.82138 6.52631 1.2
      vertex 2.79999 6.2 0
    endloop
  endfacet
  facet normal 0.997858 -0.0654108 0
    outer loop
      vertex 2.79999 6.2 1.2
      vertex 2.79999 6.2 0
      vertex 2.82138 6.52631 1.2
    endloop
  endfacet
  facet normal 0.980785 -0.195093 0
    outer loop
      vertex 2.88518 6.84705 0
      vertex 2.88518 6.84705 1.2
      vertex 2.82138 6.52631 0
    endloop
  endfacet
  facet normal 0.980785 -0.195093 0
    outer loop
      vertex 2.82138 6.52631 1.2
      vertex 2.82138 6.52631 0
      vertex 2.88518 6.84705 1.2
    endloop
  endfacet
  facet normal 0.946926 -0.321452 0
    outer loop
      vertex 2.9903 7.15671 0
      vertex 2.9903 7.15671 1.2
      vertex 2.88518 6.84705 0
    endloop
  endfacet
  facet normal 0.946926 -0.321452 0
    outer loop
      vertex 2.88518 6.84705 1.2
      vertex 2.88518 6.84705 0
      vertex 2.9903 7.15671 1.2
    endloop
  endfacet
  facet normal 0.896878 -0.442277 0
    outer loop
      vertex 3.13493 7.45 0
      vertex 3.13493 7.45 1.2
      vertex 2.9903 7.15671 0
    endloop
  endfacet
  facet normal 0.896878 -0.442277 0
    outer loop
      vertex 2.9903 7.15671 1.2
      vertex 2.9903 7.15671 0
      vertex 3.13493 7.45 1.2
    endloop
  endfacet
  facet normal 0.831471 -0.555568 0
    outer loop
      vertex 3.3166 7.72189 0
      vertex 3.3166 7.72189 1.2
      vertex 3.13493 7.45 0
    endloop
  endfacet
  facet normal 0.831471 -0.555568 0
    outer loop
      vertex 3.13493 7.45 1.2
      vertex 3.13493 7.45 0
      vertex 3.3166 7.72189 1.2
    endloop
  endfacet
  facet normal 0.751828 -0.659359 0
    outer loop
      vertex 3.53223 7.96776 0
      vertex 3.53223 7.96776 1.2
      vertex 3.3166 7.72189 0
    endloop
  endfacet
  facet normal 0.751828 -0.659359 0
    outer loop
      vertex 3.3166 7.72189 1.2
      vertex 3.3166 7.72189 0
      vertex 3.53223 7.96776 1.2
    endloop
  endfacet
  facet normal 0.659357 -0.75183 0
    outer loop
      vertex 3.77809 8.18338 0
      vertex 3.77809 8.18338 1.2
      vertex 3.53223 7.96776 0
    endloop
  endfacet
  facet normal 0.659357 -0.75183 0
    outer loop
      vertex 3.53223 7.96776 1.2
      vertex 3.53223 7.96776 0
      vertex 3.77809 8.18338 1.2
    endloop
  endfacet
  facet normal 0.555554 -0.831481 0
    outer loop
      vertex 4.04999 8.36505 0
      vertex 4.04999 8.36505 1.2
      vertex 3.77809 8.18338 0
    endloop
  endfacet
  facet normal 0.555554 -0.831481 0
    outer loop
      vertex 3.77809 8.18338 1.2
      vertex 3.77809 8.18338 0
      vertex 4.04999 8.36505 1.2
    endloop
  endfacet
  facet normal 0.442302 -0.896866 0
    outer loop
      vertex 4.34328 8.50969 0
      vertex 4.34328 8.50969 1.2
      vertex 4.04999 8.36505 0
    endloop
  endfacet
  facet normal 0.442302 -0.896866 0
    outer loop
      vertex 4.04999 8.36505 1.2
      vertex 4.04999 8.36505 0
      vertex 4.34328 8.50969 1.2
    endloop
  endfacet
  facet normal 0.321452 -0.946926 0
    outer loop
      vertex 4.65294 8.61481 0
      vertex 4.65294 8.61481 1.2
      vertex 4.34328 8.50969 0
    endloop
  endfacet
  facet normal 0.321452 -0.946926 0
    outer loop
      vertex 4.34328 8.50969 1.2
      vertex 4.34328 8.50969 0
      vertex 4.65294 8.61481 1.2
    endloop
  endfacet
  facet normal 0.195063 -0.980791 0
    outer loop
      vertex 4.97368 8.6786 0
      vertex 4.97368 8.6786 1.2
      vertex 4.65294 8.61481 0
    endloop
  endfacet
  facet normal 0.195063 -0.980791 0
    outer loop
      vertex 4.65294 8.61481 1.2
      vertex 4.65294 8.61481 0
      vertex 4.97368 8.6786 1.2
    endloop
  endfacet
  facet normal 0.0654412 -0.997856 0
    outer loop
      vertex 5.29999 8.7 0
      vertex 5.29999 8.7 1.2
      vertex 4.97368 8.6786 0
    endloop
  endfacet
  facet normal 0.0654412 -0.997856 0
    outer loop
      vertex 4.97368 8.6786 1.2
      vertex 4.97368 8.6786 0
      vertex 5.29999 8.7 1.2
    endloop
  endfacet
  facet normal -0.0654392 -0.997857 0
    outer loop
      vertex 5.62631 8.6786 0
      vertex 5.62631 8.6786 1.2
      vertex 5.29999 8.7 0
    endloop
  endfacet
  facet normal -0.0654392 -0.997857 -0
    outer loop
      vertex 5.29999 8.7 1.2
      vertex 5.29999 8.7 0
      vertex 5.62631 8.6786 1.2
    endloop
  endfacet
  facet normal -0.195069 -0.980789 0
    outer loop
      vertex 5.94704 8.61481 0
      vertex 5.94704 8.61481 1.2
      vertex 5.62631 8.6786 0
    endloop
  endfacet
  facet normal -0.195069 -0.980789 -0
    outer loop
      vertex 5.62631 8.6786 1.2
      vertex 5.62631 8.6786 0
      vertex 5.94704 8.61481 1.2
    endloop
  endfacet
  facet normal -0.321452 -0.946926 0
    outer loop
      vertex 6.2567 8.50969 0
      vertex 6.2567 8.50969 1.2
      vertex 5.94704 8.61481 0
    endloop
  endfacet
  facet normal -0.321452 -0.946926 -0
    outer loop
      vertex 5.94704 8.61481 1.2
      vertex 5.94704 8.61481 0
      vertex 6.2567 8.50969 1.2
    endloop
  endfacet
  facet normal -0.442302 -0.896866 0
    outer loop
      vertex 6.54999 8.36505 0
      vertex 6.54999 8.36505 1.2
      vertex 6.2567 8.50969 0
    endloop
  endfacet
  facet normal -0.442302 -0.896866 -0
    outer loop
      vertex 6.2567 8.50969 1.2
      vertex 6.2567 8.50969 0
      vertex 6.54999 8.36505 1.2
    endloop
  endfacet
  facet normal -0.55554 -0.83149 0
    outer loop
      vertex 6.8219 8.18338 0
      vertex 6.8219 8.18338 1.2
      vertex 6.54999 8.36505 0
    endloop
  endfacet
  facet normal -0.55554 -0.83149 -0
    outer loop
      vertex 6.54999 8.36505 1.2
      vertex 6.54999 8.36505 0
      vertex 6.8219 8.18338 1.2
    endloop
  endfacet
  facet normal -0.659357 -0.75183 0
    outer loop
      vertex 7.06776 7.96776 0
      vertex 7.06776 7.96776 1.2
      vertex 6.8219 8.18338 0
    endloop
  endfacet
  facet normal -0.659357 -0.75183 -0
    outer loop
      vertex 6.8219 8.18338 1.2
      vertex 6.8219 8.18338 0
      vertex 7.06776 7.96776 1.2
    endloop
  endfacet
  facet normal -0.751858 -0.659325 0
    outer loop
      vertex 7.28337 7.72189 0
      vertex 7.28337 7.72189 1.2
      vertex 7.06776 7.96776 0
    endloop
  endfacet
  facet normal -0.751858 -0.659325 -0
    outer loop
      vertex 7.06776 7.96776 1.2
      vertex 7.06776 7.96776 0
      vertex 7.28337 7.72189 1.2
    endloop
  endfacet
  facet normal -0.831443 -0.55561 0
    outer loop
      vertex 7.46506 7.45 0
      vertex 7.46506 7.45 1.2
      vertex 7.28337 7.72189 0
    endloop
  endfacet
  facet normal -0.831443 -0.55561 -0
    outer loop
      vertex 7.28337 7.72189 1.2
      vertex 7.28337 7.72189 0
      vertex 7.46506 7.45 1.2
    endloop
  endfacet
  facet normal -0.896866 -0.442302 0
    outer loop
      vertex 7.6097 7.15671 0
      vertex 7.6097 7.15671 1.2
      vertex 7.46506 7.45 0
    endloop
  endfacet
  facet normal -0.896866 -0.442302 -0
    outer loop
      vertex 7.46506 7.45 1.2
      vertex 7.46506 7.45 0
      vertex 7.6097 7.15671 1.2
    endloop
  endfacet
  facet normal -0.946935 -0.321425 0
    outer loop
      vertex 7.71481 6.84705 0
      vertex 7.71481 6.84705 1.2
      vertex 7.6097 7.15671 0
    endloop
  endfacet
  facet normal -0.946935 -0.321425 -0
    outer loop
      vertex 7.6097 7.15671 1.2
      vertex 7.6097 7.15671 0
      vertex 7.71481 6.84705 1.2
    endloop
  endfacet
  facet normal -0.980785 -0.195093 0
    outer loop
      vertex 7.77861 6.52631 0
      vertex 7.77861 6.52631 1.2
      vertex 7.71481 6.84705 0
    endloop
  endfacet
  facet normal -0.980785 -0.195093 -0
    outer loop
      vertex 7.71481 6.84705 1.2
      vertex 7.71481 6.84705 0
      vertex 7.77861 6.52631 1.2
    endloop
  endfacet
  facet normal -0.99786 -0.0653803 0
    outer loop
      vertex 7.79999 6.2 0
      vertex 7.79999 6.2 1.2
      vertex 7.77861 6.52631 0
    endloop
  endfacet
  facet normal -0.99786 -0.0653803 -0
    outer loop
      vertex 7.77861 6.52631 1.2
      vertex 7.77861 6.52631 0
      vertex 7.79999 6.2 1.2
    endloop
  endfacet
  facet normal -0.997861 0.0653763 0
    outer loop
      vertex 7.77861 5.87367 0
      vertex 7.77861 5.87367 1.2
      vertex 7.79999 6.2 0
    endloop
  endfacet
  facet normal -0.997861 0.0653763 0
    outer loop
      vertex 7.79999 6.2 1.2
      vertex 7.79999 6.2 0
      vertex 7.77861 5.87367 1.2
    endloop
  endfacet
  facet normal -0.980782 0.195105 0
    outer loop
      vertex 7.71481 5.55295 0
      vertex 7.71481 5.55295 1.2
      vertex 7.77861 5.87367 0
    endloop
  endfacet
  facet normal -0.980782 0.195105 0
    outer loop
      vertex 7.77861 5.87367 1.2
      vertex 7.77861 5.87367 0
      vertex 7.71481 5.55295 1.2
    endloop
  endfacet
  facet normal -0.946935 0.321425 0
    outer loop
      vertex 7.6097 5.24329 0
      vertex 7.6097 5.24329 1.2
      vertex 7.71481 5.55295 0
    endloop
  endfacet
  facet normal -0.946935 0.321425 0
    outer loop
      vertex 7.71481 5.55295 1.2
      vertex 7.71481 5.55295 0
      vertex 7.6097 5.24329 1.2
    endloop
  endfacet
  facet normal -0.896866 0.442302 0
    outer loop
      vertex 7.46506 4.95 0
      vertex 7.46506 4.95 1.2
      vertex 7.6097 5.24329 0
    endloop
  endfacet
  facet normal -0.896866 0.442302 0
    outer loop
      vertex 7.6097 5.24329 1.2
      vertex 7.6097 5.24329 0
      vertex 7.46506 4.95 1.2
    endloop
  endfacet
  facet normal -0.831462 0.555582 0
    outer loop
      vertex 7.28337 4.67809 0
      vertex 7.28337 4.67809 1.2
      vertex 7.46506 4.95 0
    endloop
  endfacet
  facet normal -0.831462 0.555582 0
    outer loop
      vertex 7.46506 4.95 1.2
      vertex 7.46506 4.95 0
      vertex 7.28337 4.67809 1.2
    endloop
  endfacet
  facet normal -0.751858 0.659325 0
    outer loop
      vertex 7.06776 4.43222 0
      vertex 7.06776 4.43222 1.2
      vertex 7.28337 4.67809 0
    endloop
  endfacet
  facet normal -0.751858 0.659325 0
    outer loop
      vertex 7.28337 4.67809 1.2
      vertex 7.28337 4.67809 0
      vertex 7.06776 4.43222 1.2
    endloop
  endfacet
  facet normal -0.65934 0.751845 0
    outer loop
      vertex 6.8219 4.21661 0
      vertex 6.8219 4.21661 1.2
      vertex 7.06776 4.43222 0
    endloop
  endfacet
  facet normal -0.65934 0.751845 0
    outer loop
      vertex 7.06776 4.43222 1.2
      vertex 7.06776 4.43222 0
      vertex 6.8219 4.21661 1.2
    endloop
  endfacet
  facet normal -0.555561 0.831476 0
    outer loop
      vertex 6.54999 4.03493 0
      vertex 6.54999 4.03493 1.2
      vertex 6.8219 4.21661 0
    endloop
  endfacet
  facet normal -0.555561 0.831476 0
    outer loop
      vertex 6.8219 4.21661 1.2
      vertex 6.8219 4.21661 0
      vertex 6.54999 4.03493 1.2
    endloop
  endfacet
  facet normal -0.442302 0.896866 0
    outer loop
      vertex 6.2567 3.89029 0
      vertex 6.2567 3.89029 1.2
      vertex 6.54999 4.03493 0
    endloop
  endfacet
  facet normal -0.442302 0.896866 0
    outer loop
      vertex 6.54999 4.03493 1.2
      vertex 6.54999 4.03493 0
      vertex 6.2567 3.89029 1.2
    endloop
  endfacet
  facet normal -0.321452 0.946926 0
    outer loop
      vertex 5.94704 3.78517 0
      vertex 5.94704 3.78517 1.2
      vertex 6.2567 3.89029 0
    endloop
  endfacet
  facet normal -0.321452 0.946926 0
    outer loop
      vertex 6.2567 3.89029 1.2
      vertex 6.2567 3.89029 0
      vertex 5.94704 3.78517 1.2
    endloop
  endfacet
  facet normal -0.195099 0.980784 0
    outer loop
      vertex 5.62631 3.72137 0
      vertex 5.62631 3.72137 1.2
      vertex 5.94704 3.78517 0
    endloop
  endfacet
  facet normal -0.195099 0.980784 0
    outer loop
      vertex 5.94704 3.78517 1.2
      vertex 5.94704 3.78517 0
      vertex 5.62631 3.72137 1.2
    endloop
  endfacet
  facet normal -0.0653479 0.997863 0
    outer loop
      vertex 5.29999 3.7 0
      vertex 5.29999 3.7 1.2
      vertex 5.62631 3.72137 0
    endloop
  endfacet
  facet normal -0.0653479 0.997863 0
    outer loop
      vertex 5.62631 3.72137 1.2
      vertex 5.62631 3.72137 0
      vertex 5.29999 3.7 1.2
    endloop
  endfacet
  facet normal 0.0653499 0.997862 -0
    outer loop
      vertex 4.97368 3.72137 0
      vertex 4.97368 3.72137 1.2
      vertex 5.29999 3.7 0
    endloop
  endfacet
  facet normal 0.0653499 0.997862 0
    outer loop
      vertex 5.29999 3.7 1.2
      vertex 5.29999 3.7 0
      vertex 4.97368 3.72137 1.2
    endloop
  endfacet
  facet normal 0.194911 0.980821 -0
    outer loop
      vertex 104.453 1.98518 0
      vertex 104.453 1.98518 1.2
      vertex 104.774 1.92139 0
    endloop
  endfacet
  facet normal 0.194911 0.980821 0
    outer loop
      vertex 104.774 1.92139 1.2
      vertex 104.774 1.92139 0
      vertex 104.453 1.98518 1.2
    endloop
  endfacet
  facet normal 0.321108 0.947042 -0
    outer loop
      vertex 104.143 2.09029 0
      vertex 104.143 2.09029 1.2
      vertex 104.453 1.98518 0
    endloop
  endfacet
  facet normal 0.321108 0.947042 0
    outer loop
      vertex 104.453 1.98518 1.2
      vertex 104.453 1.98518 0
      vertex 104.143 2.09029 1.2
    endloop
  endfacet
  facet normal 0.442629 0.896705 -0
    outer loop
      vertex 103.85 2.23492 0
      vertex 103.85 2.23492 1.2
      vertex 104.143 2.09029 0
    endloop
  endfacet
  facet normal 0.442629 0.896705 0
    outer loop
      vertex 104.143 2.09029 1.2
      vertex 104.143 2.09029 0
      vertex 103.85 2.23492 1.2
    endloop
  endfacet
  facet normal 0.555455 0.831547 -0
    outer loop
      vertex 103.578 2.41661 0
      vertex 103.578 2.41661 1.2
      vertex 103.85 2.23492 0
    endloop
  endfacet
  facet normal 0.555455 0.831547 0
    outer loop
      vertex 103.85 2.23492 1.2
      vertex 103.85 2.23492 0
      vertex 103.578 2.41661 1.2
    endloop
  endfacet
  facet normal 0.659145 0.752016 -0
    outer loop
      vertex 103.332 2.63223 0
      vertex 103.332 2.63223 1.2
      vertex 103.578 2.41661 0
    endloop
  endfacet
  facet normal 0.659145 0.752016 0
    outer loop
      vertex 103.578 2.41661 1.2
      vertex 103.578 2.41661 0
      vertex 103.332 2.63223 1.2
    endloop
  endfacet
  facet normal 0.752757 0.658299 -0
    outer loop
      vertex 103.117 2.87808 0
      vertex 103.117 2.87808 1.2
      vertex 103.332 2.63223 0
    endloop
  endfacet
  facet normal 0.752757 0.658299 0
    outer loop
      vertex 103.332 2.63223 1.2
      vertex 103.332 2.63223 0
      vertex 103.117 2.87808 1.2
    endloop
  endfacet
  facet normal 0.831024 0.556237 -0
    outer loop
      vertex 102.935 3.14999 0
      vertex 102.935 3.14999 1.2
      vertex 103.117 2.87808 0
    endloop
  endfacet
  facet normal 0.831024 0.556237 0
    outer loop
      vertex 103.117 2.87808 1.2
      vertex 103.117 2.87808 0
      vertex 102.935 3.14999 1.2
    endloop
  endfacet
  facet normal 0.896429 0.443187 -0
    outer loop
      vertex 102.79 3.44328 0
      vertex 102.79 3.44328 1.2
      vertex 102.935 3.14999 0
    endloop
  endfacet
  facet normal 0.896429 0.443187 0
    outer loop
      vertex 102.935 3.14999 1.2
      vertex 102.935 3.14999 0
      vertex 102.79 3.44328 1.2
    endloop
  endfacet
  facet normal 0.947038 0.321123 -0
    outer loop
      vertex 102.685 3.75294 0
      vertex 102.685 3.75294 1.2
      vertex 102.79 3.44328 0
    endloop
  endfacet
  facet normal 0.947038 0.321123 0
    outer loop
      vertex 102.79 3.44328 1.2
      vertex 102.79 3.44328 0
      vertex 102.685 3.75294 1.2
    endloop
  endfacet
  facet normal 0.980666 0.195687 -0
    outer loop
      vertex 102.621 4.07367 0
      vertex 102.621 4.07367 1.2
      vertex 102.685 3.75294 0
    endloop
  endfacet
  facet normal 0.980666 0.195687 0
    outer loop
      vertex 102.685 3.75294 1.2
      vertex 102.685 3.75294 0
      vertex 102.621 4.07367 1.2
    endloop
  endfacet
  facet normal 0.997936 0.0642212 -0
    outer loop
      vertex 102.6 4.39999 0
      vertex 102.6 4.39999 1.2
      vertex 102.621 4.07367 0
    endloop
  endfacet
  facet normal 0.997936 0.0642212 0
    outer loop
      vertex 102.621 4.07367 1.2
      vertex 102.621 4.07367 0
      vertex 102.6 4.39999 1.2
    endloop
  endfacet
  facet normal 0.997936 -0.0642231 0
    outer loop
      vertex 102.621 4.7263 0
      vertex 102.621 4.7263 1.2
      vertex 102.6 4.39999 0
    endloop
  endfacet
  facet normal 0.997936 -0.0642231 0
    outer loop
      vertex 102.6 4.39999 1.2
      vertex 102.6 4.39999 0
      vertex 102.621 4.7263 1.2
    endloop
  endfacet
  facet normal 0.980668 -0.195681 0
    outer loop
      vertex 102.685 5.04704 0
      vertex 102.685 5.04704 1.2
      vertex 102.621 4.7263 0
    endloop
  endfacet
  facet normal 0.980668 -0.195681 0
    outer loop
      vertex 102.621 4.7263 1.2
      vertex 102.621 4.7263 0
      vertex 102.685 5.04704 1.2
    endloop
  endfacet
  facet normal 0.947038 -0.321123 0
    outer loop
      vertex 102.79 5.3567 0
      vertex 102.79 5.3567 1.2
      vertex 102.685 5.04704 0
    endloop
  endfacet
  facet normal 0.947038 -0.321123 0
    outer loop
      vertex 102.685 5.04704 1.2
      vertex 102.685 5.04704 0
      vertex 102.79 5.3567 1.2
    endloop
  endfacet
  facet normal 0.896429 -0.443187 0
    outer loop
      vertex 102.935 5.64999 0
      vertex 102.935 5.64999 1.2
      vertex 102.79 5.3567 0
    endloop
  endfacet
  facet normal 0.896429 -0.443187 0
    outer loop
      vertex 102.79 5.3567 1.2
      vertex 102.79 5.3567 0
      vertex 102.935 5.64999 1.2
    endloop
  endfacet
  facet normal 0.831014 -0.556251 0
    outer loop
      vertex 103.117 5.92189 0
      vertex 103.117 5.92189 1.2
      vertex 102.935 5.64999 0
    endloop
  endfacet
  facet normal 0.831014 -0.556251 0
    outer loop
      vertex 102.935 5.64999 1.2
      vertex 102.935 5.64999 0
      vertex 103.117 5.92189 1.2
    endloop
  endfacet
  facet normal 0.752783 -0.658268 0
    outer loop
      vertex 103.332 6.16776 0
      vertex 103.332 6.16776 1.2
      vertex 103.117 5.92189 0
    endloop
  endfacet
  facet normal 0.752783 -0.658268 0
    outer loop
      vertex 103.117 5.92189 1.2
      vertex 103.117 5.92189 0
      vertex 103.332 6.16776 1.2
    endloop
  endfacet
  facet normal 0.659145 -0.752016 0
    outer loop
      vertex 103.578 6.38338 0
      vertex 103.578 6.38338 1.2
      vertex 103.332 6.16776 0
    endloop
  endfacet
  facet normal 0.659145 -0.752016 0
    outer loop
      vertex 103.332 6.16776 1.2
      vertex 103.332 6.16776 0
      vertex 103.578 6.38338 1.2
    endloop
  endfacet
  facet normal 0.555434 -0.831561 0
    outer loop
      vertex 103.85 6.56506 0
      vertex 103.85 6.56506 1.2
      vertex 103.578 6.38338 0
    endloop
  endfacet
  facet normal 0.555434 -0.831561 0
    outer loop
      vertex 103.578 6.38338 1.2
      vertex 103.578 6.38338 0
      vertex 103.85 6.56506 1.2
    endloop
  endfacet
  facet normal 0.442629 -0.896705 0
    outer loop
      vertex 104.143 6.70969 0
      vertex 104.143 6.70969 1.2
      vertex 103.85 6.56506 0
    endloop
  endfacet
  facet normal 0.442629 -0.896705 0
    outer loop
      vertex 103.85 6.56506 1.2
      vertex 103.85 6.56506 0
      vertex 104.143 6.70969 1.2
    endloop
  endfacet
  facet normal 0.321108 -0.947042 0
    outer loop
      vertex 104.453 6.8148 0
      vertex 104.453 6.8148 1.2
      vertex 104.143 6.70969 0
    endloop
  endfacet
  facet normal 0.321108 -0.947042 0
    outer loop
      vertex 104.143 6.70969 1.2
      vertex 104.143 6.70969 0
      vertex 104.453 6.8148 1.2
    endloop
  endfacet
  facet normal 0.194941 -0.980815 0
    outer loop
      vertex 104.774 6.8786 0
      vertex 104.774 6.8786 1.2
      vertex 104.453 6.8148 0
    endloop
  endfacet
  facet normal 0.194941 -0.980815 0
    outer loop
      vertex 104.453 6.8148 1.2
      vertex 104.453 6.8148 0
      vertex 104.774 6.8786 1.2
    endloop
  endfacet
  facet normal 0.0654727 -0.997854 0
    outer loop
      vertex 105.1 6.89999 0
      vertex 105.1 6.89999 1.2
      vertex 104.774 6.8786 0
    endloop
  endfacet
  facet normal 0.0654727 -0.997854 0
    outer loop
      vertex 104.774 6.8786 1.2
      vertex 104.774 6.8786 0
      vertex 105.1 6.89999 1.2
    endloop
  endfacet
  facet normal -0.0654727 -0.997854 0
    outer loop
      vertex 105.426 6.8786 0
      vertex 105.426 6.8786 1.2
      vertex 105.1 6.89999 0
    endloop
  endfacet
  facet normal -0.0654727 -0.997854 -0
    outer loop
      vertex 105.1 6.89999 1.2
      vertex 105.1 6.89999 0
      vertex 105.426 6.8786 1.2
    endloop
  endfacet
  facet normal -0.194941 -0.980815 0
    outer loop
      vertex 105.747 6.8148 0
      vertex 105.747 6.8148 1.2
      vertex 105.426 6.8786 0
    endloop
  endfacet
  facet normal -0.194941 -0.980815 -0
    outer loop
      vertex 105.426 6.8786 1.2
      vertex 105.426 6.8786 0
      vertex 105.747 6.8148 1.2
    endloop
  endfacet
  facet normal -0.321108 -0.947042 0
    outer loop
      vertex 106.057 6.70969 0
      vertex 106.057 6.70969 1.2
      vertex 105.747 6.8148 0
    endloop
  endfacet
  facet normal -0.321108 -0.947042 -0
    outer loop
      vertex 105.747 6.8148 1.2
      vertex 105.747 6.8148 0
      vertex 106.057 6.70969 1.2
    endloop
  endfacet
  facet normal -0.442629 -0.896705 0
    outer loop
      vertex 106.35 6.56506 0
      vertex 106.35 6.56506 1.2
      vertex 106.057 6.70969 0
    endloop
  endfacet
  facet normal -0.442629 -0.896705 -0
    outer loop
      vertex 106.057 6.70969 1.2
      vertex 106.057 6.70969 0
      vertex 106.35 6.56506 1.2
    endloop
  endfacet
  facet normal -0.555434 -0.831561 0
    outer loop
      vertex 106.622 6.38338 0
      vertex 106.622 6.38338 1.2
      vertex 106.35 6.56506 0
    endloop
  endfacet
  facet normal -0.555434 -0.831561 -0
    outer loop
      vertex 106.35 6.56506 1.2
      vertex 106.35 6.56506 0
      vertex 106.622 6.38338 1.2
    endloop
  endfacet
  facet normal -0.659145 -0.752016 0
    outer loop
      vertex 106.868 6.16776 0
      vertex 106.868 6.16776 1.2
      vertex 106.622 6.38338 0
    endloop
  endfacet
  facet normal -0.659145 -0.752016 -0
    outer loop
      vertex 106.622 6.38338 1.2
      vertex 106.622 6.38338 0
      vertex 106.868 6.16776 1.2
    endloop
  endfacet
  facet normal -0.752783 -0.658268 0
    outer loop
      vertex 107.083 5.92189 0
      vertex 107.083 5.92189 1.2
      vertex 106.868 6.16776 0
    endloop
  endfacet
  facet normal -0.752783 -0.658268 -0
    outer loop
      vertex 106.868 6.16776 1.2
      vertex 106.868 6.16776 0
      vertex 107.083 5.92189 1.2
    endloop
  endfacet
  facet normal -0.831014 -0.556251 0
    outer loop
      vertex 107.265 5.64999 0
      vertex 107.265 5.64999 1.2
      vertex 107.083 5.92189 0
    endloop
  endfacet
  facet normal -0.831014 -0.556251 -0
    outer loop
      vertex 107.083 5.92189 1.2
      vertex 107.083 5.92189 0
      vertex 107.265 5.64999 1.2
    endloop
  endfacet
  facet normal -0.896429 -0.443187 0
    outer loop
      vertex 107.41 5.3567 0
      vertex 107.41 5.3567 1.2
      vertex 107.265 5.64999 0
    endloop
  endfacet
  facet normal -0.896429 -0.443187 -0
    outer loop
      vertex 107.265 5.64999 1.2
      vertex 107.265 5.64999 0
      vertex 107.41 5.3567 1.2
    endloop
  endfacet
  facet normal -0.947038 -0.321123 0
    outer loop
      vertex 107.515 5.04704 0
      vertex 107.515 5.04704 1.2
      vertex 107.41 5.3567 0
    endloop
  endfacet
  facet normal -0.947038 -0.321123 -0
    outer loop
      vertex 107.41 5.3567 1.2
      vertex 107.41 5.3567 0
      vertex 107.515 5.04704 1.2
    endloop
  endfacet
  facet normal -0.980668 -0.195681 0
    outer loop
      vertex 107.579 4.7263 0
      vertex 107.579 4.7263 1.2
      vertex 107.515 5.04704 0
    endloop
  endfacet
  facet normal -0.980668 -0.195681 -0
    outer loop
      vertex 107.515 5.04704 1.2
      vertex 107.515 5.04704 0
      vertex 107.579 4.7263 1.2
    endloop
  endfacet
  facet normal -0.997936 -0.0642231 0
    outer loop
      vertex 107.6 4.39999 0
      vertex 107.6 4.39999 1.2
      vertex 107.579 4.7263 0
    endloop
  endfacet
  facet normal -0.997936 -0.0642231 -0
    outer loop
      vertex 107.579 4.7263 1.2
      vertex 107.579 4.7263 0
      vertex 107.6 4.39999 1.2
    endloop
  endfacet
  facet normal -0.997936 0.0642212 0
    outer loop
      vertex 107.579 4.07367 0
      vertex 107.579 4.07367 1.2
      vertex 107.6 4.39999 0
    endloop
  endfacet
  facet normal -0.997936 0.0642212 0
    outer loop
      vertex 107.6 4.39999 1.2
      vertex 107.6 4.39999 0
      vertex 107.579 4.07367 1.2
    endloop
  endfacet
  facet normal -0.980666 0.195687 0
    outer loop
      vertex 107.515 3.75294 0
      vertex 107.515 3.75294 1.2
      vertex 107.579 4.07367 0
    endloop
  endfacet
  facet normal -0.980666 0.195687 0
    outer loop
      vertex 107.579 4.07367 1.2
      vertex 107.579 4.07367 0
      vertex 107.515 3.75294 1.2
    endloop
  endfacet
  facet normal -0.947038 0.321123 0
    outer loop
      vertex 107.41 3.44328 0
      vertex 107.41 3.44328 1.2
      vertex 107.515 3.75294 0
    endloop
  endfacet
  facet normal -0.947038 0.321123 0
    outer loop
      vertex 107.515 3.75294 1.2
      vertex 107.515 3.75294 0
      vertex 107.41 3.44328 1.2
    endloop
  endfacet
  facet normal -0.896429 0.443187 0
    outer loop
      vertex 107.265 3.14999 0
      vertex 107.265 3.14999 1.2
      vertex 107.41 3.44328 0
    endloop
  endfacet
  facet normal -0.896429 0.443187 0
    outer loop
      vertex 107.41 3.44328 1.2
      vertex 107.41 3.44328 0
      vertex 107.265 3.14999 1.2
    endloop
  endfacet
  facet normal -0.831024 0.556237 0
    outer loop
      vertex 107.083 2.87808 0
      vertex 107.083 2.87808 1.2
      vertex 107.265 3.14999 0
    endloop
  endfacet
  facet normal -0.831024 0.556237 0
    outer loop
      vertex 107.265 3.14999 1.2
      vertex 107.265 3.14999 0
      vertex 107.083 2.87808 1.2
    endloop
  endfacet
  facet normal -0.752757 0.658299 0
    outer loop
      vertex 106.868 2.63223 0
      vertex 106.868 2.63223 1.2
      vertex 107.083 2.87808 0
    endloop
  endfacet
  facet normal -0.752757 0.658299 0
    outer loop
      vertex 107.083 2.87808 1.2
      vertex 107.083 2.87808 0
      vertex 106.868 2.63223 1.2
    endloop
  endfacet
  facet normal -0.659145 0.752016 0
    outer loop
      vertex 106.622 2.41661 0
      vertex 106.622 2.41661 1.2
      vertex 106.868 2.63223 0
    endloop
  endfacet
  facet normal -0.659145 0.752016 0
    outer loop
      vertex 106.868 2.63223 1.2
      vertex 106.868 2.63223 0
      vertex 106.622 2.41661 1.2
    endloop
  endfacet
  facet normal -0.555455 0.831547 0
    outer loop
      vertex 106.35 2.23492 0
      vertex 106.35 2.23492 1.2
      vertex 106.622 2.41661 0
    endloop
  endfacet
  facet normal -0.555455 0.831547 0
    outer loop
      vertex 106.622 2.41661 1.2
      vertex 106.622 2.41661 0
      vertex 106.35 2.23492 1.2
    endloop
  endfacet
  facet normal -0.442629 0.896705 0
    outer loop
      vertex 106.057 2.09029 0
      vertex 106.057 2.09029 1.2
      vertex 106.35 2.23492 0
    endloop
  endfacet
  facet normal -0.442629 0.896705 0
    outer loop
      vertex 106.35 2.23492 1.2
      vertex 106.35 2.23492 0
      vertex 106.057 2.09029 1.2
    endloop
  endfacet
  facet normal -0.321108 0.947042 0
    outer loop
      vertex 105.747 1.98518 0
      vertex 105.747 1.98518 1.2
      vertex 106.057 2.09029 0
    endloop
  endfacet
  facet normal -0.321108 0.947042 0
    outer loop
      vertex 106.057 2.09029 1.2
      vertex 106.057 2.09029 0
      vertex 105.747 1.98518 1.2
    endloop
  endfacet
  facet normal -0.194911 0.980821 0
    outer loop
      vertex 105.426 1.92139 0
      vertex 105.426 1.92139 1.2
      vertex 105.747 1.98518 0
    endloop
  endfacet
  facet normal -0.194911 0.980821 0
    outer loop
      vertex 105.747 1.98518 1.2
      vertex 105.747 1.98518 0
      vertex 105.426 1.92139 1.2
    endloop
  endfacet
  facet normal -0.0655032 0.997852 0
    outer loop
      vertex 105.1 1.89999 0
      vertex 105.1 1.89999 1.2
      vertex 105.426 1.92139 0
    endloop
  endfacet
  facet normal -0.0655032 0.997852 0
    outer loop
      vertex 105.426 1.92139 1.2
      vertex 105.426 1.92139 0
      vertex 105.1 1.89999 1.2
    endloop
  endfacet
  facet normal 0.0655032 0.997852 -0
    outer loop
      vertex 104.774 1.92139 0
      vertex 104.774 1.92139 1.2
      vertex 105.1 1.89999 0
    endloop
  endfacet
  facet normal 0.0655032 0.997852 0
    outer loop
      vertex 105.1 1.89999 1.2
      vertex 105.1 1.89999 0
      vertex 104.774 1.92139 1.2
    endloop
  endfacet
endsolid OpenSCAD_Model
