solid OpenSCAD_Model
  facet normal -0.980786 0.195087 2.60967e-18
    outer loop
      vertex 14.3982 74.7693 1.6
      vertex 14.628 75.9246 3
      vertex 14.628 75.9246 1.6
    endloop
  endfacet
  facet normal -0.980786 0.195087 2.60967e-18
    outer loop
      vertex 14.628 75.9246 3
      vertex 14.3982 74.7693 1.6
      vertex 14.3982 74.7693 3
    endloop
  endfacet
  facet normal 0.0653701 0.997861 -0
    outer loop
      vertex 5.7 68.095 1.6
      vertex 4.52461 68.172 3
      vertex 5.7 68.095 3
    endloop
  endfacet
  facet normal 0.0653701 0.997861 0
    outer loop
      vertex 4.52461 68.172 3
      vertex 5.7 68.095 1.6
      vertex 4.52461 68.172 1.6
    endloop
  endfacet
  facet normal -0.980786 -0.195087 -2.60967e-18
    outer loop
      vertex 14.628 78.2754 1.6
      vertex 14.3982 79.4307 3
      vertex 14.3982 79.4307 1.6
    endloop
  endfacet
  facet normal -0.980786 -0.195087 -2.60967e-18
    outer loop
      vertex 14.3982 79.4307 3
      vertex 14.628 78.2754 1.6
      vertex 14.628 78.2754 3
    endloop
  endfacet
  facet normal -0.997861 -0.0653695 -4.08293e-18
    outer loop
      vertex 14.705 77.1 1.6
      vertex 14.628 78.2754 3
      vertex 14.628 78.2754 1.6
    endloop
  endfacet
  facet normal -0.997861 -0.0653695 -4.08293e-18
    outer loop
      vertex 14.628 78.2754 3
      vertex 14.705 77.1 1.6
      vertex 14.705 77.1 3
    endloop
  endfacet
  facet normal -0.946908 0.321503 -2.9313e-18
    outer loop
      vertex 14.137 74 1.6
      vertex 14.3982 74.7693 3
      vertex 14.3982 74.7693 1.6
    endloop
  endfacet
  facet normal -0.946908 0.321503 -2.9313e-18
    outer loop
      vertex 14.3982 74.7693 3
      vertex 14.137 74 1.6
      vertex 14.137 74 3
    endloop
  endfacet
  facet normal 0.442238 0.896898 -0
    outer loop
      vertex 2.25393 68.7805 1.6
      vertex 1.1975 69.3014 3
      vertex 2.25393 68.7805 3
    endloop
  endfacet
  facet normal 0.442238 0.896898 0
    outer loop
      vertex 1.1975 69.3014 3
      vertex 2.25393 68.7805 1.6
      vertex 1.1975 69.3014 1.6
    endloop
  endfacet
  facet normal 0.195091 0.980785 -0
    outer loop
      vertex 4.52461 68.172 1.6
      vertex 3.36933 68.4018 3
      vertex 4.52461 68.172 3
    endloop
  endfacet
  facet normal 0.195091 0.980785 0
    outer loop
      vertex 3.36933 68.4018 3
      vertex 4.52461 68.172 1.6
      vertex 3.36933 68.4018 1.6
    endloop
  endfacet
  facet normal -0.997861 0.0653695 -3.05336e-18
    outer loop
      vertex 14.628 75.9246 1.6
      vertex 14.705 77.1 3
      vertex 14.705 77.1 1.6
    endloop
  endfacet
  facet normal -0.997861 0.0653695 -3.05336e-18
    outer loop
      vertex 14.705 77.1 3
      vertex 14.628 75.9246 1.6
      vertex 14.628 75.9246 3
    endloop
  endfacet
  facet normal -0.195193 0.980765 0
    outer loop
      vertex 7 68.1968 1.6
      vertex 6.87539 68.172 3
      vertex 7 68.1968 3
    endloop
  endfacet
  facet normal -0.195193 0.980765 0
    outer loop
      vertex 6.87539 68.172 3
      vertex 7 68.1968 1.6
      vertex 6.87539 68.172 1.6
    endloop
  endfacet
  facet normal 0.321495 0.946911 -0
    outer loop
      vertex 3.36933 68.4018 1.6
      vertex 2.25393 68.7805 3
      vertex 3.36933 68.4018 3
    endloop
  endfacet
  facet normal 0.321495 0.946911 0
    outer loop
      vertex 2.25393 68.7805 3
      vertex 3.36933 68.4018 1.6
      vertex 2.25393 68.7805 1.6
    endloop
  endfacet
  facet normal 0.555621 0.831435 -0
    outer loop
      vertex 1.1975 69.3014 1.6
      vertex 0.218102 69.9559 3
      vertex 1.1975 69.3014 3
    endloop
  endfacet
  facet normal 0.555621 0.831435 0
    outer loop
      vertex 0.218102 69.9559 3
      vertex 1.1975 69.3014 1.6
      vertex 0.218102 69.9559 1.6
    endloop
  endfacet
  facet normal -0.896903 -0.442227 8.17304e-18
    outer loop
      vertex 14.0195 80.5461 1.6
      vertex 13.7957 81 3
      vertex 13.7957 81 1.6
    endloop
  endfacet
  facet normal -0.896903 -0.442227 8.17304e-18
    outer loop
      vertex 13.7957 81 3
      vertex 14.0195 80.5461 1.6
      vertex 14.0195 80.5461 3
    endloop
  endfacet
  facet normal -0.946911 -0.321495 -1.99516e-18
    outer loop
      vertex 14.3982 79.4307 1.6
      vertex 14.0195 80.5461 3
      vertex 14.0195 80.5461 1.6
    endloop
  endfacet
  facet normal -0.946911 -0.321495 -1.99516e-18
    outer loop
      vertex 14.0195 80.5461 3
      vertex 14.3982 79.4307 1.6
      vertex 14.3982 79.4307 3
    endloop
  endfacet
  facet normal 0.659209 0.75196 -0
    outer loop
      vertex 0.218102 69.9559 1.6
      vertex 0 70.1471 3
      vertex 0.218102 69.9559 3
    endloop
  endfacet
  facet normal 0.659209 0.75196 0
    outer loop
      vertex 0 70.1471 3
      vertex 0.218102 69.9559 1.6
      vertex 0 70.1471 1.6
    endloop
  endfacet
  facet normal -0.0653701 0.997861 0
    outer loop
      vertex 6.87539 68.172 1.6
      vertex 5.7 68.095 3
      vertex 6.87539 68.172 3
    endloop
  endfacet
  facet normal -0.0653701 0.997861 0
    outer loop
      vertex 5.7 68.095 3
      vertex 6.87539 68.172 1.6
      vertex 5.7 68.095 1.6
    endloop
  endfacet
  facet normal 0 0 1
    outer loop
      vertex 8.2 77.1 1.6
      vertex 14.705 77.1 1.6
      vertex 14.628 78.2754 1.6
    endloop
  endfacet
  facet normal 0 0 1
    outer loop
      vertex 8.17861 77.4263 1.6
      vertex 14.628 78.2754 1.6
      vertex 14.3982 79.4307 1.6
    endloop
  endfacet
  facet normal 0 0 1
    outer loop
      vertex 14.705 77.1 1.6
      vertex 8.2 77.1 1.6
      vertex 14.628 75.9246 1.6
    endloop
  endfacet
  facet normal -0 0 1
    outer loop
      vertex 8.17861 76.7737 1.6
      vertex 14.628 75.9246 1.6
      vertex 8.2 77.1 1.6
    endloop
  endfacet
  facet normal 0 0 1
    outer loop
      vertex 14.3982 74.7693 1.6
      vertex 14.1317 74 1.6
      vertex 14.137 74 1.6
    endloop
  endfacet
  facet normal 0 0 1
    outer loop
      vertex 8.11481 77.747 1.6
      vertex 14.3982 79.4307 1.6
      vertex 14.0195 80.5461 1.6
    endloop
  endfacet
  facet normal 0 0 1
    outer loop
      vertex 14.628 75.9246 1.6
      vertex 8.17861 76.7737 1.6
      vertex 14.3982 74.7693 1.6
    endloop
  endfacet
  facet normal 0 0 1
    outer loop
      vertex 8.0097 78.0567 1.6
      vertex 14.0195 80.5461 1.6
      vertex 13.7957 81 1.6
    endloop
  endfacet
  facet normal -0 0 1
    outer loop
      vertex 8.11481 76.4529 1.6
      vertex 14.3982 74.7693 1.6
      vertex 8.17861 76.7737 1.6
    endloop
  endfacet
  facet normal 0 0 1
    outer loop
      vertex 14.3982 74.7693 1.6
      vertex 8.11481 76.4529 1.6
      vertex 14.1317 74 1.6
    endloop
  endfacet
  facet normal 0 0 1
    outer loop
      vertex 14.1317 74 1.6
      vertex 8.0097 76.1433 1.6
      vertex 14.0149 73.6558 1.6
    endloop
  endfacet
  facet normal 0 0 1
    outer loop
      vertex 14.0149 73.6558 1.6
      vertex 8.0097 76.1433 1.6
      vertex 13.4942 72.6 1.6
    endloop
  endfacet
  facet normal 0 0 1
    outer loop
      vertex 13.4942 72.6 1.6
      vertex 7.86506 75.85 1.6
      vertex 12.8402 71.6211 1.6
    endloop
  endfacet
  facet normal -0 0 1
    outer loop
      vertex 7.68338 75.5781 1.6
      vertex 12.8402 71.6211 1.6
      vertex 7.86506 75.85 1.6
    endloop
  endfacet
  facet normal -0 0 1
    outer loop
      vertex 8.0097 76.1433 1.6
      vertex 14.1317 74 1.6
      vertex 8.11481 76.4529 1.6
    endloop
  endfacet
  facet normal 0 0 1
    outer loop
      vertex 14.628 78.2754 1.6
      vertex 8.17861 77.4263 1.6
      vertex 8.2 77.1 1.6
    endloop
  endfacet
  facet normal 0 0 1
    outer loop
      vertex 14.3982 79.4307 1.6
      vertex 8.11481 77.747 1.6
      vertex 8.17861 77.4263 1.6
    endloop
  endfacet
  facet normal 0 0 1
    outer loop
      vertex 14.0195 80.5461 1.6
      vertex 8.0097 78.0567 1.6
      vertex 8.11481 77.747 1.6
    endloop
  endfacet
  facet normal 0 0 1
    outer loop
      vertex 13.7957 81 1.6
      vertex 7.86506 78.35 1.6
      vertex 8.0097 78.0567 1.6
    endloop
  endfacet
  facet normal 0 0 1
    outer loop
      vertex 13.7957 81 1.6
      vertex 7.68338 78.6219 1.6
      vertex 7.86506 78.35 1.6
    endloop
  endfacet
  facet normal 0 0 1
    outer loop
      vertex 13.7957 81 1.6
      vertex 7.46777 78.8678 1.6
      vertex 7.68338 78.6219 1.6
    endloop
  endfacet
  facet normal 0 0 1
    outer loop
      vertex 13.7957 81 1.6
      vertex 7.2219 79.0834 1.6
      vertex 7.46777 78.8678 1.6
    endloop
  endfacet
  facet normal 0 0 1
    outer loop
      vertex 13.7957 81 1.6
      vertex 6.95 79.2651 1.6
      vertex 7.2219 79.0834 1.6
    endloop
  endfacet
  facet normal 0 0 1
    outer loop
      vertex 13.7957 81 1.6
      vertex 6.65671 79.4097 1.6
      vertex 6.95 79.2651 1.6
    endloop
  endfacet
  facet normal 0 0 1
    outer loop
      vertex 13.7957 81 1.6
      vertex 6.34705 79.5148 1.6
      vertex 6.65671 79.4097 1.6
    endloop
  endfacet
  facet normal 0 0 1
    outer loop
      vertex 13.7957 81 1.6
      vertex 6.02631 79.5786 1.6
      vertex 6.34705 79.5148 1.6
    endloop
  endfacet
  facet normal 0 0 1
    outer loop
      vertex 13.7957 81 1.6
      vertex 5.7 79.6 1.6
      vertex 6.02631 79.5786 1.6
    endloop
  endfacet
  facet normal -0 0 1
    outer loop
      vertex 0 81 1.6
      vertex 5.7 79.6 1.6
      vertex 13.7957 81 1.6
    endloop
  endfacet
  facet normal 0 0 1
    outer loop
      vertex 0 81 1.6
      vertex 3.2 77.1 1.6
      vertex 3.22139 77.4263 1.6
    endloop
  endfacet
  facet normal 0 0 1
    outer loop
      vertex 3.2 77.1 1.6
      vertex 1.1975 69.3014 1.6
      vertex 2.25393 68.7805 1.6
    endloop
  endfacet
  facet normal 0 0 1
    outer loop
      vertex 0 81 1.6
      vertex 3.22139 77.4263 1.6
      vertex 3.28518 77.747 1.6
    endloop
  endfacet
  facet normal 0 0 1
    outer loop
      vertex 3.2 77.1 1.6
      vertex 0.218102 69.9559 1.6
      vertex 1.1975 69.3014 1.6
    endloop
  endfacet
  facet normal 0 0 1
    outer loop
      vertex 0 81 1.6
      vertex 3.28518 77.747 1.6
      vertex 3.3903 78.0567 1.6
    endloop
  endfacet
  facet normal 0 0 1
    outer loop
      vertex 5.7 79.6 1.6
      vertex 0 81 1.6
      vertex 5.37368 79.5786 1.6
    endloop
  endfacet
  facet normal 0 0 1
    outer loop
      vertex 0 81 1.6
      vertex 5.05295 79.5148 1.6
      vertex 5.37368 79.5786 1.6
    endloop
  endfacet
  facet normal 0 0 1
    outer loop
      vertex 0 81 1.6
      vertex 4.74329 79.4097 1.6
      vertex 5.05295 79.5148 1.6
    endloop
  endfacet
  facet normal 0 0 1
    outer loop
      vertex 0 81 1.6
      vertex 4.45 79.2651 1.6
      vertex 4.74329 79.4097 1.6
    endloop
  endfacet
  facet normal 0 0 1
    outer loop
      vertex 0 81 1.6
      vertex 4.1781 79.0834 1.6
      vertex 4.45 79.2651 1.6
    endloop
  endfacet
  facet normal 0 0 1
    outer loop
      vertex 0 81 1.6
      vertex 3.93223 78.8678 1.6
      vertex 4.1781 79.0834 1.6
    endloop
  endfacet
  facet normal 0 0 1
    outer loop
      vertex 0 81 1.6
      vertex 3.71662 78.6219 1.6
      vertex 3.93223 78.8678 1.6
    endloop
  endfacet
  facet normal 0 0 1
    outer loop
      vertex 0 81 1.6
      vertex 3.53494 78.35 1.6
      vertex 3.71662 78.6219 1.6
    endloop
  endfacet
  facet normal 0 0 1
    outer loop
      vertex 0 81 1.6
      vertex 3.3903 78.0567 1.6
      vertex 3.53494 78.35 1.6
    endloop
  endfacet
  facet normal 0 0 1
    outer loop
      vertex 3.2 77.1 1.6
      vertex 0 81 1.6
      vertex 0 70.1471 1.6
    endloop
  endfacet
  facet normal 0 0 1
    outer loop
      vertex 3.2 77.1 1.6
      vertex 0 70.1471 1.6
      vertex 0.218102 69.9559 1.6
    endloop
  endfacet
  facet normal -0 0 1
    outer loop
      vertex 7.86506 75.85 1.6
      vertex 13.4942 72.6 1.6
      vertex 8.0097 76.1433 1.6
    endloop
  endfacet
  facet normal 0 0 1
    outer loop
      vertex 12.8402 71.6211 1.6
      vertex 7.68338 75.5781 1.6
      vertex 12.0639 70.736 1.6
    endloop
  endfacet
  facet normal -0 0 1
    outer loop
      vertex 7.46777 75.3322 1.6
      vertex 12.0639 70.736 1.6
      vertex 7.68338 75.5781 1.6
    endloop
  endfacet
  facet normal 0 0 1
    outer loop
      vertex 12.0639 70.736 1.6
      vertex 7.46777 75.3322 1.6
      vertex 11.1788 69.9598 1.6
    endloop
  endfacet
  facet normal -0 0 1
    outer loop
      vertex 7.2219 75.1166 1.6
      vertex 11.1788 69.9598 1.6
      vertex 7.46777 75.3322 1.6
    endloop
  endfacet
  facet normal 0 0 1
    outer loop
      vertex 11.1788 69.9598 1.6
      vertex 7.2219 75.1166 1.6
      vertex 10.2 69.3058 1.6
    endloop
  endfacet
  facet normal -0 0 1
    outer loop
      vertex 6.95 74.9349 1.6
      vertex 10.2 69.3058 1.6
      vertex 7.2219 75.1166 1.6
    endloop
  endfacet
  facet normal 0 0 1
    outer loop
      vertex 10.2 69.3058 1.6
      vertex 6.95 74.9349 1.6
      vertex 9.14415 68.7851 1.6
    endloop
  endfacet
  facet normal -0 0 1
    outer loop
      vertex 6.65671 74.7903 1.6
      vertex 9.14415 68.7851 1.6
      vertex 6.95 74.9349 1.6
    endloop
  endfacet
  facet normal 0 0 1
    outer loop
      vertex 9.14415 68.7851 1.6
      vertex 6.65671 74.7903 1.6
      vertex 8.02936 68.4067 1.6
    endloop
  endfacet
  facet normal -0 0 1
    outer loop
      vertex 6.34705 74.6852 1.6
      vertex 8.02936 68.4067 1.6
      vertex 6.65671 74.7903 1.6
    endloop
  endfacet
  facet normal 0 0 1
    outer loop
      vertex 8.02936 68.4067 1.6
      vertex 6.34705 74.6852 1.6
      vertex 7 68.2019 1.6
    endloop
  endfacet
  facet normal -0 0 1
    outer loop
      vertex 6.02631 74.6214 1.6
      vertex 7 68.2019 1.6
      vertex 6.34705 74.6852 1.6
    endloop
  endfacet
  facet normal 0 -0 1
    outer loop
      vertex 6.87539 68.172 1.6
      vertex 7 68.2019 1.6
      vertex 6.02631 74.6214 1.6
    endloop
  endfacet
  facet normal 0 0 1
    outer loop
      vertex 7 68.2019 1.6
      vertex 6.87539 68.172 1.6
      vertex 7 68.1968 1.6
    endloop
  endfacet
  facet normal -0 0 1
    outer loop
      vertex 5.7 74.6 1.6
      vertex 6.87539 68.172 1.6
      vertex 6.02631 74.6214 1.6
    endloop
  endfacet
  facet normal 0 0 1
    outer loop
      vertex 5.7 74.6 1.6
      vertex 5.7 68.095 1.6
      vertex 6.87539 68.172 1.6
    endloop
  endfacet
  facet normal 0 0 1
    outer loop
      vertex 5.37368 74.6214 1.6
      vertex 5.7 68.095 1.6
      vertex 5.7 74.6 1.6
    endloop
  endfacet
  facet normal 0 0 1
    outer loop
      vertex 4.52461 68.172 1.6
      vertex 5.37368 74.6214 1.6
      vertex 5.05295 74.6852 1.6
    endloop
  endfacet
  facet normal 0 0 1
    outer loop
      vertex 3.36933 68.4018 1.6
      vertex 5.05295 74.6852 1.6
      vertex 4.74329 74.7903 1.6
    endloop
  endfacet
  facet normal 0 0 1
    outer loop
      vertex 5.37368 74.6214 1.6
      vertex 4.52461 68.172 1.6
      vertex 5.7 68.095 1.6
    endloop
  endfacet
  facet normal 0 0 1
    outer loop
      vertex 2.25393 68.7805 1.6
      vertex 4.74329 74.7903 1.6
      vertex 4.45 74.9349 1.6
    endloop
  endfacet
  facet normal 0 0 1
    outer loop
      vertex 2.25393 68.7805 1.6
      vertex 4.45 74.9349 1.6
      vertex 4.1781 75.1166 1.6
    endloop
  endfacet
  facet normal 0 0 1
    outer loop
      vertex 2.25393 68.7805 1.6
      vertex 4.1781 75.1166 1.6
      vertex 3.93223 75.3322 1.6
    endloop
  endfacet
  facet normal 0 0 1
    outer loop
      vertex 2.25393 68.7805 1.6
      vertex 3.93223 75.3322 1.6
      vertex 3.71662 75.5781 1.6
    endloop
  endfacet
  facet normal 0 0 1
    outer loop
      vertex 2.25393 68.7805 1.6
      vertex 3.71662 75.5781 1.6
      vertex 3.53494 75.85 1.6
    endloop
  endfacet
  facet normal 0 0 1
    outer loop
      vertex 2.25393 68.7805 1.6
      vertex 3.53494 75.85 1.6
      vertex 3.3903 76.1433 1.6
    endloop
  endfacet
  facet normal 0 0 1
    outer loop
      vertex 5.05295 74.6852 1.6
      vertex 3.36933 68.4018 1.6
      vertex 4.52461 68.172 1.6
    endloop
  endfacet
  facet normal 0 0 1
    outer loop
      vertex 2.25393 68.7805 1.6
      vertex 3.3903 76.1433 1.6
      vertex 3.28518 76.4529 1.6
    endloop
  endfacet
  facet normal 0 0 1
    outer loop
      vertex 2.25393 68.7805 1.6
      vertex 3.28518 76.4529 1.6
      vertex 3.22139 76.7737 1.6
    endloop
  endfacet
  facet normal 0 0 1
    outer loop
      vertex 2.25393 68.7805 1.6
      vertex 3.22139 76.7737 1.6
      vertex 3.2 77.1 1.6
    endloop
  endfacet
  facet normal 0 0 1
    outer loop
      vertex 4.74329 74.7903 1.6
      vertex 2.25393 68.7805 1.6
      vertex 3.36933 68.4018 1.6
    endloop
  endfacet
  facet normal -0.980785 -0.195091 1.03057e-17
    outer loop
      vertex 14.228 7.37539 1.6
      vertex 13.9982 8.53067 3
      vertex 13.9982 8.53067 1.6
    endloop
  endfacet
  facet normal -0.980785 -0.195091 1.03057e-17
    outer loop
      vertex 13.9982 8.53067 3
      vertex 14.228 7.37539 1.6
      vertex 14.228 7.37539 3
    endloop
  endfacet
  facet normal -0.997861 -0.0653701 -2.0635e-18
    outer loop
      vertex 14.305 6.2 1.6
      vertex 14.228 7.37539 3
      vertex 14.228 7.37539 1.6
    endloop
  endfacet
  facet normal -0.997861 -0.0653701 -2.0635e-18
    outer loop
      vertex 14.228 7.37539 3
      vertex 14.305 6.2 1.6
      vertex 14.305 6.2 3
    endloop
  endfacet
  facet normal -0.896871 0.442291 -1.03699e-17
    outer loop
      vertex 13.2477 2 1.6
      vertex 13.6195 2.75393 3
      vertex 13.6195 2.75393 1.6
    endloop
  endfacet
  facet normal -0.896871 0.442291 -1.03699e-17
    outer loop
      vertex 13.6195 2.75393 3
      vertex 13.2477 2 1.6
      vertex 13.2477 2 3
    endloop
  endfacet
  facet normal -0.997861 0.0653701 2.0635e-18
    outer loop
      vertex 14.228 5.02461 1.6
      vertex 14.305 6.2 3
      vertex 14.305 6.2 1.6
    endloop
  endfacet
  facet normal -0.997861 0.0653701 2.0635e-18
    outer loop
      vertex 14.305 6.2 3
      vertex 14.228 5.02461 1.6
      vertex 14.228 5.02461 3
    endloop
  endfacet
  facet normal -0.980785 0.195091 -4.86598e-18
    outer loop
      vertex 13.9982 3.86933 1.6
      vertex 14.228 5.02461 3
      vertex 14.228 5.02461 1.6
    endloop
  endfacet
  facet normal -0.980785 0.195091 -4.86598e-18
    outer loop
      vertex 14.228 5.02461 3
      vertex 13.9982 3.86933 1.6
      vertex 13.9982 3.86933 3
    endloop
  endfacet
  facet normal -0.831436 -0.555621 -9.69682e-18
    outer loop
      vertex 13.0986 10.7025 1.6
      vertex 12.4441 11.6819 3
      vertex 12.4441 11.6819 1.6
    endloop
  endfacet
  facet normal -0.831436 -0.555621 -9.69682e-18
    outer loop
      vertex 12.4441 11.6819 3
      vertex 13.0986 10.7025 1.6
      vertex 13.0986 10.7025 3
    endloop
  endfacet
  facet normal 0.195091 -0.980785 0
    outer loop
      vertex 2.96933 14.8982 1.6
      vertex 4.12461 15.128 3
      vertex 2.96933 14.8982 3
    endloop
  endfacet
  facet normal 0.195091 -0.980785 0
    outer loop
      vertex 4.12461 15.128 3
      vertex 2.96933 14.8982 1.6
      vertex 4.12461 15.128 1.6
    endloop
  endfacet
  facet normal -0.896899 -0.442235 -1.92826e-18
    outer loop
      vertex 13.6195 9.64606 1.6
      vertex 13.0986 10.7025 3
      vertex 13.0986 10.7025 1.6
    endloop
  endfacet
  facet normal -0.896899 -0.442235 -1.92826e-18
    outer loop
      vertex 13.0986 10.7025 3
      vertex 13.6195 9.64606 1.6
      vertex 13.6195 9.64606 3
    endloop
  endfacet
  facet normal 0.442235 -0.896899 0
    outer loop
      vertex 0.7975 13.9986 1.6
      vertex 1.85394 14.5195 3
      vertex 0.7975 13.9986 3
    endloop
  endfacet
  facet normal 0.442235 -0.896899 0
    outer loop
      vertex 1.85394 14.5195 3
      vertex 0.7975 13.9986 1.6
      vertex 1.85394 14.5195 1.6
    endloop
  endfacet
  facet normal -0.751861 -0.659322 1.16679e-17
    outer loop
      vertex 12.4441 11.6819 1.6
      vertex 11.6675 12.5675 3
      vertex 11.6675 12.5675 1.6
    endloop
  endfacet
  facet normal -0.751861 -0.659322 1.16679e-17
    outer loop
      vertex 11.6675 12.5675 3
      vertex 12.4441 11.6819 1.6
      vertex 12.4441 11.6819 3
    endloop
  endfacet
  facet normal 0.321497 -0.94691 0
    outer loop
      vertex 1.85394 14.5195 1.6
      vertex 2.96933 14.8982 3
      vertex 1.85394 14.5195 3
    endloop
  endfacet
  facet normal 0.321497 -0.94691 0
    outer loop
      vertex 2.96933 14.8982 3
      vertex 1.85394 14.5195 1.6
      vertex 2.96933 14.8982 1.6
    endloop
  endfacet
  facet normal -0.0653701 -0.997861 0
    outer loop
      vertex 5.3 15.205 1.6
      vertex 6.47539 15.128 3
      vertex 5.3 15.205 3
    endloop
  endfacet
  facet normal -0.0653701 -0.997861 -0
    outer loop
      vertex 6.47539 15.128 3
      vertex 5.3 15.205 1.6
      vertex 6.47539 15.128 1.6
    endloop
  endfacet
  facet normal 0.55559 -0.831456 0
    outer loop
      vertex 0 13.4657 1.6
      vertex 0.7975 13.9986 3
      vertex 0 13.4657 3
    endloop
  endfacet
  facet normal 0.55559 -0.831456 0
    outer loop
      vertex 0.7975 13.9986 3
      vertex 0 13.4657 1.6
      vertex 0.7975 13.9986 1.6
    endloop
  endfacet
  facet normal -0.94691 -0.321497 -9.47994e-18
    outer loop
      vertex 13.9982 8.53067 1.6
      vertex 13.6195 9.64606 3
      vertex 13.6195 9.64606 1.6
    endloop
  endfacet
  facet normal -0.94691 -0.321497 -9.47994e-18
    outer loop
      vertex 13.6195 9.64606 3
      vertex 13.9982 8.53067 1.6
      vertex 13.9982 8.53067 3
    endloop
  endfacet
  facet normal 0.0653701 -0.997861 0
    outer loop
      vertex 4.12461 15.128 1.6
      vertex 5.3 15.205 3
      vertex 4.12461 15.128 3
    endloop
  endfacet
  facet normal 0.0653701 -0.997861 0
    outer loop
      vertex 5.3 15.205 3
      vertex 4.12461 15.128 1.6
      vertex 5.3 15.205 1.6
    endloop
  endfacet
  facet normal -0.946911 0.321495 5.60365e-18
    outer loop
      vertex 13.6195 2.75393 1.6
      vertex 13.9982 3.86933 3
      vertex 13.9982 3.86933 1.6
    endloop
  endfacet
  facet normal -0.946911 0.321495 5.60365e-18
    outer loop
      vertex 13.9982 3.86933 3
      vertex 13.6195 2.75393 1.6
      vertex 13.6195 2.75393 3
    endloop
  endfacet
  facet normal -0.659415 -0.751779 0
    outer loop
      vertex 11.4746 12.7367 1.6
      vertex 11.6675 12.5675 3
      vertex 11.4746 12.7367 3
    endloop
  endfacet
  facet normal -0.659415 -0.751779 -0
    outer loop
      vertex 11.6675 12.5675 3
      vertex 11.4746 12.7367 1.6
      vertex 11.6675 12.5675 1.6
    endloop
  endfacet
  facet normal -0.195178 -0.980768 0
    outer loop
      vertex 6.47539 15.128 1.6
      vertex 7 15.0236 3
      vertex 6.47539 15.128 3
    endloop
  endfacet
  facet normal -0.195178 -0.980768 -0
    outer loop
      vertex 7 15.0236 3
      vertex 6.47539 15.128 1.6
      vertex 7 15.0236 1.6
    endloop
  endfacet
  facet normal 0 0 1
    outer loop
      vertex 6.47539 15.128 1.6
      vertex 7 15.0185 1.6
      vertex 7 15.0236 1.6
    endloop
  endfacet
  facet normal 0 0 1
    outer loop
      vertex 7 15.0185 1.6
      vertex 6.55 8.36506 1.6
      vertex 6.8219 8.18338 1.6
    endloop
  endfacet
  facet normal 0 0 1
    outer loop
      vertex 7 15.0185 1.6
      vertex 6.47539 15.128 1.6
      vertex 5.62632 8.67861 1.6
    endloop
  endfacet
  facet normal 0 0 1
    outer loop
      vertex 7 15.0185 1.6
      vertex 6.25671 8.5097 1.6
      vertex 6.55 8.36506 1.6
    endloop
  endfacet
  facet normal 0 0 1
    outer loop
      vertex 7 15.0185 1.6
      vertex 5.94705 8.61481 1.6
      vertex 6.25671 8.5097 1.6
    endloop
  endfacet
  facet normal 0 0 1
    outer loop
      vertex 7 15.0185 1.6
      vertex 5.62632 8.67861 1.6
      vertex 5.94705 8.61481 1.6
    endloop
  endfacet
  facet normal 0 0 1
    outer loop
      vertex 5.3 15.205 1.6
      vertex 5.62632 8.67861 1.6
      vertex 6.47539 15.128 1.6
    endloop
  endfacet
  facet normal 0 0 1
    outer loop
      vertex 5.3 15.205 1.6
      vertex 5.3 8.7 1.6
      vertex 5.62632 8.67861 1.6
    endloop
  endfacet
  facet normal 0 0 1
    outer loop
      vertex 5.3 15.205 1.6
      vertex 4.97368 8.67861 1.6
      vertex 5.3 8.7 1.6
    endloop
  endfacet
  facet normal -0 0 1
    outer loop
      vertex 4.12461 15.128 1.6
      vertex 4.97368 8.67861 1.6
      vertex 5.3 15.205 1.6
    endloop
  endfacet
  facet normal 0 0 1
    outer loop
      vertex 4.97368 8.67861 1.6
      vertex 4.12461 15.128 1.6
      vertex 4.65295 8.61481 1.6
    endloop
  endfacet
  facet normal -0 0 1
    outer loop
      vertex 2.96933 14.8982 1.6
      vertex 4.65295 8.61481 1.6
      vertex 4.12461 15.128 1.6
    endloop
  endfacet
  facet normal 0 0 1
    outer loop
      vertex 4.65295 8.61481 1.6
      vertex 2.96933 14.8982 1.6
      vertex 4.34329 8.5097 1.6
    endloop
  endfacet
  facet normal -0 0 1
    outer loop
      vertex 1.85394 14.5195 1.6
      vertex 4.34329 8.5097 1.6
      vertex 2.96933 14.8982 1.6
    endloop
  endfacet
  facet normal 0 0 1
    outer loop
      vertex 4.34329 8.5097 1.6
      vertex 1.85394 14.5195 1.6
      vertex 4.05 8.36506 1.6
    endloop
  endfacet
  facet normal -0 0 1
    outer loop
      vertex 0.7975 13.9986 1.6
      vertex 4.05 8.36506 1.6
      vertex 1.85394 14.5195 1.6
    endloop
  endfacet
  facet normal -0 0 1
    outer loop
      vertex 0 13.4657 1.6
      vertex 4.05 8.36506 1.6
      vertex 0.7975 13.9986 1.6
    endloop
  endfacet
  facet normal 0 0 1
    outer loop
      vertex 4.05 8.36506 1.6
      vertex 0 13.4657 1.6
      vertex 3.7781 8.18338 1.6
    endloop
  endfacet
  facet normal 0 0 1
    outer loop
      vertex 3.7781 8.18338 1.6
      vertex 0 13.4657 1.6
      vertex 3.53223 7.96777 1.6
    endloop
  endfacet
  facet normal 0 0 1
    outer loop
      vertex 3.53223 7.96777 1.6
      vertex 0 13.4657 1.6
      vertex 3.31662 7.7219 1.6
    endloop
  endfacet
  facet normal 0 0 1
    outer loop
      vertex 3.31662 7.7219 1.6
      vertex 0 13.4657 1.6
      vertex 3.13494 7.45 1.6
    endloop
  endfacet
  facet normal 0 0 1
    outer loop
      vertex 3.13494 7.45 1.6
      vertex 0 13.4657 1.6
      vertex 2.9903 7.15671 1.6
    endloop
  endfacet
  facet normal 0 0 1
    outer loop
      vertex 2.9903 7.15671 1.6
      vertex 0 13.4657 1.6
      vertex 2.88519 6.84705 1.6
    endloop
  endfacet
  facet normal 0 0 1
    outer loop
      vertex 14.228 7.37539 1.6
      vertex 7.77861 6.52631 1.6
      vertex 7.8 6.2 1.6
    endloop
  endfacet
  facet normal 0 0 1
    outer loop
      vertex 9.79999 13.9942 1.6
      vertex 7.71481 6.84705 1.6
      vertex 7.77861 6.52631 1.6
    endloop
  endfacet
  facet normal 0 0 1
    outer loop
      vertex 6.8219 8.18338 1.6
      vertex 8.74414 14.5149 1.6
      vertex 7.62936 14.8933 1.6
    endloop
  endfacet
  facet normal 0 0 1
    outer loop
      vertex 9.79999 13.9942 1.6
      vertex 7.6097 7.15671 1.6
      vertex 7.71481 6.84705 1.6
    endloop
  endfacet
  facet normal 0 0 1
    outer loop
      vertex 9.79999 13.9942 1.6
      vertex 7.46506 7.45 1.6
      vertex 7.6097 7.15671 1.6
    endloop
  endfacet
  facet normal 0 0 1
    outer loop
      vertex 9.79999 13.9942 1.6
      vertex 7.28338 7.7219 1.6
      vertex 7.46506 7.45 1.6
    endloop
  endfacet
  facet normal 0 0 1
    outer loop
      vertex 9.79999 13.9942 1.6
      vertex 7.06777 7.96777 1.6
      vertex 7.28338 7.7219 1.6
    endloop
  endfacet
  facet normal 0 0 1
    outer loop
      vertex 6.8219 8.18338 1.6
      vertex 7.62936 14.8933 1.6
      vertex 7 15.0185 1.6
    endloop
  endfacet
  facet normal 0 0 1
    outer loop
      vertex 9.79999 13.9942 1.6
      vertex 6.8219 8.18338 1.6
      vertex 7.06777 7.96777 1.6
    endloop
  endfacet
  facet normal 0 0 1
    outer loop
      vertex 7.8 6.2 1.6
      vertex 14.305 6.2 1.6
      vertex 14.228 7.37539 1.6
    endloop
  endfacet
  facet normal 0 0 1
    outer loop
      vertex 7.77861 6.52631 1.6
      vertex 14.228 7.37539 1.6
      vertex 13.9982 8.53067 1.6
    endloop
  endfacet
  facet normal 0 0 1
    outer loop
      vertex 14.305 6.2 1.6
      vertex 7.8 6.2 1.6
      vertex 14.228 5.02461 1.6
    endloop
  endfacet
  facet normal 0 0 1
    outer loop
      vertex 7.77861 6.52631 1.6
      vertex 13.9982 8.53067 1.6
      vertex 13.6195 9.64606 1.6
    endloop
  endfacet
  facet normal -0 0 1
    outer loop
      vertex 7.77861 5.87368 1.6
      vertex 14.228 5.02461 1.6
      vertex 7.8 6.2 1.6
    endloop
  endfacet
  facet normal 0 0 1
    outer loop
      vertex 14.228 5.02461 1.6
      vertex 7.77861 5.87368 1.6
      vertex 13.9982 3.86933 1.6
    endloop
  endfacet
  facet normal 0 0 1
    outer loop
      vertex 7.77861 6.52631 1.6
      vertex 13.6195 9.64606 1.6
      vertex 13.0986 10.7025 1.6
    endloop
  endfacet
  facet normal 0 0 1
    outer loop
      vertex 7.77861 6.52631 1.6
      vertex 13.0986 10.7025 1.6
      vertex 12.4441 11.6819 1.6
    endloop
  endfacet
  facet normal 0 0 1
    outer loop
      vertex 7.77861 6.52631 1.6
      vertex 12.4441 11.6819 1.6
      vertex 11.6675 12.5675 1.6
    endloop
  endfacet
  facet normal -0 0 1
    outer loop
      vertex 11.4695 12.7345 1.6
      vertex 11.6675 12.5675 1.6
      vertex 11.4746 12.7367 1.6
    endloop
  endfacet
  facet normal 0 0 1
    outer loop
      vertex 7.77861 6.52631 1.6
      vertex 11.6675 12.5675 1.6
      vertex 11.4695 12.7345 1.6
    endloop
  endfacet
  facet normal 0 0 1
    outer loop
      vertex 7.77861 6.52631 1.6
      vertex 11.4695 12.7345 1.6
      vertex 10.7788 13.3402 1.6
    endloop
  endfacet
  facet normal 0 0 1
    outer loop
      vertex 7.77861 6.52631 1.6
      vertex 10.7788 13.3402 1.6
      vertex 9.79999 13.9942 1.6
    endloop
  endfacet
  facet normal 0 0 1
    outer loop
      vertex 6.8219 8.18338 1.6
      vertex 9.79999 13.9942 1.6
      vertex 8.74414 14.5149 1.6
    endloop
  endfacet
  facet normal -0 0 1
    outer loop
      vertex 7.71481 5.55295 1.6
      vertex 13.9982 3.86933 1.6
      vertex 7.77861 5.87368 1.6
    endloop
  endfacet
  facet normal 0 0 1
    outer loop
      vertex 13.9982 3.86933 1.6
      vertex 7.71481 5.55295 1.6
      vertex 13.6195 2.75393 1.6
    endloop
  endfacet
  facet normal -0 0 1
    outer loop
      vertex 7.6097 5.24329 1.6
      vertex 13.6195 2.75393 1.6
      vertex 7.71481 5.55295 1.6
    endloop
  endfacet
  facet normal 0 0 1
    outer loop
      vertex 13.6195 2.75393 1.6
      vertex 7.6097 5.24329 1.6
      vertex 13.2477 2 1.6
    endloop
  endfacet
  facet normal -0 0 1
    outer loop
      vertex 7.46506 4.95 1.6
      vertex 13.2477 2 1.6
      vertex 7.6097 5.24329 1.6
    endloop
  endfacet
  facet normal -0 0 1
    outer loop
      vertex 7.28338 4.6781 1.6
      vertex 13.2477 2 1.6
      vertex 7.46506 4.95 1.6
    endloop
  endfacet
  facet normal -0 0 1
    outer loop
      vertex 7.06777 4.43223 1.6
      vertex 13.2477 2 1.6
      vertex 7.28338 4.6781 1.6
    endloop
  endfacet
  facet normal -0 0 1
    outer loop
      vertex 6.8219 4.21662 1.6
      vertex 13.2477 2 1.6
      vertex 7.06777 4.43223 1.6
    endloop
  endfacet
  facet normal -0 0 1
    outer loop
      vertex 6.55 4.03494 1.6
      vertex 13.2477 2 1.6
      vertex 6.8219 4.21662 1.6
    endloop
  endfacet
  facet normal -0 0 1
    outer loop
      vertex 6.25671 3.8903 1.6
      vertex 13.2477 2 1.6
      vertex 6.55 4.03494 1.6
    endloop
  endfacet
  facet normal -0 0 1
    outer loop
      vertex 5.94705 3.78518 1.6
      vertex 13.2477 2 1.6
      vertex 6.25671 3.8903 1.6
    endloop
  endfacet
  facet normal -0 0 1
    outer loop
      vertex 5.62632 3.72139 1.6
      vertex 13.2477 2 1.6
      vertex 5.94705 3.78518 1.6
    endloop
  endfacet
  facet normal 0 0 1
    outer loop
      vertex 0 2 1.6
      vertex 5.62632 3.72139 1.6
      vertex 5.3 3.7 1.6
    endloop
  endfacet
  facet normal 0 0 1
    outer loop
      vertex 0 2 1.6
      vertex 5.3 3.7 1.6
      vertex 4.97368 3.72139 1.6
    endloop
  endfacet
  facet normal 0 0 1
    outer loop
      vertex 0 2 1.6
      vertex 4.97368 3.72139 1.6
      vertex 4.65295 3.78518 1.6
    endloop
  endfacet
  facet normal 0 0 1
    outer loop
      vertex 2.88519 6.84705 1.6
      vertex 0 13.4657 1.6
      vertex 2.82139 6.52631 1.6
    endloop
  endfacet
  facet normal 0 0 1
    outer loop
      vertex 0 2 1.6
      vertex 2.82139 6.52631 1.6
      vertex 0 13.4657 1.6
    endloop
  endfacet
  facet normal 0 0 1
    outer loop
      vertex 2.82139 6.52631 1.6
      vertex 0 2 1.6
      vertex 2.8 6.2 1.6
    endloop
  endfacet
  facet normal 0 0 1
    outer loop
      vertex 2.8 6.2 1.6
      vertex 0 2 1.6
      vertex 2.82139 5.87368 1.6
    endloop
  endfacet
  facet normal 0 0 1
    outer loop
      vertex 2.82139 5.87368 1.6
      vertex 0 2 1.6
      vertex 2.88519 5.55295 1.6
    endloop
  endfacet
  facet normal 0 0 1
    outer loop
      vertex 5.62632 3.72139 1.6
      vertex 0 2 1.6
      vertex 13.2477 2 1.6
    endloop
  endfacet
  facet normal 0 0 1
    outer loop
      vertex 4.34329 3.8903 1.6
      vertex 0 2 1.6
      vertex 4.65295 3.78518 1.6
    endloop
  endfacet
  facet normal 0 0 1
    outer loop
      vertex 4.05 4.03494 1.6
      vertex 0 2 1.6
      vertex 4.34329 3.8903 1.6
    endloop
  endfacet
  facet normal 0 0 1
    outer loop
      vertex 3.7781 4.21662 1.6
      vertex 0 2 1.6
      vertex 4.05 4.03494 1.6
    endloop
  endfacet
  facet normal 0 0 1
    outer loop
      vertex 3.53223 4.43223 1.6
      vertex 0 2 1.6
      vertex 3.7781 4.21662 1.6
    endloop
  endfacet
  facet normal 0 0 1
    outer loop
      vertex 3.31662 4.6781 1.6
      vertex 0 2 1.6
      vertex 3.53223 4.43223 1.6
    endloop
  endfacet
  facet normal 0 0 1
    outer loop
      vertex 3.13494 4.95 1.6
      vertex 0 2 1.6
      vertex 3.31662 4.6781 1.6
    endloop
  endfacet
  facet normal 0 0 1
    outer loop
      vertex 2.9903 5.24329 1.6
      vertex 0 2 1.6
      vertex 3.13494 4.95 1.6
    endloop
  endfacet
  facet normal 0 0 1
    outer loop
      vertex 2.88519 5.55295 1.6
      vertex 0 2 1.6
      vertex 2.9903 5.24329 1.6
    endloop
  endfacet
  facet normal -0.980753 -0.195254 7.72615e-18
    outer loop
      vertex 114.028 5.57539 1.6
      vertex 113.798 6.73067 3
      vertex 113.798 6.73067 1.6
    endloop
  endfacet
  facet normal -0.980753 -0.195254 7.72615e-18
    outer loop
      vertex 113.798 6.73067 3
      vertex 114.028 5.57539 1.6
      vertex 114.028 5.57539 3
    endloop
  endfacet
  facet normal -0.997861 -0.0653701 1.11689e-18
    outer loop
      vertex 114.105 4.4 1.6
      vertex 114.028 5.57539 3
      vertex 114.028 5.57539 1.6
    endloop
  endfacet
  facet normal -0.997861 -0.0653701 1.11689e-18
    outer loop
      vertex 114.028 5.57539 3
      vertex 114.105 4.4 1.6
      vertex 114.105 4.4 3
    endloop
  endfacet
  facet normal -0.947092 0.320963 -9.55067e-18
    outer loop
      vertex 113.42 0.953936 1.6
      vertex 113.798 2.06933 3
      vertex 113.798 2.06933 1.6
    endloop
  endfacet
  facet normal -0.947092 0.320963 -9.55067e-18
    outer loop
      vertex 113.798 2.06933 3
      vertex 113.42 0.953936 1.6
      vertex 113.42 0.953936 3
    endloop
  endfacet
  facet normal -0.997861 0.0653701 -1.72281e-18
    outer loop
      vertex 114.028 3.22461 1.6
      vertex 114.105 4.4 3
      vertex 114.105 4.4 1.6
    endloop
  endfacet
  facet normal -0.997861 0.0653701 -1.72281e-18
    outer loop
      vertex 114.105 4.4 3
      vertex 114.028 3.22461 1.6
      vertex 114.028 3.22461 3
    endloop
  endfacet
  facet normal -0.980753 0.195254 -7.72615e-18
    outer loop
      vertex 113.798 2.06933 1.6
      vertex 114.028 3.22461 3
      vertex 114.028 3.22461 1.6
    endloop
  endfacet
  facet normal -0.980753 0.195254 -7.72615e-18
    outer loop
      vertex 114.028 3.22461 3
      vertex 113.798 2.06933 1.6
      vertex 113.798 2.06933 3
    endloop
  endfacet
  facet normal 0.94685 -0.321675 -4.01889e-18
    outer loop
      vertex 96.4018 6.73067 3
      vertex 96.4933 7 1.6
      vertex 96.4933 7 3
    endloop
  endfacet
  facet normal 0.94685 -0.321675 -4.01889e-18
    outer loop
      vertex 96.4933 7 1.6
      vertex 96.4018 6.73067 3
      vertex 96.4018 6.73067 1.6
    endloop
  endfacet
  facet normal 0.980785 0.195091 9.26088e-18
    outer loop
      vertex 96.4018 2.06933 3
      vertex 96.172 3.22461 1.6
      vertex 96.172 3.22461 3
    endloop
  endfacet
  facet normal 0.980785 0.195091 9.26088e-18
    outer loop
      vertex 96.172 3.22461 1.6
      vertex 96.4018 2.06933 3
      vertex 96.4018 2.06933 1.6
    endloop
  endfacet
  facet normal 0 0 1
    outer loop
      vertex 114.028 5.57539 1.6
      vertex 107.579 4.72631 1.6
      vertex 107.6 4.4 1.6
    endloop
  endfacet
  facet normal 0 0 1
    outer loop
      vertex 109.6 12.1942 1.6
      vertex 107.515 5.04705 1.6
      vertex 107.579 4.72631 1.6
    endloop
  endfacet
  facet normal 0 0 1
    outer loop
      vertex 106.057 6.7097 1.6
      vertex 108.544 12.7149 1.6
      vertex 107.429 13.0933 1.6
    endloop
  endfacet
  facet normal 0 0 1
    outer loop
      vertex 109.6 12.1942 1.6
      vertex 107.41 5.35671 1.6
      vertex 107.515 5.04705 1.6
    endloop
  endfacet
  facet normal 0 0 1
    outer loop
      vertex 109.6 12.1942 1.6
      vertex 107.265 5.65 1.6
      vertex 107.41 5.35671 1.6
    endloop
  endfacet
  facet normal 0 0 1
    outer loop
      vertex 109.6 12.1942 1.6
      vertex 107.083 5.9219 1.6
      vertex 107.265 5.65 1.6
    endloop
  endfacet
  facet normal 0 0 1
    outer loop
      vertex 109.6 12.1942 1.6
      vertex 106.868 6.16777 1.6
      vertex 107.083 5.9219 1.6
    endloop
  endfacet
  facet normal 0 0 1
    outer loop
      vertex 109.6 12.1942 1.6
      vertex 106.622 6.38338 1.6
      vertex 106.868 6.16777 1.6
    endloop
  endfacet
  facet normal 0 0 1
    outer loop
      vertex 109.6 12.1942 1.6
      vertex 106.35 6.56506 1.6
      vertex 106.622 6.38338 1.6
    endloop
  endfacet
  facet normal 0 0 1
    outer loop
      vertex 105.747 6.81481 1.6
      vertex 107.429 13.0933 1.6
      vertex 106.275 13.323 1.6
    endloop
  endfacet
  facet normal 0 0 1
    outer loop
      vertex 108.544 12.7149 1.6
      vertex 106.057 6.7097 1.6
      vertex 106.35 6.56506 1.6
    endloop
  endfacet
  facet normal 0 0 1
    outer loop
      vertex 107.429 13.0933 1.6
      vertex 105.747 6.81481 1.6
      vertex 106.057 6.7097 1.6
    endloop
  endfacet
  facet normal 0 0 1
    outer loop
      vertex 106.275 13.323 1.6
      vertex 105.426 6.87861 1.6
      vertex 105.747 6.81481 1.6
    endloop
  endfacet
  facet normal 0 0 1
    outer loop
      vertex 106.275 13.323 1.6
      vertex 105.1 6.9 1.6
      vertex 105.426 6.87861 1.6
    endloop
  endfacet
  facet normal 0 0 1
    outer loop
      vertex 105.1 13.4 1.6
      vertex 105.1 6.9 1.6
      vertex 106.275 13.323 1.6
    endloop
  endfacet
  facet normal 0 0 1
    outer loop
      vertex 105.1 13.4 1.6
      vertex 104.774 6.87861 1.6
      vertex 105.1 6.9 1.6
    endloop
  endfacet
  facet normal -0 0 1
    outer loop
      vertex 103.925 13.323 1.6
      vertex 104.774 6.87861 1.6
      vertex 105.1 13.4 1.6
    endloop
  endfacet
  facet normal 0 0 1
    outer loop
      vertex 104.774 6.87861 1.6
      vertex 103.925 13.323 1.6
      vertex 104.453 6.81481 1.6
    endloop
  endfacet
  facet normal -0 0 1
    outer loop
      vertex 102.771 13.0933 1.6
      vertex 104.453 6.81481 1.6
      vertex 103.925 13.323 1.6
    endloop
  endfacet
  facet normal 0 0 1
    outer loop
      vertex 104.453 6.81481 1.6
      vertex 102.771 13.0933 1.6
      vertex 104.143 6.7097 1.6
    endloop
  endfacet
  facet normal -0 0 1
    outer loop
      vertex 101.656 12.7149 1.6
      vertex 104.143 6.7097 1.6
      vertex 102.771 13.0933 1.6
    endloop
  endfacet
  facet normal 0 0 1
    outer loop
      vertex 104.143 6.7097 1.6
      vertex 101.656 12.7149 1.6
      vertex 103.85 6.56506 1.6
    endloop
  endfacet
  facet normal -0 0 1
    outer loop
      vertex 100.6 12.1942 1.6
      vertex 103.85 6.56506 1.6
      vertex 101.656 12.7149 1.6
    endloop
  endfacet
  facet normal 0 0 1
    outer loop
      vertex 103.85 6.56506 1.6
      vertex 100.6 12.1942 1.6
      vertex 103.578 6.38338 1.6
    endloop
  endfacet
  facet normal -0 0 1
    outer loop
      vertex 99.6211 11.5402 1.6
      vertex 103.578 6.38338 1.6
      vertex 100.6 12.1942 1.6
    endloop
  endfacet
  facet normal 0 0 1
    outer loop
      vertex 103.578 6.38338 1.6
      vertex 99.6211 11.5402 1.6
      vertex 103.332 6.16777 1.6
    endloop
  endfacet
  facet normal -0 0 1
    outer loop
      vertex 98.736 10.7639 1.6
      vertex 103.332 6.16777 1.6
      vertex 99.6211 11.5402 1.6
    endloop
  endfacet
  facet normal 0 0 1
    outer loop
      vertex 103.332 6.16777 1.6
      vertex 98.736 10.7639 1.6
      vertex 103.117 5.9219 1.6
    endloop
  endfacet
  facet normal -0 0 1
    outer loop
      vertex 97.9598 9.87885 1.6
      vertex 103.117 5.9219 1.6
      vertex 98.736 10.7639 1.6
    endloop
  endfacet
  facet normal 0 0 1
    outer loop
      vertex 103.117 5.9219 1.6
      vertex 97.9598 9.87885 1.6
      vertex 102.935 5.65 1.6
    endloop
  endfacet
  facet normal 0 0 1
    outer loop
      vertex 107.6 4.4 1.6
      vertex 114.105 4.4 1.6
      vertex 114.028 5.57539 1.6
    endloop
  endfacet
  facet normal 0 0 1
    outer loop
      vertex 107.579 4.72631 1.6
      vertex 114.028 5.57539 1.6
      vertex 113.798 6.73067 1.6
    endloop
  endfacet
  facet normal 0 0 1
    outer loop
      vertex 114.105 4.4 1.6
      vertex 107.6 4.4 1.6
      vertex 114.028 3.22461 1.6
    endloop
  endfacet
  facet normal -0 0 1
    outer loop
      vertex 113.701 7 1.6
      vertex 113.798 6.73067 1.6
      vertex 113.707 7 1.6
    endloop
  endfacet
  facet normal 0 0 1
    outer loop
      vertex 107.579 4.72631 1.6
      vertex 113.798 6.73067 1.6
      vertex 113.701 7 1.6
    endloop
  endfacet
  facet normal -0 0 1
    outer loop
      vertex 107.579 4.07368 1.6
      vertex 114.028 3.22461 1.6
      vertex 107.6 4.4 1.6
    endloop
  endfacet
  facet normal 0 0 1
    outer loop
      vertex 107.579 4.72631 1.6
      vertex 113.701 7 1.6
      vertex 113.415 7.84415 1.6
    endloop
  endfacet
  facet normal 0 0 1
    outer loop
      vertex 114.028 3.22461 1.6
      vertex 107.579 4.07368 1.6
      vertex 113.798 2.06933 1.6
    endloop
  endfacet
  facet normal 0 0 1
    outer loop
      vertex 107.579 4.72631 1.6
      vertex 113.415 7.84415 1.6
      vertex 112.894 8.89999 1.6
    endloop
  endfacet
  facet normal 0 0 1
    outer loop
      vertex 107.579 4.72631 1.6
      vertex 112.894 8.89999 1.6
      vertex 112.24 9.87885 1.6
    endloop
  endfacet
  facet normal 0 0 1
    outer loop
      vertex 107.579 4.72631 1.6
      vertex 112.24 9.87885 1.6
      vertex 111.464 10.7639 1.6
    endloop
  endfacet
  facet normal 0 0 1
    outer loop
      vertex 107.579 4.72631 1.6
      vertex 111.464 10.7639 1.6
      vertex 110.579 11.5402 1.6
    endloop
  endfacet
  facet normal 0 0 1
    outer loop
      vertex 107.579 4.72631 1.6
      vertex 110.579 11.5402 1.6
      vertex 109.6 12.1942 1.6
    endloop
  endfacet
  facet normal 0 0 1
    outer loop
      vertex 106.35 6.56506 1.6
      vertex 109.6 12.1942 1.6
      vertex 108.544 12.7149 1.6
    endloop
  endfacet
  facet normal -0 0 1
    outer loop
      vertex 107.515 3.75295 1.6
      vertex 113.798 2.06933 1.6
      vertex 107.579 4.07368 1.6
    endloop
  endfacet
  facet normal 0 0 1
    outer loop
      vertex 113.798 2.06933 1.6
      vertex 107.515 3.75295 1.6
      vertex 113.42 0.953936 1.6
    endloop
  endfacet
  facet normal -0 0 1
    outer loop
      vertex 107.41 3.44329 1.6
      vertex 113.42 0.953936 1.6
      vertex 107.515 3.75295 1.6
    endloop
  endfacet
  facet normal 0 0 1
    outer loop
      vertex 113.42 0.953936 1.6
      vertex 107.41 3.44329 1.6
      vertex 112.949 0 1.6
    endloop
  endfacet
  facet normal -0 0 1
    outer loop
      vertex 107.265 3.15 1.6
      vertex 112.949 0 1.6
      vertex 107.41 3.44329 1.6
    endloop
  endfacet
  facet normal -0 0 1
    outer loop
      vertex 107.083 2.8781 1.6
      vertex 112.949 0 1.6
      vertex 107.265 3.15 1.6
    endloop
  endfacet
  facet normal -0 0 1
    outer loop
      vertex 106.868 2.63223 1.6
      vertex 112.949 0 1.6
      vertex 107.083 2.8781 1.6
    endloop
  endfacet
  facet normal -0 0 1
    outer loop
      vertex 106.622 2.41662 1.6
      vertex 112.949 0 1.6
      vertex 106.868 2.63223 1.6
    endloop
  endfacet
  facet normal -0 0 1
    outer loop
      vertex 106.35 2.23494 1.6
      vertex 112.949 0 1.6
      vertex 106.622 2.41662 1.6
    endloop
  endfacet
  facet normal -0 0 1
    outer loop
      vertex 106.057 2.0903 1.6
      vertex 112.949 0 1.6
      vertex 106.35 2.23494 1.6
    endloop
  endfacet
  facet normal -0 0 1
    outer loop
      vertex 105.747 1.98518 1.6
      vertex 112.949 0 1.6
      vertex 106.057 2.0903 1.6
    endloop
  endfacet
  facet normal -0 0 1
    outer loop
      vertex 105.426 1.92139 1.6
      vertex 112.949 0 1.6
      vertex 105.747 1.98518 1.6
    endloop
  endfacet
  facet normal -0 0 1
    outer loop
      vertex 105.1 1.9 1.6
      vertex 112.949 0 1.6
      vertex 105.426 1.92139 1.6
    endloop
  endfacet
  facet normal 0 0 1
    outer loop
      vertex 97.2509 0 1.6
      vertex 105.1 1.9 1.6
      vertex 104.774 1.92139 1.6
    endloop
  endfacet
  facet normal 0 0 1
    outer loop
      vertex 97.2509 0 1.6
      vertex 104.774 1.92139 1.6
      vertex 104.453 1.98518 1.6
    endloop
  endfacet
  facet normal -0 0 1
    outer loop
      vertex 97.3058 8.89999 1.6
      vertex 102.935 5.65 1.6
      vertex 97.9598 9.87885 1.6
    endloop
  endfacet
  facet normal 0 0 1
    outer loop
      vertex 102.935 5.65 1.6
      vertex 97.3058 8.89999 1.6
      vertex 102.79 5.35671 1.6
    endloop
  endfacet
  facet normal -0 0 1
    outer loop
      vertex 96.7851 7.84415 1.6
      vertex 102.79 5.35671 1.6
      vertex 97.3058 8.89999 1.6
    endloop
  endfacet
  facet normal -0 0 1
    outer loop
      vertex 96.4985 7 1.6
      vertex 102.79 5.35671 1.6
      vertex 96.7851 7.84415 1.6
    endloop
  endfacet
  facet normal 0 0 1
    outer loop
      vertex 102.79 5.35671 1.6
      vertex 96.4985 7 1.6
      vertex 102.685 5.04705 1.6
    endloop
  endfacet
  facet normal -0 0 1
    outer loop
      vertex 96.4018 6.73067 1.6
      vertex 102.685 5.04705 1.6
      vertex 96.4985 7 1.6
    endloop
  endfacet
  facet normal 0 0 1
    outer loop
      vertex 102.685 5.04705 1.6
      vertex 96.4018 6.73067 1.6
      vertex 102.621 4.72631 1.6
    endloop
  endfacet
  facet normal -0 0 1
    outer loop
      vertex 96.172 5.57539 1.6
      vertex 102.621 4.72631 1.6
      vertex 96.4018 6.73067 1.6
    endloop
  endfacet
  facet normal 0 0 1
    outer loop
      vertex 102.621 4.72631 1.6
      vertex 96.172 5.57539 1.6
      vertex 102.6 4.4 1.6
    endloop
  endfacet
  facet normal 0 0 1
    outer loop
      vertex 96.095 4.4 1.6
      vertex 102.6 4.4 1.6
      vertex 96.172 5.57539 1.6
    endloop
  endfacet
  facet normal 0 0 1
    outer loop
      vertex 102.6 4.4 1.6
      vertex 96.095 4.4 1.6
      vertex 102.621 4.07368 1.6
    endloop
  endfacet
  facet normal 0 0 1
    outer loop
      vertex 105.1 1.9 1.6
      vertex 97.2509 0 1.6
      vertex 112.949 0 1.6
    endloop
  endfacet
  facet normal 0 0 1
    outer loop
      vertex 104.143 2.0903 1.6
      vertex 97.2509 0 1.6
      vertex 104.453 1.98518 1.6
    endloop
  endfacet
  facet normal 0 0 1
    outer loop
      vertex 103.85 2.23494 1.6
      vertex 97.2509 0 1.6
      vertex 104.143 2.0903 1.6
    endloop
  endfacet
  facet normal 0 0 1
    outer loop
      vertex 103.578 2.41662 1.6
      vertex 97.2509 0 1.6
      vertex 103.85 2.23494 1.6
    endloop
  endfacet
  facet normal 0 0 1
    outer loop
      vertex 103.332 2.63223 1.6
      vertex 97.2509 0 1.6
      vertex 103.578 2.41662 1.6
    endloop
  endfacet
  facet normal 0 -0 1
    outer loop
      vertex 96.172 3.22461 1.6
      vertex 102.621 4.07368 1.6
      vertex 96.095 4.4 1.6
    endloop
  endfacet
  facet normal 0 0 1
    outer loop
      vertex 102.621 4.07368 1.6
      vertex 96.172 3.22461 1.6
      vertex 102.685 3.75295 1.6
    endloop
  endfacet
  facet normal 0 -0 1
    outer loop
      vertex 96.4018 2.06933 1.6
      vertex 102.685 3.75295 1.6
      vertex 96.172 3.22461 1.6
    endloop
  endfacet
  facet normal 0 0 1
    outer loop
      vertex 103.117 2.8781 1.6
      vertex 97.2509 0 1.6
      vertex 103.332 2.63223 1.6
    endloop
  endfacet
  facet normal 0 0 1
    outer loop
      vertex 96.4018 6.73067 1.6
      vertex 96.4985 7 1.6
      vertex 96.4933 7 1.6
    endloop
  endfacet
  facet normal 0 0 1
    outer loop
      vertex 102.685 3.75295 1.6
      vertex 96.4018 2.06933 1.6
      vertex 102.79 3.44329 1.6
    endloop
  endfacet
  facet normal 0 0 1
    outer loop
      vertex 102.935 3.15 1.6
      vertex 97.2509 0 1.6
      vertex 103.117 2.8781 1.6
    endloop
  endfacet
  facet normal 0 -0 1
    outer loop
      vertex 96.7805 0.953936 1.6
      vertex 102.79 3.44329 1.6
      vertex 96.4018 2.06933 1.6
    endloop
  endfacet
  facet normal 0 0 1
    outer loop
      vertex 102.79 3.44329 1.6
      vertex 97.2509 0 1.6
      vertex 102.935 3.15 1.6
    endloop
  endfacet
  facet normal 0 -0 1
    outer loop
      vertex 97.2509 0 1.6
      vertex 102.79 3.44329 1.6
      vertex 96.7805 0.953936 1.6
    endloop
  endfacet
  facet normal 0.896884 0.442267 9.4775e-18
    outer loop
      vertex 97.2509 0 3
      vertex 96.7805 0.953936 1.6
      vertex 96.7805 0.953936 3
    endloop
  endfacet
  facet normal 0.896884 0.442267 9.4775e-18
    outer loop
      vertex 96.7805 0.953936 1.6
      vertex 97.2509 0 3
      vertex 97.2509 0 1.6
    endloop
  endfacet
  facet normal 0.946911 0.321496 1.03447e-17
    outer loop
      vertex 96.7805 0.953936 3
      vertex 96.4018 2.06933 1.6
      vertex 96.4018 2.06933 3
    endloop
  endfacet
  facet normal 0.946911 0.321496 1.03447e-17
    outer loop
      vertex 96.4018 2.06933 1.6
      vertex 96.7805 0.953936 3
      vertex 96.7805 0.953936 1.6
    endloop
  endfacet
  facet normal -0.947384 -0.320098 5.82377e-19
    outer loop
      vertex 113.798 6.73067 1.6
      vertex 113.707 7 3
      vertex 113.707 7 1.6
    endloop
  endfacet
  facet normal -0.947384 -0.320098 5.82377e-19
    outer loop
      vertex 113.707 7 3
      vertex 113.798 6.73067 1.6
      vertex 113.798 6.73067 3
    endloop
  endfacet
  facet normal 0.997861 0.0653701 1.72281e-18
    outer loop
      vertex 96.172 3.22461 3
      vertex 96.095 4.4 1.6
      vertex 96.095 4.4 3
    endloop
  endfacet
  facet normal 0.997861 0.0653701 1.72281e-18
    outer loop
      vertex 96.095 4.4 1.6
      vertex 96.172 3.22461 3
      vertex 96.172 3.22461 1.6
    endloop
  endfacet
  facet normal -0.89666 0.44272 -1.70269e-17
    outer loop
      vertex 112.949 0 1.6
      vertex 113.42 0.953936 3
      vertex 113.42 0.953936 1.6
    endloop
  endfacet
  facet normal -0.89666 0.44272 -1.70269e-17
    outer loop
      vertex 113.42 0.953936 3
      vertex 112.949 0 1.6
      vertex 112.949 0 3
    endloop
  endfacet
  facet normal 0.980785 -0.195091 -9.26088e-18
    outer loop
      vertex 96.172 5.57539 3
      vertex 96.4018 6.73067 1.6
      vertex 96.4018 6.73067 3
    endloop
  endfacet
  facet normal 0.980785 -0.195091 -9.26088e-18
    outer loop
      vertex 96.4018 6.73067 1.6
      vertex 96.172 5.57539 3
      vertex 96.172 5.57539 1.6
    endloop
  endfacet
  facet normal 0.997861 -0.0653701 -1.11689e-18
    outer loop
      vertex 96.095 4.4 3
      vertex 96.172 5.57539 1.6
      vertex 96.172 5.57539 3
    endloop
  endfacet
  facet normal 0.997861 -0.0653701 -1.11689e-18
    outer loop
      vertex 96.172 5.57539 1.6
      vertex 96.095 4.4 3
      vertex 96.095 4.4 1.6
    endloop
  endfacet
  facet normal 0.661156 0.750248 -0
    outer loop
      vertex 127.425 56.0633 1.6
      vertex 127.233 56.2325 3
      vertex 127.425 56.0633 3
    endloop
  endfacet
  facet normal 0.661156 0.750248 0
    outer loop
      vertex 127.233 56.2325 3
      vertex 127.425 56.0633 1.6
      vertex 127.233 56.2325 1.6
    endloop
  endfacet
  facet normal 0.194974 0.980808 -0
    outer loop
      vertex 132.425 53.672 1.6
      vertex 131.269 53.9018 3
      vertex 132.425 53.672 3
    endloop
  endfacet
  facet normal 0.194974 0.980808 0
    outer loop
      vertex 131.269 53.9018 3
      vertex 132.425 53.672 1.6
      vertex 131.269 53.9018 1.6
    endloop
  endfacet
  facet normal -0.442243 0.896895 0
    outer loop
      vertex 138 54.7509 1.6
      vertex 137.046 54.2805 3
      vertex 138 54.7509 3
    endloop
  endfacet
  facet normal -0.442243 0.896895 0
    outer loop
      vertex 137.046 54.2805 3
      vertex 138 54.7509 1.6
      vertex 137.046 54.2805 1.6
    endloop
  endfacet
  facet normal -0.194974 0.980808 0
    outer loop
      vertex 135.931 53.9018 1.6
      vertex 134.775 53.672 3
      vertex 135.931 53.9018 3
    endloop
  endfacet
  facet normal -0.194974 0.980808 0
    outer loop
      vertex 134.775 53.672 3
      vertex 135.931 53.9018 1.6
      vertex 134.775 53.672 1.6
    endloop
  endfacet
  facet normal 0.947092 0.320962 1.46996e-18
    outer loop
      vertex 125.28 59.1539 3
      vertex 124.902 60.2693 1.6
      vertex 124.902 60.2693 3
    endloop
  endfacet
  facet normal 0.947092 0.320962 1.46996e-18
    outer loop
      vertex 124.902 60.2693 1.6
      vertex 125.28 59.1539 3
      vertex 125.28 59.1539 1.6
    endloop
  endfacet
  facet normal 0.322029 0.94673 -0
    outer loop
      vertex 131.269 53.9018 1.6
      vertex 131 53.9933 3
      vertex 131.269 53.9018 3
    endloop
  endfacet
  facet normal 0.322029 0.94673 0
    outer loop
      vertex 131 53.9933 3
      vertex 131.269 53.9018 1.6
      vertex 131 53.9933 1.6
    endloop
  endfacet
  facet normal -0.321598 0.946876 0
    outer loop
      vertex 137.046 54.2805 1.6
      vertex 135.931 53.9018 3
      vertex 137.046 54.2805 3
    endloop
  endfacet
  facet normal -0.321598 0.946876 0
    outer loop
      vertex 135.931 53.9018 3
      vertex 137.046 54.2805 1.6
      vertex 135.931 53.9018 1.6
    endloop
  endfacet
  facet normal -0.0653917 -0.99786 0
    outer loop
      vertex 133.6 71.605 1.6
      vertex 134.775 71.528 3
      vertex 133.6 71.605 3
    endloop
  endfacet
  facet normal -0.0653917 -0.99786 -0
    outer loop
      vertex 134.775 71.528 3
      vertex 133.6 71.605 1.6
      vertex 134.775 71.528 1.6
    endloop
  endfacet
  facet normal -0 0 1
    outer loop
      vertex 125.806 67.1 1.6
      vertex 131.435 63.85 1.6
      vertex 126.46 68.0788 1.6
    endloop
  endfacet
  facet normal 0 0 1
    outer loop
      vertex 131.435 63.85 1.6
      vertex 125.806 67.1 1.6
      vertex 131.29 63.5567 1.6
    endloop
  endfacet
  facet normal 0 -0 1
    outer loop
      vertex 130.156 54.2851 1.6
      vertex 131.1 62.6 1.6
      vertex 129.1 54.8058 1.6
    endloop
  endfacet
  facet normal 0 0 1
    outer loop
      vertex 131.1 62.6 1.6
      vertex 130.156 54.2851 1.6
      vertex 131 53.9985 1.6
    endloop
  endfacet
  facet normal -0 0 1
    outer loop
      vertex 125.285 66.0441 1.6
      vertex 131.29 63.5567 1.6
      vertex 125.806 67.1 1.6
    endloop
  endfacet
  facet normal 0 -0 1
    outer loop
      vertex 128.121 55.4598 1.6
      vertex 131.1 62.6 1.6
      vertex 127.43 56.0655 1.6
    endloop
  endfacet
  facet normal 0 0 1
    outer loop
      vertex 131.1 62.6 1.6
      vertex 128.121 55.4598 1.6
      vertex 129.1 54.8058 1.6
    endloop
  endfacet
  facet normal 0 0 1
    outer loop
      vertex 131.29 63.5567 1.6
      vertex 125.285 66.0441 1.6
      vertex 131.185 63.247 1.6
    endloop
  endfacet
  facet normal -0 0 1
    outer loop
      vertex 124.907 64.9294 1.6
      vertex 131.185 63.247 1.6
      vertex 125.285 66.0441 1.6
    endloop
  endfacet
  facet normal 0 0 1
    outer loop
      vertex 131.185 63.247 1.6
      vertex 124.907 64.9294 1.6
      vertex 131.121 62.9263 1.6
    endloop
  endfacet
  facet normal 0 0 1
    outer loop
      vertex 131.1 62.6 1.6
      vertex 127.233 56.2325 1.6
      vertex 127.43 56.0655 1.6
    endloop
  endfacet
  facet normal 0 0 1
    outer loop
      vertex 127.43 56.0655 1.6
      vertex 127.233 56.2325 1.6
      vertex 127.425 56.0633 1.6
    endloop
  endfacet
  facet normal 0 -0 1
    outer loop
      vertex 126.456 57.1181 1.6
      vertex 131.1 62.6 1.6
      vertex 125.801 58.0975 1.6
    endloop
  endfacet
  facet normal 0 -0 1
    outer loop
      vertex 127.233 56.2325 1.6
      vertex 131.1 62.6 1.6
      vertex 126.456 57.1181 1.6
    endloop
  endfacet
  facet normal -0 0 1
    outer loop
      vertex 124.677 63.7747 1.6
      vertex 131.121 62.9263 1.6
      vertex 124.907 64.9294 1.6
    endloop
  endfacet
  facet normal 0 0 1
    outer loop
      vertex 131.1 62.6 1.6
      vertex 125.28 59.1539 1.6
      vertex 125.801 58.0975 1.6
    endloop
  endfacet
  facet normal 0 0 1
    outer loop
      vertex 131.121 62.9263 1.6
      vertex 124.677 63.7747 1.6
      vertex 131.1 62.6 1.6
    endloop
  endfacet
  facet normal 0 0 1
    outer loop
      vertex 131.1 62.6 1.6
      vertex 124.902 60.2693 1.6
      vertex 125.28 59.1539 1.6
    endloop
  endfacet
  facet normal 0 0 1
    outer loop
      vertex 124.6 62.6 1.6
      vertex 131.1 62.6 1.6
      vertex 124.677 63.7747 1.6
    endloop
  endfacet
  facet normal 0 -0 1
    outer loop
      vertex 124.672 61.4246 1.6
      vertex 131.1 62.6 1.6
      vertex 124.609 62.4698 1.6
    endloop
  endfacet
  facet normal 0 0 1
    outer loop
      vertex 131.1 62.6 1.6
      vertex 124.672 61.4246 1.6
      vertex 124.902 60.2693 1.6
    endloop
  endfacet
  facet normal 0 0 1
    outer loop
      vertex 131.1 62.6 1.6
      vertex 124.6 62.6 1.6
      vertex 124.609 62.4698 1.6
    endloop
  endfacet
  facet normal 0 0 1
    outer loop
      vertex 124.672 61.4246 1.6
      vertex 124.609 62.4698 1.6
      vertex 124.604 62.4676 1.6
    endloop
  endfacet
  facet normal 0 0 1
    outer loop
      vertex 134.557 64.9097 1.6
      vertex 138 70.4491 1.6
      vertex 137.046 70.9195 1.6
    endloop
  endfacet
  facet normal 0 0 1
    outer loop
      vertex 138 70.4491 1.6
      vertex 136.1 62.6 1.6
      vertex 138 54.7509 1.6
    endloop
  endfacet
  facet normal -0 0 1
    outer loop
      vertex 136.079 62.2737 1.6
      vertex 138 54.7509 1.6
      vertex 136.1 62.6 1.6
    endloop
  endfacet
  facet normal 0 0 1
    outer loop
      vertex 138 70.4491 1.6
      vertex 136.079 62.9263 1.6
      vertex 136.1 62.6 1.6
    endloop
  endfacet
  facet normal 0 0 1
    outer loop
      vertex 138 70.4491 1.6
      vertex 136.015 63.247 1.6
      vertex 136.079 62.9263 1.6
    endloop
  endfacet
  facet normal 0 0 1
    outer loop
      vertex 134.557 64.9097 1.6
      vertex 137.046 70.9195 1.6
      vertex 135.931 71.2982 1.6
    endloop
  endfacet
  facet normal 0 0 1
    outer loop
      vertex 138 70.4491 1.6
      vertex 135.91 63.5567 1.6
      vertex 136.015 63.247 1.6
    endloop
  endfacet
  facet normal 0 0 1
    outer loop
      vertex 138 70.4491 1.6
      vertex 135.765 63.85 1.6
      vertex 135.91 63.5567 1.6
    endloop
  endfacet
  facet normal 0 0 1
    outer loop
      vertex 138 70.4491 1.6
      vertex 135.583 64.1219 1.6
      vertex 135.765 63.85 1.6
    endloop
  endfacet
  facet normal 0 0 1
    outer loop
      vertex 138 70.4491 1.6
      vertex 135.368 64.3678 1.6
      vertex 135.583 64.1219 1.6
    endloop
  endfacet
  facet normal 0 0 1
    outer loop
      vertex 138 70.4491 1.6
      vertex 135.122 64.5834 1.6
      vertex 135.368 64.3678 1.6
    endloop
  endfacet
  facet normal 0 0 1
    outer loop
      vertex 138 70.4491 1.6
      vertex 134.85 64.7651 1.6
      vertex 135.122 64.5834 1.6
    endloop
  endfacet
  facet normal 0 0 1
    outer loop
      vertex 134.247 65.0148 1.6
      vertex 135.931 71.2982 1.6
      vertex 134.775 71.528 1.6
    endloop
  endfacet
  facet normal 0 0 1
    outer loop
      vertex 138 70.4491 1.6
      vertex 134.557 64.9097 1.6
      vertex 134.85 64.7651 1.6
    endloop
  endfacet
  facet normal 0 0 1
    outer loop
      vertex 135.931 71.2982 1.6
      vertex 134.247 65.0148 1.6
      vertex 134.557 64.9097 1.6
    endloop
  endfacet
  facet normal 0 0 1
    outer loop
      vertex 134.775 71.528 1.6
      vertex 133.926 65.0786 1.6
      vertex 134.247 65.0148 1.6
    endloop
  endfacet
  facet normal 0 0 1
    outer loop
      vertex 133.6 71.605 1.6
      vertex 133.926 65.0786 1.6
      vertex 134.775 71.528 1.6
    endloop
  endfacet
  facet normal 0 0 1
    outer loop
      vertex 133.6 71.605 1.6
      vertex 133.6 65.1 1.6
      vertex 133.926 65.0786 1.6
    endloop
  endfacet
  facet normal 0 0 1
    outer loop
      vertex 133.6 71.605 1.6
      vertex 133.274 65.0786 1.6
      vertex 133.6 65.1 1.6
    endloop
  endfacet
  facet normal -0 0 1
    outer loop
      vertex 132.425 71.528 1.6
      vertex 133.274 65.0786 1.6
      vertex 133.6 71.605 1.6
    endloop
  endfacet
  facet normal 0 0 1
    outer loop
      vertex 133.274 65.0786 1.6
      vertex 132.425 71.528 1.6
      vertex 132.953 65.0148 1.6
    endloop
  endfacet
  facet normal -0 0 1
    outer loop
      vertex 131.269 71.2982 1.6
      vertex 132.953 65.0148 1.6
      vertex 132.425 71.528 1.6
    endloop
  endfacet
  facet normal -0 0 1
    outer loop
      vertex 131 71.2015 1.6
      vertex 132.953 65.0148 1.6
      vertex 131.269 71.2982 1.6
    endloop
  endfacet
  facet normal 0 0 1
    outer loop
      vertex 132.953 65.0148 1.6
      vertex 131 71.2015 1.6
      vertex 132.643 64.9097 1.6
    endloop
  endfacet
  facet normal -0 0 1
    outer loop
      vertex 130.156 70.9149 1.6
      vertex 132.643 64.9097 1.6
      vertex 131 71.2015 1.6
    endloop
  endfacet
  facet normal 0 0 1
    outer loop
      vertex 132.643 64.9097 1.6
      vertex 130.156 70.9149 1.6
      vertex 132.35 64.7651 1.6
    endloop
  endfacet
  facet normal -0 0 1
    outer loop
      vertex 129.1 70.3942 1.6
      vertex 132.35 64.7651 1.6
      vertex 130.156 70.9149 1.6
    endloop
  endfacet
  facet normal 0 0 1
    outer loop
      vertex 132.35 64.7651 1.6
      vertex 129.1 70.3942 1.6
      vertex 132.078 64.5834 1.6
    endloop
  endfacet
  facet normal -0 0 1
    outer loop
      vertex 128.121 69.7402 1.6
      vertex 132.078 64.5834 1.6
      vertex 129.1 70.3942 1.6
    endloop
  endfacet
  facet normal 0 0 1
    outer loop
      vertex 132.078 64.5834 1.6
      vertex 128.121 69.7402 1.6
      vertex 131.832 64.3678 1.6
    endloop
  endfacet
  facet normal -0 0 1
    outer loop
      vertex 127.236 68.964 1.6
      vertex 131.832 64.3678 1.6
      vertex 128.121 69.7402 1.6
    endloop
  endfacet
  facet normal 0 0 1
    outer loop
      vertex 131.832 64.3678 1.6
      vertex 127.236 68.964 1.6
      vertex 131.617 64.1219 1.6
    endloop
  endfacet
  facet normal 0 0 1
    outer loop
      vertex 131 71.2015 1.6
      vertex 131.269 71.2982 1.6
      vertex 131 71.2067 1.6
    endloop
  endfacet
  facet normal -0 0 1
    outer loop
      vertex 136.015 61.953 1.6
      vertex 138 54.7509 1.6
      vertex 136.079 62.2737 1.6
    endloop
  endfacet
  facet normal -0 0 1
    outer loop
      vertex 135.91 61.6433 1.6
      vertex 138 54.7509 1.6
      vertex 136.015 61.953 1.6
    endloop
  endfacet
  facet normal -0 0 1
    outer loop
      vertex 135.765 61.35 1.6
      vertex 138 54.7509 1.6
      vertex 135.91 61.6433 1.6
    endloop
  endfacet
  facet normal -0 0 1
    outer loop
      vertex 135.583 61.0781 1.6
      vertex 138 54.7509 1.6
      vertex 135.765 61.35 1.6
    endloop
  endfacet
  facet normal -0 0 1
    outer loop
      vertex 135.368 60.8322 1.6
      vertex 138 54.7509 1.6
      vertex 135.583 61.0781 1.6
    endloop
  endfacet
  facet normal -0 0 1
    outer loop
      vertex 135.122 60.6166 1.6
      vertex 138 54.7509 1.6
      vertex 135.368 60.8322 1.6
    endloop
  endfacet
  facet normal -0 0 1
    outer loop
      vertex 134.85 60.4349 1.6
      vertex 138 54.7509 1.6
      vertex 135.122 60.6166 1.6
    endloop
  endfacet
  facet normal -0 0 1
    outer loop
      vertex 134.557 60.2903 1.6
      vertex 138 54.7509 1.6
      vertex 134.85 60.4349 1.6
    endloop
  endfacet
  facet normal 0 0 1
    outer loop
      vertex 138 54.7509 1.6
      vertex 134.557 60.2903 1.6
      vertex 137.046 54.2805 1.6
    endloop
  endfacet
  facet normal 0 0 1
    outer loop
      vertex 137.046 54.2805 1.6
      vertex 134.557 60.2903 1.6
      vertex 135.931 53.9018 1.6
    endloop
  endfacet
  facet normal -0 0 1
    outer loop
      vertex 134.247 60.1852 1.6
      vertex 135.931 53.9018 1.6
      vertex 134.557 60.2903 1.6
    endloop
  endfacet
  facet normal 0 0 1
    outer loop
      vertex 135.931 53.9018 1.6
      vertex 134.247 60.1852 1.6
      vertex 134.775 53.672 1.6
    endloop
  endfacet
  facet normal -0 0 1
    outer loop
      vertex 133.926 60.1214 1.6
      vertex 134.775 53.672 1.6
      vertex 134.247 60.1852 1.6
    endloop
  endfacet
  facet normal -0 0 1
    outer loop
      vertex 133.6 60.1 1.6
      vertex 134.775 53.672 1.6
      vertex 133.926 60.1214 1.6
    endloop
  endfacet
  facet normal 0 0 1
    outer loop
      vertex 133.6 60.1 1.6
      vertex 133.6 53.595 1.6
      vertex 134.775 53.672 1.6
    endloop
  endfacet
  facet normal 0 0 1
    outer loop
      vertex 133.274 60.1214 1.6
      vertex 133.6 53.595 1.6
      vertex 133.6 60.1 1.6
    endloop
  endfacet
  facet normal 0 0 1
    outer loop
      vertex 132.425 53.672 1.6
      vertex 133.274 60.1214 1.6
      vertex 132.953 60.1852 1.6
    endloop
  endfacet
  facet normal 0 0 1
    outer loop
      vertex 131 53.9985 1.6
      vertex 132.953 60.1852 1.6
      vertex 132.643 60.2903 1.6
    endloop
  endfacet
  facet normal 0 0 1
    outer loop
      vertex 133.274 60.1214 1.6
      vertex 132.425 53.672 1.6
      vertex 133.6 53.595 1.6
    endloop
  endfacet
  facet normal 0 0 1
    outer loop
      vertex 131 53.9985 1.6
      vertex 132.643 60.2903 1.6
      vertex 132.35 60.4349 1.6
    endloop
  endfacet
  facet normal 0 0 1
    outer loop
      vertex 131 53.9985 1.6
      vertex 132.35 60.4349 1.6
      vertex 132.078 60.6166 1.6
    endloop
  endfacet
  facet normal 0 0 1
    outer loop
      vertex 131 53.9985 1.6
      vertex 132.078 60.6166 1.6
      vertex 131.832 60.8322 1.6
    endloop
  endfacet
  facet normal 0 0 1
    outer loop
      vertex 131 53.9985 1.6
      vertex 131.832 60.8322 1.6
      vertex 131.617 61.0781 1.6
    endloop
  endfacet
  facet normal 0 0 1
    outer loop
      vertex 131 53.9985 1.6
      vertex 131.617 61.0781 1.6
      vertex 131.435 61.35 1.6
    endloop
  endfacet
  facet normal 0 0 1
    outer loop
      vertex 131 53.9985 1.6
      vertex 131.435 61.35 1.6
      vertex 131.29 61.6433 1.6
    endloop
  endfacet
  facet normal 0 0 1
    outer loop
      vertex 132.953 60.1852 1.6
      vertex 131.269 53.9018 1.6
      vertex 132.425 53.672 1.6
    endloop
  endfacet
  facet normal 0 0 1
    outer loop
      vertex 131 53.9985 1.6
      vertex 131.29 61.6433 1.6
      vertex 131.185 61.953 1.6
    endloop
  endfacet
  facet normal 0 0 1
    outer loop
      vertex 131 53.9985 1.6
      vertex 131.185 61.953 1.6
      vertex 131.121 62.2737 1.6
    endloop
  endfacet
  facet normal 0 0 1
    outer loop
      vertex 131 53.9985 1.6
      vertex 131.121 62.2737 1.6
      vertex 131.1 62.6 1.6
    endloop
  endfacet
  facet normal -0 0 1
    outer loop
      vertex 126.46 68.0788 1.6
      vertex 131.617 64.1219 1.6
      vertex 127.236 68.964 1.6
    endloop
  endfacet
  facet normal 0 0 1
    outer loop
      vertex 131.617 64.1219 1.6
      vertex 126.46 68.0788 1.6
      vertex 131.435 63.85 1.6
    endloop
  endfacet
  facet normal 0 0 1
    outer loop
      vertex 132.953 60.1852 1.6
      vertex 131 53.9985 1.6
      vertex 131.269 53.9018 1.6
    endloop
  endfacet
  facet normal 0 0 1
    outer loop
      vertex 131.269 53.9018 1.6
      vertex 131 53.9985 1.6
      vertex 131 53.9933 1.6
    endloop
  endfacet
  facet normal 0.194974 -0.980808 0
    outer loop
      vertex 131.269 71.2982 1.6
      vertex 132.425 71.528 3
      vertex 131.269 71.2982 3
    endloop
  endfacet
  facet normal 0.194974 -0.980808 0
    outer loop
      vertex 132.425 71.528 3
      vertex 131.269 71.2982 1.6
      vertex 132.425 71.528 1.6
    endloop
  endfacet
  facet normal -0.442243 -0.896895 0
    outer loop
      vertex 137.046 70.9195 1.6
      vertex 138 70.4491 3
      vertex 137.046 70.9195 3
    endloop
  endfacet
  facet normal -0.442243 -0.896895 -0
    outer loop
      vertex 138 70.4491 3
      vertex 137.046 70.9195 1.6
      vertex 138 70.4491 1.6
    endloop
  endfacet
  facet normal -0.321598 -0.946876 0
    outer loop
      vertex 135.931 71.2982 1.6
      vertex 137.046 70.9195 3
      vertex 135.931 71.2982 3
    endloop
  endfacet
  facet normal -0.321598 -0.946876 -0
    outer loop
      vertex 137.046 70.9195 3
      vertex 135.931 71.2982 1.6
      vertex 137.046 70.9195 1.6
    endloop
  endfacet
  facet normal -0.194974 -0.980808 0
    outer loop
      vertex 134.775 71.528 1.6
      vertex 135.931 71.2982 3
      vertex 134.775 71.528 3
    endloop
  endfacet
  facet normal -0.194974 -0.980808 -0
    outer loop
      vertex 135.931 71.2982 3
      vertex 134.775 71.528 1.6
      vertex 135.931 71.2982 1.6
    endloop
  endfacet
  facet normal 0.751693 0.659514 -9.80649e-18
    outer loop
      vertex 127.233 56.2325 3
      vertex 126.456 57.1181 1.6
      vertex 126.456 57.1181 3
    endloop
  endfacet
  facet normal 0.751693 0.659514 -9.80649e-18
    outer loop
      vertex 126.456 57.1181 1.6
      vertex 127.233 56.2325 3
      vertex 127.233 56.2325 1.6
    endloop
  endfacet
  facet normal 0.997881 0.0650584 2.73743e-19
    outer loop
      vertex 124.672 61.4246 3
      vertex 124.604 62.4676 1.6
      vertex 124.604 62.4676 3
    endloop
  endfacet
  facet normal 0.997881 0.0650584 2.73743e-19
    outer loop
      vertex 124.604 62.4676 1.6
      vertex 124.672 61.4246 3
      vertex 124.672 61.4246 1.6
    endloop
  endfacet
  facet normal 0.322029 -0.94673 0
    outer loop
      vertex 131 71.2067 1.6
      vertex 131.269 71.2982 3
      vertex 131 71.2067 3
    endloop
  endfacet
  facet normal 0.322029 -0.94673 0
    outer loop
      vertex 131.269 71.2982 3
      vertex 131 71.2067 1.6
      vertex 131.269 71.2982 1.6
    endloop
  endfacet
  facet normal 0.980753 0.195251 -7.13274e-18
    outer loop
      vertex 124.902 60.2693 3
      vertex 124.672 61.4246 1.6
      vertex 124.672 61.4246 3
    endloop
  endfacet
  facet normal 0.980753 0.195251 -7.13274e-18
    outer loop
      vertex 124.672 61.4246 1.6
      vertex 124.902 60.2693 3
      vertex 124.902 60.2693 1.6
    endloop
  endfacet
  facet normal 0.0653917 0.99786 -0
    outer loop
      vertex 133.6 53.595 1.6
      vertex 132.425 53.672 3
      vertex 133.6 53.595 3
    endloop
  endfacet
  facet normal 0.0653917 0.99786 0
    outer loop
      vertex 132.425 53.672 3
      vertex 133.6 53.595 1.6
      vertex 132.425 53.672 1.6
    endloop
  endfacet
  facet normal 0.896859 0.442317 -2.07547e-17
    outer loop
      vertex 125.801 58.0975 3
      vertex 125.28 59.1539 1.6
      vertex 125.28 59.1539 3
    endloop
  endfacet
  facet normal 0.896859 0.442317 -2.07547e-17
    outer loop
      vertex 125.28 59.1539 1.6
      vertex 125.801 58.0975 3
      vertex 125.801 58.0975 1.6
    endloop
  endfacet
  facet normal -0.0653917 0.99786 0
    outer loop
      vertex 134.775 53.672 1.6
      vertex 133.6 53.595 3
      vertex 134.775 53.672 3
    endloop
  endfacet
  facet normal -0.0653917 0.99786 0
    outer loop
      vertex 133.6 53.595 3
      vertex 134.775 53.672 1.6
      vertex 133.6 53.595 1.6
    endloop
  endfacet
  facet normal 0.0653917 -0.99786 0
    outer loop
      vertex 132.425 71.528 1.6
      vertex 133.6 71.605 3
      vertex 132.425 71.528 3
    endloop
  endfacet
  facet normal 0.0653917 -0.99786 0
    outer loop
      vertex 133.6 71.605 3
      vertex 132.425 71.528 1.6
      vertex 133.6 71.605 1.6
    endloop
  endfacet
  facet normal 0.83124 0.555914 -2.61855e-17
    outer loop
      vertex 126.456 57.1181 3
      vertex 125.801 58.0975 1.6
      vertex 125.801 58.0975 3
    endloop
  endfacet
  facet normal 0.83124 0.555914 -2.61855e-17
    outer loop
      vertex 125.801 58.0975 1.6
      vertex 126.456 57.1181 3
      vertex 126.456 57.1181 1.6
    endloop
  endfacet
  facet normal 0.442204 -0.896915 0
    outer loop
      vertex 4.45 79.2651 0
      vertex 4.74329 79.4097 1.6
      vertex 4.45 79.2651 1.6
    endloop
  endfacet
  facet normal 0.442204 -0.896915 0
    outer loop
      vertex 4.74329 79.4097 1.6
      vertex 4.45 79.2651 0
      vertex 4.74329 79.4097 0
    endloop
  endfacet
  facet normal -0.98078 -0.195116 -2.05318e-18
    outer loop
      vertex 8.17861 77.4263 0
      vertex 8.11481 77.747 1.6
      vertex 8.11481 77.747 0
    endloop
  endfacet
  facet normal -0.98078 -0.195116 -2.05318e-18
    outer loop
      vertex 8.11481 77.747 1.6
      vertex 8.17861 77.4263 0
      vertex 8.17861 77.4263 1.6
    endloop
  endfacet
  facet normal -0.997858 -0.0654128 1.95868e-19
    outer loop
      vertex 8.2 77.1 0
      vertex 8.17861 77.4263 1.6
      vertex 8.17861 77.4263 0
    endloop
  endfacet
  facet normal -0.997858 -0.0654128 1.95868e-19
    outer loop
      vertex 8.17861 77.4263 1.6
      vertex 8.2 77.1 0
      vertex 8.2 77.1 1.6
    endloop
  endfacet
  facet normal -0.946948 -0.321387 8.67007e-19
    outer loop
      vertex 8.11481 77.747 0
      vertex 8.0097 78.0567 1.6
      vertex 8.0097 78.0567 0
    endloop
  endfacet
  facet normal -0.946948 -0.321387 8.67007e-19
    outer loop
      vertex 8.0097 78.0567 1.6
      vertex 8.11481 77.747 0
      vertex 8.11481 77.747 1.6
    endloop
  endfacet
  facet normal 0.0654392 0.997857 -0
    outer loop
      vertex 5.7 74.6 0
      vertex 5.37368 74.6214 1.6
      vertex 5.7 74.6 1.6
    endloop
  endfacet
  facet normal 0.0654392 0.997857 0
    outer loop
      vertex 5.37368 74.6214 1.6
      vertex 5.7 74.6 0
      vertex 5.37368 74.6214 0
    endloop
  endfacet
  facet normal 0.321397 -0.946944 0
    outer loop
      vertex 4.74329 79.4097 0
      vertex 5.05295 79.5148 1.6
      vertex 4.74329 79.4097 1.6
    endloop
  endfacet
  facet normal 0.321397 -0.946944 0
    outer loop
      vertex 5.05295 79.5148 1.6
      vertex 4.74329 79.4097 0
      vertex 5.05295 79.5148 0
    endloop
  endfacet
  facet normal -0.321397 0.946944 0
    outer loop
      vertex 6.65671 74.7903 0
      vertex 6.34705 74.6852 1.6
      vertex 6.65671 74.7903 1.6
    endloop
  endfacet
  facet normal -0.321397 0.946944 0
    outer loop
      vertex 6.34705 74.6852 1.6
      vertex 6.65671 74.7903 0
      vertex 6.34705 74.6852 0
    endloop
  endfacet
  facet normal -0.831466 -0.555575 1.65544e-18
    outer loop
      vertex 7.86506 78.35 0
      vertex 7.68338 78.6219 1.6
      vertex 7.68338 78.6219 0
    endloop
  endfacet
  facet normal -0.831466 -0.555575 1.65544e-18
    outer loop
      vertex 7.68338 78.6219 1.6
      vertex 7.86506 78.35 0
      vertex 7.86506 78.35 1.6
    endloop
  endfacet
  facet normal -0.896872 -0.44229 -3.95747e-18
    outer loop
      vertex 8.0097 78.0567 0
      vertex 7.86506 78.35 1.6
      vertex 7.86506 78.35 0
    endloop
  endfacet
  facet normal -0.896872 -0.44229 -3.95747e-18
    outer loop
      vertex 7.86506 78.35 1.6
      vertex 8.0097 78.0567 0
      vertex 8.0097 78.0567 1.6
    endloop
  endfacet
  facet normal 0.195099 -0.980784 0
    outer loop
      vertex 5.05295 79.5148 0
      vertex 5.37368 79.5786 1.6
      vertex 5.05295 79.5148 1.6
    endloop
  endfacet
  facet normal 0.195099 -0.980784 0
    outer loop
      vertex 5.37368 79.5786 1.6
      vertex 5.05295 79.5148 0
      vertex 5.37368 79.5786 0
    endloop
  endfacet
  facet normal -0.321397 -0.946944 0
    outer loop
      vertex 6.34705 79.5148 0
      vertex 6.65671 79.4097 1.6
      vertex 6.34705 79.5148 1.6
    endloop
  endfacet
  facet normal -0.321397 -0.946944 -0
    outer loop
      vertex 6.65671 79.4097 1.6
      vertex 6.34705 79.5148 0
      vertex 6.65671 79.4097 0
    endloop
  endfacet
  facet normal -0.896872 0.44229 -6.35034e-18
    outer loop
      vertex 7.86506 75.85 0
      vertex 8.0097 76.1433 1.6
      vertex 8.0097 76.1433 0
    endloop
  endfacet
  facet normal -0.896872 0.44229 -6.35034e-18
    outer loop
      vertex 8.0097 76.1433 1.6
      vertex 7.86506 75.85 0
      vertex 7.86506 75.85 1.6
    endloop
  endfacet
  facet normal -0.555617 0.831438 0
    outer loop
      vertex 7.2219 75.1166 0
      vertex 6.95 74.9349 1.6
      vertex 7.2219 75.1166 1.6
    endloop
  endfacet
  facet normal -0.555617 0.831438 0
    outer loop
      vertex 6.95 74.9349 1.6
      vertex 7.2219 75.1166 0
      vertex 6.95 74.9349 0
    endloop
  endfacet
  facet normal 0.659307 -0.751873 0
    outer loop
      vertex 3.93223 78.8678 0
      vertex 4.1781 79.0834 1.6
      vertex 3.93223 78.8678 1.6
    endloop
  endfacet
  facet normal 0.659307 -0.751873 0
    outer loop
      vertex 4.1781 79.0834 1.6
      vertex 3.93223 78.8678 0
      vertex 4.1781 79.0834 0
    endloop
  endfacet
  facet normal 0.980786 -0.195087 -2.265e-18
    outer loop
      vertex 3.22139 77.4263 1.6
      vertex 3.28518 77.747 0
      vertex 3.28518 77.747 1.6
    endloop
  endfacet
  facet normal 0.980786 -0.195087 -2.265e-18
    outer loop
      vertex 3.28518 77.747 0
      vertex 3.22139 77.4263 1.6
      vertex 3.22139 77.4263 0
    endloop
  endfacet
  facet normal -0.946916 0.32148 4.38046e-18
    outer loop
      vertex 8.0097 76.1433 0
      vertex 8.11481 76.4529 1.6
      vertex 8.11481 76.4529 0
    endloop
  endfacet
  facet normal -0.946916 0.32148 4.38046e-18
    outer loop
      vertex 8.11481 76.4529 1.6
      vertex 8.0097 76.1433 0
      vertex 8.0097 76.1433 1.6
    endloop
  endfacet
  facet normal 0.946907 0.321508 -1.42811e-18
    outer loop
      vertex 3.3903 76.1433 1.6
      vertex 3.28518 76.4529 0
      vertex 3.28518 76.4529 1.6
    endloop
  endfacet
  facet normal 0.946907 0.321508 -1.42811e-18
    outer loop
      vertex 3.28518 76.4529 0
      vertex 3.3903 76.1433 1.6
      vertex 3.3903 76.1433 0
    endloop
  endfacet
  facet normal -0.195093 0.980785 0
    outer loop
      vertex 6.34705 74.6852 0
      vertex 6.02631 74.6214 1.6
      vertex 6.34705 74.6852 1.6
    endloop
  endfacet
  facet normal -0.195093 0.980785 0
    outer loop
      vertex 6.02631 74.6214 1.6
      vertex 6.34705 74.6852 0
      vertex 6.02631 74.6214 0
    endloop
  endfacet
  facet normal 0.831466 -0.555575 6.28048e-18
    outer loop
      vertex 3.53494 78.35 1.6
      vertex 3.71662 78.6219 0
      vertex 3.71662 78.6219 1.6
    endloop
  endfacet
  facet normal 0.831466 -0.555575 6.28048e-18
    outer loop
      vertex 3.71662 78.6219 0
      vertex 3.53494 78.35 1.6
      vertex 3.53494 78.35 0
    endloop
  endfacet
  facet normal -0.555617 -0.831438 0
    outer loop
      vertex 6.95 79.2651 0
      vertex 7.2219 79.0834 1.6
      vertex 6.95 79.2651 1.6
    endloop
  endfacet
  facet normal -0.555617 -0.831438 -0
    outer loop
      vertex 7.2219 79.0834 1.6
      vertex 6.95 79.2651 0
      vertex 7.2219 79.0834 0
    endloop
  endfacet
  facet normal 0.0654392 -0.997857 0
    outer loop
      vertex 5.37368 79.5786 0
      vertex 5.7 79.6 1.6
      vertex 5.37368 79.5786 1.6
    endloop
  endfacet
  facet normal 0.0654392 -0.997857 0
    outer loop
      vertex 5.7 79.6 1.6
      vertex 5.37368 79.5786 0
      vertex 5.7 79.6 0
    endloop
  endfacet
  facet normal 0.896872 0.44229 3.31613e-18
    outer loop
      vertex 3.53494 75.85 1.6
      vertex 3.3903 76.1433 0
      vertex 3.3903 76.1433 1.6
    endloop
  endfacet
  facet normal 0.896872 0.44229 3.31613e-18
    outer loop
      vertex 3.3903 76.1433 0
      vertex 3.53494 75.85 1.6
      vertex 3.53494 75.85 0
    endloop
  endfacet
  facet normal -0.195093 -0.980785 0
    outer loop
      vertex 6.02631 79.5786 0
      vertex 6.34705 79.5148 1.6
      vertex 6.02631 79.5786 1.6
    endloop
  endfacet
  facet normal -0.195093 -0.980785 -0
    outer loop
      vertex 6.34705 79.5148 1.6
      vertex 6.02631 79.5786 0
      vertex 6.34705 79.5148 0
    endloop
  endfacet
  facet normal -0.997858 0.0654128 7.09688e-19
    outer loop
      vertex 8.17861 76.7737 0
      vertex 8.2 77.1 1.6
      vertex 8.2 77.1 0
    endloop
  endfacet
  facet normal -0.997858 0.0654128 7.09688e-19
    outer loop
      vertex 8.2 77.1 1.6
      vertex 8.17861 76.7737 0
      vertex 8.17861 76.7737 1.6
    endloop
  endfacet
  facet normal 0.997858 0.0654128 6.21857e-19
    outer loop
      vertex 3.22139 76.7737 1.6
      vertex 3.2 77.1 0
      vertex 3.2 77.1 1.6
    endloop
  endfacet
  facet normal 0.997858 0.0654128 6.21857e-19
    outer loop
      vertex 3.2 77.1 0
      vertex 3.22139 76.7737 1.6
      vertex 3.22139 76.7737 0
    endloop
  endfacet
  facet normal -0.751898 0.659279 -8.42542e-19
    outer loop
      vertex 7.46777 75.3322 0
      vertex 7.68338 75.5781 1.6
      vertex 7.68338 75.5781 0
    endloop
  endfacet
  facet normal -0.751898 0.659279 -8.42542e-19
    outer loop
      vertex 7.68338 75.5781 1.6
      vertex 7.46777 75.3322 0
      vertex 7.46777 75.3322 1.6
    endloop
  endfacet
  facet normal 0.997858 -0.0654128 1.30387e-19
    outer loop
      vertex 3.2 77.1 1.6
      vertex 3.22139 77.4263 0
      vertex 3.22139 77.4263 1.6
    endloop
  endfacet
  facet normal 0.997858 -0.0654128 1.30387e-19
    outer loop
      vertex 3.22139 77.4263 0
      vertex 3.2 77.1 1.6
      vertex 3.2 77.1 0
    endloop
  endfacet
  facet normal -0.751898 -0.659279 8.42542e-19
    outer loop
      vertex 7.68338 78.6219 0
      vertex 7.46777 78.8678 1.6
      vertex 7.46777 78.8678 0
    endloop
  endfacet
  facet normal -0.751898 -0.659279 8.42542e-19
    outer loop
      vertex 7.46777 78.8678 1.6
      vertex 7.68338 78.6219 0
      vertex 7.68338 78.6219 1.6
    endloop
  endfacet
  facet normal 0.555617 -0.831438 0
    outer loop
      vertex 4.1781 79.0834 0
      vertex 4.45 79.2651 1.6
      vertex 4.1781 79.0834 1.6
    endloop
  endfacet
  facet normal 0.555617 -0.831438 0
    outer loop
      vertex 4.45 79.2651 1.6
      vertex 4.1781 79.0834 0
      vertex 4.45 79.2651 0
    endloop
  endfacet
  facet normal -0.659307 -0.751873 0
    outer loop
      vertex 7.2219 79.0834 0
      vertex 7.46777 78.8678 1.6
      vertex 7.2219 79.0834 1.6
    endloop
  endfacet
  facet normal -0.659307 -0.751873 -0
    outer loop
      vertex 7.46777 78.8678 1.6
      vertex 7.2219 79.0834 0
      vertex 7.46777 78.8678 0
    endloop
  endfacet
  facet normal -0.980792 0.195058 1.92974e-18
    outer loop
      vertex 8.11481 76.4529 0
      vertex 8.17861 76.7737 1.6
      vertex 8.17861 76.7737 0
    endloop
  endfacet
  facet normal -0.980792 0.195058 1.92974e-18
    outer loop
      vertex 8.17861 76.7737 1.6
      vertex 8.11481 76.4529 0
      vertex 8.11481 76.4529 1.6
    endloop
  endfacet
  facet normal -0.442204 -0.896915 0
    outer loop
      vertex 6.65671 79.4097 0
      vertex 6.95 79.2651 1.6
      vertex 6.65671 79.4097 1.6
    endloop
  endfacet
  facet normal -0.442204 -0.896915 -0
    outer loop
      vertex 6.95 79.2651 1.6
      vertex 6.65671 79.4097 0
      vertex 6.95 79.2651 0
    endloop
  endfacet
  facet normal -0.659307 0.751873 0
    outer loop
      vertex 7.46777 75.3322 0
      vertex 7.2219 75.1166 1.6
      vertex 7.46777 75.3322 1.6
    endloop
  endfacet
  facet normal -0.659307 0.751873 0
    outer loop
      vertex 7.2219 75.1166 1.6
      vertex 7.46777 75.3322 0
      vertex 7.2219 75.1166 0
    endloop
  endfacet
  facet normal -0.0654412 0.997856 0
    outer loop
      vertex 6.02631 74.6214 0
      vertex 5.7 74.6 1.6
      vertex 6.02631 74.6214 1.6
    endloop
  endfacet
  facet normal -0.0654412 0.997856 0
    outer loop
      vertex 5.7 74.6 1.6
      vertex 6.02631 74.6214 0
      vertex 5.7 74.6 0
    endloop
  endfacet
  facet normal 0.659307 0.751873 -0
    outer loop
      vertex 4.1781 75.1166 0
      vertex 3.93223 75.3322 1.6
      vertex 4.1781 75.1166 1.6
    endloop
  endfacet
  facet normal 0.659307 0.751873 0
    outer loop
      vertex 3.93223 75.3322 1.6
      vertex 4.1781 75.1166 0
      vertex 3.93223 75.3322 0
    endloop
  endfacet
  facet normal 0.946938 -0.321415 -2.73663e-18
    outer loop
      vertex 3.28518 77.747 1.6
      vertex 3.3903 78.0567 0
      vertex 3.3903 78.0567 1.6
    endloop
  endfacet
  facet normal 0.946938 -0.321415 -2.73663e-18
    outer loop
      vertex 3.3903 78.0567 0
      vertex 3.28518 77.747 1.6
      vertex 3.28518 77.747 0
    endloop
  endfacet
  facet normal -0.442204 0.896915 0
    outer loop
      vertex 6.95 74.9349 0
      vertex 6.65671 74.7903 1.6
      vertex 6.95 74.9349 1.6
    endloop
  endfacet
  facet normal -0.442204 0.896915 0
    outer loop
      vertex 6.65671 74.7903 1.6
      vertex 6.95 74.9349 0
      vertex 6.65671 74.7903 0
    endloop
  endfacet
  facet normal 0.751898 -0.659279 -4.32218e-18
    outer loop
      vertex 3.71662 78.6219 1.6
      vertex 3.93223 78.8678 0
      vertex 3.93223 78.8678 1.6
    endloop
  endfacet
  facet normal 0.751898 -0.659279 -4.32218e-18
    outer loop
      vertex 3.93223 78.8678 0
      vertex 3.71662 78.6219 1.6
      vertex 3.71662 78.6219 0
    endloop
  endfacet
  facet normal -0.831466 0.555575 -2.72488e-18
    outer loop
      vertex 7.68338 75.5781 0
      vertex 7.86506 75.85 1.6
      vertex 7.86506 75.85 0
    endloop
  endfacet
  facet normal -0.831466 0.555575 -2.72488e-18
    outer loop
      vertex 7.86506 75.85 1.6
      vertex 7.68338 75.5781 0
      vertex 7.68338 75.5781 1.6
    endloop
  endfacet
  facet normal 0.896872 -0.44229 -6.26971e-18
    outer loop
      vertex 3.3903 78.0567 1.6
      vertex 3.53494 78.35 0
      vertex 3.53494 78.35 1.6
    endloop
  endfacet
  facet normal 0.896872 -0.44229 -6.26971e-18
    outer loop
      vertex 3.53494 78.35 0
      vertex 3.3903 78.0567 1.6
      vertex 3.3903 78.0567 0
    endloop
  endfacet
  facet normal 0.195099 0.980784 -0
    outer loop
      vertex 5.37368 74.6214 0
      vertex 5.05295 74.6852 1.6
      vertex 5.37368 74.6214 1.6
    endloop
  endfacet
  facet normal 0.195099 0.980784 0
    outer loop
      vertex 5.05295 74.6852 1.6
      vertex 5.37368 74.6214 0
      vertex 5.05295 74.6852 0
    endloop
  endfacet
  facet normal 0.555617 0.831438 -0
    outer loop
      vertex 4.45 74.9349 0
      vertex 4.1781 75.1166 1.6
      vertex 4.45 74.9349 1.6
    endloop
  endfacet
  facet normal 0.555617 0.831438 0
    outer loop
      vertex 4.1781 75.1166 1.6
      vertex 4.45 74.9349 0
      vertex 4.1781 75.1166 0
    endloop
  endfacet
  facet normal -0.0654412 -0.997856 0
    outer loop
      vertex 5.7 79.6 0
      vertex 6.02631 79.5786 1.6
      vertex 5.7 79.6 1.6
    endloop
  endfacet
  facet normal -0.0654412 -0.997856 -0
    outer loop
      vertex 6.02631 79.5786 1.6
      vertex 5.7 79.6 0
      vertex 6.02631 79.5786 0
    endloop
  endfacet
  facet normal 0.980798 0.195028 -3.07583e-18
    outer loop
      vertex 3.28518 76.4529 1.6
      vertex 3.22139 76.7737 0
      vertex 3.22139 76.7737 1.6
    endloop
  endfacet
  facet normal 0.980798 0.195028 -3.07583e-18
    outer loop
      vertex 3.22139 76.7737 0
      vertex 3.28518 76.4529 1.6
      vertex 3.28518 76.4529 0
    endloop
  endfacet
  facet normal 0.442204 0.896915 -0
    outer loop
      vertex 4.74329 74.7903 0
      vertex 4.45 74.9349 1.6
      vertex 4.74329 74.7903 1.6
    endloop
  endfacet
  facet normal 0.442204 0.896915 0
    outer loop
      vertex 4.45 74.9349 1.6
      vertex 4.74329 74.7903 0
      vertex 4.45 74.9349 0
    endloop
  endfacet
  facet normal 0.751898 0.659279 4.32218e-18
    outer loop
      vertex 3.93223 75.3322 1.6
      vertex 3.71662 75.5781 0
      vertex 3.71662 75.5781 1.6
    endloop
  endfacet
  facet normal 0.751898 0.659279 4.32218e-18
    outer loop
      vertex 3.71662 75.5781 0
      vertex 3.93223 75.3322 1.6
      vertex 3.93223 75.3322 0
    endloop
  endfacet
  facet normal 0.831466 0.555575 -5.21104e-18
    outer loop
      vertex 3.71662 75.5781 1.6
      vertex 3.53494 75.85 0
      vertex 3.53494 75.85 1.6
    endloop
  endfacet
  facet normal 0.831466 0.555575 -5.21104e-18
    outer loop
      vertex 3.53494 75.85 0
      vertex 3.71662 75.5781 1.6
      vertex 3.71662 75.5781 0
    endloop
  endfacet
  facet normal 0.321397 0.946944 -0
    outer loop
      vertex 5.05295 74.6852 0
      vertex 4.74329 74.7903 1.6
      vertex 5.05295 74.6852 1.6
    endloop
  endfacet
  facet normal 0.321397 0.946944 0
    outer loop
      vertex 4.74329 74.7903 1.6
      vertex 5.05295 74.6852 0
      vertex 4.74329 74.7903 0
    endloop
  endfacet
  facet normal -0.980785 -0.195093 3.13104e-18
    outer loop
      vertex 7.77861 6.52631 0
      vertex 7.71481 6.84705 1.6
      vertex 7.71481 6.84705 0
    endloop
  endfacet
  facet normal -0.980785 -0.195093 3.13104e-18
    outer loop
      vertex 7.71481 6.84705 1.6
      vertex 7.77861 6.52631 0
      vertex 7.77861 6.52631 1.6
    endloop
  endfacet
  facet normal -0.997858 -0.0654108 6.59648e-19
    outer loop
      vertex 7.8 6.2 0
      vertex 7.77861 6.52631 1.6
      vertex 7.77861 6.52631 0
    endloop
  endfacet
  facet normal -0.997858 -0.0654108 6.59648e-19
    outer loop
      vertex 7.77861 6.52631 1.6
      vertex 7.8 6.2 0
      vertex 7.8 6.2 1.6
    endloop
  endfacet
  facet normal -0.321452 0.946926 0
    outer loop
      vertex 6.25671 3.8903 0
      vertex 5.94705 3.78518 1.6
      vertex 6.25671 3.8903 1.6
    endloop
  endfacet
  facet normal -0.321452 0.946926 0
    outer loop
      vertex 5.94705 3.78518 1.6
      vertex 6.25671 3.8903 0
      vertex 5.94705 3.78518 0
    endloop
  endfacet
  facet normal -0.659325 -0.751858 0
    outer loop
      vertex 6.8219 8.18338 0
      vertex 7.06777 7.96777 1.6
      vertex 6.8219 8.18338 1.6
    endloop
  endfacet
  facet normal -0.659325 -0.751858 -0
    outer loop
      vertex 7.06777 7.96777 1.6
      vertex 6.8219 8.18338 0
      vertex 7.06777 7.96777 0
    endloop
  endfacet
  facet normal -0.0654088 -0.997859 0
    outer loop
      vertex 5.3 8.7 0
      vertex 5.62632 8.67861 1.6
      vertex 5.3 8.7 1.6
    endloop
  endfacet
  facet normal -0.0654088 -0.997859 -0
    outer loop
      vertex 5.62632 8.67861 1.6
      vertex 5.3 8.7 0
      vertex 5.62632 8.67861 0
    endloop
  endfacet
  facet normal 0.997859 0.0654088 7.01681e-19
    outer loop
      vertex 2.82139 5.87368 1.6
      vertex 2.8 6.2 0
      vertex 2.8 6.2 1.6
    endloop
  endfacet
  facet normal 0.997859 0.0654088 7.01681e-19
    outer loop
      vertex 2.8 6.2 0
      vertex 2.82139 5.87368 1.6
      vertex 2.82139 5.87368 0
    endloop
  endfacet
  facet normal -0.997859 0.0654088 -7.01681e-19
    outer loop
      vertex 7.77861 5.87368 0
      vertex 7.8 6.2 1.6
      vertex 7.8 6.2 0
    endloop
  endfacet
  facet normal -0.997859 0.0654088 -7.01681e-19
    outer loop
      vertex 7.8 6.2 1.6
      vertex 7.77861 5.87368 0
      vertex 7.77861 5.87368 1.6
    endloop
  endfacet
  facet normal -0.831466 -0.555575 -1.45952e-18
    outer loop
      vertex 7.46506 7.45 0
      vertex 7.28338 7.7219 1.6
      vertex 7.28338 7.7219 0
    endloop
  endfacet
  facet normal -0.831466 -0.555575 -1.45952e-18
    outer loop
      vertex 7.28338 7.7219 1.6
      vertex 7.46506 7.45 0
      vertex 7.46506 7.45 1.6
    endloop
  endfacet
  facet normal 0.946935 -0.321425 -4.51959e-18
    outer loop
      vertex 2.88519 6.84705 1.6
      vertex 2.9903 7.15671 0
      vertex 2.9903 7.15671 1.6
    endloop
  endfacet
  facet normal 0.946935 -0.321425 -4.51959e-18
    outer loop
      vertex 2.9903 7.15671 0
      vertex 2.88519 6.84705 1.6
      vertex 2.88519 6.84705 0
    endloop
  endfacet
  facet normal 0.442302 0.896866 -0
    outer loop
      vertex 4.34329 3.8903 0
      vertex 4.05 4.03494 1.6
      vertex 4.34329 3.8903 1.6
    endloop
  endfacet
  facet normal 0.442302 0.896866 0
    outer loop
      vertex 4.05 4.03494 1.6
      vertex 4.34329 3.8903 0
      vertex 4.05 4.03494 0
    endloop
  endfacet
  facet normal -0.751858 0.659325 5.09411e-18
    outer loop
      vertex 7.06777 4.43223 0
      vertex 7.28338 4.6781 1.6
      vertex 7.28338 4.6781 0
    endloop
  endfacet
  facet normal -0.751858 0.659325 5.09411e-18
    outer loop
      vertex 7.28338 4.6781 1.6
      vertex 7.06777 4.43223 0
      vertex 7.06777 4.43223 1.6
    endloop
  endfacet
  facet normal -0.321425 -0.946935 0
    outer loop
      vertex 5.94705 8.61481 0
      vertex 6.25671 8.5097 1.6
      vertex 5.94705 8.61481 1.6
    endloop
  endfacet
  facet normal -0.321425 -0.946935 -0
    outer loop
      vertex 6.25671 8.5097 1.6
      vertex 5.94705 8.61481 0
      vertex 6.25671 8.5097 0
    endloop
  endfacet
  facet normal -0.831466 0.555575 4.84183e-18
    outer loop
      vertex 7.28338 4.6781 0
      vertex 7.46506 4.95 1.6
      vertex 7.46506 4.95 0
    endloop
  endfacet
  facet normal -0.831466 0.555575 4.84183e-18
    outer loop
      vertex 7.46506 4.95 1.6
      vertex 7.28338 4.6781 0
      vertex 7.28338 4.6781 1.6
    endloop
  endfacet
  facet normal 0.659325 -0.751858 0
    outer loop
      vertex 3.53223 7.96777 0
      vertex 3.7781 8.18338 1.6
      vertex 3.53223 7.96777 1.6
    endloop
  endfacet
  facet normal 0.659325 -0.751858 0
    outer loop
      vertex 3.7781 8.18338 1.6
      vertex 3.53223 7.96777 0
      vertex 3.7781 8.18338 0
    endloop
  endfacet
  facet normal 0.980784 0.195099 -2.77896e-18
    outer loop
      vertex 2.88519 5.55295 1.6
      vertex 2.82139 5.87368 0
      vertex 2.82139 5.87368 1.6
    endloop
  endfacet
  facet normal 0.980784 0.195099 -2.77896e-18
    outer loop
      vertex 2.82139 5.87368 0
      vertex 2.88519 5.55295 1.6
      vertex 2.88519 5.55295 0
    endloop
  endfacet
  facet normal -0.896866 -0.442302 -5.44519e-18
    outer loop
      vertex 7.6097 7.15671 0
      vertex 7.46506 7.45 1.6
      vertex 7.46506 7.45 0
    endloop
  endfacet
  facet normal -0.896866 -0.442302 -5.44519e-18
    outer loop
      vertex 7.46506 7.45 1.6
      vertex 7.6097 7.15671 0
      vertex 7.6097 7.15671 1.6
    endloop
  endfacet
  facet normal -0.946935 -0.321425 4.51959e-18
    outer loop
      vertex 7.71481 6.84705 0
      vertex 7.6097 7.15671 1.6
      vertex 7.6097 7.15671 0
    endloop
  endfacet
  facet normal -0.946935 -0.321425 4.51959e-18
    outer loop
      vertex 7.6097 7.15671 1.6
      vertex 7.71481 6.84705 0
      vertex 7.71481 6.84705 1.6
    endloop
  endfacet
  facet normal 0.442302 -0.896866 0
    outer loop
      vertex 4.05 8.36506 0
      vertex 4.34329 8.5097 1.6
      vertex 4.05 8.36506 1.6
    endloop
  endfacet
  facet normal 0.442302 -0.896866 0
    outer loop
      vertex 4.34329 8.5097 1.6
      vertex 4.05 8.36506 0
      vertex 4.34329 8.5097 0
    endloop
  endfacet
  facet normal 0.555575 0.831466 -0
    outer loop
      vertex 4.05 4.03494 0
      vertex 3.7781 4.21662 1.6
      vertex 4.05 4.03494 1.6
    endloop
  endfacet
  facet normal 0.555575 0.831466 0
    outer loop
      vertex 3.7781 4.21662 1.6
      vertex 4.05 4.03494 0
      vertex 3.7781 4.21662 0
    endloop
  endfacet
  facet normal -0.946935 0.321425 -4.51959e-18
    outer loop
      vertex 7.6097 5.24329 0
      vertex 7.71481 5.55295 1.6
      vertex 7.71481 5.55295 0
    endloop
  endfacet
  facet normal -0.946935 0.321425 -4.51959e-18
    outer loop
      vertex 7.71481 5.55295 1.6
      vertex 7.6097 5.24329 0
      vertex 7.6097 5.24329 1.6
    endloop
  endfacet
  facet normal 0.831466 0.555575 -4.84183e-18
    outer loop
      vertex 3.31662 4.6781 1.6
      vertex 3.13494 4.95 0
      vertex 3.13494 4.95 1.6
    endloop
  endfacet
  facet normal 0.831466 0.555575 -4.84183e-18
    outer loop
      vertex 3.13494 4.95 0
      vertex 3.31662 4.6781 1.6
      vertex 3.31662 4.6781 0
    endloop
  endfacet
  facet normal -0.442302 -0.896866 0
    outer loop
      vertex 6.25671 8.5097 0
      vertex 6.55 8.36506 1.6
      vertex 6.25671 8.5097 1.6
    endloop
  endfacet
  facet normal -0.442302 -0.896866 -0
    outer loop
      vertex 6.55 8.36506 1.6
      vertex 6.25671 8.5097 0
      vertex 6.55 8.36506 0
    endloop
  endfacet
  facet normal 0.555575 -0.831466 0
    outer loop
      vertex 3.7781 8.18338 0
      vertex 4.05 8.36506 1.6
      vertex 3.7781 8.18338 1.6
    endloop
  endfacet
  facet normal 0.555575 -0.831466 0
    outer loop
      vertex 4.05 8.36506 1.6
      vertex 3.7781 8.18338 0
      vertex 4.05 8.36506 0
    endloop
  endfacet
  facet normal 0.0654088 0.997859 -0
    outer loop
      vertex 5.3 3.7 0
      vertex 4.97368 3.72139 1.6
      vertex 5.3 3.7 1.6
    endloop
  endfacet
  facet normal 0.0654088 0.997859 0
    outer loop
      vertex 4.97368 3.72139 1.6
      vertex 5.3 3.7 0
      vertex 4.97368 3.72139 0
    endloop
  endfacet
  facet normal -0.442302 0.896866 0
    outer loop
      vertex 6.55 4.03494 0
      vertex 6.25671 3.8903 1.6
      vertex 6.55 4.03494 1.6
    endloop
  endfacet
  facet normal -0.442302 0.896866 0
    outer loop
      vertex 6.25671 3.8903 1.6
      vertex 6.55 4.03494 0
      vertex 6.25671 3.8903 0
    endloop
  endfacet
  facet normal -0.195069 0.980789 0
    outer loop
      vertex 5.94705 3.78518 0
      vertex 5.62632 3.72139 1.6
      vertex 5.94705 3.78518 1.6
    endloop
  endfacet
  facet normal -0.195069 0.980789 0
    outer loop
      vertex 5.62632 3.72139 1.6
      vertex 5.94705 3.78518 0
      vertex 5.62632 3.72139 0
    endloop
  endfacet
  facet normal -0.896866 0.442302 5.44519e-18
    outer loop
      vertex 7.46506 4.95 0
      vertex 7.6097 5.24329 1.6
      vertex 7.6097 5.24329 0
    endloop
  endfacet
  facet normal -0.896866 0.442302 5.44519e-18
    outer loop
      vertex 7.6097 5.24329 1.6
      vertex 7.46506 4.95 0
      vertex 7.46506 4.95 1.6
    endloop
  endfacet
  facet normal 0.0654088 -0.997859 0
    outer loop
      vertex 4.97368 8.67861 0
      vertex 5.3 8.7 1.6
      vertex 4.97368 8.67861 1.6
    endloop
  endfacet
  facet normal 0.0654088 -0.997859 0
    outer loop
      vertex 5.3 8.7 1.6
      vertex 4.97368 8.67861 0
      vertex 5.3 8.7 0
    endloop
  endfacet
  facet normal -0.555575 -0.831466 0
    outer loop
      vertex 6.55 8.36506 0
      vertex 6.8219 8.18338 1.6
      vertex 6.55 8.36506 1.6
    endloop
  endfacet
  facet normal -0.555575 -0.831466 -0
    outer loop
      vertex 6.8219 8.18338 1.6
      vertex 6.55 8.36506 0
      vertex 6.8219 8.18338 0
    endloop
  endfacet
  facet normal -0.659325 0.751858 0
    outer loop
      vertex 7.06777 4.43223 0
      vertex 6.8219 4.21662 1.6
      vertex 7.06777 4.43223 1.6
    endloop
  endfacet
  facet normal -0.659325 0.751858 0
    outer loop
      vertex 6.8219 4.21662 1.6
      vertex 7.06777 4.43223 0
      vertex 6.8219 4.21662 0
    endloop
  endfacet
  facet normal 0.896866 -0.442302 5.44519e-18
    outer loop
      vertex 2.9903 7.15671 1.6
      vertex 3.13494 7.45 0
      vertex 3.13494 7.45 1.6
    endloop
  endfacet
  facet normal 0.896866 -0.442302 5.44519e-18
    outer loop
      vertex 3.13494 7.45 0
      vertex 2.9903 7.15671 1.6
      vertex 2.9903 7.15671 0
    endloop
  endfacet
  facet normal 0.751858 0.659325 -1.58877e-18
    outer loop
      vertex 3.53223 4.43223 1.6
      vertex 3.31662 4.6781 0
      vertex 3.31662 4.6781 1.6
    endloop
  endfacet
  facet normal 0.751858 0.659325 -1.58877e-18
    outer loop
      vertex 3.31662 4.6781 0
      vertex 3.53223 4.43223 1.6
      vertex 3.53223 4.43223 0
    endloop
  endfacet
  facet normal -0.195099 -0.980784 0
    outer loop
      vertex 5.62632 8.67861 0
      vertex 5.94705 8.61481 1.6
      vertex 5.62632 8.67861 1.6
    endloop
  endfacet
  facet normal -0.195099 -0.980784 -0
    outer loop
      vertex 5.94705 8.61481 1.6
      vertex 5.62632 8.67861 0
      vertex 5.94705 8.61481 0
    endloop
  endfacet
  facet normal 0.896866 0.442302 -5.44519e-18
    outer loop
      vertex 3.13494 4.95 1.6
      vertex 2.9903 5.24329 0
      vertex 2.9903 5.24329 1.6
    endloop
  endfacet
  facet normal 0.896866 0.442302 -5.44519e-18
    outer loop
      vertex 2.9903 5.24329 0
      vertex 3.13494 4.95 1.6
      vertex 3.13494 4.95 0
    endloop
  endfacet
  facet normal -0.980784 0.195099 2.4246e-18
    outer loop
      vertex 7.71481 5.55295 0
      vertex 7.77861 5.87368 1.6
      vertex 7.77861 5.87368 0
    endloop
  endfacet
  facet normal -0.980784 0.195099 2.4246e-18
    outer loop
      vertex 7.77861 5.87368 1.6
      vertex 7.71481 5.55295 0
      vertex 7.71481 5.55295 1.6
    endloop
  endfacet
  facet normal 0.195099 -0.980784 0
    outer loop
      vertex 4.65295 8.61481 0
      vertex 4.97368 8.67861 1.6
      vertex 4.65295 8.61481 1.6
    endloop
  endfacet
  facet normal 0.195099 -0.980784 0
    outer loop
      vertex 4.97368 8.67861 1.6
      vertex 4.65295 8.61481 0
      vertex 4.97368 8.67861 0
    endloop
  endfacet
  facet normal 0.946935 0.321425 4.51959e-18
    outer loop
      vertex 2.9903 5.24329 1.6
      vertex 2.88519 5.55295 0
      vertex 2.88519 5.55295 1.6
    endloop
  endfacet
  facet normal 0.946935 0.321425 4.51959e-18
    outer loop
      vertex 2.88519 5.55295 0
      vertex 2.9903 5.24329 1.6
      vertex 2.9903 5.24329 0
    endloop
  endfacet
  facet normal -0.0654088 0.997859 0
    outer loop
      vertex 5.62632 3.72139 0
      vertex 5.3 3.7 1.6
      vertex 5.62632 3.72139 1.6
    endloop
  endfacet
  facet normal -0.0654088 0.997859 0
    outer loop
      vertex 5.3 3.7 1.6
      vertex 5.62632 3.72139 0
      vertex 5.3 3.7 0
    endloop
  endfacet
  facet normal -0.751858 -0.659325 -5.09411e-18
    outer loop
      vertex 7.28338 7.7219 0
      vertex 7.06777 7.96777 1.6
      vertex 7.06777 7.96777 0
    endloop
  endfacet
  facet normal -0.751858 -0.659325 -5.09411e-18
    outer loop
      vertex 7.06777 7.96777 1.6
      vertex 7.28338 7.7219 0
      vertex 7.28338 7.7219 1.6
    endloop
  endfacet
  facet normal 0.321425 -0.946935 0
    outer loop
      vertex 4.34329 8.5097 0
      vertex 4.65295 8.61481 1.6
      vertex 4.34329 8.5097 1.6
    endloop
  endfacet
  facet normal 0.321425 -0.946935 0
    outer loop
      vertex 4.65295 8.61481 1.6
      vertex 4.34329 8.5097 0
      vertex 4.65295 8.61481 0
    endloop
  endfacet
  facet normal 0.997858 -0.0654108 -6.59648e-19
    outer loop
      vertex 2.8 6.2 1.6
      vertex 2.82139 6.52631 0
      vertex 2.82139 6.52631 1.6
    endloop
  endfacet
  facet normal 0.997858 -0.0654108 -6.59648e-19
    outer loop
      vertex 2.82139 6.52631 0
      vertex 2.8 6.2 1.6
      vertex 2.8 6.2 0
    endloop
  endfacet
  facet normal 0.980785 -0.195093 -2.76821e-18
    outer loop
      vertex 2.82139 6.52631 1.6
      vertex 2.88519 6.84705 0
      vertex 2.88519 6.84705 1.6
    endloop
  endfacet
  facet normal 0.980785 -0.195093 -2.76821e-18
    outer loop
      vertex 2.88519 6.84705 0
      vertex 2.82139 6.52631 1.6
      vertex 2.82139 6.52631 0
    endloop
  endfacet
  facet normal -0.555575 0.831466 0
    outer loop
      vertex 6.8219 4.21662 0
      vertex 6.55 4.03494 1.6
      vertex 6.8219 4.21662 1.6
    endloop
  endfacet
  facet normal -0.555575 0.831466 0
    outer loop
      vertex 6.55 4.03494 1.6
      vertex 6.8219 4.21662 0
      vertex 6.55 4.03494 0
    endloop
  endfacet
  facet normal 0.659325 0.751858 -0
    outer loop
      vertex 3.7781 4.21662 0
      vertex 3.53223 4.43223 1.6
      vertex 3.7781 4.21662 1.6
    endloop
  endfacet
  facet normal 0.659325 0.751858 0
    outer loop
      vertex 3.53223 4.43223 1.6
      vertex 3.7781 4.21662 0
      vertex 3.53223 4.43223 0
    endloop
  endfacet
  facet normal 0.321452 0.946926 -0
    outer loop
      vertex 4.65295 3.78518 0
      vertex 4.34329 3.8903 1.6
      vertex 4.65295 3.78518 1.6
    endloop
  endfacet
  facet normal 0.321452 0.946926 0
    outer loop
      vertex 4.34329 3.8903 1.6
      vertex 4.65295 3.78518 0
      vertex 4.34329 3.8903 0
    endloop
  endfacet
  facet normal 0.831466 -0.555575 1.45952e-18
    outer loop
      vertex 3.13494 7.45 1.6
      vertex 3.31662 7.7219 0
      vertex 3.31662 7.7219 1.6
    endloop
  endfacet
  facet normal 0.831466 -0.555575 1.45952e-18
    outer loop
      vertex 3.31662 7.7219 0
      vertex 3.13494 7.45 1.6
      vertex 3.13494 7.45 0
    endloop
  endfacet
  facet normal 0.195069 0.980789 -0
    outer loop
      vertex 4.97368 3.72139 0
      vertex 4.65295 3.78518 1.6
      vertex 4.97368 3.72139 1.6
    endloop
  endfacet
  facet normal 0.195069 0.980789 0
    outer loop
      vertex 4.65295 3.78518 1.6
      vertex 4.97368 3.72139 0
      vertex 4.65295 3.78518 0
    endloop
  endfacet
  facet normal 0.751858 -0.659325 1.58877e-18
    outer loop
      vertex 3.31662 7.7219 1.6
      vertex 3.53223 7.96777 0
      vertex 3.53223 7.96777 1.6
    endloop
  endfacet
  facet normal 0.751858 -0.659325 1.58877e-18
    outer loop
      vertex 3.53223 7.96777 0
      vertex 3.31662 7.7219 1.6
      vertex 3.31662 7.7219 0
    endloop
  endfacet
  facet normal -0.752783 0.658268 -3.05366e-18
    outer loop
      vertex 106.868 2.63223 0
      vertex 107.083 2.8781 1.6
      vertex 107.083 2.8781 0
    endloop
  endfacet
  facet normal -0.752783 0.658268 -3.05366e-18
    outer loop
      vertex 107.083 2.8781 1.6
      vertex 106.868 2.63223 0
      vertex 106.868 2.63223 1.6
    endloop
  endfacet
  facet normal -0.980668 -0.195681 -2.19772e-18
    outer loop
      vertex 107.579 4.72631 0
      vertex 107.515 5.04705 1.6
      vertex 107.515 5.04705 0
    endloop
  endfacet
  facet normal -0.980668 -0.195681 -2.19772e-18
    outer loop
      vertex 107.515 5.04705 1.6
      vertex 107.579 4.72631 0
      vertex 107.579 4.72631 1.6
    endloop
  endfacet
  facet normal -0.997936 -0.0642231 5.72415e-19
    outer loop
      vertex 107.6 4.4 0
      vertex 107.579 4.72631 1.6
      vertex 107.579 4.72631 0
    endloop
  endfacet
  facet normal -0.997936 -0.0642231 5.72415e-19
    outer loop
      vertex 107.579 4.72631 1.6
      vertex 107.6 4.4 0
      vertex 107.6 4.4 1.6
    endloop
  endfacet
  facet normal 0.997936 0.0642212 -7.29287e-19
    outer loop
      vertex 102.621 4.07368 1.6
      vertex 102.6 4.4 0
      vertex 102.6 4.4 1.6
    endloop
  endfacet
  facet normal 0.997936 0.0642212 -7.29287e-19
    outer loop
      vertex 102.6 4.4 0
      vertex 102.621 4.07368 1.6
      vertex 102.621 4.07368 0
    endloop
  endfacet
  facet normal -0.555434 -0.831561 0
    outer loop
      vertex 106.35 6.56506 0
      vertex 106.622 6.38338 1.6
      vertex 106.35 6.56506 1.6
    endloop
  endfacet
  facet normal -0.555434 -0.831561 -0
    outer loop
      vertex 106.622 6.38338 1.6
      vertex 106.35 6.56506 0
      vertex 106.622 6.38338 0
    endloop
  endfacet
  facet normal 0.896429 -0.443187 3.39047e-18
    outer loop
      vertex 102.79 5.35671 1.6
      vertex 102.935 5.65 0
      vertex 102.935 5.65 1.6
    endloop
  endfacet
  facet normal 0.896429 -0.443187 3.39047e-18
    outer loop
      vertex 102.935 5.65 0
      vertex 102.79 5.35671 1.6
      vertex 102.79 5.35671 0
    endloop
  endfacet
  facet normal 0.194911 0.980821 -0
    outer loop
      vertex 104.774 1.92139 0
      vertex 104.453 1.98518 1.6
      vertex 104.774 1.92139 1.6
    endloop
  endfacet
  facet normal 0.194911 0.980821 0
    outer loop
      vertex 104.453 1.98518 1.6
      vertex 104.774 1.92139 0
      vertex 104.453 1.98518 0
    endloop
  endfacet
  facet normal 0.947038 0.321123 -1.7432e-18
    outer loop
      vertex 102.79 3.44329 1.6
      vertex 102.685 3.75295 0
      vertex 102.685 3.75295 1.6
    endloop
  endfacet
  facet normal 0.947038 0.321123 -1.7432e-18
    outer loop
      vertex 102.685 3.75295 0
      vertex 102.79 3.44329 1.6
      vertex 102.79 3.44329 0
    endloop
  endfacet
  facet normal 0.980666 0.195687 -9.40685e-19
    outer loop
      vertex 102.685 3.75295 1.6
      vertex 102.621 4.07368 0
      vertex 102.621 4.07368 1.6
    endloop
  endfacet
  facet normal 0.980666 0.195687 -9.40685e-19
    outer loop
      vertex 102.621 4.07368 0
      vertex 102.685 3.75295 1.6
      vertex 102.685 3.75295 0
    endloop
  endfacet
  facet normal -0.659128 -0.752031 0
    outer loop
      vertex 106.622 6.38338 0
      vertex 106.868 6.16777 1.6
      vertex 106.622 6.38338 1.6
    endloop
  endfacet
  facet normal -0.659128 -0.752031 -0
    outer loop
      vertex 106.868 6.16777 1.6
      vertex 106.622 6.38338 0
      vertex 106.868 6.16777 0
    endloop
  endfacet
  facet normal -0.321136 0.947033 0
    outer loop
      vertex 106.057 2.0903 0
      vertex 105.747 1.98518 1.6
      vertex 106.057 2.0903 1.6
    endloop
  endfacet
  facet normal -0.321136 0.947033 0
    outer loop
      vertex 105.747 1.98518 1.6
      vertex 106.057 2.0903 0
      vertex 105.747 1.98518 0
    endloop
  endfacet
  facet normal 0.0654727 -0.997854 0
    outer loop
      vertex 104.774 6.87861 0
      vertex 105.1 6.9 1.6
      vertex 104.774 6.87861 1.6
    endloop
  endfacet
  facet normal 0.0654727 -0.997854 0
    outer loop
      vertex 105.1 6.9 1.6
      vertex 104.774 6.87861 0
      vertex 105.1 6.9 0
    endloop
  endfacet
  facet normal 0.321136 0.947033 -0
    outer loop
      vertex 104.453 1.98518 0
      vertex 104.143 2.0903 1.6
      vertex 104.453 1.98518 1.6
    endloop
  endfacet
  facet normal 0.321136 0.947033 0
    outer loop
      vertex 104.143 2.0903 1.6
      vertex 104.453 1.98518 0
      vertex 104.143 2.0903 0
    endloop
  endfacet
  facet normal 0.442654 0.896693 -0
    outer loop
      vertex 104.143 2.0903 0
      vertex 103.85 2.23494 1.6
      vertex 104.143 2.0903 1.6
    endloop
  endfacet
  facet normal 0.442654 0.896693 0
    outer loop
      vertex 103.85 2.23494 1.6
      vertex 104.143 2.0903 0
      vertex 103.85 2.23494 0
    endloop
  endfacet
  facet normal -0.321108 -0.947042 0
    outer loop
      vertex 105.747 6.81481 0
      vertex 106.057 6.7097 1.6
      vertex 105.747 6.81481 1.6
    endloop
  endfacet
  facet normal -0.321108 -0.947042 -0
    outer loop
      vertex 106.057 6.7097 1.6
      vertex 105.747 6.81481 0
      vertex 106.057 6.7097 0
    endloop
  endfacet
  facet normal -0.896429 0.443187 -3.21011e-19
    outer loop
      vertex 107.265 3.15 0
      vertex 107.41 3.44329 1.6
      vertex 107.41 3.44329 0
    endloop
  endfacet
  facet normal -0.896429 0.443187 -3.21011e-19
    outer loop
      vertex 107.41 3.44329 1.6
      vertex 107.265 3.15 0
      vertex 107.265 3.15 1.6
    endloop
  endfacet
  facet normal 0.997936 -0.0642231 -5.72415e-19
    outer loop
      vertex 102.6 4.4 1.6
      vertex 102.621 4.72631 0
      vertex 102.621 4.72631 1.6
    endloop
  endfacet
  facet normal 0.997936 -0.0642231 -5.72415e-19
    outer loop
      vertex 102.621 4.72631 0
      vertex 102.6 4.4 1.6
      vertex 102.6 4.4 0
    endloop
  endfacet
  facet normal 0.659128 -0.752031 0
    outer loop
      vertex 103.332 6.16777 0
      vertex 103.578 6.38338 1.6
      vertex 103.332 6.16777 1.6
    endloop
  endfacet
  facet normal 0.659128 -0.752031 0
    outer loop
      vertex 103.578 6.38338 1.6
      vertex 103.332 6.16777 0
      vertex 103.578 6.38338 0
    endloop
  endfacet
  facet normal 0.896429 0.443187 3.21011e-19
    outer loop
      vertex 102.935 3.15 1.6
      vertex 102.79 3.44329 0
      vertex 102.79 3.44329 1.6
    endloop
  endfacet
  facet normal 0.896429 0.443187 3.21011e-19
    outer loop
      vertex 102.79 3.44329 0
      vertex 102.935 3.15 1.6
      vertex 102.935 3.15 0
    endloop
  endfacet
  facet normal 0.321108 -0.947042 0
    outer loop
      vertex 104.143 6.7097 0
      vertex 104.453 6.81481 1.6
      vertex 104.143 6.7097 1.6
    endloop
  endfacet
  facet normal 0.321108 -0.947042 0
    outer loop
      vertex 104.453 6.81481 1.6
      vertex 104.143 6.7097 0
      vertex 104.453 6.81481 0
    endloop
  endfacet
  facet normal -0.997936 0.0642212 7.29287e-19
    outer loop
      vertex 107.579 4.07368 0
      vertex 107.6 4.4 1.6
      vertex 107.6 4.4 0
    endloop
  endfacet
  facet normal -0.997936 0.0642212 7.29287e-19
    outer loop
      vertex 107.6 4.4 1.6
      vertex 107.579 4.07368 0
      vertex 107.579 4.07368 1.6
    endloop
  endfacet
  facet normal -0.896429 -0.443187 -3.39047e-18
    outer loop
      vertex 107.41 5.35671 0
      vertex 107.265 5.65 1.6
      vertex 107.265 5.65 0
    endloop
  endfacet
  facet normal -0.896429 -0.443187 -3.39047e-18
    outer loop
      vertex 107.265 5.65 1.6
      vertex 107.41 5.35671 0
      vertex 107.41 5.35671 1.6
    endloop
  endfacet
  facet normal -0.194911 0.980821 0
    outer loop
      vertex 105.747 1.98518 0
      vertex 105.426 1.92139 1.6
      vertex 105.747 1.98518 1.6
    endloop
  endfacet
  facet normal -0.194911 0.980821 0
    outer loop
      vertex 105.426 1.92139 1.6
      vertex 105.747 1.98518 0
      vertex 105.426 1.92139 0
    endloop
  endfacet
  facet normal -0.831014 -0.556251 -4.04775e-18
    outer loop
      vertex 107.265 5.65 0
      vertex 107.083 5.9219 1.6
      vertex 107.083 5.9219 0
    endloop
  endfacet
  facet normal -0.831014 -0.556251 -4.04775e-18
    outer loop
      vertex 107.083 5.9219 1.6
      vertex 107.265 5.65 0
      vertex 107.265 5.65 1.6
    endloop
  endfacet
  facet normal 0.752783 -0.658268 3.03088e-18
    outer loop
      vertex 103.117 5.9219 1.6
      vertex 103.332 6.16777 0
      vertex 103.332 6.16777 1.6
    endloop
  endfacet
  facet normal 0.752783 -0.658268 3.03088e-18
    outer loop
      vertex 103.332 6.16777 0
      vertex 103.117 5.9219 1.6
      vertex 103.117 5.9219 0
    endloop
  endfacet
  facet normal -0.555434 0.831561 0
    outer loop
      vertex 106.622 2.41662 0
      vertex 106.35 2.23494 1.6
      vertex 106.622 2.41662 1.6
    endloop
  endfacet
  facet normal -0.555434 0.831561 0
    outer loop
      vertex 106.35 2.23494 1.6
      vertex 106.622 2.41662 0
      vertex 106.35 2.23494 0
    endloop
  endfacet
  facet normal -0.980666 0.195687 2.86289e-18
    outer loop
      vertex 107.515 3.75295 0
      vertex 107.579 4.07368 1.6
      vertex 107.579 4.07368 0
    endloop
  endfacet
  facet normal -0.980666 0.195687 2.86289e-18
    outer loop
      vertex 107.579 4.07368 1.6
      vertex 107.515 3.75295 0
      vertex 107.515 3.75295 1.6
    endloop
  endfacet
  facet normal -0.831014 0.556251 -6.17902e-19
    outer loop
      vertex 107.083 2.8781 0
      vertex 107.265 3.15 1.6
      vertex 107.265 3.15 0
    endloop
  endfacet
  facet normal -0.831014 0.556251 -6.17902e-19
    outer loop
      vertex 107.265 3.15 1.6
      vertex 107.083 2.8781 0
      vertex 107.083 2.8781 1.6
    endloop
  endfacet
  facet normal 0.442654 -0.896693 0
    outer loop
      vertex 103.85 6.56506 0
      vertex 104.143 6.7097 1.6
      vertex 103.85 6.56506 1.6
    endloop
  endfacet
  facet normal 0.442654 -0.896693 0
    outer loop
      vertex 104.143 6.7097 1.6
      vertex 103.85 6.56506 0
      vertex 104.143 6.7097 0
    endloop
  endfacet
  facet normal -0.947038 0.321123 1.7432e-18
    outer loop
      vertex 107.41 3.44329 0
      vertex 107.515 3.75295 1.6
      vertex 107.515 3.75295 0
    endloop
  endfacet
  facet normal -0.947038 0.321123 1.7432e-18
    outer loop
      vertex 107.515 3.75295 1.6
      vertex 107.41 3.44329 0
      vertex 107.41 3.44329 1.6
    endloop
  endfacet
  facet normal -0.442654 0.896693 0
    outer loop
      vertex 106.35 2.23494 0
      vertex 106.057 2.0903 1.6
      vertex 106.35 2.23494 1.6
    endloop
  endfacet
  facet normal -0.442654 0.896693 0
    outer loop
      vertex 106.057 2.0903 1.6
      vertex 106.35 2.23494 0
      vertex 106.057 2.0903 0
    endloop
  endfacet
  facet normal 0.947038 -0.321123 -1.97053e-18
    outer loop
      vertex 102.685 5.04705 1.6
      vertex 102.79 5.35671 0
      vertex 102.79 5.35671 1.6
    endloop
  endfacet
  facet normal 0.947038 -0.321123 -1.97053e-18
    outer loop
      vertex 102.79 5.35671 0
      vertex 102.685 5.04705 1.6
      vertex 102.685 5.04705 0
    endloop
  endfacet
  facet normal -0.0654727 0.997854 0
    outer loop
      vertex 105.426 1.92139 0
      vertex 105.1 1.9 1.6
      vertex 105.426 1.92139 1.6
    endloop
  endfacet
  facet normal -0.0654727 0.997854 0
    outer loop
      vertex 105.1 1.9 1.6
      vertex 105.426 1.92139 0
      vertex 105.1 1.9 0
    endloop
  endfacet
  facet normal 0.980668 -0.195681 5.47129e-19
    outer loop
      vertex 102.621 4.72631 1.6
      vertex 102.685 5.04705 0
      vertex 102.685 5.04705 1.6
    endloop
  endfacet
  facet normal 0.980668 -0.195681 5.47129e-19
    outer loop
      vertex 102.685 5.04705 0
      vertex 102.621 4.72631 1.6
      vertex 102.621 4.72631 0
    endloop
  endfacet
  facet normal -0.442654 -0.896693 0
    outer loop
      vertex 106.057 6.7097 0
      vertex 106.35 6.56506 1.6
      vertex 106.057 6.7097 1.6
    endloop
  endfacet
  facet normal -0.442654 -0.896693 -0
    outer loop
      vertex 106.35 6.56506 1.6
      vertex 106.057 6.7097 0
      vertex 106.35 6.56506 0
    endloop
  endfacet
  facet normal -0.752783 -0.658268 3.05366e-18
    outer loop
      vertex 107.083 5.9219 0
      vertex 106.868 6.16777 1.6
      vertex 106.868 6.16777 0
    endloop
  endfacet
  facet normal -0.752783 -0.658268 3.05366e-18
    outer loop
      vertex 106.868 6.16777 1.6
      vertex 107.083 5.9219 0
      vertex 107.083 5.9219 1.6
    endloop
  endfacet
  facet normal -0.947038 -0.321123 1.97053e-18
    outer loop
      vertex 107.515 5.04705 0
      vertex 107.41 5.35671 1.6
      vertex 107.41 5.35671 0
    endloop
  endfacet
  facet normal -0.947038 -0.321123 1.97053e-18
    outer loop
      vertex 107.41 5.35671 1.6
      vertex 107.515 5.04705 0
      vertex 107.515 5.04705 1.6
    endloop
  endfacet
  facet normal 0.555434 0.831561 -0
    outer loop
      vertex 103.85 2.23494 0
      vertex 103.578 2.41662 1.6
      vertex 103.85 2.23494 1.6
    endloop
  endfacet
  facet normal 0.555434 0.831561 0
    outer loop
      vertex 103.578 2.41662 1.6
      vertex 103.85 2.23494 0
      vertex 103.578 2.41662 0
    endloop
  endfacet
  facet normal 0.194941 -0.980815 0
    outer loop
      vertex 104.453 6.81481 0
      vertex 104.774 6.87861 1.6
      vertex 104.453 6.81481 1.6
    endloop
  endfacet
  facet normal 0.194941 -0.980815 0
    outer loop
      vertex 104.774 6.87861 1.6
      vertex 104.453 6.81481 0
      vertex 104.774 6.87861 0
    endloop
  endfacet
  facet normal -0.194941 -0.980815 0
    outer loop
      vertex 105.426 6.87861 0
      vertex 105.747 6.81481 1.6
      vertex 105.426 6.87861 1.6
    endloop
  endfacet
  facet normal -0.194941 -0.980815 -0
    outer loop
      vertex 105.747 6.81481 1.6
      vertex 105.426 6.87861 0
      vertex 105.747 6.81481 0
    endloop
  endfacet
  facet normal 0.555434 -0.831561 0
    outer loop
      vertex 103.578 6.38338 0
      vertex 103.85 6.56506 1.6
      vertex 103.578 6.38338 1.6
    endloop
  endfacet
  facet normal 0.555434 -0.831561 0
    outer loop
      vertex 103.85 6.56506 1.6
      vertex 103.578 6.38338 0
      vertex 103.85 6.56506 0
    endloop
  endfacet
  facet normal 0.752783 0.658268 -3.03088e-18
    outer loop
      vertex 103.332 2.63223 1.6
      vertex 103.117 2.8781 0
      vertex 103.117 2.8781 1.6
    endloop
  endfacet
  facet normal 0.752783 0.658268 -3.03088e-18
    outer loop
      vertex 103.117 2.8781 0
      vertex 103.332 2.63223 1.6
      vertex 103.332 2.63223 0
    endloop
  endfacet
  facet normal -0.0654727 -0.997854 0
    outer loop
      vertex 105.1 6.9 0
      vertex 105.426 6.87861 1.6
      vertex 105.1 6.9 1.6
    endloop
  endfacet
  facet normal -0.0654727 -0.997854 -0
    outer loop
      vertex 105.426 6.87861 1.6
      vertex 105.1 6.9 0
      vertex 105.426 6.87861 0
    endloop
  endfacet
  facet normal -0.659128 0.752031 0
    outer loop
      vertex 106.868 2.63223 0
      vertex 106.622 2.41662 1.6
      vertex 106.868 2.63223 1.6
    endloop
  endfacet
  facet normal -0.659128 0.752031 0
    outer loop
      vertex 106.622 2.41662 1.6
      vertex 106.868 2.63223 0
      vertex 106.622 2.41662 0
    endloop
  endfacet
  facet normal 0.831014 -0.556251 4.04775e-18
    outer loop
      vertex 102.935 5.65 1.6
      vertex 103.117 5.9219 0
      vertex 103.117 5.9219 1.6
    endloop
  endfacet
  facet normal 0.831014 -0.556251 4.04775e-18
    outer loop
      vertex 103.117 5.9219 0
      vertex 102.935 5.65 1.6
      vertex 102.935 5.65 0
    endloop
  endfacet
  facet normal 0.0654727 0.997854 -0
    outer loop
      vertex 105.1 1.9 0
      vertex 104.774 1.92139 1.6
      vertex 105.1 1.9 1.6
    endloop
  endfacet
  facet normal 0.0654727 0.997854 0
    outer loop
      vertex 104.774 1.92139 1.6
      vertex 105.1 1.9 0
      vertex 104.774 1.92139 0
    endloop
  endfacet
  facet normal 0.659128 0.752031 -0
    outer loop
      vertex 103.578 2.41662 0
      vertex 103.332 2.63223 1.6
      vertex 103.578 2.41662 1.6
    endloop
  endfacet
  facet normal 0.659128 0.752031 0
    outer loop
      vertex 103.332 2.63223 1.6
      vertex 103.578 2.41662 0
      vertex 103.332 2.63223 0
    endloop
  endfacet
  facet normal 0.831014 0.556251 6.17902e-19
    outer loop
      vertex 103.117 2.8781 1.6
      vertex 102.935 3.15 0
      vertex 102.935 3.15 1.6
    endloop
  endfacet
  facet normal 0.831014 0.556251 6.17902e-19
    outer loop
      vertex 102.935 3.15 0
      vertex 103.117 2.8781 1.6
      vertex 103.117 2.8781 0
    endloop
  endfacet
  facet normal -0.752823 -0.658223 -3.28848e-19
    outer loop
      vertex 135.583 64.1219 0
      vertex 135.368 64.3678 1.6
      vertex 135.368 64.3678 0
    endloop
  endfacet
  facet normal -0.752823 -0.658223 -3.28848e-19
    outer loop
      vertex 135.368 64.3678 1.6
      vertex 135.583 64.1219 0
      vertex 135.583 64.1219 1.6
    endloop
  endfacet
  facet normal -0.0655032 0.997852 0
    outer loop
      vertex 133.926 60.1214 0
      vertex 133.6 60.1 1.6
      vertex 133.926 60.1214 1.6
    endloop
  endfacet
  facet normal -0.0655032 0.997852 0
    outer loop
      vertex 133.6 60.1 1.6
      vertex 133.926 60.1214 0
      vertex 133.6 60.1 0
    endloop
  endfacet
  facet normal -0.980663 -0.195704 3.16187e-18
    outer loop
      vertex 136.079 62.9263 0
      vertex 136.015 63.247 1.6
      vertex 136.015 63.247 0
    endloop
  endfacet
  facet normal -0.980663 -0.195704 3.16187e-18
    outer loop
      vertex 136.015 63.247 1.6
      vertex 136.079 62.9263 0
      vertex 136.079 62.9263 1.6
    endloop
  endfacet
  facet normal -0.997935 -0.0642251 -4.28334e-19
    outer loop
      vertex 136.1 62.6 0
      vertex 136.079 62.9263 1.6
      vertex 136.079 62.9263 0
    endloop
  endfacet
  facet normal -0.997935 -0.0642251 -4.28334e-19
    outer loop
      vertex 136.079 62.9263 1.6
      vertex 136.1 62.6 0
      vertex 136.1 62.6 1.6
    endloop
  endfacet
  facet normal -0.65911 -0.752046 0
    outer loop
      vertex 135.122 64.5834 0
      vertex 135.368 64.3678 1.6
      vertex 135.122 64.5834 1.6
    endloop
  endfacet
  facet normal -0.65911 -0.752046 -0
    outer loop
      vertex 135.368 64.3678 1.6
      vertex 135.122 64.5834 0
      vertex 135.368 64.3678 0
    endloop
  endfacet
  facet normal 0.752823 0.658223 1.79549e-18
    outer loop
      vertex 131.832 60.8322 1.6
      vertex 131.617 61.0781 0
      vertex 131.617 61.0781 1.6
    endloop
  endfacet
  facet normal 0.752823 0.658223 1.79549e-18
    outer loop
      vertex 131.617 61.0781 0
      vertex 131.832 60.8322 1.6
      vertex 131.832 60.8322 0
    endloop
  endfacet
  facet normal -0.831014 0.556251 4.53552e-18
    outer loop
      vertex 135.583 61.0781 0
      vertex 135.765 61.35 1.6
      vertex 135.765 61.35 0
    endloop
  endfacet
  facet normal -0.831014 0.556251 4.53552e-18
    outer loop
      vertex 135.765 61.35 1.6
      vertex 135.583 61.0781 0
      vertex 135.583 61.0781 1.6
    endloop
  endfacet
  facet normal 0.194941 -0.980815 0
    outer loop
      vertex 132.953 65.0148 0
      vertex 133.274 65.0786 1.6
      vertex 132.953 65.0148 1.6
    endloop
  endfacet
  facet normal 0.194941 -0.980815 0
    outer loop
      vertex 133.274 65.0786 1.6
      vertex 132.953 65.0148 0
      vertex 133.274 65.0786 0
    endloop
  endfacet
  facet normal -0.831014 -0.556251 3.42204e-19
    outer loop
      vertex 135.765 63.85 0
      vertex 135.583 64.1219 1.6
      vertex 135.583 64.1219 0
    endloop
  endfacet
  facet normal -0.831014 -0.556251 3.42204e-19
    outer loop
      vertex 135.583 64.1219 1.6
      vertex 135.765 63.85 0
      vertex 135.765 63.85 1.6
    endloop
  endfacet
  facet normal -0.896435 0.443175 1.70257e-18
    outer loop
      vertex 135.765 61.35 0
      vertex 135.91 61.6433 1.6
      vertex 135.91 61.6433 0
    endloop
  endfacet
  facet normal -0.896435 0.443175 1.70257e-18
    outer loop
      vertex 135.91 61.6433 1.6
      vertex 135.765 61.35 0
      vertex 135.765 61.35 1.6
    endloop
  endfacet
  facet normal -0.442556 0.896741 0
    outer loop
      vertex 134.85 60.4349 0
      vertex 134.557 60.2903 1.6
      vertex 134.85 60.4349 1.6
    endloop
  endfacet
  facet normal -0.442556 0.896741 0
    outer loop
      vertex 134.557 60.2903 1.6
      vertex 134.85 60.4349 0
      vertex 134.557 60.2903 0
    endloop
  endfacet
  facet normal 0.980663 -0.195704 2.31246e-18
    outer loop
      vertex 131.121 62.9263 1.6
      vertex 131.185 63.247 0
      vertex 131.185 63.247 1.6
    endloop
  endfacet
  facet normal 0.980663 -0.195704 2.31246e-18
    outer loop
      vertex 131.185 63.247 0
      vertex 131.121 62.9263 1.6
      vertex 131.121 62.9263 0
    endloop
  endfacet
  facet normal -0.94705 -0.321086 3.59702e-18
    outer loop
      vertex 136.015 63.247 0
      vertex 135.91 63.5567 1.6
      vertex 135.91 63.5567 0
    endloop
  endfacet
  facet normal -0.94705 -0.321086 3.59702e-18
    outer loop
      vertex 135.91 63.5567 1.6
      vertex 136.015 63.247 0
      vertex 136.015 63.247 1.6
    endloop
  endfacet
  facet normal 0.94705 0.321086 3.59702e-18
    outer loop
      vertex 131.29 61.6433 1.6
      vertex 131.185 61.953 0
      vertex 131.185 61.953 1.6
    endloop
  endfacet
  facet normal 0.94705 0.321086 3.59702e-18
    outer loop
      vertex 131.185 61.953 0
      vertex 131.29 61.6433 1.6
      vertex 131.29 61.6433 0
    endloop
  endfacet
  facet normal -0.752823 0.658223 -1.79549e-18
    outer loop
      vertex 135.368 60.8322 0
      vertex 135.583 61.0781 1.6
      vertex 135.583 61.0781 0
    endloop
  endfacet
  facet normal -0.752823 0.658223 -1.79549e-18
    outer loop
      vertex 135.583 61.0781 1.6
      vertex 135.368 60.8322 0
      vertex 135.368 60.8322 1.6
    endloop
  endfacet
  facet normal 0.0655032 -0.997852 0
    outer loop
      vertex 133.274 65.0786 0
      vertex 133.6 65.1 1.6
      vertex 133.274 65.0786 1.6
    endloop
  endfacet
  facet normal 0.0655032 -0.997852 0
    outer loop
      vertex 133.6 65.1 1.6
      vertex 133.274 65.0786 0
      vertex 133.6 65.1 0
    endloop
  endfacet
  facet normal -0.94705 0.321086 -3.59702e-18
    outer loop
      vertex 135.91 61.6433 0
      vertex 136.015 61.953 1.6
      vertex 136.015 61.953 0
    endloop
  endfacet
  facet normal -0.94705 0.321086 -3.59702e-18
    outer loop
      vertex 136.015 61.953 1.6
      vertex 135.91 61.6433 0
      vertex 135.91 61.6433 1.6
    endloop
  endfacet
  facet normal -0.321081 -0.947052 0
    outer loop
      vertex 134.247 65.0148 0
      vertex 134.557 64.9097 1.6
      vertex 134.247 65.0148 1.6
    endloop
  endfacet
  facet normal -0.321081 -0.947052 -0
    outer loop
      vertex 134.557 64.9097 1.6
      vertex 134.247 65.0148 0
      vertex 134.557 64.9097 0
    endloop
  endfacet
  facet normal 0.997935 -0.0642251 7.57267e-19
    outer loop
      vertex 131.1 62.6 1.6
      vertex 131.121 62.9263 0
      vertex 131.121 62.9263 1.6
    endloop
  endfacet
  facet normal 0.997935 -0.0642251 7.57267e-19
    outer loop
      vertex 131.121 62.9263 0
      vertex 131.1 62.6 1.6
      vertex 131.1 62.6 0
    endloop
  endfacet
  facet normal 0.321081 -0.947052 0
    outer loop
      vertex 132.643 64.9097 0
      vertex 132.953 65.0148 1.6
      vertex 132.643 64.9097 1.6
    endloop
  endfacet
  facet normal 0.321081 -0.947052 0
    outer loop
      vertex 132.953 65.0148 1.6
      vertex 132.643 64.9097 0
      vertex 132.953 65.0148 0
    endloop
  endfacet
  facet normal 0.65911 -0.752046 0
    outer loop
      vertex 131.832 64.3678 0
      vertex 132.078 64.5834 1.6
      vertex 131.832 64.3678 1.6
    endloop
  endfacet
  facet normal 0.65911 -0.752046 0
    outer loop
      vertex 132.078 64.5834 1.6
      vertex 131.832 64.3678 0
      vertex 132.078 64.5834 0
    endloop
  endfacet
  facet normal 0.831014 0.556251 -4.53552e-18
    outer loop
      vertex 131.617 61.0781 1.6
      vertex 131.435 61.35 0
      vertex 131.435 61.35 1.6
    endloop
  endfacet
  facet normal 0.831014 0.556251 -4.53552e-18
    outer loop
      vertex 131.435 61.35 0
      vertex 131.617 61.0781 1.6
      vertex 131.617 61.0781 0
    endloop
  endfacet
  facet normal 0.831014 -0.556251 -3.42204e-19
    outer loop
      vertex 131.435 63.85 1.6
      vertex 131.617 64.1219 0
      vertex 131.617 64.1219 1.6
    endloop
  endfacet
  facet normal 0.831014 -0.556251 -3.42204e-19
    outer loop
      vertex 131.617 64.1219 0
      vertex 131.435 63.85 1.6
      vertex 131.435 63.85 0
    endloop
  endfacet
  facet normal -0.321081 0.947052 0
    outer loop
      vertex 134.557 60.2903 0
      vertex 134.247 60.1852 1.6
      vertex 134.557 60.2903 1.6
    endloop
  endfacet
  facet normal -0.321081 0.947052 0
    outer loop
      vertex 134.247 60.1852 1.6
      vertex 134.557 60.2903 0
      vertex 134.247 60.1852 0
    endloop
  endfacet
  facet normal -0.194941 -0.980815 0
    outer loop
      vertex 133.926 65.0786 0
      vertex 134.247 65.0148 1.6
      vertex 133.926 65.0786 1.6
    endloop
  endfacet
  facet normal -0.194941 -0.980815 -0
    outer loop
      vertex 134.247 65.0148 1.6
      vertex 133.926 65.0786 0
      vertex 134.247 65.0148 0
    endloop
  endfacet
  facet normal -0.194941 0.980815 0
    outer loop
      vertex 134.247 60.1852 0
      vertex 133.926 60.1214 1.6
      vertex 134.247 60.1852 1.6
    endloop
  endfacet
  facet normal -0.194941 0.980815 0
    outer loop
      vertex 133.926 60.1214 1.6
      vertex 134.247 60.1852 0
      vertex 133.926 60.1214 0
    endloop
  endfacet
  facet normal 0.194941 0.980815 -0
    outer loop
      vertex 133.274 60.1214 0
      vertex 132.953 60.1852 1.6
      vertex 133.274 60.1214 1.6
    endloop
  endfacet
  facet normal 0.194941 0.980815 0
    outer loop
      vertex 132.953 60.1852 1.6
      vertex 133.274 60.1214 0
      vertex 132.953 60.1852 0
    endloop
  endfacet
  facet normal 0.442556 -0.896741 0
    outer loop
      vertex 132.35 64.7651 0
      vertex 132.643 64.9097 1.6
      vertex 132.35 64.7651 1.6
    endloop
  endfacet
  facet normal 0.442556 -0.896741 0
    outer loop
      vertex 132.643 64.9097 1.6
      vertex 132.35 64.7651 0
      vertex 132.643 64.9097 0
    endloop
  endfacet
  facet normal -0.896435 -0.443175 -1.70257e-18
    outer loop
      vertex 135.91 63.5567 0
      vertex 135.765 63.85 1.6
      vertex 135.765 63.85 0
    endloop
  endfacet
  facet normal -0.896435 -0.443175 -1.70257e-18
    outer loop
      vertex 135.765 63.85 1.6
      vertex 135.91 63.5567 0
      vertex 135.91 63.5567 1.6
    endloop
  endfacet
  facet normal -0.442556 -0.896741 0
    outer loop
      vertex 134.557 64.9097 0
      vertex 134.85 64.7651 1.6
      vertex 134.557 64.9097 1.6
    endloop
  endfacet
  facet normal -0.442556 -0.896741 -0
    outer loop
      vertex 134.85 64.7651 1.6
      vertex 134.557 64.9097 0
      vertex 134.85 64.7651 0
    endloop
  endfacet
  facet normal -0.997935 0.0642251 4.81388e-19
    outer loop
      vertex 136.079 62.2737 0
      vertex 136.1 62.6 1.6
      vertex 136.1 62.6 0
    endloop
  endfacet
  facet normal -0.997935 0.0642251 4.81388e-19
    outer loop
      vertex 136.1 62.6 1.6
      vertex 136.079 62.2737 0
      vertex 136.079 62.2737 1.6
    endloop
  endfacet
  facet normal -0.555476 -0.831533 0
    outer loop
      vertex 134.85 64.7651 0
      vertex 135.122 64.5834 1.6
      vertex 134.85 64.7651 1.6
    endloop
  endfacet
  facet normal -0.555476 -0.831533 -0
    outer loop
      vertex 135.122 64.5834 1.6
      vertex 134.85 64.7651 0
      vertex 135.122 64.5834 0
    endloop
  endfacet
  facet normal 0.896435 -0.443175 1.70257e-18
    outer loop
      vertex 131.29 63.5567 1.6
      vertex 131.435 63.85 0
      vertex 131.435 63.85 1.6
    endloop
  endfacet
  facet normal 0.896435 -0.443175 1.70257e-18
    outer loop
      vertex 131.435 63.85 0
      vertex 131.29 63.5567 1.6
      vertex 131.29 63.5567 0
    endloop
  endfacet
  facet normal 0.896435 0.443175 -1.70257e-18
    outer loop
      vertex 131.435 61.35 1.6
      vertex 131.29 61.6433 0
      vertex 131.29 61.6433 1.6
    endloop
  endfacet
  facet normal 0.896435 0.443175 -1.70257e-18
    outer loop
      vertex 131.29 61.6433 0
      vertex 131.435 61.35 1.6
      vertex 131.435 61.35 0
    endloop
  endfacet
  facet normal 0.555476 -0.831533 0
    outer loop
      vertex 132.078 64.5834 0
      vertex 132.35 64.7651 1.6
      vertex 132.078 64.5834 1.6
    endloop
  endfacet
  facet normal 0.555476 -0.831533 0
    outer loop
      vertex 132.35 64.7651 1.6
      vertex 132.078 64.5834 0
      vertex 132.35 64.7651 0
    endloop
  endfacet
  facet normal -0.65911 0.752046 0
    outer loop
      vertex 135.368 60.8322 0
      vertex 135.122 60.6166 1.6
      vertex 135.368 60.8322 1.6
    endloop
  endfacet
  facet normal -0.65911 0.752046 0
    outer loop
      vertex 135.122 60.6166 1.6
      vertex 135.368 60.8322 0
      vertex 135.122 60.6166 0
    endloop
  endfacet
  facet normal 0.997935 0.0642251 -8.10321e-19
    outer loop
      vertex 131.121 62.2737 1.6
      vertex 131.1 62.6 0
      vertex 131.1 62.6 1.6
    endloop
  endfacet
  facet normal 0.997935 0.0642251 -8.10321e-19
    outer loop
      vertex 131.1 62.6 0
      vertex 131.121 62.2737 1.6
      vertex 131.121 62.2737 0
    endloop
  endfacet
  facet normal 0.752823 -0.658223 3.28848e-19
    outer loop
      vertex 131.617 64.1219 1.6
      vertex 131.832 64.3678 0
      vertex 131.832 64.3678 1.6
    endloop
  endfacet
  facet normal 0.752823 -0.658223 3.28848e-19
    outer loop
      vertex 131.832 64.3678 0
      vertex 131.617 64.1219 1.6
      vertex 131.617 64.1219 0
    endloop
  endfacet
  facet normal 0.442556 0.896741 -0
    outer loop
      vertex 132.643 60.2903 0
      vertex 132.35 60.4349 1.6
      vertex 132.643 60.2903 1.6
    endloop
  endfacet
  facet normal 0.442556 0.896741 0
    outer loop
      vertex 132.35 60.4349 1.6
      vertex 132.643 60.2903 0
      vertex 132.35 60.4349 0
    endloop
  endfacet
  facet normal -0.980663 0.195704 2.99144e-18
    outer loop
      vertex 136.015 61.953 0
      vertex 136.079 62.2737 1.6
      vertex 136.079 62.2737 0
    endloop
  endfacet
  facet normal -0.980663 0.195704 2.99144e-18
    outer loop
      vertex 136.079 62.2737 1.6
      vertex 136.015 61.953 0
      vertex 136.015 61.953 1.6
    endloop
  endfacet
  facet normal 0.0655032 0.997852 -0
    outer loop
      vertex 133.6 60.1 0
      vertex 133.274 60.1214 1.6
      vertex 133.6 60.1 1.6
    endloop
  endfacet
  facet normal 0.0655032 0.997852 0
    outer loop
      vertex 133.274 60.1214 1.6
      vertex 133.6 60.1 0
      vertex 133.274 60.1214 0
    endloop
  endfacet
  facet normal -0.0655032 -0.997852 0
    outer loop
      vertex 133.6 65.1 0
      vertex 133.926 65.0786 1.6
      vertex 133.6 65.1 1.6
    endloop
  endfacet
  facet normal -0.0655032 -0.997852 -0
    outer loop
      vertex 133.926 65.0786 1.6
      vertex 133.6 65.1 0
      vertex 133.926 65.0786 0
    endloop
  endfacet
  facet normal 0.321081 0.947052 -0
    outer loop
      vertex 132.953 60.1852 0
      vertex 132.643 60.2903 1.6
      vertex 132.953 60.1852 1.6
    endloop
  endfacet
  facet normal 0.321081 0.947052 0
    outer loop
      vertex 132.643 60.2903 1.6
      vertex 132.953 60.1852 0
      vertex 132.643 60.2903 0
    endloop
  endfacet
  facet normal 0.65911 0.752046 -0
    outer loop
      vertex 132.078 60.6166 0
      vertex 131.832 60.8322 1.6
      vertex 132.078 60.6166 1.6
    endloop
  endfacet
  facet normal 0.65911 0.752046 0
    outer loop
      vertex 131.832 60.8322 1.6
      vertex 132.078 60.6166 0
      vertex 131.832 60.8322 0
    endloop
  endfacet
  facet normal -0.555476 0.831533 0
    outer loop
      vertex 135.122 60.6166 0
      vertex 134.85 60.4349 1.6
      vertex 135.122 60.6166 1.6
    endloop
  endfacet
  facet normal -0.555476 0.831533 0
    outer loop
      vertex 134.85 60.4349 1.6
      vertex 135.122 60.6166 0
      vertex 134.85 60.4349 0
    endloop
  endfacet
  facet normal 0.980663 0.195704 -1.83505e-18
    outer loop
      vertex 131.185 61.953 1.6
      vertex 131.121 62.2737 0
      vertex 131.121 62.2737 1.6
    endloop
  endfacet
  facet normal 0.980663 0.195704 -1.83505e-18
    outer loop
      vertex 131.121 62.2737 0
      vertex 131.185 61.953 1.6
      vertex 131.185 61.953 0
    endloop
  endfacet
  facet normal 0.555476 0.831533 -0
    outer loop
      vertex 132.35 60.4349 0
      vertex 132.078 60.6166 1.6
      vertex 132.35 60.4349 1.6
    endloop
  endfacet
  facet normal 0.555476 0.831533 0
    outer loop
      vertex 132.078 60.6166 1.6
      vertex 132.35 60.4349 0
      vertex 132.078 60.6166 0
    endloop
  endfacet
  facet normal 0.94705 -0.321086 -3.59702e-18
    outer loop
      vertex 131.185 63.247 1.6
      vertex 131.29 63.5567 0
      vertex 131.29 63.5567 1.6
    endloop
  endfacet
  facet normal 0.94705 -0.321086 -3.59702e-18
    outer loop
      vertex 131.29 63.5567 0
      vertex 131.185 63.247 1.6
      vertex 131.185 63.247 0
    endloop
  endfacet
  facet normal -0.98077 -0.195165 1.27987e-18
    outer loop
      vertex 62.6855 3.72189 0
      vertex 62.6421 3.93999 3
      vertex 62.6421 3.93999 0
    endloop
  endfacet
  facet normal -0.98077 -0.195165 1.27987e-18
    outer loop
      vertex 62.6421 3.93999 3
      vertex 62.6855 3.72189 0
      vertex 62.6855 3.72189 3
    endloop
  endfacet
  facet normal -0.997872 -0.0652086 3.04481e-19
    outer loop
      vertex 62.7 3.5 0
      vertex 62.6855 3.72189 3
      vertex 62.6855 3.72189 0
    endloop
  endfacet
  facet normal -0.997872 -0.0652086 3.04481e-19
    outer loop
      vertex 62.6855 3.72189 3
      vertex 62.7 3.5 0
      vertex 62.7 3.5 3
    endloop
  endfacet
  facet normal 0.442349 -0.896843 0
    outer loop
      vertex 60.15 4.97224 0
      vertex 60.3494 5.07059 3
      vertex 60.15 4.97224 3
    endloop
  endfacet
  facet normal 0.442349 -0.896843 0
    outer loop
      vertex 60.3494 5.07059 3
      vertex 60.15 4.97224 0
      vertex 60.3494 5.07059 0
    endloop
  endfacet
  facet normal -0.555551 -0.831483 0
    outer loop
      vertex 61.85 4.97224 0
      vertex 62.0349 4.8487 3
      vertex 61.85 4.97224 3
    endloop
  endfacet
  facet normal -0.555551 -0.831483 -0
    outer loop
      vertex 62.0349 4.8487 3
      vertex 61.85 4.97224 0
      vertex 62.0349 4.8487 0
    endloop
  endfacet
  facet normal 0.659319 -0.751863 0
    outer loop
      vertex 59.7979 4.70208 0
      vertex 59.9651 4.8487 3
      vertex 59.7979 4.70208 3
    endloop
  endfacet
  facet normal 0.659319 -0.751863 0
    outer loop
      vertex 59.9651 4.8487 3
      vertex 59.7979 4.70208 0
      vertex 59.9651 4.8487 0
    endloop
  endfacet
  facet normal -0.321363 0.946956 0
    outer loop
      vertex 61.6506 1.9294 0
      vertex 61.44 1.85793 3
      vertex 61.6506 1.9294 3
    endloop
  endfacet
  facet normal -0.321363 0.946956 0
    outer loop
      vertex 61.44 1.85793 3
      vertex 61.6506 1.9294 0
      vertex 61.44 1.85793 0
    endloop
  endfacet
  facet normal -0.831552 0.555447 4.72085e-19
    outer loop
      vertex 62.3487 2.46511 0
      vertex 62.4722 2.65 3
      vertex 62.4722 2.65 0
    endloop
  endfacet
  facet normal -0.831552 0.555447 4.72085e-19
    outer loop
      vertex 62.4722 2.65 3
      vertex 62.3487 2.46511 0
      vertex 62.3487 2.46511 3
    endloop
  endfacet
  facet normal -0.946901 0.321525 2.9057e-19
    outer loop
      vertex 62.5706 2.84944 0
      vertex 62.6421 3.06001 3
      vertex 62.6421 3.06001 0
    endloop
  endfacet
  facet normal -0.946901 0.321525 2.9057e-19
    outer loop
      vertex 62.6421 3.06001 3
      vertex 62.5706 2.84944 0
      vertex 62.5706 2.84944 3
    endloop
  endfacet
  facet normal -0.321403 -0.946943 0
    outer loop
      vertex 61.44 5.14207 0
      vertex 61.6506 5.07059 3
      vertex 61.44 5.14207 3
    endloop
  endfacet
  facet normal -0.321403 -0.946943 -0
    outer loop
      vertex 61.6506 5.07059 3
      vertex 61.44 5.14207 0
      vertex 61.6506 5.07059 0
    endloop
  endfacet
  facet normal -0.195122 -0.980779 0
    outer loop
      vertex 61.2219 5.18546 0
      vertex 61.44 5.14207 3
      vertex 61.2219 5.18546 3
    endloop
  endfacet
  facet normal -0.195122 -0.980779 -0
    outer loop
      vertex 61.44 5.14207 3
      vertex 61.2219 5.18546 0
      vertex 61.44 5.14207 0
    endloop
  endfacet
  facet normal 0.555551 -0.831483 0
    outer loop
      vertex 59.9651 4.8487 0
      vertex 60.15 4.97224 3
      vertex 59.9651 4.8487 3
    endloop
  endfacet
  facet normal 0.555551 -0.831483 0
    outer loop
      vertex 60.15 4.97224 3
      vertex 59.9651 4.8487 0
      vertex 60.15 4.97224 0
    endloop
  endfacet
  facet normal -0.896789 0.442459 -2.38739e-18
    outer loop
      vertex 62.4722 2.65 0
      vertex 62.5706 2.84944 3
      vertex 62.5706 2.84944 0
    endloop
  endfacet
  facet normal -0.896789 0.442459 -2.38739e-18
    outer loop
      vertex 62.5706 2.84944 3
      vertex 62.4722 2.65 0
      vertex 62.4722 2.65 3
    endloop
  endfacet
  facet normal -0.659319 -0.751863 0
    outer loop
      vertex 62.0349 4.8487 0
      vertex 62.2021 4.70208 3
      vertex 62.0349 4.8487 3
    endloop
  endfacet
  facet normal -0.659319 -0.751863 -0
    outer loop
      vertex 62.2021 4.70208 3
      vertex 62.0349 4.8487 0
      vertex 62.2021 4.70208 0
    endloop
  endfacet
  facet normal -0.555551 0.831483 0
    outer loop
      vertex 62.0349 2.1513 0
      vertex 61.85 2.02776 3
      vertex 62.0349 2.1513 3
    endloop
  endfacet
  facet normal -0.555551 0.831483 0
    outer loop
      vertex 61.85 2.02776 3
      vertex 62.0349 2.1513 0
      vertex 61.85 2.02776 0
    endloop
  endfacet
  facet normal -0.442349 -0.896843 0
    outer loop
      vertex 61.6506 5.07059 0
      vertex 61.85 4.97224 3
      vertex 61.6506 5.07059 3
    endloop
  endfacet
  facet normal -0.442349 -0.896843 -0
    outer loop
      vertex 61.85 4.97224 3
      vertex 61.6506 5.07059 0
      vertex 61.85 4.97224 0
    endloop
  endfacet
  facet normal 0.997872 -0.0652086 -3.04481e-19
    outer loop
      vertex 59.3 3.5 3
      vertex 59.3145 3.72189 0
      vertex 59.3145 3.72189 3
    endloop
  endfacet
  facet normal 0.997872 -0.0652086 -3.04481e-19
    outer loop
      vertex 59.3145 3.72189 0
      vertex 59.3 3.5 3
      vertex 59.3 3.5 0
    endloop
  endfacet
  facet normal 0.659319 0.751863 -0
    outer loop
      vertex 59.9651 2.1513 0
      vertex 59.7979 2.29792 3
      vertex 59.9651 2.1513 3
    endloop
  endfacet
  facet normal 0.659319 0.751863 0
    outer loop
      vertex 59.7979 2.29792 3
      vertex 59.9651 2.1513 0
      vertex 59.7979 2.29792 0
    endloop
  endfacet
  facet normal 0.751888 0.659291 -1.3608e-18
    outer loop
      vertex 59.7979 2.29792 3
      vertex 59.6513 2.46511 0
      vertex 59.6513 2.46511 3
    endloop
  endfacet
  facet normal 0.751888 0.659291 -1.3608e-18
    outer loop
      vertex 59.6513 2.46511 0
      vertex 59.7979 2.29792 3
      vertex 59.7979 2.29792 0
    endloop
  endfacet
  facet normal 0.831552 0.555447 -4.72085e-19
    outer loop
      vertex 59.6513 2.46511 3
      vertex 59.5278 2.65 0
      vertex 59.5278 2.65 3
    endloop
  endfacet
  facet normal 0.831552 0.555447 -4.72085e-19
    outer loop
      vertex 59.5278 2.65 0
      vertex 59.6513 2.46511 3
      vertex 59.6513 2.46511 0
    endloop
  endfacet
  facet normal -0.831552 -0.555447 5.26572e-19
    outer loop
      vertex 62.4722 4.35 0
      vertex 62.3487 4.53489 3
      vertex 62.3487 4.53489 0
    endloop
  endfacet
  facet normal -0.831552 -0.555447 5.26572e-19
    outer loop
      vertex 62.3487 4.53489 3
      vertex 62.4722 4.35 0
      vertex 62.4722 4.35 3
    endloop
  endfacet
  facet normal -0.195122 0.980779 0
    outer loop
      vertex 61.44 1.85793 0
      vertex 61.2219 1.81454 3
      vertex 61.44 1.85793 3
    endloop
  endfacet
  facet normal -0.195122 0.980779 0
    outer loop
      vertex 61.2219 1.81454 3
      vertex 61.44 1.85793 0
      vertex 61.2219 1.81454 0
    endloop
  endfacet
  facet normal -0.980769 0.195173 5.00915e-19
    outer loop
      vertex 62.6421 3.06001 0
      vertex 62.6855 3.2781 3
      vertex 62.6855 3.2781 0
    endloop
  endfacet
  facet normal -0.980769 0.195173 5.00915e-19
    outer loop
      vertex 62.6855 3.2781 3
      vertex 62.6421 3.06001 0
      vertex 62.6421 3.06001 3
    endloop
  endfacet
  facet normal 0.946901 0.321525 -2.9057e-19
    outer loop
      vertex 59.4294 2.84944 3
      vertex 59.3579 3.06001 0
      vertex 59.3579 3.06001 3
    endloop
  endfacet
  facet normal 0.946901 0.321525 -2.9057e-19
    outer loop
      vertex 59.3579 3.06001 0
      vertex 59.4294 2.84944 3
      vertex 59.4294 2.84944 0
    endloop
  endfacet
  facet normal -0.442386 0.896825 0
    outer loop
      vertex 61.85 2.02776 0
      vertex 61.6506 1.9294 3
      vertex 61.85 2.02776 3
    endloop
  endfacet
  facet normal -0.442386 0.896825 0
    outer loop
      vertex 61.6506 1.9294 3
      vertex 61.85 2.02776 0
      vertex 61.6506 1.9294 0
    endloop
  endfacet
  facet normal -0.0653848 -0.99786 0
    outer loop
      vertex 61 5.2 0
      vertex 61.2219 5.18546 3
      vertex 61 5.2 3
    endloop
  endfacet
  facet normal -0.0653848 -0.99786 -0
    outer loop
      vertex 61.2219 5.18546 3
      vertex 61 5.2 0
      vertex 61.2219 5.18546 0
    endloop
  endfacet
  facet normal 0.321403 -0.946943 0
    outer loop
      vertex 60.3494 5.07059 0
      vertex 60.56 5.14207 3
      vertex 60.3494 5.07059 3
    endloop
  endfacet
  facet normal 0.321403 -0.946943 0
    outer loop
      vertex 60.56 5.14207 3
      vertex 60.3494 5.07059 0
      vertex 60.56 5.14207 0
    endloop
  endfacet
  facet normal 0.195122 -0.980779 0
    outer loop
      vertex 60.56 5.14207 0
      vertex 60.7781 5.18546 3
      vertex 60.56 5.14207 3
    endloop
  endfacet
  facet normal 0.195122 -0.980779 0
    outer loop
      vertex 60.7781 5.18546 3
      vertex 60.56 5.14207 0
      vertex 60.7781 5.18546 0
    endloop
  endfacet
  facet normal -0.896789 -0.442459 2.38739e-18
    outer loop
      vertex 62.5706 4.15056 0
      vertex 62.4722 4.35 3
      vertex 62.4722 4.35 0
    endloop
  endfacet
  facet normal -0.896789 -0.442459 2.38739e-18
    outer loop
      vertex 62.4722 4.35 3
      vertex 62.5706 4.15056 0
      vertex 62.5706 4.15056 3
    endloop
  endfacet
  facet normal -0.997872 0.0652057 -1.10811e-19
    outer loop
      vertex 62.6855 3.2781 0
      vertex 62.7 3.5 3
      vertex 62.7 3.5 0
    endloop
  endfacet
  facet normal -0.997872 0.0652057 -1.10811e-19
    outer loop
      vertex 62.7 3.5 3
      vertex 62.6855 3.2781 0
      vertex 62.6855 3.2781 3
    endloop
  endfacet
  facet normal -0.0653848 0.99786 0
    outer loop
      vertex 61.2219 1.81454 0
      vertex 61 1.8 3
      vertex 61.2219 1.81454 3
    endloop
  endfacet
  facet normal -0.0653848 0.99786 0
    outer loop
      vertex 61 1.8 3
      vertex 61.2219 1.81454 0
      vertex 61 1.8 0
    endloop
  endfacet
  facet normal -0.751888 -0.659291 -2.58407e-18
    outer loop
      vertex 62.3487 4.53489 0
      vertex 62.2021 4.70208 3
      vertex 62.2021 4.70208 0
    endloop
  endfacet
  facet normal -0.751888 -0.659291 -2.58407e-18
    outer loop
      vertex 62.2021 4.70208 3
      vertex 62.3487 4.53489 0
      vertex 62.3487 4.53489 3
    endloop
  endfacet
  facet normal 0.997872 0.0652057 1.10811e-19
    outer loop
      vertex 59.3145 3.2781 3
      vertex 59.3 3.5 0
      vertex 59.3 3.5 3
    endloop
  endfacet
  facet normal 0.997872 0.0652057 1.10811e-19
    outer loop
      vertex 59.3 3.5 0
      vertex 59.3145 3.2781 3
      vertex 59.3145 3.2781 0
    endloop
  endfacet
  facet normal -0.751888 0.659291 1.3608e-18
    outer loop
      vertex 62.2021 2.29792 0
      vertex 62.3487 2.46511 3
      vertex 62.3487 2.46511 0
    endloop
  endfacet
  facet normal -0.751888 0.659291 1.3608e-18
    outer loop
      vertex 62.3487 2.46511 3
      vertex 62.2021 2.29792 0
      vertex 62.2021 2.29792 3
    endloop
  endfacet
  facet normal 0.751888 -0.659291 2.58407e-18
    outer loop
      vertex 59.6513 4.53489 3
      vertex 59.7979 4.70208 0
      vertex 59.7979 4.70208 3
    endloop
  endfacet
  facet normal 0.751888 -0.659291 2.58407e-18
    outer loop
      vertex 59.7979 4.70208 0
      vertex 59.6513 4.53489 3
      vertex 59.6513 4.53489 0
    endloop
  endfacet
  facet normal 0.831552 -0.555447 -5.26572e-19
    outer loop
      vertex 59.5278 4.35 3
      vertex 59.6513 4.53489 0
      vertex 59.6513 4.53489 3
    endloop
  endfacet
  facet normal 0.831552 -0.555447 -5.26572e-19
    outer loop
      vertex 59.6513 4.53489 0
      vertex 59.5278 4.35 3
      vertex 59.5278 4.35 0
    endloop
  endfacet
  facet normal 0.0653848 -0.99786 0
    outer loop
      vertex 60.7781 5.18546 0
      vertex 61 5.2 3
      vertex 60.7781 5.18546 3
    endloop
  endfacet
  facet normal 0.0653848 -0.99786 0
    outer loop
      vertex 61 5.2 3
      vertex 60.7781 5.18546 0
      vertex 61 5.2 0
    endloop
  endfacet
  facet normal 0.980769 0.195173 -5.00915e-19
    outer loop
      vertex 59.3579 3.06001 3
      vertex 59.3145 3.2781 0
      vertex 59.3145 3.2781 3
    endloop
  endfacet
  facet normal 0.980769 0.195173 -5.00915e-19
    outer loop
      vertex 59.3145 3.2781 0
      vertex 59.3579 3.06001 3
      vertex 59.3579 3.06001 0
    endloop
  endfacet
  facet normal 0.321363 0.946956 -0
    outer loop
      vertex 60.56 1.85793 0
      vertex 60.3494 1.9294 3
      vertex 60.56 1.85793 3
    endloop
  endfacet
  facet normal 0.321363 0.946956 0
    outer loop
      vertex 60.3494 1.9294 3
      vertex 60.56 1.85793 0
      vertex 60.3494 1.9294 0
    endloop
  endfacet
  facet normal -0.946901 -0.321525 4.99909e-19
    outer loop
      vertex 62.6421 3.93999 0
      vertex 62.5706 4.15056 3
      vertex 62.5706 4.15056 0
    endloop
  endfacet
  facet normal -0.946901 -0.321525 4.99909e-19
    outer loop
      vertex 62.5706 4.15056 3
      vertex 62.6421 3.93999 0
      vertex 62.6421 3.93999 3
    endloop
  endfacet
  facet normal 0.442386 0.896825 -0
    outer loop
      vertex 60.3494 1.9294 0
      vertex 60.15 2.02776 3
      vertex 60.3494 1.9294 3
    endloop
  endfacet
  facet normal 0.442386 0.896825 0
    outer loop
      vertex 60.15 2.02776 3
      vertex 60.3494 1.9294 0
      vertex 60.15 2.02776 0
    endloop
  endfacet
  facet normal 0.555551 0.831483 -0
    outer loop
      vertex 60.15 2.02776 0
      vertex 59.9651 2.1513 3
      vertex 60.15 2.02776 3
    endloop
  endfacet
  facet normal 0.555551 0.831483 0
    outer loop
      vertex 59.9651 2.1513 3
      vertex 60.15 2.02776 0
      vertex 59.9651 2.1513 0
    endloop
  endfacet
  facet normal 0.0653848 0.99786 -0
    outer loop
      vertex 61 1.8 0
      vertex 60.7781 1.81454 3
      vertex 61 1.8 3
    endloop
  endfacet
  facet normal 0.0653848 0.99786 0
    outer loop
      vertex 60.7781 1.81454 3
      vertex 61 1.8 0
      vertex 60.7781 1.81454 0
    endloop
  endfacet
  facet normal 0.195122 0.980779 -0
    outer loop
      vertex 60.7781 1.81454 0
      vertex 60.56 1.85793 3
      vertex 60.7781 1.81454 3
    endloop
  endfacet
  facet normal 0.195122 0.980779 0
    outer loop
      vertex 60.56 1.85793 3
      vertex 60.7781 1.81454 0
      vertex 60.56 1.85793 0
    endloop
  endfacet
  facet normal 0.896789 -0.442459 -2.38739e-18
    outer loop
      vertex 59.4294 4.15056 3
      vertex 59.5278 4.35 0
      vertex 59.5278 4.35 3
    endloop
  endfacet
  facet normal 0.896789 -0.442459 -2.38739e-18
    outer loop
      vertex 59.5278 4.35 0
      vertex 59.4294 4.15056 3
      vertex 59.4294 4.15056 0
    endloop
  endfacet
  facet normal 0.896789 0.442459 2.38739e-18
    outer loop
      vertex 59.5278 2.65 3
      vertex 59.4294 2.84944 0
      vertex 59.4294 2.84944 3
    endloop
  endfacet
  facet normal 0.896789 0.442459 2.38739e-18
    outer loop
      vertex 59.4294 2.84944 0
      vertex 59.5278 2.65 3
      vertex 59.5278 2.65 0
    endloop
  endfacet
  facet normal 0.98077 -0.195165 -1.27987e-18
    outer loop
      vertex 59.3145 3.72189 3
      vertex 59.3579 3.93999 0
      vertex 59.3579 3.93999 3
    endloop
  endfacet
  facet normal 0.98077 -0.195165 -1.27987e-18
    outer loop
      vertex 59.3579 3.93999 0
      vertex 59.3145 3.72189 3
      vertex 59.3145 3.72189 0
    endloop
  endfacet
  facet normal 0.946901 -0.321525 -4.99909e-19
    outer loop
      vertex 59.3579 3.93999 3
      vertex 59.4294 4.15056 0
      vertex 59.4294 4.15056 3
    endloop
  endfacet
  facet normal 0.946901 -0.321525 -4.99909e-19
    outer loop
      vertex 59.4294 4.15056 0
      vertex 59.3579 3.93999 3
      vertex 59.3579 3.93999 0
    endloop
  endfacet
  facet normal -0.659319 0.751863 0
    outer loop
      vertex 62.2021 2.29792 0
      vertex 62.0349 2.1513 3
      vertex 62.2021 2.29792 3
    endloop
  endfacet
  facet normal -0.659319 0.751863 0
    outer loop
      vertex 62.0349 2.1513 3
      vertex 62.2021 2.29792 0
      vertex 62.0349 2.1513 0
    endloop
  endfacet
  facet normal -0.981113 -0.193434 -1.16141e-18
    outer loop
      vertex 106.685 50.2495 0
      vertex 106.642 50.4676 3
      vertex 106.642 50.4676 0
    endloop
  endfacet
  facet normal -0.981113 -0.193434 -1.16141e-18
    outer loop
      vertex 106.642 50.4676 3
      vertex 106.685 50.2495 0
      vertex 106.685 50.2495 3
    endloop
  endfacet
  facet normal -0.997723 -0.0674441 2.80293e-19
    outer loop
      vertex 106.7 50.0276 0
      vertex 106.685 50.2495 3
      vertex 106.685 50.2495 0
    endloop
  endfacet
  facet normal -0.997723 -0.0674441 2.80293e-19
    outer loop
      vertex 106.685 50.2495 3
      vertex 106.7 50.0276 0
      vertex 106.7 50.0276 3
    endloop
  endfacet
  facet normal -0.997723 0.0674441 -2.80293e-19
    outer loop
      vertex 106.685 49.8057 0
      vertex 106.7 50.0276 3
      vertex 106.7 50.0276 0
    endloop
  endfacet
  facet normal -0.997723 0.0674441 -2.80293e-19
    outer loop
      vertex 106.7 50.0276 3
      vertex 106.685 49.8057 0
      vertex 106.685 49.8057 3
    endloop
  endfacet
  facet normal -0.555219 -0.831704 0
    outer loop
      vertex 105.85 51.4998 0
      vertex 106.035 51.3763 3
      vertex 105.85 51.4998 3
    endloop
  endfacet
  facet normal -0.555219 -0.831704 -0
    outer loop
      vertex 106.035 51.3763 3
      vertex 105.85 51.4998 0
      vertex 106.035 51.3763 0
    endloop
  endfacet
  facet normal -0.659714 -0.751516 0
    outer loop
      vertex 106.035 51.3763 0
      vertex 106.202 51.2297 3
      vertex 106.035 51.3763 3
    endloop
  endfacet
  facet normal -0.659714 -0.751516 -0
    outer loop
      vertex 106.202 51.2297 3
      vertex 106.035 51.3763 0
      vertex 106.202 51.2297 0
    endloop
  endfacet
  facet normal 0.751016 -0.660284 4.03467e-19
    outer loop
      vertex 103.651 51.0625 3
      vertex 103.798 51.2297 0
      vertex 103.798 51.2297 3
    endloop
  endfacet
  facet normal 0.751016 -0.660284 4.03467e-19
    outer loop
      vertex 103.798 51.2297 0
      vertex 103.651 51.0625 3
      vertex 103.651 51.0625 0
    endloop
  endfacet
  facet normal -0.832604 -0.553869 1.76783e-18
    outer loop
      vertex 106.472 50.8776 0
      vertex 106.349 51.0625 3
      vertex 106.349 51.0625 0
    endloop
  endfacet
  facet normal -0.832604 -0.553869 1.76783e-18
    outer loop
      vertex 106.349 51.0625 3
      vertex 106.472 50.8776 0
      vertex 106.472 50.8776 3
    endloop
  endfacet
  facet normal -0.320937 0.947101 0
    outer loop
      vertex 105.651 48.457 0
      vertex 105.44 48.3855 3
      vertex 105.651 48.457 3
    endloop
  endfacet
  facet normal -0.320937 0.947101 0
    outer loop
      vertex 105.44 48.3855 3
      vertex 105.651 48.457 0
      vertex 105.44 48.3855 0
    endloop
  endfacet
  facet normal -0.895681 -0.444696 -2.47268e-18
    outer loop
      vertex 106.571 50.6782 0
      vertex 106.472 50.8776 3
      vertex 106.472 50.8776 0
    endloop
  endfacet
  facet normal -0.895681 -0.444696 -2.47268e-18
    outer loop
      vertex 106.472 50.8776 3
      vertex 106.571 50.6782 0
      vertex 106.571 50.6782 3
    endloop
  endfacet
  facet normal -0.442883 0.896579 0
    outer loop
      vertex 105.85 48.5553 0
      vertex 105.651 48.457 3
      vertex 105.85 48.5553 3
    endloop
  endfacet
  facet normal -0.442883 0.896579 0
    outer loop
      vertex 105.651 48.457 3
      vertex 105.85 48.5553 0
      vertex 105.651 48.457 0
    endloop
  endfacet
  facet normal -0.947598 0.319466 7.23643e-19
    outer loop
      vertex 106.571 49.377 0
      vertex 106.642 49.5876 3
      vertex 106.642 49.5876 0
    endloop
  endfacet
  facet normal -0.947598 0.319466 7.23643e-19
    outer loop
      vertex 106.642 49.5876 3
      vertex 106.571 49.377 0
      vertex 106.571 49.377 3
    endloop
  endfacet
  facet normal -0.320937 -0.947101 0
    outer loop
      vertex 105.44 51.6697 0
      vertex 105.651 51.5982 3
      vertex 105.44 51.6697 3
    endloop
  endfacet
  facet normal -0.320937 -0.947101 -0
    outer loop
      vertex 105.651 51.5982 3
      vertex 105.44 51.6697 0
      vertex 105.651 51.5982 0
    endloop
  endfacet
  facet normal -0.194818 -0.980839 0
    outer loop
      vertex 105.222 51.713 0
      vertex 105.44 51.6697 3
      vertex 105.222 51.713 3
    endloop
  endfacet
  facet normal -0.194818 -0.980839 -0
    outer loop
      vertex 105.44 51.6697 3
      vertex 105.222 51.713 0
      vertex 105.44 51.6697 0
    endloop
  endfacet
  facet normal -0.55553 0.831497 0
    outer loop
      vertex 106.035 48.6789 0
      vertex 105.85 48.5553 3
      vertex 106.035 48.6789 3
    endloop
  endfacet
  facet normal -0.55553 0.831497 0
    outer loop
      vertex 105.85 48.5553 3
      vertex 106.035 48.6789 0
      vertex 105.85 48.5553 0
    endloop
  endfacet
  facet normal -0.0651764 0.997874 0
    outer loop
      vertex 105.222 48.3421 0
      vertex 105 48.3276 3
      vertex 105.222 48.3421 3
    endloop
  endfacet
  facet normal -0.0651764 0.997874 0
    outer loop
      vertex 105 48.3276 3
      vertex 105.222 48.3421 0
      vertex 105 48.3276 0
    endloop
  endfacet
  facet normal 0.195251 0.980753 -0
    outer loop
      vertex 104.778 48.3421 0
      vertex 104.56 48.3855 3
      vertex 104.778 48.3421 3
    endloop
  endfacet
  facet normal 0.195251 0.980753 0
    outer loop
      vertex 104.56 48.3855 3
      vertex 104.778 48.3421 0
      vertex 104.56 48.3855 0
    endloop
  endfacet
  facet normal -0.751016 0.660284 4.03467e-19
    outer loop
      vertex 106.202 48.8255 0
      vertex 106.349 48.9927 3
      vertex 106.349 48.9927 0
    endloop
  endfacet
  facet normal -0.751016 0.660284 4.03467e-19
    outer loop
      vertex 106.349 48.9927 3
      vertex 106.202 48.8255 0
      vertex 106.202 48.8255 3
    endloop
  endfacet
  facet normal 0.981113 0.193434 -1.16141e-18
    outer loop
      vertex 103.358 49.5876 3
      vertex 103.315 49.8057 0
      vertex 103.315 49.8057 3
    endloop
  endfacet
  facet normal 0.981113 0.193434 -1.16141e-18
    outer loop
      vertex 103.315 49.8057 0
      vertex 103.358 49.5876 3
      vertex 103.358 49.5876 0
    endloop
  endfacet
  facet normal -0.895681 0.444696 2.47268e-18
    outer loop
      vertex 106.472 49.1776 0
      vertex 106.571 49.377 3
      vertex 106.571 49.377 0
    endloop
  endfacet
  facet normal -0.895681 0.444696 2.47268e-18
    outer loop
      vertex 106.571 49.377 3
      vertex 106.472 49.1776 0
      vertex 106.472 49.1776 3
    endloop
  endfacet
  facet normal 0.751016 0.660284 -4.03467e-19
    outer loop
      vertex 103.798 48.8255 3
      vertex 103.651 48.9927 0
      vertex 103.651 48.9927 3
    endloop
  endfacet
  facet normal 0.751016 0.660284 -4.03467e-19
    outer loop
      vertex 103.651 48.9927 0
      vertex 103.798 48.8255 3
      vertex 103.798 48.8255 0
    endloop
  endfacet
  facet normal 0.832604 -0.553869 -1.76783e-18
    outer loop
      vertex 103.528 50.8776 3
      vertex 103.651 51.0625 0
      vertex 103.651 51.0625 3
    endloop
  endfacet
  facet normal 0.832604 -0.553869 -1.76783e-18
    outer loop
      vertex 103.651 51.0625 0
      vertex 103.528 50.8776 3
      vertex 103.528 50.8776 0
    endloop
  endfacet
  facet normal 0.659714 -0.751516 0
    outer loop
      vertex 103.798 51.2297 0
      vertex 103.965 51.3763 3
      vertex 103.798 51.2297 3
    endloop
  endfacet
  facet normal 0.659714 -0.751516 0
    outer loop
      vertex 103.965 51.3763 3
      vertex 103.798 51.2297 0
      vertex 103.965 51.3763 0
    endloop
  endfacet
  facet normal 0.981113 -0.193434 1.16141e-18
    outer loop
      vertex 103.315 50.2495 3
      vertex 103.358 50.4676 0
      vertex 103.358 50.4676 3
    endloop
  endfacet
  facet normal 0.981113 -0.193434 1.16141e-18
    outer loop
      vertex 103.358 50.4676 0
      vertex 103.315 50.2495 3
      vertex 103.315 50.2495 0
    endloop
  endfacet
  facet normal -0.195251 0.980753 0
    outer loop
      vertex 105.44 48.3855 0
      vertex 105.222 48.3421 3
      vertex 105.44 48.3855 3
    endloop
  endfacet
  facet normal -0.195251 0.980753 0
    outer loop
      vertex 105.222 48.3421 3
      vertex 105.44 48.3855 0
      vertex 105.222 48.3421 0
    endloop
  endfacet
  facet normal 0.0651764 0.997874 -0
    outer loop
      vertex 105 48.3276 0
      vertex 104.778 48.3421 3
      vertex 105 48.3276 3
    endloop
  endfacet
  facet normal 0.0651764 0.997874 0
    outer loop
      vertex 104.778 48.3421 3
      vertex 105 48.3276 0
      vertex 104.778 48.3421 0
    endloop
  endfacet
  facet normal 0.443245 -0.8964 0
    outer loop
      vertex 104.15 51.4998 0
      vertex 104.349 51.5982 3
      vertex 104.15 51.4998 3
    endloop
  endfacet
  facet normal 0.443245 -0.8964 0
    outer loop
      vertex 104.349 51.5982 3
      vertex 104.15 51.4998 0
      vertex 104.349 51.5982 0
    endloop
  endfacet
  facet normal 0.832604 0.553869 1.76783e-18
    outer loop
      vertex 103.651 48.9927 3
      vertex 103.528 49.1776 0
      vertex 103.528 49.1776 3
    endloop
  endfacet
  facet normal 0.832604 0.553869 1.76783e-18
    outer loop
      vertex 103.528 49.1776 0
      vertex 103.651 48.9927 3
      vertex 103.651 48.9927 0
    endloop
  endfacet
  facet normal -0.443245 -0.8964 0
    outer loop
      vertex 105.651 51.5982 0
      vertex 105.85 51.4998 3
      vertex 105.651 51.5982 3
    endloop
  endfacet
  facet normal -0.443245 -0.8964 -0
    outer loop
      vertex 105.85 51.4998 3
      vertex 105.651 51.5982 0
      vertex 105.85 51.4998 0
    endloop
  endfacet
  facet normal 0.895681 0.444696 -2.47268e-18
    outer loop
      vertex 103.528 49.1776 3
      vertex 103.429 49.377 0
      vertex 103.429 49.377 3
    endloop
  endfacet
  facet normal 0.895681 0.444696 -2.47268e-18
    outer loop
      vertex 103.429 49.377 0
      vertex 103.528 49.1776 3
      vertex 103.528 49.1776 0
    endloop
  endfacet
  facet normal -0.981113 0.193434 1.16141e-18
    outer loop
      vertex 106.642 49.5876 0
      vertex 106.685 49.8057 3
      vertex 106.685 49.8057 0
    endloop
  endfacet
  facet normal -0.981113 0.193434 1.16141e-18
    outer loop
      vertex 106.685 49.8057 3
      vertex 106.642 49.5876 0
      vertex 106.642 49.5876 3
    endloop
  endfacet
  facet normal 0.320937 -0.947101 0
    outer loop
      vertex 104.349 51.5982 0
      vertex 104.56 51.6697 3
      vertex 104.349 51.5982 3
    endloop
  endfacet
  facet normal 0.320937 -0.947101 0
    outer loop
      vertex 104.56 51.6697 3
      vertex 104.349 51.5982 0
      vertex 104.56 51.6697 0
    endloop
  endfacet
  facet normal -0.751016 -0.660284 -4.03467e-19
    outer loop
      vertex 106.349 51.0625 0
      vertex 106.202 51.2297 3
      vertex 106.202 51.2297 0
    endloop
  endfacet
  facet normal -0.751016 -0.660284 -4.03467e-19
    outer loop
      vertex 106.202 51.2297 3
      vertex 106.349 51.0625 0
      vertex 106.349 51.0625 3
    endloop
  endfacet
  facet normal 0.320937 0.947101 -0
    outer loop
      vertex 104.56 48.3855 0
      vertex 104.349 48.457 3
      vertex 104.56 48.3855 3
    endloop
  endfacet
  facet normal 0.320937 0.947101 0
    outer loop
      vertex 104.349 48.457 3
      vertex 104.56 48.3855 0
      vertex 104.349 48.457 0
    endloop
  endfacet
  facet normal 0.442883 0.896579 -0
    outer loop
      vertex 104.349 48.457 0
      vertex 104.15 48.5553 3
      vertex 104.349 48.457 3
    endloop
  endfacet
  facet normal 0.442883 0.896579 0
    outer loop
      vertex 104.15 48.5553 3
      vertex 104.349 48.457 0
      vertex 104.15 48.5553 0
    endloop
  endfacet
  facet normal 0.947598 -0.319466 7.23643e-19
    outer loop
      vertex 103.358 50.4676 3
      vertex 103.429 50.6782 0
      vertex 103.429 50.6782 3
    endloop
  endfacet
  facet normal 0.947598 -0.319466 7.23643e-19
    outer loop
      vertex 103.429 50.6782 0
      vertex 103.358 50.4676 3
      vertex 103.358 50.4676 0
    endloop
  endfacet
  facet normal 0.997723 0.0674441 2.80293e-19
    outer loop
      vertex 103.315 49.8057 3
      vertex 103.3 50.0276 0
      vertex 103.3 50.0276 3
    endloop
  endfacet
  facet normal 0.997723 0.0674441 2.80293e-19
    outer loop
      vertex 103.3 50.0276 0
      vertex 103.315 49.8057 3
      vertex 103.315 49.8057 0
    endloop
  endfacet
  facet normal -0.065624 -0.997844 0
    outer loop
      vertex 105 51.7276 0
      vertex 105.222 51.713 3
      vertex 105 51.7276 3
    endloop
  endfacet
  facet normal -0.065624 -0.997844 -0
    outer loop
      vertex 105.222 51.713 3
      vertex 105 51.7276 0
      vertex 105.222 51.713 0
    endloop
  endfacet
  facet normal 0.194818 -0.980839 0
    outer loop
      vertex 104.56 51.6697 0
      vertex 104.778 51.713 3
      vertex 104.56 51.6697 3
    endloop
  endfacet
  facet normal 0.194818 -0.980839 0
    outer loop
      vertex 104.778 51.713 3
      vertex 104.56 51.6697 0
      vertex 104.778 51.713 0
    endloop
  endfacet
  facet normal -0.947598 -0.319466 -7.23643e-19
    outer loop
      vertex 106.642 50.4676 0
      vertex 106.571 50.6782 3
      vertex 106.571 50.6782 0
    endloop
  endfacet
  facet normal -0.947598 -0.319466 -7.23643e-19
    outer loop
      vertex 106.571 50.6782 3
      vertex 106.642 50.4676 0
      vertex 106.642 50.4676 3
    endloop
  endfacet
  facet normal -0.832604 0.553869 -1.76783e-18
    outer loop
      vertex 106.349 48.9927 0
      vertex 106.472 49.1776 3
      vertex 106.472 49.1776 0
    endloop
  endfacet
  facet normal -0.832604 0.553869 -1.76783e-18
    outer loop
      vertex 106.472 49.1776 3
      vertex 106.349 48.9927 0
      vertex 106.349 48.9927 3
    endloop
  endfacet
  facet normal 0.065624 -0.997844 0
    outer loop
      vertex 104.778 51.713 0
      vertex 105 51.7276 3
      vertex 104.778 51.713 3
    endloop
  endfacet
  facet normal 0.065624 -0.997844 0
    outer loop
      vertex 105 51.7276 3
      vertex 104.778 51.713 0
      vertex 105 51.7276 0
    endloop
  endfacet
  facet normal 0.947598 0.319466 -7.23643e-19
    outer loop
      vertex 103.429 49.377 3
      vertex 103.358 49.5876 0
      vertex 103.358 49.5876 3
    endloop
  endfacet
  facet normal 0.947598 0.319466 -7.23643e-19
    outer loop
      vertex 103.358 49.5876 0
      vertex 103.429 49.377 3
      vertex 103.429 49.377 0
    endloop
  endfacet
  facet normal 0.659714 0.751516 -0
    outer loop
      vertex 103.965 48.6789 0
      vertex 103.798 48.8255 3
      vertex 103.965 48.6789 3
    endloop
  endfacet
  facet normal 0.659714 0.751516 0
    outer loop
      vertex 103.798 48.8255 3
      vertex 103.965 48.6789 0
      vertex 103.798 48.8255 0
    endloop
  endfacet
  facet normal 0.997723 -0.0674441 -2.80293e-19
    outer loop
      vertex 103.3 50.0276 3
      vertex 103.315 50.2495 0
      vertex 103.315 50.2495 3
    endloop
  endfacet
  facet normal 0.997723 -0.0674441 -2.80293e-19
    outer loop
      vertex 103.315 50.2495 0
      vertex 103.3 50.0276 3
      vertex 103.3 50.0276 0
    endloop
  endfacet
  facet normal 0.555219 -0.831704 0
    outer loop
      vertex 103.965 51.3763 0
      vertex 104.15 51.4998 3
      vertex 103.965 51.3763 3
    endloop
  endfacet
  facet normal 0.555219 -0.831704 0
    outer loop
      vertex 104.15 51.4998 3
      vertex 103.965 51.3763 0
      vertex 104.15 51.4998 0
    endloop
  endfacet
  facet normal 0.895681 -0.444696 2.47268e-18
    outer loop
      vertex 103.429 50.6782 3
      vertex 103.528 50.8776 0
      vertex 103.528 50.8776 3
    endloop
  endfacet
  facet normal 0.895681 -0.444696 2.47268e-18
    outer loop
      vertex 103.528 50.8776 0
      vertex 103.429 50.6782 3
      vertex 103.429 50.6782 0
    endloop
  endfacet
  facet normal 0.55553 0.831497 -0
    outer loop
      vertex 104.15 48.5553 0
      vertex 103.965 48.6789 3
      vertex 104.15 48.5553 3
    endloop
  endfacet
  facet normal 0.55553 0.831497 0
    outer loop
      vertex 103.965 48.6789 3
      vertex 104.15 48.5553 0
      vertex 103.965 48.6789 0
    endloop
  endfacet
  facet normal -0.659714 0.751516 0
    outer loop
      vertex 106.202 48.8255 0
      vertex 106.035 48.6789 3
      vertex 106.202 48.8255 3
    endloop
  endfacet
  facet normal -0.659714 0.751516 0
    outer loop
      vertex 106.035 48.6789 3
      vertex 106.202 48.8255 0
      vertex 106.035 48.6789 0
    endloop
  endfacet
  facet normal -0.98077 -0.195165 -2.05413e-19
    outer loop
      vertex 75.1855 79.7219 0
      vertex 75.1421 79.94 3
      vertex 75.1421 79.94 0
    endloop
  endfacet
  facet normal -0.98077 -0.195165 -2.05413e-19
    outer loop
      vertex 75.1421 79.94 3
      vertex 75.1855 79.7219 0
      vertex 75.1855 79.7219 3
    endloop
  endfacet
  facet normal -0.997872 -0.0652057 2.93873e-19
    outer loop
      vertex 75.2 79.5 0
      vertex 75.1855 79.7219 3
      vertex 75.1855 79.7219 0
    endloop
  endfacet
  facet normal -0.997872 -0.0652057 2.93873e-19
    outer loop
      vertex 75.1855 79.7219 3
      vertex 75.2 79.5 0
      vertex 75.2 79.5 3
    endloop
  endfacet
  facet normal 0.44253 -0.896754 0
    outer loop
      vertex 72.65 80.9722 0
      vertex 72.8494 81.0706 3
      vertex 72.65 80.9722 3
    endloop
  endfacet
  facet normal 0.44253 -0.896754 0
    outer loop
      vertex 72.8494 81.0706 3
      vertex 72.65 80.9722 0
      vertex 72.8494 81.0706 0
    endloop
  endfacet
  facet normal -0.555426 -0.831566 0
    outer loop
      vertex 74.35 80.9722 0
      vertex 74.5349 80.8487 3
      vertex 74.35 80.9722 3
    endloop
  endfacet
  facet normal -0.555426 -0.831566 -0
    outer loop
      vertex 74.5349 80.8487 3
      vertex 74.35 80.9722 0
      vertex 74.5349 80.8487 0
    endloop
  endfacet
  facet normal 0.659268 -0.751908 0
    outer loop
      vertex 72.2979 80.7021 0
      vertex 72.4651 80.8487 3
      vertex 72.2979 80.7021 3
    endloop
  endfacet
  facet normal 0.659268 -0.751908 0
    outer loop
      vertex 72.4651 80.8487 3
      vertex 72.2979 80.7021 0
      vertex 72.4651 80.8487 0
    endloop
  endfacet
  facet normal -0.321484 0.946915 0
    outer loop
      vertex 74.1506 77.9294 0
      vertex 73.94 77.8579 3
      vertex 74.1506 77.9294 3
    endloop
  endfacet
  facet normal -0.321484 0.946915 0
    outer loop
      vertex 73.94 77.8579 3
      vertex 74.1506 77.9294 0
      vertex 73.94 77.8579 0
    endloop
  endfacet
  facet normal -0.831566 0.555426 -8.02024e-19
    outer loop
      vertex 74.8487 78.4651 0
      vertex 74.9722 78.65 3
      vertex 74.9722 78.65 0
    endloop
  endfacet
  facet normal -0.831566 0.555426 -8.02024e-19
    outer loop
      vertex 74.9722 78.65 3
      vertex 74.8487 78.4651 0
      vertex 74.8487 78.4651 3
    endloop
  endfacet
  facet normal -0.946915 0.321484 1.17944e-18
    outer loop
      vertex 75.0706 78.8494 0
      vertex 75.1421 79.06 3
      vertex 75.1421 79.06 0
    endloop
  endfacet
  facet normal -0.946915 0.321484 1.17944e-18
    outer loop
      vertex 75.1421 79.06 3
      vertex 75.0706 78.8494 0
      vertex 75.0706 78.8494 3
    endloop
  endfacet
  facet normal -0.321484 -0.946915 0
    outer loop
      vertex 73.94 81.1421 0
      vertex 74.1506 81.0706 3
      vertex 73.94 81.1421 3
    endloop
  endfacet
  facet normal -0.321484 -0.946915 -0
    outer loop
      vertex 74.1506 81.0706 3
      vertex 73.94 81.1421 0
      vertex 74.1506 81.0706 0
    endloop
  endfacet
  facet normal -0.195165 -0.98077 0
    outer loop
      vertex 73.7219 81.1855 0
      vertex 73.94 81.1421 3
      vertex 73.7219 81.1855 3
    endloop
  endfacet
  facet normal -0.195165 -0.98077 -0
    outer loop
      vertex 73.94 81.1421 3
      vertex 73.7219 81.1855 0
      vertex 73.94 81.1421 0
    endloop
  endfacet
  facet normal 0.555426 -0.831566 0
    outer loop
      vertex 72.4651 80.8487 0
      vertex 72.65 80.9722 3
      vertex 72.4651 80.8487 3
    endloop
  endfacet
  facet normal 0.555426 -0.831566 0
    outer loop
      vertex 72.65 80.9722 3
      vertex 72.4651 80.8487 0
      vertex 72.65 80.9722 0
    endloop
  endfacet
  facet normal -0.896754 0.44253 2.19818e-18
    outer loop
      vertex 74.9722 78.65 0
      vertex 75.0706 78.8494 3
      vertex 75.0706 78.8494 0
    endloop
  endfacet
  facet normal -0.896754 0.44253 2.19818e-18
    outer loop
      vertex 75.0706 78.8494 3
      vertex 74.9722 78.65 0
      vertex 74.9722 78.65 3
    endloop
  endfacet
  facet normal -0.659268 -0.751908 0
    outer loop
      vertex 74.5349 80.8487 0
      vertex 74.7021 80.7021 3
      vertex 74.5349 80.8487 3
    endloop
  endfacet
  facet normal -0.659268 -0.751908 -0
    outer loop
      vertex 74.7021 80.7021 3
      vertex 74.5349 80.8487 0
      vertex 74.7021 80.7021 0
    endloop
  endfacet
  facet normal -0.555426 0.831566 0
    outer loop
      vertex 74.5349 78.1513 0
      vertex 74.35 78.0278 3
      vertex 74.5349 78.1513 3
    endloop
  endfacet
  facet normal -0.555426 0.831566 0
    outer loop
      vertex 74.35 78.0278 3
      vertex 74.5349 78.1513 0
      vertex 74.35 78.0278 0
    endloop
  endfacet
  facet normal -0.44253 -0.896754 0
    outer loop
      vertex 74.1506 81.0706 0
      vertex 74.35 80.9722 3
      vertex 74.1506 81.0706 3
    endloop
  endfacet
  facet normal -0.44253 -0.896754 -0
    outer loop
      vertex 74.35 80.9722 3
      vertex 74.1506 81.0706 0
      vertex 74.35 80.9722 0
    endloop
  endfacet
  facet normal 0.659268 0.751908 -0
    outer loop
      vertex 72.4651 78.1513 0
      vertex 72.2979 78.2979 3
      vertex 72.4651 78.1513 3
    endloop
  endfacet
  facet normal 0.659268 0.751908 0
    outer loop
      vertex 72.2979 78.2979 3
      vertex 72.4651 78.1513 0
      vertex 72.2979 78.2979 0
    endloop
  endfacet
  facet normal 0.751908 0.659268 1.15296e-18
    outer loop
      vertex 72.2979 78.2979 3
      vertex 72.1513 78.4651 0
      vertex 72.1513 78.4651 3
    endloop
  endfacet
  facet normal 0.751908 0.659268 1.15296e-18
    outer loop
      vertex 72.1513 78.4651 0
      vertex 72.2979 78.2979 3
      vertex 72.2979 78.2979 0
    endloop
  endfacet
  facet normal 0.831566 0.555426 8.02024e-19
    outer loop
      vertex 72.1513 78.4651 3
      vertex 72.0278 78.65 0
      vertex 72.0278 78.65 3
    endloop
  endfacet
  facet normal 0.831566 0.555426 8.02024e-19
    outer loop
      vertex 72.0278 78.65 0
      vertex 72.1513 78.4651 3
      vertex 72.1513 78.4651 0
    endloop
  endfacet
  facet normal -0.831566 -0.555426 8.02024e-19
    outer loop
      vertex 74.9722 80.35 0
      vertex 74.8487 80.5349 3
      vertex 74.8487 80.5349 0
    endloop
  endfacet
  facet normal -0.831566 -0.555426 8.02024e-19
    outer loop
      vertex 74.8487 80.5349 3
      vertex 74.9722 80.35 0
      vertex 74.9722 80.35 3
    endloop
  endfacet
  facet normal -0.195165 0.98077 0
    outer loop
      vertex 73.94 77.8579 0
      vertex 73.7219 77.8145 3
      vertex 73.94 77.8579 3
    endloop
  endfacet
  facet normal -0.195165 0.98077 0
    outer loop
      vertex 73.7219 77.8145 3
      vertex 73.94 77.8579 0
      vertex 73.7219 77.8145 0
    endloop
  endfacet
  facet normal -0.98077 0.195165 2.05413e-19
    outer loop
      vertex 75.1421 79.06 0
      vertex 75.1855 79.2781 3
      vertex 75.1855 79.2781 0
    endloop
  endfacet
  facet normal -0.98077 0.195165 2.05413e-19
    outer loop
      vertex 75.1855 79.2781 3
      vertex 75.1421 79.06 0
      vertex 75.1421 79.06 3
    endloop
  endfacet
  facet normal 0.946915 0.321484 -1.17944e-18
    outer loop
      vertex 71.9294 78.8494 3
      vertex 71.8579 79.06 0
      vertex 71.8579 79.06 3
    endloop
  endfacet
  facet normal 0.946915 0.321484 -1.17944e-18
    outer loop
      vertex 71.8579 79.06 0
      vertex 71.9294 78.8494 3
      vertex 71.9294 78.8494 0
    endloop
  endfacet
  facet normal -0.44253 0.896754 0
    outer loop
      vertex 74.35 78.0278 0
      vertex 74.1506 77.9294 3
      vertex 74.35 78.0278 3
    endloop
  endfacet
  facet normal -0.44253 0.896754 0
    outer loop
      vertex 74.1506 77.9294 3
      vertex 74.35 78.0278 0
      vertex 74.1506 77.9294 0
    endloop
  endfacet
  facet normal -0.0652057 -0.997872 0
    outer loop
      vertex 73.5 81.2 0
      vertex 73.7219 81.1855 3
      vertex 73.5 81.2 3
    endloop
  endfacet
  facet normal -0.0652057 -0.997872 -0
    outer loop
      vertex 73.7219 81.1855 3
      vertex 73.5 81.2 0
      vertex 73.7219 81.1855 0
    endloop
  endfacet
  facet normal 0.321484 -0.946915 0
    outer loop
      vertex 72.8494 81.0706 0
      vertex 73.06 81.1421 3
      vertex 72.8494 81.0706 3
    endloop
  endfacet
  facet normal 0.321484 -0.946915 0
    outer loop
      vertex 73.06 81.1421 3
      vertex 72.8494 81.0706 0
      vertex 73.06 81.1421 0
    endloop
  endfacet
  facet normal 0.195165 -0.98077 0
    outer loop
      vertex 73.06 81.1421 0
      vertex 73.2781 81.1855 3
      vertex 73.06 81.1421 3
    endloop
  endfacet
  facet normal 0.195165 -0.98077 0
    outer loop
      vertex 73.2781 81.1855 3
      vertex 73.06 81.1421 0
      vertex 73.2781 81.1855 0
    endloop
  endfacet
  facet normal -0.896754 -0.44253 -2.19818e-18
    outer loop
      vertex 75.0706 80.1506 0
      vertex 74.9722 80.35 3
      vertex 74.9722 80.35 0
    endloop
  endfacet
  facet normal -0.896754 -0.44253 -2.19818e-18
    outer loop
      vertex 74.9722 80.35 3
      vertex 75.0706 80.1506 0
      vertex 75.0706 80.1506 3
    endloop
  endfacet
  facet normal -0.997872 0.0652057 -2.93873e-19
    outer loop
      vertex 75.1855 79.2781 0
      vertex 75.2 79.5 3
      vertex 75.2 79.5 0
    endloop
  endfacet
  facet normal -0.997872 0.0652057 -2.93873e-19
    outer loop
      vertex 75.2 79.5 3
      vertex 75.1855 79.2781 0
      vertex 75.1855 79.2781 3
    endloop
  endfacet
  facet normal -0.0652057 0.997872 0
    outer loop
      vertex 73.7219 77.8145 0
      vertex 73.5 77.8 3
      vertex 73.7219 77.8145 3
    endloop
  endfacet
  facet normal -0.0652057 0.997872 0
    outer loop
      vertex 73.5 77.8 3
      vertex 73.7219 77.8145 0
      vertex 73.5 77.8 0
    endloop
  endfacet
  facet normal -0.751908 -0.659268 1.15296e-18
    outer loop
      vertex 74.8487 80.5349 0
      vertex 74.7021 80.7021 3
      vertex 74.7021 80.7021 0
    endloop
  endfacet
  facet normal -0.751908 -0.659268 1.15296e-18
    outer loop
      vertex 74.7021 80.7021 3
      vertex 74.8487 80.5349 0
      vertex 74.8487 80.5349 3
    endloop
  endfacet
  facet normal 0.997872 0.0652057 2.93873e-19
    outer loop
      vertex 71.8145 79.2781 3
      vertex 71.8 79.5 0
      vertex 71.8 79.5 3
    endloop
  endfacet
  facet normal 0.997872 0.0652057 2.93873e-19
    outer loop
      vertex 71.8 79.5 0
      vertex 71.8145 79.2781 3
      vertex 71.8145 79.2781 0
    endloop
  endfacet
  facet normal -0.751908 0.659268 -1.15296e-18
    outer loop
      vertex 74.7021 78.2979 0
      vertex 74.8487 78.4651 3
      vertex 74.8487 78.4651 0
    endloop
  endfacet
  facet normal -0.751908 0.659268 -1.15296e-18
    outer loop
      vertex 74.8487 78.4651 3
      vertex 74.7021 78.2979 0
      vertex 74.7021 78.2979 3
    endloop
  endfacet
  facet normal 0.751908 -0.659268 -1.15296e-18
    outer loop
      vertex 72.1513 80.5349 3
      vertex 72.2979 80.7021 0
      vertex 72.2979 80.7021 3
    endloop
  endfacet
  facet normal 0.751908 -0.659268 -1.15296e-18
    outer loop
      vertex 72.2979 80.7021 0
      vertex 72.1513 80.5349 3
      vertex 72.1513 80.5349 0
    endloop
  endfacet
  facet normal 0.831566 -0.555426 -8.02024e-19
    outer loop
      vertex 72.0278 80.35 3
      vertex 72.1513 80.5349 0
      vertex 72.1513 80.5349 3
    endloop
  endfacet
  facet normal 0.831566 -0.555426 -8.02024e-19
    outer loop
      vertex 72.1513 80.5349 0
      vertex 72.0278 80.35 3
      vertex 72.0278 80.35 0
    endloop
  endfacet
  facet normal 0.0652057 -0.997872 0
    outer loop
      vertex 73.2781 81.1855 0
      vertex 73.5 81.2 3
      vertex 73.2781 81.1855 3
    endloop
  endfacet
  facet normal 0.0652057 -0.997872 0
    outer loop
      vertex 73.5 81.2 3
      vertex 73.2781 81.1855 0
      vertex 73.5 81.2 0
    endloop
  endfacet
  facet normal 0.98077 0.195165 -2.05413e-19
    outer loop
      vertex 71.8579 79.06 3
      vertex 71.8145 79.2781 0
      vertex 71.8145 79.2781 3
    endloop
  endfacet
  facet normal 0.98077 0.195165 -2.05413e-19
    outer loop
      vertex 71.8145 79.2781 0
      vertex 71.8579 79.06 3
      vertex 71.8579 79.06 0
    endloop
  endfacet
  facet normal 0.321484 0.946915 -0
    outer loop
      vertex 73.06 77.8579 0
      vertex 72.8494 77.9294 3
      vertex 73.06 77.8579 3
    endloop
  endfacet
  facet normal 0.321484 0.946915 0
    outer loop
      vertex 72.8494 77.9294 3
      vertex 73.06 77.8579 0
      vertex 72.8494 77.9294 0
    endloop
  endfacet
  facet normal -0.946915 -0.321484 -1.17944e-18
    outer loop
      vertex 75.1421 79.94 0
      vertex 75.0706 80.1506 3
      vertex 75.0706 80.1506 0
    endloop
  endfacet
  facet normal -0.946915 -0.321484 -1.17944e-18
    outer loop
      vertex 75.0706 80.1506 3
      vertex 75.1421 79.94 0
      vertex 75.1421 79.94 3
    endloop
  endfacet
  facet normal 0.44253 0.896754 -0
    outer loop
      vertex 72.8494 77.9294 0
      vertex 72.65 78.0278 3
      vertex 72.8494 77.9294 3
    endloop
  endfacet
  facet normal 0.44253 0.896754 0
    outer loop
      vertex 72.65 78.0278 3
      vertex 72.8494 77.9294 0
      vertex 72.65 78.0278 0
    endloop
  endfacet
  facet normal 0.555426 0.831566 -0
    outer loop
      vertex 72.65 78.0278 0
      vertex 72.4651 78.1513 3
      vertex 72.65 78.0278 3
    endloop
  endfacet
  facet normal 0.555426 0.831566 0
    outer loop
      vertex 72.4651 78.1513 3
      vertex 72.65 78.0278 0
      vertex 72.4651 78.1513 0
    endloop
  endfacet
  facet normal 0.195165 0.98077 -0
    outer loop
      vertex 73.2781 77.8145 0
      vertex 73.06 77.8579 3
      vertex 73.2781 77.8145 3
    endloop
  endfacet
  facet normal 0.195165 0.98077 0
    outer loop
      vertex 73.06 77.8579 3
      vertex 73.2781 77.8145 0
      vertex 73.06 77.8579 0
    endloop
  endfacet
  facet normal 0.896754 -0.44253 2.19818e-18
    outer loop
      vertex 71.9294 80.1506 3
      vertex 72.0278 80.35 0
      vertex 72.0278 80.35 3
    endloop
  endfacet
  facet normal 0.896754 -0.44253 2.19818e-18
    outer loop
      vertex 72.0278 80.35 0
      vertex 71.9294 80.1506 3
      vertex 71.9294 80.1506 0
    endloop
  endfacet
  facet normal 0.0652057 0.997872 -0
    outer loop
      vertex 73.5 77.8 0
      vertex 73.2781 77.8145 3
      vertex 73.5 77.8 3
    endloop
  endfacet
  facet normal 0.0652057 0.997872 0
    outer loop
      vertex 73.2781 77.8145 3
      vertex 73.5 77.8 0
      vertex 73.2781 77.8145 0
    endloop
  endfacet
  facet normal 0.896754 0.44253 -2.19818e-18
    outer loop
      vertex 72.0278 78.65 3
      vertex 71.9294 78.8494 0
      vertex 71.9294 78.8494 3
    endloop
  endfacet
  facet normal 0.896754 0.44253 -2.19818e-18
    outer loop
      vertex 71.9294 78.8494 0
      vertex 72.0278 78.65 3
      vertex 72.0278 78.65 0
    endloop
  endfacet
  facet normal 0.997872 -0.0652057 -2.93873e-19
    outer loop
      vertex 71.8 79.5 3
      vertex 71.8145 79.7219 0
      vertex 71.8145 79.7219 3
    endloop
  endfacet
  facet normal 0.997872 -0.0652057 -2.93873e-19
    outer loop
      vertex 71.8145 79.7219 0
      vertex 71.8 79.5 3
      vertex 71.8 79.5 0
    endloop
  endfacet
  facet normal 0.98077 -0.195165 2.05413e-19
    outer loop
      vertex 71.8145 79.7219 3
      vertex 71.8579 79.94 0
      vertex 71.8579 79.94 3
    endloop
  endfacet
  facet normal 0.98077 -0.195165 2.05413e-19
    outer loop
      vertex 71.8579 79.94 0
      vertex 71.8145 79.7219 3
      vertex 71.8145 79.7219 0
    endloop
  endfacet
  facet normal 0.946915 -0.321484 1.17944e-18
    outer loop
      vertex 71.8579 79.94 3
      vertex 71.9294 80.1506 0
      vertex 71.9294 80.1506 3
    endloop
  endfacet
  facet normal 0.946915 -0.321484 1.17944e-18
    outer loop
      vertex 71.9294 80.1506 0
      vertex 71.8579 79.94 3
      vertex 71.8579 79.94 0
    endloop
  endfacet
  facet normal -0.659268 0.751908 0
    outer loop
      vertex 74.7021 78.2979 0
      vertex 74.5349 78.1513 3
      vertex 74.7021 78.2979 3
    endloop
  endfacet
  facet normal -0.659268 0.751908 0
    outer loop
      vertex 74.5349 78.1513 3
      vertex 74.7021 78.2979 0
      vertex 74.5349 78.1513 0
    endloop
  endfacet
  facet normal 0 0 -1
    outer loop
      vertex 14.1317 74 0
      vertex 8.17861 76.7737 0
      vertex 8.2 77.1 0
    endloop
  endfacet
  facet normal 0 0 -1
    outer loop
      vertex 10.2 69.3058 0
      vertex 8.11481 76.4529 0
      vertex 8.17861 76.7737 0
    endloop
  endfacet
  facet normal 0 0 -1
    outer loop
      vertex 6.65671 74.7903 0
      vertex 9.14415 68.7851 0
      vertex 8.02936 68.4067 0
    endloop
  endfacet
  facet normal 0 0 -1
    outer loop
      vertex 10.2 69.3058 0
      vertex 8.0097 76.1433 0
      vertex 8.11481 76.4529 0
    endloop
  endfacet
  facet normal 0 0 -1
    outer loop
      vertex 10.2 69.3058 0
      vertex 7.86506 75.85 0
      vertex 8.0097 76.1433 0
    endloop
  endfacet
  facet normal 0 0 -1
    outer loop
      vertex 10.2 69.3058 0
      vertex 7.68338 75.5781 0
      vertex 7.86506 75.85 0
    endloop
  endfacet
  facet normal 0 0 -1
    outer loop
      vertex 10.2 69.3058 0
      vertex 7.46777 75.3322 0
      vertex 7.68338 75.5781 0
    endloop
  endfacet
  facet normal 0 0 -1
    outer loop
      vertex 10.2 69.3058 0
      vertex 7.2219 75.1166 0
      vertex 7.46777 75.3322 0
    endloop
  endfacet
  facet normal 0 0 -1
    outer loop
      vertex 6.34705 74.6852 0
      vertex 8.02936 68.4067 0
      vertex 7 68.2019 0
    endloop
  endfacet
  facet normal 0 0 -1
    outer loop
      vertex 10.2 69.3058 0
      vertex 6.95 74.9349 0
      vertex 7.2219 75.1166 0
    endloop
  endfacet
  facet normal 0 0 -1
    outer loop
      vertex 20.2 82.4 0
      vertex 23.8 105.6 0
      vertex 23.8 82.4 0
    endloop
  endfacet
  facet normal -0 0 -1
    outer loop
      vertex 23.8 105.6 0
      vertex 20.2 82.4 0
      vertex 20.2 105.6 0
    endloop
  endfacet
  facet normal 0 0 -1
    outer loop
      vertex 29 74 0
      vertex 23.8 80.8 0
      vertex 29 76 0
    endloop
  endfacet
  facet normal 0 0 -1
    outer loop
      vertex 29 74 0
      vertex 20.2 80.8 0
      vertex 23.8 80.8 0
    endloop
  endfacet
  facet normal 0 0 -1
    outer loop
      vertex 15 81 0
      vertex 20.2 82.4 0
      vertex 20.2 80.8 0
    endloop
  endfacet
  facet normal -0 0 -1
    outer loop
      vertex 20.2 82.4 0
      vertex 15 81 0
      vertex 20.2 105.6 0
    endloop
  endfacet
  facet normal 0 0 -1
    outer loop
      vertex 15 108 0
      vertex 20.2 105.6 0
      vertex 15 81 0
    endloop
  endfacet
  facet normal 0 0 -1
    outer loop
      vertex 14.1317 74 0
      vertex 20.2 80.8 0
      vertex 29 74 0
    endloop
  endfacet
  facet normal -0 0 -1
    outer loop
      vertex 20.2 80.8 0
      vertex 14.1317 74 0
      vertex 15 81 0
    endloop
  endfacet
  facet normal 0 0 -1
    outer loop
      vertex 8.17861 76.7737 0
      vertex 14.1317 74 0
      vertex 14.0149 73.6558 0
    endloop
  endfacet
  facet normal 0 0 -1
    outer loop
      vertex 8.17861 76.7737 0
      vertex 14.0149 73.6558 0
      vertex 13.4942 72.6 0
    endloop
  endfacet
  facet normal 0 0 -1
    outer loop
      vertex 8.17861 76.7737 0
      vertex 13.4942 72.6 0
      vertex 12.8402 71.6211 0
    endloop
  endfacet
  facet normal 0 0 -1
    outer loop
      vertex 8.17861 76.7737 0
      vertex 12.8402 71.6211 0
      vertex 12.0639 70.736 0
    endloop
  endfacet
  facet normal 0 0 -1
    outer loop
      vertex 8.17861 76.7737 0
      vertex 12.0639 70.736 0
      vertex 11.1788 69.9598 0
    endloop
  endfacet
  facet normal 0 0 -1
    outer loop
      vertex 8.17861 76.7737 0
      vertex 11.1788 69.9598 0
      vertex 10.2 69.3058 0
    endloop
  endfacet
  facet normal 0 0 -1
    outer loop
      vertex 6.95 74.9349 0
      vertex 10.2 69.3058 0
      vertex 9.14415 68.7851 0
    endloop
  endfacet
  facet normal 0 0 -1
    outer loop
      vertex 14.1317 74 0
      vertex 8.2 77.1 0
      vertex 8.17861 77.4263 0
    endloop
  endfacet
  facet normal 0 0 -1
    outer loop
      vertex 14.1317 74 0
      vertex 8.17861 77.4263 0
      vertex 15 81 0
    endloop
  endfacet
  facet normal 0 0 -1
    outer loop
      vertex 8.11481 77.747 0
      vertex 15 81 0
      vertex 8.17861 77.4263 0
    endloop
  endfacet
  facet normal 0 0 -1
    outer loop
      vertex 8.0097 78.0567 0
      vertex 15 81 0
      vertex 8.11481 77.747 0
    endloop
  endfacet
  facet normal 0 0 -1
    outer loop
      vertex 7.86506 78.35 0
      vertex 15 81 0
      vertex 8.0097 78.0567 0
    endloop
  endfacet
  facet normal 0 0 -1
    outer loop
      vertex 7.68338 78.6219 0
      vertex 15 81 0
      vertex 7.86506 78.35 0
    endloop
  endfacet
  facet normal 0 0 -1
    outer loop
      vertex 7.46777 78.8678 0
      vertex 15 81 0
      vertex 7.68338 78.6219 0
    endloop
  endfacet
  facet normal 0 0 -1
    outer loop
      vertex 7.2219 79.0834 0
      vertex 15 81 0
      vertex 7.46777 78.8678 0
    endloop
  endfacet
  facet normal 0 0 -1
    outer loop
      vertex 6.95 79.2651 0
      vertex 15 81 0
      vertex 7.2219 79.0834 0
    endloop
  endfacet
  facet normal 0 0 -1
    outer loop
      vertex 6.65671 79.4097 0
      vertex 15 81 0
      vertex 6.95 79.2651 0
    endloop
  endfacet
  facet normal 0 0 -1
    outer loop
      vertex 6.34705 79.5148 0
      vertex 15 81 0
      vertex 6.65671 79.4097 0
    endloop
  endfacet
  facet normal 0 0 -1
    outer loop
      vertex 6.02631 79.5786 0
      vertex 15 81 0
      vertex 6.34705 79.5148 0
    endloop
  endfacet
  facet normal 0 0 -1
    outer loop
      vertex 0 81 0
      vertex 6.02631 79.5786 0
      vertex 5.7 79.6 0
    endloop
  endfacet
  facet normal 0 0 -1
    outer loop
      vertex 0 81 0
      vertex 5.7 79.6 0
      vertex 5.37368 79.5786 0
    endloop
  endfacet
  facet normal 0 0 -1
    outer loop
      vertex 3.28518 76.4529 0
      vertex 0 81 0
      vertex 3.22139 76.7737 0
    endloop
  endfacet
  facet normal 0 0 -1
    outer loop
      vertex 0 2 0
      vertex 2.9903 7.15671 0
      vertex 2.88519 6.84705 0
    endloop
  endfacet
  facet normal 0 0 -1
    outer loop
      vertex 0 2 0
      vertex 2.88519 6.84705 0
      vertex 2.82139 6.52631 0
    endloop
  endfacet
  facet normal 0 0 -1
    outer loop
      vertex 0 2 0
      vertex 2.82139 6.52631 0
      vertex 2.8 6.2 0
    endloop
  endfacet
  facet normal -0 0 -1
    outer loop
      vertex 2.9903 7.15671 0
      vertex 0 2 0
      vertex 0 81 0
    endloop
  endfacet
  facet normal 0 0 -1
    outer loop
      vertex 6.02631 79.5786 0
      vertex 0 81 0
      vertex 15 81 0
    endloop
  endfacet
  facet normal 0 0 -1
    outer loop
      vertex 5.05295 79.5148 0
      vertex 0 81 0
      vertex 5.37368 79.5786 0
    endloop
  endfacet
  facet normal 0 0 -1
    outer loop
      vertex 4.74329 79.4097 0
      vertex 0 81 0
      vertex 5.05295 79.5148 0
    endloop
  endfacet
  facet normal 0 0 -1
    outer loop
      vertex 4.45 79.2651 0
      vertex 0 81 0
      vertex 4.74329 79.4097 0
    endloop
  endfacet
  facet normal 0 0 -1
    outer loop
      vertex 4.1781 79.0834 0
      vertex 0 81 0
      vertex 4.45 79.2651 0
    endloop
  endfacet
  facet normal 0 0 -1
    outer loop
      vertex 3.93223 78.8678 0
      vertex 0 81 0
      vertex 4.1781 79.0834 0
    endloop
  endfacet
  facet normal 0 0 -1
    outer loop
      vertex 3.71662 78.6219 0
      vertex 0 81 0
      vertex 3.93223 78.8678 0
    endloop
  endfacet
  facet normal 0 0 -1
    outer loop
      vertex 3.53494 78.35 0
      vertex 0 81 0
      vertex 3.71662 78.6219 0
    endloop
  endfacet
  facet normal 0 0 -1
    outer loop
      vertex 3.3903 78.0567 0
      vertex 0 81 0
      vertex 3.53494 78.35 0
    endloop
  endfacet
  facet normal 0 0 -1
    outer loop
      vertex 3.28518 77.747 0
      vertex 0 81 0
      vertex 3.3903 78.0567 0
    endloop
  endfacet
  facet normal 0 0 -1
    outer loop
      vertex 3.22139 77.4263 0
      vertex 0 81 0
      vertex 3.28518 77.747 0
    endloop
  endfacet
  facet normal 0 0 -1
    outer loop
      vertex 3.2 77.1 0
      vertex 0 81 0
      vertex 3.22139 77.4263 0
    endloop
  endfacet
  facet normal 0 0 -1
    outer loop
      vertex 3.22139 76.7737 0
      vertex 0 81 0
      vertex 3.2 77.1 0
    endloop
  endfacet
  facet normal 0 0 -1
    outer loop
      vertex 48.2 82.4 0
      vertex 51.8 105.6 0
      vertex 51.8 82.4 0
    endloop
  endfacet
  facet normal -0 0 -1
    outer loop
      vertex 51.8 105.6 0
      vertex 48.2 82.4 0
      vertex 48.2 105.6 0
    endloop
  endfacet
  facet normal 0 0 -1
    outer loop
      vertex 62.4722 4.35 0
      vertex 63.8193 7 0
      vertex 62.5706 4.15056 0
    endloop
  endfacet
  facet normal 0 0 -1
    outer loop
      vertex 62.3487 4.53489 0
      vertex 63.8193 7 0
      vertex 62.4722 4.35 0
    endloop
  endfacet
  facet normal 0 0 -1
    outer loop
      vertex 62.2021 4.70208 0
      vertex 63.8193 7 0
      vertex 62.3487 4.53489 0
    endloop
  endfacet
  facet normal 0 0 -1
    outer loop
      vertex 62.0349 4.8487 0
      vertex 63.8193 7 0
      vertex 62.2021 4.70208 0
    endloop
  endfacet
  facet normal -0 0 -1
    outer loop
      vertex 63.8193 7 0
      vertex 62.0349 4.8487 0
      vertex 63.7394 7.07008 0
    endloop
  endfacet
  facet normal -0 0 -1
    outer loop
      vertex 63.7394 7.07008 0
      vertex 62.0349 4.8487 0
      vertex 63.25 7.39711 0
    endloop
  endfacet
  facet normal 0 0 -1
    outer loop
      vertex 61.85 4.97224 0
      vertex 63.25 7.39711 0
      vertex 62.0349 4.8487 0
    endloop
  endfacet
  facet normal -0 0 -1
    outer loop
      vertex 63.25 7.39711 0
      vertex 61.85 4.97224 0
      vertex 62.7221 7.65746 0
    endloop
  endfacet
  facet normal 0 0 -1
    outer loop
      vertex 61.6506 5.07059 0
      vertex 62.7221 7.65746 0
      vertex 61.85 4.97224 0
    endloop
  endfacet
  facet normal -0 0 -1
    outer loop
      vertex 62.7221 7.65746 0
      vertex 61.6506 5.07059 0
      vertex 62.1647 7.84666 0
    endloop
  endfacet
  facet normal 0 0 -1
    outer loop
      vertex 61.44 5.14207 0
      vertex 62.1647 7.84666 0
      vertex 61.6506 5.07059 0
    endloop
  endfacet
  facet normal -0 0 -1
    outer loop
      vertex 62.1647 7.84666 0
      vertex 61.44 5.14207 0
      vertex 61.5874 7.96149 0
    endloop
  endfacet
  facet normal 0 0 -1
    outer loop
      vertex 61.2219 5.18546 0
      vertex 61.5874 7.96149 0
      vertex 61.44 5.14207 0
    endloop
  endfacet
  facet normal 0 0 -1
    outer loop
      vertex 61 5.2 0
      vertex 61.5874 7.96149 0
      vertex 61.2219 5.18546 0
    endloop
  endfacet
  facet normal 0 0 -1
    outer loop
      vertex 61 5.2 0
      vertex 61 8 0
      vertex 61.5874 7.96149 0
    endloop
  endfacet
  facet normal 0 0 -1
    outer loop
      vertex 60.7781 5.18546 0
      vertex 61 8 0
      vertex 61 5.2 0
    endloop
  endfacet
  facet normal 0 0 -1
    outer loop
      vertex 60.4126 7.96149 0
      vertex 60.7781 5.18546 0
      vertex 60.56 5.14207 0
    endloop
  endfacet
  facet normal 0 0 -1
    outer loop
      vertex 60.7781 5.18546 0
      vertex 60.4126 7.96149 0
      vertex 61 8 0
    endloop
  endfacet
  facet normal 0 0 -1
    outer loop
      vertex 59.8353 7.84666 0
      vertex 60.56 5.14207 0
      vertex 60.3494 5.07059 0
    endloop
  endfacet
  facet normal 0 0 -1
    outer loop
      vertex 59.2779 7.65746 0
      vertex 60.3494 5.07059 0
      vertex 60.15 4.97224 0
    endloop
  endfacet
  facet normal 0 0 -1
    outer loop
      vertex 58.75 7.39711 0
      vertex 60.15 4.97224 0
      vertex 59.9651 4.8487 0
    endloop
  endfacet
  facet normal 0 0 -1
    outer loop
      vertex 60.56 5.14207 0
      vertex 59.8353 7.84666 0
      vertex 60.4126 7.96149 0
    endloop
  endfacet
  facet normal 0 0 -1
    outer loop
      vertex 58.1806 7 0
      vertex 59.9651 4.8487 0
      vertex 59.7979 4.70208 0
    endloop
  endfacet
  facet normal 0 0 -1
    outer loop
      vertex 58.1806 7 0
      vertex 59.7979 4.70208 0
      vertex 59.6513 4.53489 0
    endloop
  endfacet
  facet normal 0 0 -1
    outer loop
      vertex 58.1806 7 0
      vertex 59.6513 4.53489 0
      vertex 59.5278 4.35 0
    endloop
  endfacet
  facet normal 0 0 -1
    outer loop
      vertex 58.1806 7 0
      vertex 59.5278 4.35 0
      vertex 59.4294 4.15056 0
    endloop
  endfacet
  facet normal 0 0 -1
    outer loop
      vertex 58.1806 7 0
      vertex 59.4294 4.15056 0
      vertex 59.3579 3.93999 0
    endloop
  endfacet
  facet normal 0 0 -1
    outer loop
      vertex 58.1806 7 0
      vertex 59.3579 3.93999 0
      vertex 59.3145 3.72189 0
    endloop
  endfacet
  facet normal 0 0 -1
    outer loop
      vertex 60.3494 5.07059 0
      vertex 59.2779 7.65746 0
      vertex 59.8353 7.84666 0
    endloop
  endfacet
  facet normal 0 0 -1
    outer loop
      vertex 58.1806 7 0
      vertex 59.3145 3.72189 0
      vertex 59.3 3.5 0
    endloop
  endfacet
  facet normal 0 0 -1
    outer loop
      vertex 51.8 105.6 0
      vertex 60 83 0
      vertex 51.8 82.4 0
    endloop
  endfacet
  facet normal 0 0 -1
    outer loop
      vertex 60 83 0
      vertex 51.8 105.6 0
      vertex 60 108 0
    endloop
  endfacet
  facet normal 0 0 -1
    outer loop
      vertex 51.8 107.2 0
      vertex 60 108 0
      vertex 51.8 105.6 0
    endloop
  endfacet
  facet normal 0 0 -1
    outer loop
      vertex 48.2 107.2 0
      vertex 60 108 0
      vertex 51.8 107.2 0
    endloop
  endfacet
  facet normal -0 0 -1
    outer loop
      vertex 60 108 0
      vertex 48.2 107.2 0
      vertex 40.1962 108 0
    endloop
  endfacet
  facet normal 0 0 -1
    outer loop
      vertex 7.46506 7.45 0
      vertex 11.4695 12.7345 0
      vertex 7.6097 7.15671 0
    endloop
  endfacet
  facet normal 0 0 -1
    outer loop
      vertex 7.28338 7.7219 0
      vertex 11.4695 12.7345 0
      vertex 7.46506 7.45 0
    endloop
  endfacet
  facet normal 0 0 -1
    outer loop
      vertex 7.06777 7.96777 0
      vertex 11.4695 12.7345 0
      vertex 7.28338 7.7219 0
    endloop
  endfacet
  facet normal 0 0 -1
    outer loop
      vertex 6.8219 8.18338 0
      vertex 11.4695 12.7345 0
      vertex 7.06777 7.96777 0
    endloop
  endfacet
  facet normal -0 0 -1
    outer loop
      vertex 11.4695 12.7345 0
      vertex 6.8219 8.18338 0
      vertex 10.7788 13.3402 0
    endloop
  endfacet
  facet normal -0 0 -1
    outer loop
      vertex 10.7788 13.3402 0
      vertex 6.8219 8.18338 0
      vertex 9.79999 13.9942 0
    endloop
  endfacet
  facet normal 0 0 -1
    outer loop
      vertex 6.55 8.36506 0
      vertex 9.79999 13.9942 0
      vertex 6.8219 8.18338 0
    endloop
  endfacet
  facet normal -0 0 -1
    outer loop
      vertex 9.79999 13.9942 0
      vertex 6.55 8.36506 0
      vertex 8.74414 14.5149 0
    endloop
  endfacet
  facet normal 0 0 -1
    outer loop
      vertex 3.13494 7.45 0
      vertex 7 68.2019 0
      vertex 7 15.0185 0
    endloop
  endfacet
  facet normal 0 0 -1
    outer loop
      vertex 6.25671 8.5097 0
      vertex 8.74414 14.5149 0
      vertex 6.55 8.36506 0
    endloop
  endfacet
  facet normal -0 0 -1
    outer loop
      vertex 8.74414 14.5149 0
      vertex 6.25671 8.5097 0
      vertex 7.62936 14.8933 0
    endloop
  endfacet
  facet normal 0 0 -1
    outer loop
      vertex 5.94705 8.61481 0
      vertex 7.62936 14.8933 0
      vertex 6.25671 8.5097 0
    endloop
  endfacet
  facet normal 0 0 -1
    outer loop
      vertex 9.14415 68.7851 0
      vertex 6.65671 74.7903 0
      vertex 6.95 74.9349 0
    endloop
  endfacet
  facet normal -0 0 -1
    outer loop
      vertex 7.62936 14.8933 0
      vertex 5.94705 8.61481 0
      vertex 7 15.0185 0
    endloop
  endfacet
  facet normal 0 0 -1
    outer loop
      vertex 8.02936 68.4067 0
      vertex 6.34705 74.6852 0
      vertex 6.65671 74.7903 0
    endloop
  endfacet
  facet normal 0 0 -1
    outer loop
      vertex 5.62632 8.67861 0
      vertex 7 15.0185 0
      vertex 5.94705 8.61481 0
    endloop
  endfacet
  facet normal 0 0 -1
    outer loop
      vertex 7 68.2019 0
      vertex 6.02631 74.6214 0
      vertex 6.34705 74.6852 0
    endloop
  endfacet
  facet normal 0 0 -1
    outer loop
      vertex 5.3 8.7 0
      vertex 7 15.0185 0
      vertex 5.62632 8.67861 0
    endloop
  endfacet
  facet normal 0 0 -1
    outer loop
      vertex 7 68.2019 0
      vertex 5.7 74.6 0
      vertex 6.02631 74.6214 0
    endloop
  endfacet
  facet normal 0 0 -1
    outer loop
      vertex 4.97368 8.67861 0
      vertex 7 15.0185 0
      vertex 5.3 8.7 0
    endloop
  endfacet
  facet normal 0 0 -1
    outer loop
      vertex 7 68.2019 0
      vertex 5.37368 74.6214 0
      vertex 5.7 74.6 0
    endloop
  endfacet
  facet normal 0 0 -1
    outer loop
      vertex 4.65295 8.61481 0
      vertex 7 15.0185 0
      vertex 4.97368 8.67861 0
    endloop
  endfacet
  facet normal 0 0 -1
    outer loop
      vertex 7 68.2019 0
      vertex 5.05295 74.6852 0
      vertex 5.37368 74.6214 0
    endloop
  endfacet
  facet normal 0 0 -1
    outer loop
      vertex 4.34329 8.5097 0
      vertex 7 15.0185 0
      vertex 4.65295 8.61481 0
    endloop
  endfacet
  facet normal 0 0 -1
    outer loop
      vertex 7 68.2019 0
      vertex 4.74329 74.7903 0
      vertex 5.05295 74.6852 0
    endloop
  endfacet
  facet normal 0 0 -1
    outer loop
      vertex 4.05 8.36506 0
      vertex 7 15.0185 0
      vertex 4.34329 8.5097 0
    endloop
  endfacet
  facet normal 0 0 -1
    outer loop
      vertex 7 68.2019 0
      vertex 4.45 74.9349 0
      vertex 4.74329 74.7903 0
    endloop
  endfacet
  facet normal 0 0 -1
    outer loop
      vertex 3.7781 8.18338 0
      vertex 7 15.0185 0
      vertex 4.05 8.36506 0
    endloop
  endfacet
  facet normal 0 0 -1
    outer loop
      vertex 7 68.2019 0
      vertex 4.1781 75.1166 0
      vertex 4.45 74.9349 0
    endloop
  endfacet
  facet normal 0 0 -1
    outer loop
      vertex 3.53223 7.96777 0
      vertex 7 15.0185 0
      vertex 3.7781 8.18338 0
    endloop
  endfacet
  facet normal 0 0 -1
    outer loop
      vertex 7 68.2019 0
      vertex 3.93223 75.3322 0
      vertex 4.1781 75.1166 0
    endloop
  endfacet
  facet normal 0 0 -1
    outer loop
      vertex 3.31662 7.7219 0
      vertex 7 15.0185 0
      vertex 3.53223 7.96777 0
    endloop
  endfacet
  facet normal 0 0 -1
    outer loop
      vertex 7 68.2019 0
      vertex 3.71662 75.5781 0
      vertex 3.93223 75.3322 0
    endloop
  endfacet
  facet normal 0 0 -1
    outer loop
      vertex 3.13494 7.45 0
      vertex 7 15.0185 0
      vertex 3.31662 7.7219 0
    endloop
  endfacet
  facet normal 0 0 -1
    outer loop
      vertex 7 68.2019 0
      vertex 3.53494 75.85 0
      vertex 3.71662 75.5781 0
    endloop
  endfacet
  facet normal 0 0 -1
    outer loop
      vertex 0 81 0
      vertex 7 68.2019 0
      vertex 3.13494 7.45 0
    endloop
  endfacet
  facet normal 0 0 -1
    outer loop
      vertex 7 68.2019 0
      vertex 0 81 0
      vertex 3.53494 75.85 0
    endloop
  endfacet
  facet normal 0 0 -1
    outer loop
      vertex 0 81 0
      vertex 3.13494 7.45 0
      vertex 2.9903 7.15671 0
    endloop
  endfacet
  facet normal 0 0 -1
    outer loop
      vertex 3.53494 75.85 0
      vertex 0 81 0
      vertex 3.3903 76.1433 0
    endloop
  endfacet
  facet normal 0 0 -1
    outer loop
      vertex 3.3903 76.1433 0
      vertex 0 81 0
      vertex 3.28518 76.4529 0
    endloop
  endfacet
  facet normal 0 0 -1
    outer loop
      vertex 76.3194 76 0
      vertex 75.1855 79.2781 0
      vertex 75.2 79.5 0
    endloop
  endfacet
  facet normal 0 0 -1
    outer loop
      vertex 75.75 75.6029 0
      vertex 75.1421 79.06 0
      vertex 75.1855 79.2781 0
    endloop
  endfacet
  facet normal 0 0 -1
    outer loop
      vertex 75.75 75.6029 0
      vertex 75.0706 78.8494 0
      vertex 75.1421 79.06 0
    endloop
  endfacet
  facet normal 0 0 -1
    outer loop
      vertex 75.75 75.6029 0
      vertex 74.9722 78.65 0
      vertex 75.0706 78.8494 0
    endloop
  endfacet
  facet normal 0 0 -1
    outer loop
      vertex 75.75 75.6029 0
      vertex 74.8487 78.4651 0
      vertex 74.9722 78.65 0
    endloop
  endfacet
  facet normal 0 0 -1
    outer loop
      vertex 75.75 75.6029 0
      vertex 74.7021 78.2979 0
      vertex 74.8487 78.4651 0
    endloop
  endfacet
  facet normal 0 0 -1
    outer loop
      vertex 74.1506 77.9294 0
      vertex 75.2221 75.3425 0
      vertex 74.6647 75.1533 0
    endloop
  endfacet
  facet normal 0 0 -1
    outer loop
      vertex 75.75 75.6029 0
      vertex 74.5349 78.1513 0
      vertex 74.7021 78.2979 0
    endloop
  endfacet
  facet normal 0 0 -1
    outer loop
      vertex 75.75 75.6029 0
      vertex 74.35 78.0278 0
      vertex 74.5349 78.1513 0
    endloop
  endfacet
  facet normal 0 0 -1
    outer loop
      vertex 75.2221 75.3425 0
      vertex 74.1506 77.9294 0
      vertex 74.35 78.0278 0
    endloop
  endfacet
  facet normal 0 0 -1
    outer loop
      vertex 73.94 77.8579 0
      vertex 74.6647 75.1533 0
      vertex 74.0874 75.0385 0
    endloop
  endfacet
  facet normal 0 0 -1
    outer loop
      vertex 74.6647 75.1533 0
      vertex 73.94 77.8579 0
      vertex 74.1506 77.9294 0
    endloop
  endfacet
  facet normal 0 0 -1
    outer loop
      vertex 74.0874 75.0385 0
      vertex 73.7219 77.8145 0
      vertex 73.94 77.8579 0
    endloop
  endfacet
  facet normal 0 0 -1
    outer loop
      vertex 73.5 75 0
      vertex 73.7219 77.8145 0
      vertex 74.0874 75.0385 0
    endloop
  endfacet
  facet normal 0 0 -1
    outer loop
      vertex 73.5 75 0
      vertex 73.5 77.8 0
      vertex 73.7219 77.8145 0
    endloop
  endfacet
  facet normal 0 0 -1
    outer loop
      vertex 73.5 75 0
      vertex 73.2781 77.8145 0
      vertex 73.5 77.8 0
    endloop
  endfacet
  facet normal 0 0 -1
    outer loop
      vertex 72.9126 75.0385 0
      vertex 73.2781 77.8145 0
      vertex 73.5 75 0
    endloop
  endfacet
  facet normal -0 0 -1
    outer loop
      vertex 73.2781 77.8145 0
      vertex 72.9126 75.0385 0
      vertex 73.06 77.8579 0
    endloop
  endfacet
  facet normal 0 0 -1
    outer loop
      vertex 72.3353 75.1533 0
      vertex 73.06 77.8579 0
      vertex 72.9126 75.0385 0
    endloop
  endfacet
  facet normal -0 0 -1
    outer loop
      vertex 73.06 77.8579 0
      vertex 72.3353 75.1533 0
      vertex 72.8494 77.9294 0
    endloop
  endfacet
  facet normal 0 0 -1
    outer loop
      vertex 71.7779 75.3425 0
      vertex 72.8494 77.9294 0
      vertex 72.3353 75.1533 0
    endloop
  endfacet
  facet normal -0 0 -1
    outer loop
      vertex 72.8494 77.9294 0
      vertex 71.7779 75.3425 0
      vertex 72.65 78.0278 0
    endloop
  endfacet
  facet normal 0 0 -1
    outer loop
      vertex 71.25 75.6029 0
      vertex 72.65 78.0278 0
      vertex 71.7779 75.3425 0
    endloop
  endfacet
  facet normal -0 0 -1
    outer loop
      vertex 72.65 78.0278 0
      vertex 71.25 75.6029 0
      vertex 72.4651 78.1513 0
    endloop
  endfacet
  facet normal 0 0 -1
    outer loop
      vertex 70.7606 75.9299 0
      vertex 72.4651 78.1513 0
      vertex 71.25 75.6029 0
    endloop
  endfacet
  facet normal 0 0 -1
    outer loop
      vertex 70.6806 76 0
      vertex 72.4651 78.1513 0
      vertex 70.7606 75.9299 0
    endloop
  endfacet
  facet normal -0 0 -1
    outer loop
      vertex 72.4651 78.1513 0
      vertex 70.6806 76 0
      vertex 72.2979 78.2979 0
    endloop
  endfacet
  facet normal -0 0 -1
    outer loop
      vertex 72.2979 78.2979 0
      vertex 70.6806 76 0
      vertex 72.1513 78.4651 0
    endloop
  endfacet
  facet normal -0 0 -1
    outer loop
      vertex 72.0278 78.65 0
      vertex 70.6806 76 0
      vertex 71.9294 78.8494 0
    endloop
  endfacet
  facet normal -0 0 -1
    outer loop
      vertex 72.1513 78.4651 0
      vertex 70.6806 76 0
      vertex 72.0278 78.65 0
    endloop
  endfacet
  facet normal 0 0 -1
    outer loop
      vertex 108.986 47.9573 0
      vertex 106.685 49.8057 0
      vertex 106.7 50.0276 0
    endloop
  endfacet
  facet normal 0 0 -1
    outer loop
      vertex 107.25 46.1305 0
      vertex 106.642 49.5876 0
      vertex 106.685 49.8057 0
    endloop
  endfacet
  facet normal 0 0 -1
    outer loop
      vertex 107.25 46.1305 0
      vertex 106.571 49.377 0
      vertex 106.642 49.5876 0
    endloop
  endfacet
  facet normal 0 0 -1
    outer loop
      vertex 107.25 46.1305 0
      vertex 106.472 49.1776 0
      vertex 106.571 49.377 0
    endloop
  endfacet
  facet normal 0 0 -1
    outer loop
      vertex 107.25 46.1305 0
      vertex 106.349 48.9927 0
      vertex 106.472 49.1776 0
    endloop
  endfacet
  facet normal 0 0 -1
    outer loop
      vertex 107.25 46.1305 0
      vertex 106.202 48.8255 0
      vertex 106.349 48.9927 0
    endloop
  endfacet
  facet normal 0 0 -1
    outer loop
      vertex 105.651 48.457 0
      vertex 106.722 45.8701 0
      vertex 106.165 45.6809 0
    endloop
  endfacet
  facet normal 0 0 -1
    outer loop
      vertex 107.25 46.1305 0
      vertex 106.035 48.6789 0
      vertex 106.202 48.8255 0
    endloop
  endfacet
  facet normal 0 0 -1
    outer loop
      vertex 107.25 46.1305 0
      vertex 105.85 48.5553 0
      vertex 106.035 48.6789 0
    endloop
  endfacet
  facet normal 0 0 -1
    outer loop
      vertex 106.722 45.8701 0
      vertex 105.651 48.457 0
      vertex 105.85 48.5553 0
    endloop
  endfacet
  facet normal 0 0 -1
    outer loop
      vertex 105.44 48.3855 0
      vertex 106.165 45.6809 0
      vertex 105.587 45.5661 0
    endloop
  endfacet
  facet normal 0 0 -1
    outer loop
      vertex 106.165 45.6809 0
      vertex 105.44 48.3855 0
      vertex 105.651 48.457 0
    endloop
  endfacet
  facet normal 0 0 -1
    outer loop
      vertex 105.587 45.5661 0
      vertex 105.222 48.3421 0
      vertex 105.44 48.3855 0
    endloop
  endfacet
  facet normal 0 0 -1
    outer loop
      vertex 105 45.5276 0
      vertex 105.222 48.3421 0
      vertex 105.587 45.5661 0
    endloop
  endfacet
  facet normal 0 0 -1
    outer loop
      vertex 105 45.5276 0
      vertex 105 48.3276 0
      vertex 105.222 48.3421 0
    endloop
  endfacet
  facet normal 0 0 -1
    outer loop
      vertex 105 45.5276 0
      vertex 104.778 48.3421 0
      vertex 105 48.3276 0
    endloop
  endfacet
  facet normal 0 0 -1
    outer loop
      vertex 104.413 45.5661 0
      vertex 104.778 48.3421 0
      vertex 105 45.5276 0
    endloop
  endfacet
  facet normal -0 0 -1
    outer loop
      vertex 104.778 48.3421 0
      vertex 104.413 45.5661 0
      vertex 104.56 48.3855 0
    endloop
  endfacet
  facet normal 0 0 -1
    outer loop
      vertex 103.835 45.6809 0
      vertex 104.56 48.3855 0
      vertex 104.413 45.5661 0
    endloop
  endfacet
  facet normal 0 0 -1
    outer loop
      vertex 103.82 45.6863 0
      vertex 104.56 48.3855 0
      vertex 103.835 45.6809 0
    endloop
  endfacet
  facet normal -0 0 -1
    outer loop
      vertex 104.56 48.3855 0
      vertex 103.82 45.6863 0
      vertex 104.349 48.457 0
    endloop
  endfacet
  facet normal -0 0 -1
    outer loop
      vertex 104.349 48.457 0
      vertex 103.82 45.6863 0
      vertex 104.15 48.5553 0
    endloop
  endfacet
  facet normal -0 0 -1
    outer loop
      vertex 104.15 48.5553 0
      vertex 103.82 45.6863 0
      vertex 103.965 48.6789 0
    endloop
  endfacet
  facet normal 0 0 -1
    outer loop
      vertex 103.82 45.6863 0
      vertex 103.798 48.8255 0
      vertex 103.965 48.6789 0
    endloop
  endfacet
  facet normal 0 0 -1
    outer loop
      vertex 103.82 45.6863 0
      vertex 103.651 48.9927 0
      vertex 103.798 48.8255 0
    endloop
  endfacet
  facet normal 0 0 -1
    outer loop
      vertex 103.82 45.6863 0
      vertex 103.528 49.1776 0
      vertex 103.651 48.9927 0
    endloop
  endfacet
  facet normal 0 0 -1
    outer loop
      vertex 103.82 45.6863 0
      vertex 103.429 49.377 0
      vertex 103.528 49.1776 0
    endloop
  endfacet
  facet normal 0 0 -1
    outer loop
      vertex 101.014 52.0978 0
      vertex 103.429 49.377 0
      vertex 103.82 45.6863 0
    endloop
  endfacet
  facet normal 0 0 -1
    outer loop
      vertex 103.429 49.377 0
      vertex 101.014 52.0978 0
      vertex 103.358 49.5876 0
    endloop
  endfacet
  facet normal 0 0 -1
    outer loop
      vertex 104.15 51.4998 0
      vertex 102.75 53.9247 0
      vertex 103.278 54.185 0
    endloop
  endfacet
  facet normal 0 0 -1
    outer loop
      vertex 101.014 52.0978 0
      vertex 103.3 50.0276 0
      vertex 103.315 49.8057 0
    endloop
  endfacet
  facet normal 0 0 -1
    outer loop
      vertex 103.358 49.5876 0
      vertex 101.014 52.0978 0
      vertex 103.315 49.8057 0
    endloop
  endfacet
  facet normal 0 0 -1
    outer loop
      vertex 103.315 50.2495 0
      vertex 102.261 53.5977 0
      vertex 102.75 53.9247 0
    endloop
  endfacet
  facet normal 0 0 -1
    outer loop
      vertex 103.315 50.2495 0
      vertex 101.818 53.2096 0
      vertex 102.261 53.5977 0
    endloop
  endfacet
  facet normal 0 0 -1
    outer loop
      vertex 103.315 50.2495 0
      vertex 101.014 52.0978 0
      vertex 101.103 52.2776 0
    endloop
  endfacet
  facet normal 0 0 -1
    outer loop
      vertex 103.315 50.2495 0
      vertex 101.43 52.767 0
      vertex 101.818 53.2096 0
    endloop
  endfacet
  facet normal 0 0 -1
    outer loop
      vertex 103.315 50.2495 0
      vertex 101.103 52.2776 0
      vertex 101.43 52.767 0
    endloop
  endfacet
  facet normal 0 0 -1
    outer loop
      vertex 20.3647 9 0
      vertex 101.014 52.0978 0
      vertex 103.82 45.6863 0
    endloop
  endfacet
  facet normal 0 0 -1
    outer loop
      vertex 101.014 52.0978 0
      vertex 20.3647 9 0
      vertex 11.4695 12.7345 0
    endloop
  endfacet
  facet normal 0 0 -1
    outer loop
      vertex 124.609 62.4698 0
      vertex 131.29 61.6433 0
      vertex 127.43 56.0655 0
    endloop
  endfacet
  facet normal 0 0 -1
    outer loop
      vertex 131.29 61.6433 0
      vertex 124.609 62.4698 0
      vertex 131.185 61.953 0
    endloop
  endfacet
  facet normal 0 0 -1
    outer loop
      vertex 131.121 62.2737 0
      vertex 124.609 62.4698 0
      vertex 131.1 62.6 0
    endloop
  endfacet
  facet normal 0 0 -1
    outer loop
      vertex 131.1 62.6 0
      vertex 130.156 70.9149 0
      vertex 131 71.2015 0
    endloop
  endfacet
  facet normal 0 0 -1
    outer loop
      vertex 131.185 61.953 0
      vertex 124.609 62.4698 0
      vertex 131.121 62.2737 0
    endloop
  endfacet
  facet normal 0 -0 -1
    outer loop
      vertex 130.156 70.9149 0
      vertex 131.1 62.6 0
      vertex 129.1 70.3942 0
    endloop
  endfacet
  facet normal 0 0 -1
    outer loop
      vertex 131.1 62.6 0
      vertex 128.121 69.7402 0
      vertex 129.1 70.3942 0
    endloop
  endfacet
  facet normal 0 0 -1
    outer loop
      vertex 131.1 62.6 0
      vertex 127.236 68.964 0
      vertex 128.121 69.7402 0
    endloop
  endfacet
  facet normal 0 0 -1
    outer loop
      vertex 131.1 62.6 0
      vertex 126.46 68.0788 0
      vertex 127.236 68.964 0
    endloop
  endfacet
  facet normal 0 0 -1
    outer loop
      vertex 131.1 62.6 0
      vertex 125.806 67.1 0
      vertex 126.46 68.0788 0
    endloop
  endfacet
  facet normal 0 0 -1
    outer loop
      vertex 131.1 62.6 0
      vertex 125.285 66.0441 0
      vertex 125.806 67.1 0
    endloop
  endfacet
  facet normal 0 0 -1
    outer loop
      vertex 131.1 62.6 0
      vertex 124.907 64.9294 0
      vertex 125.285 66.0441 0
    endloop
  endfacet
  facet normal 0 0 -1
    outer loop
      vertex 131.1 62.6 0
      vertex 124.677 63.7747 0
      vertex 124.907 64.9294 0
    endloop
  endfacet
  facet normal 0 0 -1
    outer loop
      vertex 124.6 62.6 0
      vertex 131.1 62.6 0
      vertex 124.609 62.4698 0
    endloop
  endfacet
  facet normal 0 0 -1
    outer loop
      vertex 108.986 47.9573 0
      vertex 124.609 62.4698 0
      vertex 127.43 56.0655 0
    endloop
  endfacet
  facet normal 0 0 -1
    outer loop
      vertex 106.685 49.8057 0
      vertex 108.897 47.7776 0
      vertex 108.57 47.2882 0
    endloop
  endfacet
  facet normal 0 0 -1
    outer loop
      vertex 106.685 49.8057 0
      vertex 108.57 47.2882 0
      vertex 108.182 46.8456 0
    endloop
  endfacet
  facet normal 0 0 -1
    outer loop
      vertex 106.685 49.8057 0
      vertex 108.182 46.8456 0
      vertex 107.739 46.4575 0
    endloop
  endfacet
  facet normal 0 0 -1
    outer loop
      vertex 106.685 49.8057 0
      vertex 107.739 46.4575 0
      vertex 107.25 46.1305 0
    endloop
  endfacet
  facet normal 0 0 -1
    outer loop
      vertex 105.85 48.5553 0
      vertex 107.25 46.1305 0
      vertex 106.722 45.8701 0
    endloop
  endfacet
  facet normal 0 0 -1
    outer loop
      vertex 106.685 49.8057 0
      vertex 108.986 47.9573 0
      vertex 108.897 47.7776 0
    endloop
  endfacet
  facet normal 0 0 -1
    outer loop
      vertex 106.685 50.2495 0
      vertex 108.986 47.9573 0
      vertex 106.7 50.0276 0
    endloop
  endfacet
  facet normal 0 0 -1
    outer loop
      vertex 106.642 50.4676 0
      vertex 108.986 47.9573 0
      vertex 106.685 50.2495 0
    endloop
  endfacet
  facet normal 0 0 -1
    outer loop
      vertex 106.571 50.6782 0
      vertex 108.986 47.9573 0
      vertex 106.642 50.4676 0
    endloop
  endfacet
  facet normal 0 0 -1
    outer loop
      vertex 108.986 47.9573 0
      vertex 106.571 50.6782 0
      vertex 106.18 54.3689 0
    endloop
  endfacet
  facet normal 0 0 -1
    outer loop
      vertex 106.18 54.3689 0
      vertex 106.571 50.6782 0
      vertex 106.472 50.8776 0
    endloop
  endfacet
  facet normal 0 0 -1
    outer loop
      vertex 106.18 54.3689 0
      vertex 106.472 50.8776 0
      vertex 106.349 51.0625 0
    endloop
  endfacet
  facet normal 0 0 -1
    outer loop
      vertex 106.18 54.3689 0
      vertex 106.349 51.0625 0
      vertex 106.202 51.2297 0
    endloop
  endfacet
  facet normal 0 0 -1
    outer loop
      vertex 108.986 47.9573 0
      vertex 106.18 54.3689 0
      vertex 124.609 62.4698 0
    endloop
  endfacet
  facet normal 0 0 -1
    outer loop
      vertex 106.035 51.3763 0
      vertex 106.18 54.3689 0
      vertex 106.202 51.2297 0
    endloop
  endfacet
  facet normal 0 0 -1
    outer loop
      vertex 105.85 51.4998 0
      vertex 106.18 54.3689 0
      vertex 106.035 51.3763 0
    endloop
  endfacet
  facet normal 0 0 -1
    outer loop
      vertex 105.651 51.5982 0
      vertex 106.18 54.3689 0
      vertex 105.85 51.4998 0
    endloop
  endfacet
  facet normal 0 0 -1
    outer loop
      vertex 105.44 51.6697 0
      vertex 106.18 54.3689 0
      vertex 105.651 51.5982 0
    endloop
  endfacet
  facet normal -0 0 -1
    outer loop
      vertex 106.18 54.3689 0
      vertex 105.44 51.6697 0
      vertex 106.165 54.3743 0
    endloop
  endfacet
  facet normal -0 0 -1
    outer loop
      vertex 106.165 54.3743 0
      vertex 105.44 51.6697 0
      vertex 105.587 54.4891 0
    endloop
  endfacet
  facet normal 0 0 -1
    outer loop
      vertex 105.222 51.713 0
      vertex 105.587 54.4891 0
      vertex 105.44 51.6697 0
    endloop
  endfacet
  facet normal 0 0 -1
    outer loop
      vertex 105 51.7276 0
      vertex 105.587 54.4891 0
      vertex 105.222 51.713 0
    endloop
  endfacet
  facet normal 0 0 -1
    outer loop
      vertex 105 51.7276 0
      vertex 105 54.5276 0
      vertex 105.587 54.4891 0
    endloop
  endfacet
  facet normal 0 0 -1
    outer loop
      vertex 104.778 51.713 0
      vertex 105 54.5276 0
      vertex 105 51.7276 0
    endloop
  endfacet
  facet normal 0 0 -1
    outer loop
      vertex 104.413 54.4891 0
      vertex 104.778 51.713 0
      vertex 104.56 51.6697 0
    endloop
  endfacet
  facet normal 0 0 -1
    outer loop
      vertex 104.778 51.713 0
      vertex 104.413 54.4891 0
      vertex 105 54.5276 0
    endloop
  endfacet
  facet normal 0 0 -1
    outer loop
      vertex 103.835 54.3743 0
      vertex 104.56 51.6697 0
      vertex 104.349 51.5982 0
    endloop
  endfacet
  facet normal 0 0 -1
    outer loop
      vertex 103.278 54.185 0
      vertex 104.349 51.5982 0
      vertex 104.15 51.4998 0
    endloop
  endfacet
  facet normal 0 0 -1
    outer loop
      vertex 102.75 53.9247 0
      vertex 104.15 51.4998 0
      vertex 103.965 51.3763 0
    endloop
  endfacet
  facet normal 0 0 -1
    outer loop
      vertex 104.56 51.6697 0
      vertex 103.835 54.3743 0
      vertex 104.413 54.4891 0
    endloop
  endfacet
  facet normal 0 0 -1
    outer loop
      vertex 102.75 53.9247 0
      vertex 103.965 51.3763 0
      vertex 103.798 51.2297 0
    endloop
  endfacet
  facet normal 0 0 -1
    outer loop
      vertex 102.75 53.9247 0
      vertex 103.798 51.2297 0
      vertex 103.651 51.0625 0
    endloop
  endfacet
  facet normal 0 0 -1
    outer loop
      vertex 102.75 53.9247 0
      vertex 103.651 51.0625 0
      vertex 103.528 50.8776 0
    endloop
  endfacet
  facet normal 0 0 -1
    outer loop
      vertex 102.75 53.9247 0
      vertex 103.528 50.8776 0
      vertex 103.429 50.6782 0
    endloop
  endfacet
  facet normal 0 0 -1
    outer loop
      vertex 102.75 53.9247 0
      vertex 103.429 50.6782 0
      vertex 103.358 50.4676 0
    endloop
  endfacet
  facet normal 0 0 -1
    outer loop
      vertex 102.75 53.9247 0
      vertex 103.358 50.4676 0
      vertex 103.315 50.2495 0
    endloop
  endfacet
  facet normal 0 0 -1
    outer loop
      vertex 104.349 51.5982 0
      vertex 103.278 54.185 0
      vertex 103.835 54.3743 0
    endloop
  endfacet
  facet normal 0 0 -1
    outer loop
      vertex 101.014 52.0978 0
      vertex 103.315 50.2495 0
      vertex 103.3 50.0276 0
    endloop
  endfacet
  facet normal 0 0 -1
    outer loop
      vertex 138 0 0
      vertex 136.1 62.6 0
      vertex 138 83 0
    endloop
  endfacet
  facet normal 0 0 -1
    outer loop
      vertex 138 0 0
      vertex 136.079 62.2737 0
      vertex 136.1 62.6 0
    endloop
  endfacet
  facet normal 0 0 -1
    outer loop
      vertex 138 0 0
      vertex 136.015 61.953 0
      vertex 136.079 62.2737 0
    endloop
  endfacet
  facet normal 0 0 -1
    outer loop
      vertex 138 0 0
      vertex 135.91 61.6433 0
      vertex 136.015 61.953 0
    endloop
  endfacet
  facet normal 0 0 -1
    outer loop
      vertex 138 0 0
      vertex 135.765 61.35 0
      vertex 135.91 61.6433 0
    endloop
  endfacet
  facet normal 0 0 -1
    outer loop
      vertex 138 0 0
      vertex 135.583 61.0781 0
      vertex 135.765 61.35 0
    endloop
  endfacet
  facet normal 0 0 -1
    outer loop
      vertex 131 53.9985 0
      vertex 135.583 61.0781 0
      vertex 138 0 0
    endloop
  endfacet
  facet normal 0 0 -1
    outer loop
      vertex 135.583 61.0781 0
      vertex 131 53.9985 0
      vertex 135.368 60.8322 0
    endloop
  endfacet
  facet normal 0 0 -1
    outer loop
      vertex 135.368 60.8322 0
      vertex 131 53.9985 0
      vertex 135.122 60.6166 0
    endloop
  endfacet
  facet normal 0 0 -1
    outer loop
      vertex 135.122 60.6166 0
      vertex 131 53.9985 0
      vertex 134.85 60.4349 0
    endloop
  endfacet
  facet normal 0 0 -1
    outer loop
      vertex 134.85 60.4349 0
      vertex 131 53.9985 0
      vertex 134.557 60.2903 0
    endloop
  endfacet
  facet normal 0 0 -1
    outer loop
      vertex 134.557 60.2903 0
      vertex 131 53.9985 0
      vertex 134.247 60.1852 0
    endloop
  endfacet
  facet normal 0 0 -1
    outer loop
      vertex 134.247 60.1852 0
      vertex 131 53.9985 0
      vertex 133.926 60.1214 0
    endloop
  endfacet
  facet normal 0 0 -1
    outer loop
      vertex 133.926 60.1214 0
      vertex 131 53.9985 0
      vertex 133.6 60.1 0
    endloop
  endfacet
  facet normal -0 0 -1
    outer loop
      vertex 133.6 60.1 0
      vertex 131 53.9985 0
      vertex 133.274 60.1214 0
    endloop
  endfacet
  facet normal -0 0 -1
    outer loop
      vertex 133.274 60.1214 0
      vertex 131 53.9985 0
      vertex 132.953 60.1852 0
    endloop
  endfacet
  facet normal -0 0 -1
    outer loop
      vertex 132.953 60.1852 0
      vertex 131 53.9985 0
      vertex 132.643 60.2903 0
    endloop
  endfacet
  facet normal 0 0 -1
    outer loop
      vertex 130.156 54.2851 0
      vertex 132.643 60.2903 0
      vertex 131 53.9985 0
    endloop
  endfacet
  facet normal -0 0 -1
    outer loop
      vertex 132.643 60.2903 0
      vertex 130.156 54.2851 0
      vertex 132.35 60.4349 0
    endloop
  endfacet
  facet normal 0 0 -1
    outer loop
      vertex 129.1 54.8058 0
      vertex 132.35 60.4349 0
      vertex 130.156 54.2851 0
    endloop
  endfacet
  facet normal -0 0 -1
    outer loop
      vertex 132.35 60.4349 0
      vertex 129.1 54.8058 0
      vertex 132.078 60.6166 0
    endloop
  endfacet
  facet normal 0 0 -1
    outer loop
      vertex 128.121 55.4598 0
      vertex 132.078 60.6166 0
      vertex 129.1 54.8058 0
    endloop
  endfacet
  facet normal 0 0 -1
    outer loop
      vertex 127.43 56.0655 0
      vertex 132.078 60.6166 0
      vertex 128.121 55.4598 0
    endloop
  endfacet
  facet normal -0 0 -1
    outer loop
      vertex 132.078 60.6166 0
      vertex 127.43 56.0655 0
      vertex 131.832 60.8322 0
    endloop
  endfacet
  facet normal -0 0 -1
    outer loop
      vertex 131.832 60.8322 0
      vertex 127.43 56.0655 0
      vertex 131.617 61.0781 0
    endloop
  endfacet
  facet normal 0 0 -1
    outer loop
      vertex 131 53.9985 0
      vertex 138 0 0
      vertex 131 7 0
    endloop
  endfacet
  facet normal 0 0 -1
    outer loop
      vertex 138 0 0
      vertex 113.701 7 0
      vertex 131 7 0
    endloop
  endfacet
  facet normal 0 0 -1
    outer loop
      vertex 107.41 5.35671 0
      vertex 113.415 7.84415 0
      vertex 113.701 7 0
    endloop
  endfacet
  facet normal -0 0 -1
    outer loop
      vertex 113.415 7.84415 0
      vertex 107.41 5.35671 0
      vertex 112.894 8.89999 0
    endloop
  endfacet
  facet normal -0 0 -1
    outer loop
      vertex 112.894 8.89999 0
      vertex 107.265 5.65 0
      vertex 112.24 9.87885 0
    endloop
  endfacet
  facet normal 0 0 -1
    outer loop
      vertex 107.083 5.9219 0
      vertex 112.24 9.87885 0
      vertex 107.265 5.65 0
    endloop
  endfacet
  facet normal 0 0 -1
    outer loop
      vertex 106.868 6.16777 0
      vertex 111.464 10.7639 0
      vertex 107.083 5.9219 0
    endloop
  endfacet
  facet normal -0 0 -1
    outer loop
      vertex 111.464 10.7639 0
      vertex 106.868 6.16777 0
      vertex 110.579 11.5402 0
    endloop
  endfacet
  facet normal 0 0 -1
    outer loop
      vertex 107.579 4.72631 0
      vertex 113.701 7 0
      vertex 107.6 4.4 0
    endloop
  endfacet
  facet normal 0 0 -1
    outer loop
      vertex 106.868 2.63223 0
      vertex 113.701 7 0
      vertex 138 0 0
    endloop
  endfacet
  facet normal 0 0 -1
    outer loop
      vertex 113.701 7 0
      vertex 107.579 4.07368 0
      vertex 107.6 4.4 0
    endloop
  endfacet
  facet normal 0 0 -1
    outer loop
      vertex 113.701 7 0
      vertex 107.515 3.75295 0
      vertex 107.579 4.07368 0
    endloop
  endfacet
  facet normal 0 0 -1
    outer loop
      vertex 113.701 7 0
      vertex 107.41 3.44329 0
      vertex 107.515 3.75295 0
    endloop
  endfacet
  facet normal 0 0 -1
    outer loop
      vertex 113.701 7 0
      vertex 107.265 3.15 0
      vertex 107.41 3.44329 0
    endloop
  endfacet
  facet normal 0 0 -1
    outer loop
      vertex 113.701 7 0
      vertex 107.083 2.8781 0
      vertex 107.265 3.15 0
    endloop
  endfacet
  facet normal 0 0 -1
    outer loop
      vertex 113.701 7 0
      vertex 106.868 2.63223 0
      vertex 107.083 2.8781 0
    endloop
  endfacet
  facet normal 0 0 -1
    outer loop
      vertex 138 0 0
      vertex 106.622 2.41662 0
      vertex 106.868 2.63223 0
    endloop
  endfacet
  facet normal 0 0 -1
    outer loop
      vertex 138 0 0
      vertex 106.35 2.23494 0
      vertex 106.622 2.41662 0
    endloop
  endfacet
  facet normal 0 0 -1
    outer loop
      vertex 138 0 0
      vertex 106.057 2.0903 0
      vertex 106.35 2.23494 0
    endloop
  endfacet
  facet normal 0 0 -1
    outer loop
      vertex 138 0 0
      vertex 105.747 1.98518 0
      vertex 106.057 2.0903 0
    endloop
  endfacet
  facet normal 0 0 -1
    outer loop
      vertex 138 0 0
      vertex 105.426 1.92139 0
      vertex 105.747 1.98518 0
    endloop
  endfacet
  facet normal 0 0 -1
    outer loop
      vertex 138 0 0
      vertex 105.1 1.9 0
      vertex 105.426 1.92139 0
    endloop
  endfacet
  facet normal 0 0 -1
    outer loop
      vertex 96.4985 7 0
      vertex 102.6 4.4 0
      vertex 102.621 4.07368 0
    endloop
  endfacet
  facet normal 0 0 -1
    outer loop
      vertex 102.6 4.4 0
      vertex 100.6 12.1942 0
      vertex 101.656 12.7149 0
    endloop
  endfacet
  facet normal 0 0 -1
    outer loop
      vertex 96.4985 7 0
      vertex 102.621 4.07368 0
      vertex 102.685 3.75295 0
    endloop
  endfacet
  facet normal 0 0 -1
    outer loop
      vertex 102.6 4.4 0
      vertex 99.6211 11.5402 0
      vertex 100.6 12.1942 0
    endloop
  endfacet
  facet normal 0 0 -1
    outer loop
      vertex 96.4985 7 0
      vertex 102.685 3.75295 0
      vertex 102.79 3.44329 0
    endloop
  endfacet
  facet normal 0 0 -1
    outer loop
      vertex 102.6 4.4 0
      vertex 98.736 10.7639 0
      vertex 99.6211 11.5402 0
    endloop
  endfacet
  facet normal 0 0 -1
    outer loop
      vertex 96.4985 7 0
      vertex 102.79 3.44329 0
      vertex 102.935 3.15 0
    endloop
  endfacet
  facet normal 0 0 -1
    outer loop
      vertex 102.6 4.4 0
      vertex 97.9598 9.87885 0
      vertex 98.736 10.7639 0
    endloop
  endfacet
  facet normal 0 0 -1
    outer loop
      vertex 96.4985 7 0
      vertex 102.935 3.15 0
      vertex 103.117 2.8781 0
    endloop
  endfacet
  facet normal 0 0 -1
    outer loop
      vertex 102.6 4.4 0
      vertex 97.3058 8.89999 0
      vertex 97.9598 9.87885 0
    endloop
  endfacet
  facet normal 0 0 -1
    outer loop
      vertex 96.4985 7 0
      vertex 103.117 2.8781 0
      vertex 103.332 2.63223 0
    endloop
  endfacet
  facet normal 0 0 -1
    outer loop
      vertex 102.6 4.4 0
      vertex 96.7851 7.84415 0
      vertex 97.3058 8.89999 0
    endloop
  endfacet
  facet normal 0 0 -1
    outer loop
      vertex 96.4985 7 0
      vertex 103.332 2.63223 0
      vertex 103.578 2.41662 0
    endloop
  endfacet
  facet normal 0 0 -1
    outer loop
      vertex 102.6 4.4 0
      vertex 96.4985 7 0
      vertex 96.7851 7.84415 0
    endloop
  endfacet
  facet normal 0 0 -1
    outer loop
      vertex 62.0349 2.1513 0
      vertex 103.578 2.41662 0
      vertex 103.85 2.23494 0
    endloop
  endfacet
  facet normal -0 0 -1
    outer loop
      vertex 103.578 2.41662 0
      vertex 62.2021 2.29792 0
      vertex 96.4985 7 0
    endloop
  endfacet
  facet normal 0 0 -1
    outer loop
      vertex 61.85 2.02776 0
      vertex 103.85 2.23494 0
      vertex 104.143 2.0903 0
    endloop
  endfacet
  facet normal 0 0 -1
    outer loop
      vertex 61.6506 1.9294 0
      vertex 104.143 2.0903 0
      vertex 104.453 1.98518 0
    endloop
  endfacet
  facet normal 0 0 -1
    outer loop
      vertex 61.44 1.85793 0
      vertex 104.453 1.98518 0
      vertex 104.774 1.92139 0
    endloop
  endfacet
  facet normal 0 0 -1
    outer loop
      vertex 62.6855 3.72189 0
      vertex 63.8193 7 0
      vertex 62.7 3.5 0
    endloop
  endfacet
  facet normal 0 0 -1
    outer loop
      vertex 62.6421 3.93999 0
      vertex 63.8193 7 0
      vertex 62.6855 3.72189 0
    endloop
  endfacet
  facet normal 0 0 -1
    outer loop
      vertex 62.5706 4.15056 0
      vertex 63.8193 7 0
      vertex 62.6421 3.93999 0
    endloop
  endfacet
  facet normal -0 0 -1
    outer loop
      vertex 96.4985 7 0
      vertex 62.6855 3.2781 0
      vertex 63.8193 7 0
    endloop
  endfacet
  facet normal 0 0 -1
    outer loop
      vertex 61.2219 1.81454 0
      vertex 104.774 1.92139 0
      vertex 105.1 1.9 0
    endloop
  endfacet
  facet normal 0 0 -1
    outer loop
      vertex 61 1.8 0
      vertex 105.1 1.9 0
      vertex 138 0 0
    endloop
  endfacet
  facet normal 0 0 -1
    outer loop
      vertex 63.8193 7 0
      vertex 62.6855 3.2781 0
      vertex 62.7 3.5 0
    endloop
  endfacet
  facet normal 0 0 -1
    outer loop
      vertex 96.4985 7 0
      vertex 62.6421 3.06001 0
      vertex 62.6855 3.2781 0
    endloop
  endfacet
  facet normal 0 0 -1
    outer loop
      vertex 96.4985 7 0
      vertex 62.5706 2.84944 0
      vertex 62.6421 3.06001 0
    endloop
  endfacet
  facet normal 0 0 -1
    outer loop
      vertex 96.4985 7 0
      vertex 62.4722 2.65 0
      vertex 62.5706 2.84944 0
    endloop
  endfacet
  facet normal 0 0 -1
    outer loop
      vertex 96.4985 7 0
      vertex 62.3487 2.46511 0
      vertex 62.4722 2.65 0
    endloop
  endfacet
  facet normal 0 0 -1
    outer loop
      vertex 96.4985 7 0
      vertex 62.2021 2.29792 0
      vertex 62.3487 2.46511 0
    endloop
  endfacet
  facet normal 0 0 -1
    outer loop
      vertex 103.578 2.41662 0
      vertex 62.0349 2.1513 0
      vertex 62.2021 2.29792 0
    endloop
  endfacet
  facet normal 0 0 -1
    outer loop
      vertex 103.85 2.23494 0
      vertex 61.85 2.02776 0
      vertex 62.0349 2.1513 0
    endloop
  endfacet
  facet normal 0 0 -1
    outer loop
      vertex 104.143 2.0903 0
      vertex 61.6506 1.9294 0
      vertex 61.85 2.02776 0
    endloop
  endfacet
  facet normal 0 0 -1
    outer loop
      vertex 104.453 1.98518 0
      vertex 61.44 1.85793 0
      vertex 61.6506 1.9294 0
    endloop
  endfacet
  facet normal 0 0 -1
    outer loop
      vertex 104.774 1.92139 0
      vertex 61.2219 1.81454 0
      vertex 61.44 1.85793 0
    endloop
  endfacet
  facet normal 0 0 -1
    outer loop
      vertex 105.1 1.9 0
      vertex 61 1.8 0
      vertex 61.2219 1.81454 0
    endloop
  endfacet
  facet normal 0 0 -1
    outer loop
      vertex 60.15 4.97224 0
      vertex 58.75 7.39711 0
      vertex 59.2779 7.65746 0
    endloop
  endfacet
  facet normal 0 0 -1
    outer loop
      vertex 58.1806 7 0
      vertex 59.3 3.5 0
      vertex 59.3145 3.2781 0
    endloop
  endfacet
  facet normal 0 0 -1
    outer loop
      vertex 59.9651 4.8487 0
      vertex 58.2606 7.07008 0
      vertex 58.75 7.39711 0
    endloop
  endfacet
  facet normal 0 0 -1
    outer loop
      vertex 29 7 0
      vertex 59.3145 3.2781 0
      vertex 59.3579 3.06001 0
    endloop
  endfacet
  facet normal 0 0 -1
    outer loop
      vertex 59.9651 4.8487 0
      vertex 58.1806 7 0
      vertex 58.2606 7.07008 0
    endloop
  endfacet
  facet normal 0 0 -1
    outer loop
      vertex 59.3145 3.2781 0
      vertex 29 7 0
      vertex 58.1806 7 0
    endloop
  endfacet
  facet normal 0 0 -1
    outer loop
      vertex 59.4294 2.84944 0
      vertex 29 7 0
      vertex 59.3579 3.06001 0
    endloop
  endfacet
  facet normal 0 0 -1
    outer loop
      vertex 59.5278 2.65 0
      vertex 29 7 0
      vertex 59.4294 2.84944 0
    endloop
  endfacet
  facet normal 0 0 -1
    outer loop
      vertex 59.6513 2.46511 0
      vertex 29 7 0
      vertex 59.5278 2.65 0
    endloop
  endfacet
  facet normal 0 0 -1
    outer loop
      vertex 22 0 0
      vertex 59.6513 2.46511 0
      vertex 59.7979 2.29792 0
    endloop
  endfacet
  facet normal 0 0 -1
    outer loop
      vertex 22 0 0
      vertex 59.7979 2.29792 0
      vertex 59.9651 2.1513 0
    endloop
  endfacet
  facet normal 0 0 -1
    outer loop
      vertex 22 0 0
      vertex 59.9651 2.1513 0
      vertex 60.15 2.02776 0
    endloop
  endfacet
  facet normal 0 0 -1
    outer loop
      vertex 22 0 0
      vertex 60.15 2.02776 0
      vertex 60.3494 1.9294 0
    endloop
  endfacet
  facet normal 0 0 -1
    outer loop
      vertex 22 0 0
      vertex 60.3494 1.9294 0
      vertex 60.56 1.85793 0
    endloop
  endfacet
  facet normal 0 0 -1
    outer loop
      vertex 22 0 0
      vertex 60.56 1.85793 0
      vertex 60.7781 1.81454 0
    endloop
  endfacet
  facet normal 0 0 -1
    outer loop
      vertex 22 0 0
      vertex 61 1.8 0
      vertex 138 0 0
    endloop
  endfacet
  facet normal 0 0 -1
    outer loop
      vertex 22 0 0
      vertex 60.7781 1.81454 0
      vertex 61 1.8 0
    endloop
  endfacet
  facet normal -0 0 -1
    outer loop
      vertex 59.6513 2.46511 0
      vertex 22 0 0
      vertex 29 7 0
    endloop
  endfacet
  facet normal 0 0 -1
    outer loop
      vertex 22 2 0
      vertex 29 7 0
      vertex 22 0 0
    endloop
  endfacet
  facet normal 0 0 -1
    outer loop
      vertex 20.3647 9 0
      vertex 29 7 0
      vertex 22 2 0
    endloop
  endfacet
  facet normal 0 0 -1
    outer loop
      vertex 29 7 0
      vertex 20.3647 9 0
      vertex 29 9 0
    endloop
  endfacet
  facet normal 0 0 -1
    outer loop
      vertex 7.71481 5.55295 0
      vertex 20.3647 9 0
      vertex 22 2 0
    endloop
  endfacet
  facet normal 0 0 -1
    outer loop
      vertex 7.77861 6.52631 0
      vertex 20.3647 9 0
      vertex 7.8 6.2 0
    endloop
  endfacet
  facet normal -0 0 -1
    outer loop
      vertex 20.3647 9 0
      vertex 7.77861 6.52631 0
      vertex 11.4695 12.7345 0
    endloop
  endfacet
  facet normal 0 0 -1
    outer loop
      vertex 7.71481 6.84705 0
      vertex 11.4695 12.7345 0
      vertex 7.77861 6.52631 0
    endloop
  endfacet
  facet normal 0 0 -1
    outer loop
      vertex 7.6097 7.15671 0
      vertex 11.4695 12.7345 0
      vertex 7.71481 6.84705 0
    endloop
  endfacet
  facet normal 0 0 -1
    outer loop
      vertex 20.3647 9 0
      vertex 7.77861 5.87368 0
      vertex 7.8 6.2 0
    endloop
  endfacet
  facet normal 0 0 -1
    outer loop
      vertex 20.3647 9 0
      vertex 7.71481 5.55295 0
      vertex 7.77861 5.87368 0
    endloop
  endfacet
  facet normal 0 0 -1
    outer loop
      vertex 22 2 0
      vertex 7.6097 5.24329 0
      vertex 7.71481 5.55295 0
    endloop
  endfacet
  facet normal 0 0 -1
    outer loop
      vertex 22 2 0
      vertex 7.46506 4.95 0
      vertex 7.6097 5.24329 0
    endloop
  endfacet
  facet normal 0 0 -1
    outer loop
      vertex 22 2 0
      vertex 7.28338 4.6781 0
      vertex 7.46506 4.95 0
    endloop
  endfacet
  facet normal 0 0 -1
    outer loop
      vertex 22 2 0
      vertex 7.06777 4.43223 0
      vertex 7.28338 4.6781 0
    endloop
  endfacet
  facet normal 0 0 -1
    outer loop
      vertex 22 2 0
      vertex 6.8219 4.21662 0
      vertex 7.06777 4.43223 0
    endloop
  endfacet
  facet normal 0 0 -1
    outer loop
      vertex 22 2 0
      vertex 6.55 4.03494 0
      vertex 6.8219 4.21662 0
    endloop
  endfacet
  facet normal 0 0 -1
    outer loop
      vertex 22 2 0
      vertex 6.25671 3.8903 0
      vertex 6.55 4.03494 0
    endloop
  endfacet
  facet normal 0 0 -1
    outer loop
      vertex 22 2 0
      vertex 5.94705 3.78518 0
      vertex 6.25671 3.8903 0
    endloop
  endfacet
  facet normal 0 0 -1
    outer loop
      vertex 22 2 0
      vertex 5.62632 3.72139 0
      vertex 5.94705 3.78518 0
    endloop
  endfacet
  facet normal 0 0 -1
    outer loop
      vertex 0 2 0
      vertex 5.62632 3.72139 0
      vertex 22 2 0
    endloop
  endfacet
  facet normal 0 0 -1
    outer loop
      vertex 5.62632 3.72139 0
      vertex 0 2 0
      vertex 5.3 3.7 0
    endloop
  endfacet
  facet normal -0 0 -1
    outer loop
      vertex 2.82139 5.87368 0
      vertex 0 2 0
      vertex 2.8 6.2 0
    endloop
  endfacet
  facet normal -0 0 -1
    outer loop
      vertex 2.88519 5.55295 0
      vertex 0 2 0
      vertex 2.82139 5.87368 0
    endloop
  endfacet
  facet normal -0 0 -1
    outer loop
      vertex 2.9903 5.24329 0
      vertex 0 2 0
      vertex 2.88519 5.55295 0
    endloop
  endfacet
  facet normal -0 0 -1
    outer loop
      vertex 3.13494 4.95 0
      vertex 0 2 0
      vertex 2.9903 5.24329 0
    endloop
  endfacet
  facet normal -0 0 -1
    outer loop
      vertex 3.31662 4.6781 0
      vertex 0 2 0
      vertex 3.13494 4.95 0
    endloop
  endfacet
  facet normal -0 0 -1
    outer loop
      vertex 3.53223 4.43223 0
      vertex 0 2 0
      vertex 3.31662 4.6781 0
    endloop
  endfacet
  facet normal -0 0 -1
    outer loop
      vertex 3.7781 4.21662 0
      vertex 0 2 0
      vertex 3.53223 4.43223 0
    endloop
  endfacet
  facet normal -0 0 -1
    outer loop
      vertex 4.05 4.03494 0
      vertex 0 2 0
      vertex 3.7781 4.21662 0
    endloop
  endfacet
  facet normal -0 0 -1
    outer loop
      vertex 4.34329 3.8903 0
      vertex 0 2 0
      vertex 4.05 4.03494 0
    endloop
  endfacet
  facet normal -0 0 -1
    outer loop
      vertex 4.65295 3.78518 0
      vertex 0 2 0
      vertex 4.34329 3.8903 0
    endloop
  endfacet
  facet normal -0 0 -1
    outer loop
      vertex 4.97368 3.72139 0
      vertex 0 2 0
      vertex 4.65295 3.78518 0
    endloop
  endfacet
  facet normal -0 0 -1
    outer loop
      vertex 5.3 3.7 0
      vertex 0 2 0
      vertex 4.97368 3.72139 0
    endloop
  endfacet
  facet normal 0 0 -1
    outer loop
      vertex 136.079 62.9263 0
      vertex 138 83 0
      vertex 136.1 62.6 0
    endloop
  endfacet
  facet normal 0 0 -1
    outer loop
      vertex 136.015 63.247 0
      vertex 138 83 0
      vertex 136.079 62.9263 0
    endloop
  endfacet
  facet normal 0 0 -1
    outer loop
      vertex 135.91 63.5567 0
      vertex 138 83 0
      vertex 136.015 63.247 0
    endloop
  endfacet
  facet normal 0 0 -1
    outer loop
      vertex 135.765 63.85 0
      vertex 138 83 0
      vertex 135.91 63.5567 0
    endloop
  endfacet
  facet normal 0 0 -1
    outer loop
      vertex 135.583 64.1219 0
      vertex 138 83 0
      vertex 135.765 63.85 0
    endloop
  endfacet
  facet normal 0 0 -1
    outer loop
      vertex 135.368 64.3678 0
      vertex 138 83 0
      vertex 135.583 64.1219 0
    endloop
  endfacet
  facet normal 0 0 -1
    outer loop
      vertex 135.122 64.5834 0
      vertex 138 83 0
      vertex 135.368 64.3678 0
    endloop
  endfacet
  facet normal 0 0 -1
    outer loop
      vertex 131 71.2015 0
      vertex 135.122 64.5834 0
      vertex 134.85 64.7651 0
    endloop
  endfacet
  facet normal 0 0 -1
    outer loop
      vertex 131 71.2015 0
      vertex 134.85 64.7651 0
      vertex 134.557 64.9097 0
    endloop
  endfacet
  facet normal 0 0 -1
    outer loop
      vertex 131 71.2015 0
      vertex 134.557 64.9097 0
      vertex 134.247 65.0148 0
    endloop
  endfacet
  facet normal 0 0 -1
    outer loop
      vertex 131 71.2015 0
      vertex 134.247 65.0148 0
      vertex 133.926 65.0786 0
    endloop
  endfacet
  facet normal 0 0 -1
    outer loop
      vertex 131 71.2015 0
      vertex 133.926 65.0786 0
      vertex 133.6 65.1 0
    endloop
  endfacet
  facet normal 0 0 -1
    outer loop
      vertex 131 71.2015 0
      vertex 133.6 65.1 0
      vertex 133.274 65.0786 0
    endloop
  endfacet
  facet normal 0 0 -1
    outer loop
      vertex 131 71.2015 0
      vertex 133.274 65.0786 0
      vertex 132.953 65.0148 0
    endloop
  endfacet
  facet normal 0 0 -1
    outer loop
      vertex 131 71.2015 0
      vertex 132.953 65.0148 0
      vertex 132.643 64.9097 0
    endloop
  endfacet
  facet normal 0 0 -1
    outer loop
      vertex 131 71.2015 0
      vertex 132.643 64.9097 0
      vertex 132.35 64.7651 0
    endloop
  endfacet
  facet normal 0 0 -1
    outer loop
      vertex 131 71.2015 0
      vertex 132.35 64.7651 0
      vertex 132.078 64.5834 0
    endloop
  endfacet
  facet normal 0 0 -1
    outer loop
      vertex 131 71.2015 0
      vertex 132.078 64.5834 0
      vertex 131.832 64.3678 0
    endloop
  endfacet
  facet normal 0 0 -1
    outer loop
      vertex 131 71.2015 0
      vertex 131.832 64.3678 0
      vertex 131.617 64.1219 0
    endloop
  endfacet
  facet normal 0 0 -1
    outer loop
      vertex 131 71.2015 0
      vertex 131.617 64.1219 0
      vertex 131.435 63.85 0
    endloop
  endfacet
  facet normal 0 0 -1
    outer loop
      vertex 131 71.2015 0
      vertex 131.435 63.85 0
      vertex 131.29 63.5567 0
    endloop
  endfacet
  facet normal -0 0 -1
    outer loop
      vertex 131.617 61.0781 0
      vertex 127.43 56.0655 0
      vertex 131.435 61.35 0
    endloop
  endfacet
  facet normal -0 0 -1
    outer loop
      vertex 131.435 61.35 0
      vertex 127.43 56.0655 0
      vertex 131.29 61.6433 0
    endloop
  endfacet
  facet normal 0 0 -1
    outer loop
      vertex 131 71.2015 0
      vertex 131.121 62.9263 0
      vertex 131.1 62.6 0
    endloop
  endfacet
  facet normal 0 0 -1
    outer loop
      vertex 131 71.2015 0
      vertex 131.185 63.247 0
      vertex 131.121 62.9263 0
    endloop
  endfacet
  facet normal 0 0 -1
    outer loop
      vertex 131 71.2015 0
      vertex 131.29 63.5567 0
      vertex 131.185 63.247 0
    endloop
  endfacet
  facet normal 0 0 -1
    outer loop
      vertex 135.122 64.5834 0
      vertex 131 71.2015 0
      vertex 138 83 0
    endloop
  endfacet
  facet normal 0 0 -1
    outer loop
      vertex 131 76 0
      vertex 138 83 0
      vertex 131 71.2015 0
    endloop
  endfacet
  facet normal 0 0 -1
    outer loop
      vertex 75.1421 79.94 0
      vertex 131 76 0
      vertex 76.3194 76 0
    endloop
  endfacet
  facet normal 0 0 -1
    outer loop
      vertex 75.1855 79.2781 0
      vertex 76.2394 75.9299 0
      vertex 75.75 75.6029 0
    endloop
  endfacet
  facet normal 0 0 -1
    outer loop
      vertex 74.35 78.0278 0
      vertex 75.75 75.6029 0
      vertex 75.2221 75.3425 0
    endloop
  endfacet
  facet normal 0 0 -1
    outer loop
      vertex 75.1855 79.2781 0
      vertex 76.3194 76 0
      vertex 76.2394 75.9299 0
    endloop
  endfacet
  facet normal 0 0 -1
    outer loop
      vertex 75.1855 79.7219 0
      vertex 76.3194 76 0
      vertex 75.2 79.5 0
    endloop
  endfacet
  facet normal 0 0 -1
    outer loop
      vertex 75.1421 79.94 0
      vertex 76.3194 76 0
      vertex 75.1855 79.7219 0
    endloop
  endfacet
  facet normal 0 0 -1
    outer loop
      vertex 75.0706 80.1506 0
      vertex 131 76 0
      vertex 75.1421 79.94 0
    endloop
  endfacet
  facet normal 0 0 -1
    outer loop
      vertex 74.9722 80.35 0
      vertex 131 76 0
      vertex 75.0706 80.1506 0
    endloop
  endfacet
  facet normal 0 0 -1
    outer loop
      vertex 74.8487 80.5349 0
      vertex 131 76 0
      vertex 74.9722 80.35 0
    endloop
  endfacet
  facet normal 0 0 -1
    outer loop
      vertex 74.7021 80.7021 0
      vertex 131 76 0
      vertex 74.8487 80.5349 0
    endloop
  endfacet
  facet normal 0 0 -1
    outer loop
      vertex 131 76 0
      vertex 74.7021 80.7021 0
      vertex 138 83 0
    endloop
  endfacet
  facet normal 0 0 -1
    outer loop
      vertex 74.5349 80.8487 0
      vertex 138 83 0
      vertex 74.7021 80.7021 0
    endloop
  endfacet
  facet normal 0 0 -1
    outer loop
      vertex 74.35 80.9722 0
      vertex 138 83 0
      vertex 74.5349 80.8487 0
    endloop
  endfacet
  facet normal 0 0 -1
    outer loop
      vertex 74.1506 81.0706 0
      vertex 138 83 0
      vertex 74.35 80.9722 0
    endloop
  endfacet
  facet normal 0 0 -1
    outer loop
      vertex 73.94 81.1421 0
      vertex 138 83 0
      vertex 74.1506 81.0706 0
    endloop
  endfacet
  facet normal 0 0 -1
    outer loop
      vertex 73.7219 81.1855 0
      vertex 138 83 0
      vertex 73.94 81.1421 0
    endloop
  endfacet
  facet normal 0 0 -1
    outer loop
      vertex 60 83 0
      vertex 73.7219 81.1855 0
      vertex 73.5 81.2 0
    endloop
  endfacet
  facet normal -0 0 -1
    outer loop
      vertex 71.9294 78.8494 0
      vertex 70.6806 76 0
      vertex 71.8579 79.06 0
    endloop
  endfacet
  facet normal -0 0 -1
    outer loop
      vertex 71.8579 79.06 0
      vertex 70.6806 76 0
      vertex 71.8145 79.2781 0
    endloop
  endfacet
  facet normal -0 0 -1
    outer loop
      vertex 71.8145 79.2781 0
      vertex 70.6806 76 0
      vertex 71.8 79.5 0
    endloop
  endfacet
  facet normal 0 0 -1
    outer loop
      vertex 60 83 0
      vertex 71.8 79.5 0
      vertex 70.6806 76 0
    endloop
  endfacet
  facet normal 0 0 -1
    outer loop
      vertex 71.8 79.5 0
      vertex 60 83 0
      vertex 71.8145 79.7219 0
    endloop
  endfacet
  facet normal 0 0 -1
    outer loop
      vertex 73.7219 81.1855 0
      vertex 60 83 0
      vertex 138 83 0
    endloop
  endfacet
  facet normal 0 0 -1
    outer loop
      vertex 73.2781 81.1855 0
      vertex 60 83 0
      vertex 73.5 81.2 0
    endloop
  endfacet
  facet normal 0 0 -1
    outer loop
      vertex 73.06 81.1421 0
      vertex 60 83 0
      vertex 73.2781 81.1855 0
    endloop
  endfacet
  facet normal 0 0 -1
    outer loop
      vertex 72.8494 81.0706 0
      vertex 60 83 0
      vertex 73.06 81.1421 0
    endloop
  endfacet
  facet normal 0 0 -1
    outer loop
      vertex 72.65 80.9722 0
      vertex 60 83 0
      vertex 72.8494 81.0706 0
    endloop
  endfacet
  facet normal 0 0 -1
    outer loop
      vertex 72.4651 80.8487 0
      vertex 60 83 0
      vertex 72.65 80.9722 0
    endloop
  endfacet
  facet normal 0 0 -1
    outer loop
      vertex 72.2979 80.7021 0
      vertex 60 83 0
      vertex 72.4651 80.8487 0
    endloop
  endfacet
  facet normal 0 0 -1
    outer loop
      vertex 72.1513 80.5349 0
      vertex 60 83 0
      vertex 72.2979 80.7021 0
    endloop
  endfacet
  facet normal 0 0 -1
    outer loop
      vertex 72.0278 80.35 0
      vertex 60 83 0
      vertex 72.1513 80.5349 0
    endloop
  endfacet
  facet normal 0 0 -1
    outer loop
      vertex 71.9294 80.1506 0
      vertex 60 83 0
      vertex 72.0278 80.35 0
    endloop
  endfacet
  facet normal 0 0 -1
    outer loop
      vertex 71.8579 79.94 0
      vertex 60 83 0
      vertex 71.9294 80.1506 0
    endloop
  endfacet
  facet normal 0 0 -1
    outer loop
      vertex 71.8145 79.7219 0
      vertex 60 83 0
      vertex 71.8579 79.94 0
    endloop
  endfacet
  facet normal 0 0 -1
    outer loop
      vertex 51.8 82.4 0
      vertex 60 83 0
      vertex 51.8 80.8 0
    endloop
  endfacet
  facet normal 0 0 -1
    outer loop
      vertex 70.6806 76 0
      vertex 51.8 80.8 0
      vertex 60 83 0
    endloop
  endfacet
  facet normal 0 0 -1
    outer loop
      vertex 70.6806 76 0
      vertex 48.2 80.8 0
      vertex 51.8 80.8 0
    endloop
  endfacet
  facet normal 0 0 -1
    outer loop
      vertex 29 76 0
      vertex 48.2 82.4 0
      vertex 48.2 80.8 0
    endloop
  endfacet
  facet normal 0 0 -1
    outer loop
      vertex 48.2 82.4 0
      vertex 37.2961 105.457 0
      vertex 48.2 105.6 0
    endloop
  endfacet
  facet normal 0 -0 -1
    outer loop
      vertex 38.6526 106.24 0
      vertex 48.2 105.6 0
      vertex 38 105.804 0
    endloop
  endfacet
  facet normal 0 0 -1
    outer loop
      vertex 48.2 105.6 0
      vertex 40.1962 108 0
      vertex 48.2 107.2 0
    endloop
  endfacet
  facet normal 0 -0 -1
    outer loop
      vertex 40.1962 108 0
      vertex 48.2 105.6 0
      vertex 39.7601 107.347 0
    endloop
  endfacet
  facet normal 0 -0 -1
    outer loop
      vertex 39.7601 107.347 0
      vertex 48.2 105.6 0
      vertex 39.2426 106.757 0
    endloop
  endfacet
  facet normal 0 -0 -1
    outer loop
      vertex 39.2426 106.757 0
      vertex 48.2 105.6 0
      vertex 38.6526 106.24 0
    endloop
  endfacet
  facet normal -0 0 -1
    outer loop
      vertex 48.2 105.6 0
      vertex 37.2961 105.457 0
      vertex 38 105.804 0
    endloop
  endfacet
  facet normal 0 0 -1
    outer loop
      vertex 48.2 82.4 0
      vertex 36.5529 105.204 0
      vertex 37.2961 105.457 0
    endloop
  endfacet
  facet normal 0 0 -1
    outer loop
      vertex 48.2 82.4 0
      vertex 35.7831 105.051 0
      vertex 36.5529 105.204 0
    endloop
  endfacet
  facet normal 0 -0 -1
    outer loop
      vertex 35 105 0
      vertex 48.2 82.4 0
      vertex 23.8 82.4 0
    endloop
  endfacet
  facet normal 0 0 -1
    outer loop
      vertex 48.2 82.4 0
      vertex 35 105 0
      vertex 35.7831 105.051 0
    endloop
  endfacet
  facet normal -0 0 -1
    outer loop
      vertex 35 105 0
      vertex 23.8 82.4 0
      vertex 34.2168 105.051 0
    endloop
  endfacet
  facet normal -0 0 -1
    outer loop
      vertex 34.2168 105.051 0
      vertex 23.8 82.4 0
      vertex 33.4471 105.204 0
    endloop
  endfacet
  facet normal -0 0 -1
    outer loop
      vertex 33.4471 105.204 0
      vertex 23.8 82.4 0
      vertex 32.7039 105.457 0
    endloop
  endfacet
  facet normal 0 0 -1
    outer loop
      vertex 23.8 105.6 0
      vertex 32.7039 105.457 0
      vertex 23.8 82.4 0
    endloop
  endfacet
  facet normal 0 0 -1
    outer loop
      vertex 32.7039 105.457 0
      vertex 23.8 105.6 0
      vertex 32 105.804 0
    endloop
  endfacet
  facet normal -0 0 -1
    outer loop
      vertex 32 105.804 0
      vertex 23.8 105.6 0
      vertex 31.3474 106.24 0
    endloop
  endfacet
  facet normal 0 0 -1
    outer loop
      vertex 29 76 0
      vertex 48.2 80.8 0
      vertex 70.6806 76 0
    endloop
  endfacet
  facet normal -0 0 -1
    outer loop
      vertex 48.2 82.4 0
      vertex 29 76 0
      vertex 23.8 82.4 0
    endloop
  endfacet
  facet normal -0 0 -1
    outer loop
      vertex 31.3474 106.24 0
      vertex 23.8 105.6 0
      vertex 30.7574 106.757 0
    endloop
  endfacet
  facet normal 0 0 -1
    outer loop
      vertex 23.8 82.4 0
      vertex 29 76 0
      vertex 23.8 80.8 0
    endloop
  endfacet
  facet normal -0 0 -1
    outer loop
      vertex 30.7574 106.757 0
      vertex 23.8 105.6 0
      vertex 30.2399 107.347 0
    endloop
  endfacet
  facet normal -0 0 -1
    outer loop
      vertex 30.2399 107.347 0
      vertex 23.8 105.6 0
      vertex 29.8038 108 0
    endloop
  endfacet
  facet normal 0 0 -1
    outer loop
      vertex 23.8 107.2 0
      vertex 29.8038 108 0
      vertex 23.8 105.6 0
    endloop
  endfacet
  facet normal 0 0 -1
    outer loop
      vertex 15 108 0
      vertex 23.8 107.2 0
      vertex 20.2 107.2 0
    endloop
  endfacet
  facet normal 0 0 -1
    outer loop
      vertex 23.8 107.2 0
      vertex 15 108 0
      vertex 29.8038 108 0
    endloop
  endfacet
  facet normal 0 0 -1
    outer loop
      vertex 20.2 105.6 0
      vertex 15 108 0
      vertex 20.2 107.2 0
    endloop
  endfacet
  facet normal 0 0 -1
    outer loop
      vertex 131.1 62.6 0
      vertex 124.6 62.6 0
      vertex 124.677 63.7747 0
    endloop
  endfacet
  facet normal 0 0 -1
    outer loop
      vertex 107.515 5.04705 0
      vertex 113.701 7 0
      vertex 107.579 4.72631 0
    endloop
  endfacet
  facet normal 0 0 -1
    outer loop
      vertex 107.41 5.35671 0
      vertex 113.701 7 0
      vertex 107.515 5.04705 0
    endloop
  endfacet
  facet normal 0 0 -1
    outer loop
      vertex 112.894 8.89999 0
      vertex 107.41 5.35671 0
      vertex 107.265 5.65 0
    endloop
  endfacet
  facet normal -0 0 -1
    outer loop
      vertex 112.24 9.87885 0
      vertex 107.083 5.9219 0
      vertex 111.464 10.7639 0
    endloop
  endfacet
  facet normal 0 0 -1
    outer loop
      vertex 106.622 6.38338 0
      vertex 110.579 11.5402 0
      vertex 106.868 6.16777 0
    endloop
  endfacet
  facet normal -0 0 -1
    outer loop
      vertex 110.579 11.5402 0
      vertex 106.622 6.38338 0
      vertex 109.6 12.1942 0
    endloop
  endfacet
  facet normal 0 0 -1
    outer loop
      vertex 106.35 6.56506 0
      vertex 109.6 12.1942 0
      vertex 106.622 6.38338 0
    endloop
  endfacet
  facet normal -0 0 -1
    outer loop
      vertex 109.6 12.1942 0
      vertex 106.35 6.56506 0
      vertex 108.544 12.7149 0
    endloop
  endfacet
  facet normal 0 0 -1
    outer loop
      vertex 106.057 6.7097 0
      vertex 108.544 12.7149 0
      vertex 106.35 6.56506 0
    endloop
  endfacet
  facet normal -0 0 -1
    outer loop
      vertex 108.544 12.7149 0
      vertex 106.057 6.7097 0
      vertex 107.429 13.0933 0
    endloop
  endfacet
  facet normal 0 0 -1
    outer loop
      vertex 105.747 6.81481 0
      vertex 107.429 13.0933 0
      vertex 106.057 6.7097 0
    endloop
  endfacet
  facet normal -0 0 -1
    outer loop
      vertex 107.429 13.0933 0
      vertex 105.747 6.81481 0
      vertex 106.275 13.323 0
    endloop
  endfacet
  facet normal 0 0 -1
    outer loop
      vertex 105.426 6.87861 0
      vertex 106.275 13.323 0
      vertex 105.747 6.81481 0
    endloop
  endfacet
  facet normal 0 0 -1
    outer loop
      vertex 105.1 6.9 0
      vertex 106.275 13.323 0
      vertex 105.426 6.87861 0
    endloop
  endfacet
  facet normal 0 0 -1
    outer loop
      vertex 105.1 6.9 0
      vertex 105.1 13.4 0
      vertex 106.275 13.323 0
    endloop
  endfacet
  facet normal 0 0 -1
    outer loop
      vertex 104.774 6.87861 0
      vertex 105.1 13.4 0
      vertex 105.1 6.9 0
    endloop
  endfacet
  facet normal 0 0 -1
    outer loop
      vertex 103.925 13.323 0
      vertex 104.774 6.87861 0
      vertex 104.453 6.81481 0
    endloop
  endfacet
  facet normal 0 0 -1
    outer loop
      vertex 102.771 13.0933 0
      vertex 104.453 6.81481 0
      vertex 104.143 6.7097 0
    endloop
  endfacet
  facet normal 0 0 -1
    outer loop
      vertex 104.774 6.87861 0
      vertex 103.925 13.323 0
      vertex 105.1 13.4 0
    endloop
  endfacet
  facet normal 0 0 -1
    outer loop
      vertex 101.656 12.7149 0
      vertex 104.143 6.7097 0
      vertex 103.85 6.56506 0
    endloop
  endfacet
  facet normal 0 0 -1
    outer loop
      vertex 101.656 12.7149 0
      vertex 103.85 6.56506 0
      vertex 103.578 6.38338 0
    endloop
  endfacet
  facet normal 0 0 -1
    outer loop
      vertex 101.656 12.7149 0
      vertex 103.578 6.38338 0
      vertex 103.332 6.16777 0
    endloop
  endfacet
  facet normal 0 0 -1
    outer loop
      vertex 101.656 12.7149 0
      vertex 103.332 6.16777 0
      vertex 103.117 5.9219 0
    endloop
  endfacet
  facet normal 0 0 -1
    outer loop
      vertex 101.656 12.7149 0
      vertex 103.117 5.9219 0
      vertex 102.935 5.65 0
    endloop
  endfacet
  facet normal 0 0 -1
    outer loop
      vertex 101.656 12.7149 0
      vertex 102.935 5.65 0
      vertex 102.79 5.35671 0
    endloop
  endfacet
  facet normal 0 0 -1
    outer loop
      vertex 104.453 6.81481 0
      vertex 102.771 13.0933 0
      vertex 103.925 13.323 0
    endloop
  endfacet
  facet normal 0 0 -1
    outer loop
      vertex 101.656 12.7149 0
      vertex 102.79 5.35671 0
      vertex 102.685 5.04705 0
    endloop
  endfacet
  facet normal 0 0 -1
    outer loop
      vertex 101.656 12.7149 0
      vertex 102.685 5.04705 0
      vertex 102.621 4.72631 0
    endloop
  endfacet
  facet normal 0 0 -1
    outer loop
      vertex 101.656 12.7149 0
      vertex 102.621 4.72631 0
      vertex 102.6 4.4 0
    endloop
  endfacet
  facet normal 0 0 -1
    outer loop
      vertex 104.143 6.7097 0
      vertex 101.656 12.7149 0
      vertex 102.771 13.0933 0
    endloop
  endfacet
  facet normal 0 0 1
    outer loop
      vertex 20.2 80.8 3
      vertex 14.628 78.2754 3
      vertex 14.705 77.1 3
    endloop
  endfacet
  facet normal 0 0 1
    outer loop
      vertex 15 81 3
      vertex 14.3982 79.4307 3
      vertex 14.628 78.2754 3
    endloop
  endfacet
  facet normal 0 0 1
    outer loop
      vertex 15 81 3
      vertex 14.0195 80.5461 3
      vertex 14.3982 79.4307 3
    endloop
  endfacet
  facet normal 0 -0 1
    outer loop
      vertex 14.0195 80.5461 3
      vertex 15 81 3
      vertex 13.7957 81 3
    endloop
  endfacet
  facet normal -0 0 1
    outer loop
      vertex 20.2 105.6 3
      vertex 23.8 82.4 3
      vertex 23.8 105.6 3
    endloop
  endfacet
  facet normal 0 0 1
    outer loop
      vertex 23.8 82.4 3
      vertex 20.2 105.6 3
      vertex 20.2 82.4 3
    endloop
  endfacet
  facet normal 0 0 1
    outer loop
      vertex 48.2 82.4 3
      vertex 23.8 82.4 3
      vertex 29 76 3
    endloop
  endfacet
  facet normal -0 0 1
    outer loop
      vertex 23.8 80.8 3
      vertex 29 76 3
      vertex 23.8 82.4 3
    endloop
  endfacet
  facet normal 0 0 1
    outer loop
      vertex 29 76 3
      vertex 23.8 80.8 3
      vertex 29 74 3
    endloop
  endfacet
  facet normal -0 0 1
    outer loop
      vertex 20.2 80.8 3
      vertex 29 74 3
      vertex 23.8 80.8 3
    endloop
  endfacet
  facet normal 0 0 1
    outer loop
      vertex 20.2 82.4 3
      vertex 15 81 3
      vertex 20.2 80.8 3
    endloop
  endfacet
  facet normal 0 0 1
    outer loop
      vertex 14.628 78.2754 3
      vertex 20.2 80.8 3
      vertex 15 81 3
    endloop
  endfacet
  facet normal 0 0 1
    outer loop
      vertex 14.628 75.9246 3
      vertex 20.2 80.8 3
      vertex 14.705 77.1 3
    endloop
  endfacet
  facet normal 0 0 1
    outer loop
      vertex 14.3982 74.7693 3
      vertex 20.2 80.8 3
      vertex 14.628 75.9246 3
    endloop
  endfacet
  facet normal 0 0 1
    outer loop
      vertex 20.2 80.8 3
      vertex 14.3982 74.7693 3
      vertex 29 74 3
    endloop
  endfacet
  facet normal 0 0 1
    outer loop
      vertex 29 74 3
      vertex 14.3982 74.7693 3
      vertex 14.137 74 3
    endloop
  endfacet
  facet normal -0 0 1
    outer loop
      vertex 48.2 105.6 3
      vertex 51.8 82.4 3
      vertex 51.8 105.6 3
    endloop
  endfacet
  facet normal 0 0 1
    outer loop
      vertex 51.8 82.4 3
      vertex 48.2 105.6 3
      vertex 48.2 82.4 3
    endloop
  endfacet
  facet normal 0 0 1
    outer loop
      vertex 51.8 105.6 3
      vertex 60 108 3
      vertex 51.8 107.2 3
    endloop
  endfacet
  facet normal 0 0 1
    outer loop
      vertex 60 108 3
      vertex 48.2 107.2 3
      vertex 51.8 107.2 3
    endloop
  endfacet
  facet normal 0 0 1
    outer loop
      vertex 40.1962 108 3
      vertex 48.2 105.6 3
      vertex 48.2 107.2 3
    endloop
  endfacet
  facet normal 0 0 1
    outer loop
      vertex 37.2961 105.457 3
      vertex 48.2 105.6 3
      vertex 38 105.804 3
    endloop
  endfacet
  facet normal 0 0 1
    outer loop
      vertex 48.2 105.6 3
      vertex 40.1962 108 3
      vertex 39.7601 107.347 3
    endloop
  endfacet
  facet normal -0 0 1
    outer loop
      vertex 40.1962 108 3
      vertex 48.2 107.2 3
      vertex 60 108 3
    endloop
  endfacet
  facet normal 0 0 1
    outer loop
      vertex 138 83 3
      vertex 137.046 70.9195 3
      vertex 138 70.4491 3
    endloop
  endfacet
  facet normal 0 0 1
    outer loop
      vertex 138 83 3
      vertex 135.931 71.2982 3
      vertex 137.046 70.9195 3
    endloop
  endfacet
  facet normal -0 0 1
    outer loop
      vertex 131 76 3
      vertex 135.931 71.2982 3
      vertex 138 83 3
    endloop
  endfacet
  facet normal 0 0 1
    outer loop
      vertex 135.931 71.2982 3
      vertex 131 76 3
      vertex 134.775 71.528 3
    endloop
  endfacet
  facet normal 0 0 1
    outer loop
      vertex 134.775 71.528 3
      vertex 131 76 3
      vertex 133.6 71.605 3
    endloop
  endfacet
  facet normal 0 0 1
    outer loop
      vertex 133.6 71.605 3
      vertex 131 76 3
      vertex 132.425 71.528 3
    endloop
  endfacet
  facet normal 0 0 1
    outer loop
      vertex 132.425 71.528 3
      vertex 131 76 3
      vertex 131.269 71.2982 3
    endloop
  endfacet
  facet normal -0 0 1
    outer loop
      vertex 74.7021 80.7021 3
      vertex 131 76 3
      vertex 138 83 3
    endloop
  endfacet
  facet normal 0 0 1
    outer loop
      vertex 74.5349 78.1513 3
      vertex 76.2394 75.9299 3
      vertex 76.3194 76 3
    endloop
  endfacet
  facet normal 0 0 1
    outer loop
      vertex 76.2394 75.9299 3
      vertex 74.5349 78.1513 3
      vertex 75.75 75.6029 3
    endloop
  endfacet
  facet normal -0 0 1
    outer loop
      vertex 75.1855 79.2781 3
      vertex 76.3194 76 3
      vertex 75.2 79.5 3
    endloop
  endfacet
  facet normal 0 0 1
    outer loop
      vertex 131 76 3
      vertex 75.1421 79.94 3
      vertex 76.3194 76 3
    endloop
  endfacet
  facet normal 0 0 1
    outer loop
      vertex 76.3194 76 3
      vertex 75.1855 79.7219 3
      vertex 75.2 79.5 3
    endloop
  endfacet
  facet normal 0 0 1
    outer loop
      vertex 76.3194 76 3
      vertex 75.1421 79.94 3
      vertex 75.1855 79.7219 3
    endloop
  endfacet
  facet normal 0 0 1
    outer loop
      vertex 131 76 3
      vertex 75.0706 80.1506 3
      vertex 75.1421 79.94 3
    endloop
  endfacet
  facet normal 0 0 1
    outer loop
      vertex 131 76 3
      vertex 74.9722 80.35 3
      vertex 75.0706 80.1506 3
    endloop
  endfacet
  facet normal 0 0 1
    outer loop
      vertex 131 76 3
      vertex 74.8487 80.5349 3
      vertex 74.9722 80.35 3
    endloop
  endfacet
  facet normal 0 0 1
    outer loop
      vertex 131 76 3
      vertex 74.7021 80.7021 3
      vertex 74.8487 80.5349 3
    endloop
  endfacet
  facet normal 0 0 1
    outer loop
      vertex 138 83 3
      vertex 74.5349 80.8487 3
      vertex 74.7021 80.7021 3
    endloop
  endfacet
  facet normal 0 0 1
    outer loop
      vertex 138 83 3
      vertex 74.35 80.9722 3
      vertex 74.5349 80.8487 3
    endloop
  endfacet
  facet normal 0 0 1
    outer loop
      vertex 138 83 3
      vertex 74.1506 81.0706 3
      vertex 74.35 80.9722 3
    endloop
  endfacet
  facet normal 0 0 1
    outer loop
      vertex 138 83 3
      vertex 73.94 81.1421 3
      vertex 74.1506 81.0706 3
    endloop
  endfacet
  facet normal 0 0 1
    outer loop
      vertex 138 83 3
      vertex 73.7219 81.1855 3
      vertex 73.94 81.1421 3
    endloop
  endfacet
  facet normal -0 0 1
    outer loop
      vertex 60 83 3
      vertex 73.7219 81.1855 3
      vertex 138 83 3
    endloop
  endfacet
  facet normal 0 0 1
    outer loop
      vertex 72.65 78.0278 3
      vertex 71.25 75.6029 3
      vertex 71.7779 75.3425 3
    endloop
  endfacet
  facet normal 0 0 1
    outer loop
      vertex 60 83 3
      vertex 71.8 79.5 3
      vertex 71.8145 79.7219 3
    endloop
  endfacet
  facet normal 0 0 1
    outer loop
      vertex 71.8145 79.2781 3
      vertex 70.7606 75.9299 3
      vertex 71.25 75.6029 3
    endloop
  endfacet
  facet normal 0 0 1
    outer loop
      vertex 60 83 3
      vertex 71.8145 79.7219 3
      vertex 71.8579 79.94 3
    endloop
  endfacet
  facet normal 0 0 1
    outer loop
      vertex 71.8145 79.2781 3
      vertex 70.6806 76 3
      vertex 70.7606 75.9299 3
    endloop
  endfacet
  facet normal 0 0 1
    outer loop
      vertex 73.7219 81.1855 3
      vertex 60 83 3
      vertex 73.5 81.2 3
    endloop
  endfacet
  facet normal 0 0 1
    outer loop
      vertex 60 83 3
      vertex 73.2781 81.1855 3
      vertex 73.5 81.2 3
    endloop
  endfacet
  facet normal 0 0 1
    outer loop
      vertex 60 83 3
      vertex 73.06 81.1421 3
      vertex 73.2781 81.1855 3
    endloop
  endfacet
  facet normal 0 0 1
    outer loop
      vertex 60 83 3
      vertex 72.8494 81.0706 3
      vertex 73.06 81.1421 3
    endloop
  endfacet
  facet normal 0 0 1
    outer loop
      vertex 60 83 3
      vertex 72.65 80.9722 3
      vertex 72.8494 81.0706 3
    endloop
  endfacet
  facet normal 0 0 1
    outer loop
      vertex 60 83 3
      vertex 72.4651 80.8487 3
      vertex 72.65 80.9722 3
    endloop
  endfacet
  facet normal 0 0 1
    outer loop
      vertex 60 83 3
      vertex 72.2979 80.7021 3
      vertex 72.4651 80.8487 3
    endloop
  endfacet
  facet normal 0 0 1
    outer loop
      vertex 60 83 3
      vertex 72.1513 80.5349 3
      vertex 72.2979 80.7021 3
    endloop
  endfacet
  facet normal 0 0 1
    outer loop
      vertex 60 83 3
      vertex 72.0278 80.35 3
      vertex 72.1513 80.5349 3
    endloop
  endfacet
  facet normal 0 0 1
    outer loop
      vertex 60 83 3
      vertex 71.9294 80.1506 3
      vertex 72.0278 80.35 3
    endloop
  endfacet
  facet normal 0 0 1
    outer loop
      vertex 60 83 3
      vertex 71.8579 79.94 3
      vertex 71.9294 80.1506 3
    endloop
  endfacet
  facet normal 0 0 1
    outer loop
      vertex 71.8 79.5 3
      vertex 60 83 3
      vertex 70.6806 76 3
    endloop
  endfacet
  facet normal 0 0 1
    outer loop
      vertex 60 108 3
      vertex 51.8 105.6 3
      vertex 60 83 3
    endloop
  endfacet
  facet normal 0 0 1
    outer loop
      vertex 51.8 82.4 3
      vertex 60 83 3
      vertex 51.8 105.6 3
    endloop
  endfacet
  facet normal 0 0 1
    outer loop
      vertex 51.8 80.8 3
      vertex 60 83 3
      vertex 51.8 82.4 3
    endloop
  endfacet
  facet normal 0 0 1
    outer loop
      vertex 60 83 3
      vertex 51.8 80.8 3
      vertex 70.6806 76 3
    endloop
  endfacet
  facet normal -0 0 1
    outer loop
      vertex 48.2 80.8 3
      vertex 70.6806 76 3
      vertex 51.8 80.8 3
    endloop
  endfacet
  facet normal 0 0 1
    outer loop
      vertex 48.2 105.6 3
      vertex 39.7601 107.347 3
      vertex 39.2426 106.757 3
    endloop
  endfacet
  facet normal 0 0 1
    outer loop
      vertex 48.2 105.6 3
      vertex 39.2426 106.757 3
      vertex 38.6526 106.24 3
    endloop
  endfacet
  facet normal 0 0 1
    outer loop
      vertex 48.2 105.6 3
      vertex 38.6526 106.24 3
      vertex 38 105.804 3
    endloop
  endfacet
  facet normal 0 0 1
    outer loop
      vertex 48.2 105.6 3
      vertex 37.2961 105.457 3
      vertex 48.2 82.4 3
    endloop
  endfacet
  facet normal -0 0 1
    outer loop
      vertex 36.5529 105.204 3
      vertex 48.2 82.4 3
      vertex 37.2961 105.457 3
    endloop
  endfacet
  facet normal -0 0 1
    outer loop
      vertex 35.7831 105.051 3
      vertex 48.2 82.4 3
      vertex 36.5529 105.204 3
    endloop
  endfacet
  facet normal -0 0 1
    outer loop
      vertex 35 105 3
      vertex 48.2 82.4 3
      vertex 35.7831 105.051 3
    endloop
  endfacet
  facet normal 0 0 1
    outer loop
      vertex 23.8 82.4 3
      vertex 48.2 82.4 3
      vertex 35 105 3
    endloop
  endfacet
  facet normal 0 0 1
    outer loop
      vertex 23.8 82.4 3
      vertex 35 105 3
      vertex 34.2168 105.051 3
    endloop
  endfacet
  facet normal 0 0 1
    outer loop
      vertex 23.8 82.4 3
      vertex 34.2168 105.051 3
      vertex 33.4471 105.204 3
    endloop
  endfacet
  facet normal 0 0 1
    outer loop
      vertex 23.8 82.4 3
      vertex 33.4471 105.204 3
      vertex 32.7039 105.457 3
    endloop
  endfacet
  facet normal -0 0 1
    outer loop
      vertex 23.8 105.6 3
      vertex 32.7039 105.457 3
      vertex 32 105.804 3
    endloop
  endfacet
  facet normal 0 0 1
    outer loop
      vertex 30.7574 106.757 3
      vertex 23.8 105.6 3
      vertex 31.3474 106.24 3
    endloop
  endfacet
  facet normal 0 0 1
    outer loop
      vertex 30.2399 107.347 3
      vertex 23.8 105.6 3
      vertex 30.7574 106.757 3
    endloop
  endfacet
  facet normal 0 0 1
    outer loop
      vertex 29.8038 108 3
      vertex 23.8 105.6 3
      vertex 30.2399 107.347 3
    endloop
  endfacet
  facet normal 0 0 1
    outer loop
      vertex 48.2 80.8 3
      vertex 29 76 3
      vertex 70.6806 76 3
    endloop
  endfacet
  facet normal 0 0 1
    outer loop
      vertex 48.2 82.4 3
      vertex 29 76 3
      vertex 48.2 80.8 3
    endloop
  endfacet
  facet normal 0 0 1
    outer loop
      vertex 23.8 105.6 3
      vertex 29.8038 108 3
      vertex 23.8 107.2 3
    endloop
  endfacet
  facet normal 0 0 1
    outer loop
      vertex 23.8 82.4 3
      vertex 32.7039 105.457 3
      vertex 23.8 105.6 3
    endloop
  endfacet
  facet normal 0 0 1
    outer loop
      vertex 31.3474 106.24 3
      vertex 23.8 105.6 3
      vertex 32 105.804 3
    endloop
  endfacet
  facet normal -0 0 1
    outer loop
      vertex 15 108 3
      vertex 23.8 107.2 3
      vertex 29.8038 108 3
    endloop
  endfacet
  facet normal 0 0 1
    outer loop
      vertex 15 108 3
      vertex 20.2 105.6 3
      vertex 20.2 107.2 3
    endloop
  endfacet
  facet normal 0 0 1
    outer loop
      vertex 15 81 3
      vertex 20.2 105.6 3
      vertex 15 108 3
    endloop
  endfacet
  facet normal 0 0 1
    outer loop
      vertex 20.2 105.6 3
      vertex 15 81 3
      vertex 20.2 82.4 3
    endloop
  endfacet
  facet normal 0 0 1
    outer loop
      vertex 23.8 107.2 3
      vertex 15 108 3
      vertex 20.2 107.2 3
    endloop
  endfacet
  facet normal 0 0 1
    outer loop
      vertex 131.269 71.2982 3
      vertex 131 76 3
      vertex 131 71.2067 3
    endloop
  endfacet
  facet normal -0 0 1
    outer loop
      vertex 75.1421 79.06 3
      vertex 76.3194 76 3
      vertex 75.1855 79.2781 3
    endloop
  endfacet
  facet normal -0 0 1
    outer loop
      vertex 75.0706 78.8494 3
      vertex 76.3194 76 3
      vertex 75.1421 79.06 3
    endloop
  endfacet
  facet normal -0 0 1
    outer loop
      vertex 74.9722 78.65 3
      vertex 76.3194 76 3
      vertex 75.0706 78.8494 3
    endloop
  endfacet
  facet normal -0 0 1
    outer loop
      vertex 74.8487 78.4651 3
      vertex 76.3194 76 3
      vertex 74.9722 78.65 3
    endloop
  endfacet
  facet normal -0 0 1
    outer loop
      vertex 74.7021 78.2979 3
      vertex 76.3194 76 3
      vertex 74.8487 78.4651 3
    endloop
  endfacet
  facet normal -0 0 1
    outer loop
      vertex 74.5349 78.1513 3
      vertex 76.3194 76 3
      vertex 74.7021 78.2979 3
    endloop
  endfacet
  facet normal 0 0 1
    outer loop
      vertex 75.75 75.6029 3
      vertex 74.5349 78.1513 3
      vertex 74.35 78.0278 3
    endloop
  endfacet
  facet normal 0 0 1
    outer loop
      vertex 75.75 75.6029 3
      vertex 74.35 78.0278 3
      vertex 75.2221 75.3425 3
    endloop
  endfacet
  facet normal -0 0 1
    outer loop
      vertex 74.1506 77.9294 3
      vertex 75.2221 75.3425 3
      vertex 74.35 78.0278 3
    endloop
  endfacet
  facet normal 0 0 1
    outer loop
      vertex 75.2221 75.3425 3
      vertex 74.1506 77.9294 3
      vertex 74.6647 75.1533 3
    endloop
  endfacet
  facet normal -0 0 1
    outer loop
      vertex 73.94 77.8579 3
      vertex 74.6647 75.1533 3
      vertex 74.1506 77.9294 3
    endloop
  endfacet
  facet normal 0 0 1
    outer loop
      vertex 74.6647 75.1533 3
      vertex 73.94 77.8579 3
      vertex 74.0874 75.0385 3
    endloop
  endfacet
  facet normal -0 0 1
    outer loop
      vertex 73.7219 77.8145 3
      vertex 74.0874 75.0385 3
      vertex 73.94 77.8579 3
    endloop
  endfacet
  facet normal -0 0 1
    outer loop
      vertex 73.5 77.8 3
      vertex 74.0874 75.0385 3
      vertex 73.7219 77.8145 3
    endloop
  endfacet
  facet normal 0 0 1
    outer loop
      vertex 73.5 77.8 3
      vertex 73.5 75 3
      vertex 74.0874 75.0385 3
    endloop
  endfacet
  facet normal 0 0 1
    outer loop
      vertex 73.2781 77.8145 3
      vertex 73.5 75 3
      vertex 73.5 77.8 3
    endloop
  endfacet
  facet normal 0 0 1
    outer loop
      vertex 72.9126 75.0385 3
      vertex 73.2781 77.8145 3
      vertex 73.06 77.8579 3
    endloop
  endfacet
  facet normal 0 0 1
    outer loop
      vertex 73.2781 77.8145 3
      vertex 72.9126 75.0385 3
      vertex 73.5 75 3
    endloop
  endfacet
  facet normal 0 0 1
    outer loop
      vertex 72.3353 75.1533 3
      vertex 73.06 77.8579 3
      vertex 72.8494 77.9294 3
    endloop
  endfacet
  facet normal 0 0 1
    outer loop
      vertex 71.7779 75.3425 3
      vertex 72.8494 77.9294 3
      vertex 72.65 78.0278 3
    endloop
  endfacet
  facet normal 0 0 1
    outer loop
      vertex 71.25 75.6029 3
      vertex 72.65 78.0278 3
      vertex 72.4651 78.1513 3
    endloop
  endfacet
  facet normal 0 0 1
    outer loop
      vertex 73.06 77.8579 3
      vertex 72.3353 75.1533 3
      vertex 72.9126 75.0385 3
    endloop
  endfacet
  facet normal 0 0 1
    outer loop
      vertex 71.25 75.6029 3
      vertex 72.4651 78.1513 3
      vertex 72.2979 78.2979 3
    endloop
  endfacet
  facet normal 0 0 1
    outer loop
      vertex 71.25 75.6029 3
      vertex 72.2979 78.2979 3
      vertex 72.1513 78.4651 3
    endloop
  endfacet
  facet normal 0 0 1
    outer loop
      vertex 71.25 75.6029 3
      vertex 72.1513 78.4651 3
      vertex 72.0278 78.65 3
    endloop
  endfacet
  facet normal 0 0 1
    outer loop
      vertex 71.25 75.6029 3
      vertex 72.0278 78.65 3
      vertex 71.9294 78.8494 3
    endloop
  endfacet
  facet normal 0 0 1
    outer loop
      vertex 71.25 75.6029 3
      vertex 71.9294 78.8494 3
      vertex 71.8579 79.06 3
    endloop
  endfacet
  facet normal 0 0 1
    outer loop
      vertex 71.25 75.6029 3
      vertex 71.8579 79.06 3
      vertex 71.8145 79.2781 3
    endloop
  endfacet
  facet normal 0 0 1
    outer loop
      vertex 72.8494 77.9294 3
      vertex 71.7779 75.3425 3
      vertex 72.3353 75.1533 3
    endloop
  endfacet
  facet normal 0 0 1
    outer loop
      vertex 70.6806 76 3
      vertex 71.8145 79.2781 3
      vertex 71.8 79.5 3
    endloop
  endfacet
  facet normal -0 0 1
    outer loop
      vertex 20.3647 9 3
      vertex 29 7 3
      vertex 29 9 3
    endloop
  endfacet
  facet normal 0 0 1
    outer loop
      vertex 29 7 3
      vertex 20.3647 9 3
      vertex 22 2 3
    endloop
  endfacet
  facet normal 0 0 1
    outer loop
      vertex 14.228 5.02461 3
      vertex 20.3647 9 3
      vertex 14.305 6.2 3
    endloop
  endfacet
  facet normal 0 0 1
    outer loop
      vertex 20.3647 9 3
      vertex 14.228 5.02461 3
      vertex 22 2 3
    endloop
  endfacet
  facet normal -0 0 1
    outer loop
      vertex 13.9982 3.86933 3
      vertex 22 2 3
      vertex 14.228 5.02461 3
    endloop
  endfacet
  facet normal -0 0 1
    outer loop
      vertex 13.6195 2.75393 3
      vertex 22 2 3
      vertex 13.9982 3.86933 3
    endloop
  endfacet
  facet normal 0 0 1
    outer loop
      vertex 22 2 3
      vertex 13.6195 2.75393 3
      vertex 13.2477 2 3
    endloop
  endfacet
  facet normal 0 0 1
    outer loop
      vertex 96.172 5.57539 3
      vertex 63.8193 7 3
      vertex 96.095 4.4 3
    endloop
  endfacet
  facet normal 0 0 1
    outer loop
      vertex 96.4018 6.73067 3
      vertex 63.8193 7 3
      vertex 96.172 5.57539 3
    endloop
  endfacet
  facet normal -0 0 1
    outer loop
      vertex 63.8193 7 3
      vertex 96.4018 6.73067 3
      vertex 96.4933 7 3
    endloop
  endfacet
  facet normal 0 0 1
    outer loop
      vertex 63.8193 7 3
      vertex 96.172 3.22461 3
      vertex 96.095 4.4 3
    endloop
  endfacet
  facet normal -0 0 1
    outer loop
      vertex 62.6855 3.2781 3
      vertex 96.172 3.22461 3
      vertex 63.8193 7 3
    endloop
  endfacet
  facet normal 0 0 1
    outer loop
      vertex 62.6421 3.06001 3
      vertex 96.172 3.22461 3
      vertex 62.6855 3.2781 3
    endloop
  endfacet
  facet normal 0 0 1
    outer loop
      vertex 96.172 3.22461 3
      vertex 62.6421 3.06001 3
      vertex 96.4018 2.06933 3
    endloop
  endfacet
  facet normal 0 0 1
    outer loop
      vertex 62.0349 4.8487 3
      vertex 63.7394 7.07008 3
      vertex 63.25 7.39711 3
    endloop
  endfacet
  facet normal 0 0 1
    outer loop
      vertex 61.85 4.97224 3
      vertex 63.25 7.39711 3
      vertex 62.7221 7.65746 3
    endloop
  endfacet
  facet normal 0 -0 1
    outer loop
      vertex 62.0349 4.8487 3
      vertex 63.25 7.39711 3
      vertex 61.85 4.97224 3
    endloop
  endfacet
  facet normal 0 0 1
    outer loop
      vertex 62.6855 3.2781 3
      vertex 63.8193 7 3
      vertex 62.7 3.5 3
    endloop
  endfacet
  facet normal -0 0 1
    outer loop
      vertex 62.5706 2.84944 3
      vertex 96.4018 2.06933 3
      vertex 62.6421 3.06001 3
    endloop
  endfacet
  facet normal 0 0 1
    outer loop
      vertex 96.4018 2.06933 3
      vertex 62.5706 2.84944 3
      vertex 96.7805 0.953936 3
    endloop
  endfacet
  facet normal -0 0 1
    outer loop
      vertex 62.4722 2.65 3
      vertex 96.7805 0.953936 3
      vertex 62.5706 2.84944 3
    endloop
  endfacet
  facet normal 0 0 1
    outer loop
      vertex 96.7805 0.953936 3
      vertex 62.4722 2.65 3
      vertex 97.2509 0 3
    endloop
  endfacet
  facet normal -0 0 1
    outer loop
      vertex 62.3487 2.46511 3
      vertex 97.2509 0 3
      vertex 62.4722 2.65 3
    endloop
  endfacet
  facet normal -0 0 1
    outer loop
      vertex 62.2021 2.29792 3
      vertex 97.2509 0 3
      vertex 62.3487 2.46511 3
    endloop
  endfacet
  facet normal -0 0 1
    outer loop
      vertex 62.0349 2.1513 3
      vertex 97.2509 0 3
      vertex 62.2021 2.29792 3
    endloop
  endfacet
  facet normal -0 0 1
    outer loop
      vertex 61.85 2.02776 3
      vertex 97.2509 0 3
      vertex 62.0349 2.1513 3
    endloop
  endfacet
  facet normal -0 0 1
    outer loop
      vertex 61.6506 1.9294 3
      vertex 97.2509 0 3
      vertex 61.85 2.02776 3
    endloop
  endfacet
  facet normal -0 0 1
    outer loop
      vertex 61.44 1.85793 3
      vertex 97.2509 0 3
      vertex 61.6506 1.9294 3
    endloop
  endfacet
  facet normal -0 0 1
    outer loop
      vertex 61.2219 1.81454 3
      vertex 97.2509 0 3
      vertex 61.44 1.85793 3
    endloop
  endfacet
  facet normal -0 0 1
    outer loop
      vertex 61 1.8 3
      vertex 97.2509 0 3
      vertex 61.2219 1.81454 3
    endloop
  endfacet
  facet normal 0 0 1
    outer loop
      vertex 59.4294 4.15056 3
      vertex 58.1806 7 3
      vertex 59.3579 3.93999 3
    endloop
  endfacet
  facet normal 0 0 1
    outer loop
      vertex 59.3579 3.93999 3
      vertex 58.1806 7 3
      vertex 59.3145 3.72189 3
    endloop
  endfacet
  facet normal 0 0 1
    outer loop
      vertex 59.3145 3.72189 3
      vertex 58.1806 7 3
      vertex 59.3 3.5 3
    endloop
  endfacet
  facet normal 0 0 1
    outer loop
      vertex 59.3 3.5 3
      vertex 58.1806 7 3
      vertex 59.3145 3.2781 3
    endloop
  endfacet
  facet normal -0 0 1
    outer loop
      vertex 29 7 3
      vertex 59.3145 3.2781 3
      vertex 58.1806 7 3
    endloop
  endfacet
  facet normal 0 0 1
    outer loop
      vertex 59.3145 3.2781 3
      vertex 29 7 3
      vertex 59.3579 3.06001 3
    endloop
  endfacet
  facet normal 0 0 1
    outer loop
      vertex 29 7 3
      vertex 59.4294 2.84944 3
      vertex 59.3579 3.06001 3
    endloop
  endfacet
  facet normal 0 0 1
    outer loop
      vertex 29 7 3
      vertex 59.5278 2.65 3
      vertex 59.4294 2.84944 3
    endloop
  endfacet
  facet normal 0 0 1
    outer loop
      vertex 29 7 3
      vertex 59.6513 2.46511 3
      vertex 59.5278 2.65 3
    endloop
  endfacet
  facet normal 0 0 1
    outer loop
      vertex 22 0 3
      vertex 59.6513 2.46511 3
      vertex 29 7 3
    endloop
  endfacet
  facet normal 0 0 1
    outer loop
      vertex 59.6513 2.46511 3
      vertex 22 0 3
      vertex 59.7979 2.29792 3
    endloop
  endfacet
  facet normal 0 0 1
    outer loop
      vertex 59.7979 2.29792 3
      vertex 22 0 3
      vertex 59.9651 2.1513 3
    endloop
  endfacet
  facet normal 0 0 1
    outer loop
      vertex 59.9651 2.1513 3
      vertex 22 0 3
      vertex 60.15 2.02776 3
    endloop
  endfacet
  facet normal 0 0 1
    outer loop
      vertex 60.15 2.02776 3
      vertex 22 0 3
      vertex 60.3494 1.9294 3
    endloop
  endfacet
  facet normal 0 0 1
    outer loop
      vertex 60.3494 1.9294 3
      vertex 22 0 3
      vertex 60.56 1.85793 3
    endloop
  endfacet
  facet normal 0 0 1
    outer loop
      vertex 22 0 3
      vertex 29 7 3
      vertex 22 2 3
    endloop
  endfacet
  facet normal 0 0 1
    outer loop
      vertex 60.56 1.85793 3
      vertex 22 0 3
      vertex 60.7781 1.81454 3
    endloop
  endfacet
  facet normal 0 0 1
    outer loop
      vertex 60.7781 1.81454 3
      vertex 22 0 3
      vertex 61 1.8 3
    endloop
  endfacet
  facet normal 0 0 1
    outer loop
      vertex 61 1.8 3
      vertex 22 0 3
      vertex 97.2509 0 3
    endloop
  endfacet
  facet normal 0 0 1
    outer loop
      vertex 63.8193 7 3
      vertex 62.6855 3.72189 3
      vertex 62.7 3.5 3
    endloop
  endfacet
  facet normal 0 0 1
    outer loop
      vertex 63.8193 7 3
      vertex 62.6421 3.93999 3
      vertex 62.6855 3.72189 3
    endloop
  endfacet
  facet normal 0 0 1
    outer loop
      vertex 63.8193 7 3
      vertex 62.5706 4.15056 3
      vertex 62.6421 3.93999 3
    endloop
  endfacet
  facet normal 0 0 1
    outer loop
      vertex 63.8193 7 3
      vertex 62.4722 4.35 3
      vertex 62.5706 4.15056 3
    endloop
  endfacet
  facet normal 0 0 1
    outer loop
      vertex 63.8193 7 3
      vertex 62.3487 4.53489 3
      vertex 62.4722 4.35 3
    endloop
  endfacet
  facet normal 0 0 1
    outer loop
      vertex 63.8193 7 3
      vertex 62.2021 4.70208 3
      vertex 62.3487 4.53489 3
    endloop
  endfacet
  facet normal 0 0 1
    outer loop
      vertex 61.6506 5.07059 3
      vertex 62.7221 7.65746 3
      vertex 62.1647 7.84666 3
    endloop
  endfacet
  facet normal 0 0 1
    outer loop
      vertex 63.8193 7 3
      vertex 62.0349 4.8487 3
      vertex 62.2021 4.70208 3
    endloop
  endfacet
  facet normal 0 0 1
    outer loop
      vertex 63.7394 7.07008 3
      vertex 62.0349 4.8487 3
      vertex 63.8193 7 3
    endloop
  endfacet
  facet normal 0 0 1
    outer loop
      vertex 62.7221 7.65746 3
      vertex 61.6506 5.07059 3
      vertex 61.85 4.97224 3
    endloop
  endfacet
  facet normal 0 0 1
    outer loop
      vertex 61.44 5.14207 3
      vertex 62.1647 7.84666 3
      vertex 61.5874 7.96149 3
    endloop
  endfacet
  facet normal 0 0 1
    outer loop
      vertex 62.1647 7.84666 3
      vertex 61.44 5.14207 3
      vertex 61.6506 5.07059 3
    endloop
  endfacet
  facet normal 0 0 1
    outer loop
      vertex 61.5874 7.96149 3
      vertex 61.2219 5.18546 3
      vertex 61.44 5.14207 3
    endloop
  endfacet
  facet normal 0 0 1
    outer loop
      vertex 61 8 3
      vertex 61.2219 5.18546 3
      vertex 61.5874 7.96149 3
    endloop
  endfacet
  facet normal 0 0 1
    outer loop
      vertex 61 8 3
      vertex 61 5.2 3
      vertex 61.2219 5.18546 3
    endloop
  endfacet
  facet normal 0 0 1
    outer loop
      vertex 61 8 3
      vertex 60.7781 5.18546 3
      vertex 61 5.2 3
    endloop
  endfacet
  facet normal -0 0 1
    outer loop
      vertex 60.4126 7.96149 3
      vertex 60.7781 5.18546 3
      vertex 61 8 3
    endloop
  endfacet
  facet normal 0 0 1
    outer loop
      vertex 60.7781 5.18546 3
      vertex 60.4126 7.96149 3
      vertex 60.56 5.14207 3
    endloop
  endfacet
  facet normal -0 0 1
    outer loop
      vertex 59.8353 7.84666 3
      vertex 60.56 5.14207 3
      vertex 60.4126 7.96149 3
    endloop
  endfacet
  facet normal 0 0 1
    outer loop
      vertex 60.56 5.14207 3
      vertex 59.8353 7.84666 3
      vertex 60.3494 5.07059 3
    endloop
  endfacet
  facet normal -0 0 1
    outer loop
      vertex 59.2779 7.65746 3
      vertex 60.3494 5.07059 3
      vertex 59.8353 7.84666 3
    endloop
  endfacet
  facet normal 0 0 1
    outer loop
      vertex 60.3494 5.07059 3
      vertex 59.2779 7.65746 3
      vertex 60.15 4.97224 3
    endloop
  endfacet
  facet normal -0 0 1
    outer loop
      vertex 58.75 7.39711 3
      vertex 60.15 4.97224 3
      vertex 59.2779 7.65746 3
    endloop
  endfacet
  facet normal 0 0 1
    outer loop
      vertex 60.15 4.97224 3
      vertex 58.75 7.39711 3
      vertex 59.9651 4.8487 3
    endloop
  endfacet
  facet normal -0 0 1
    outer loop
      vertex 58.2606 7.07008 3
      vertex 59.9651 4.8487 3
      vertex 58.75 7.39711 3
    endloop
  endfacet
  facet normal -0 0 1
    outer loop
      vertex 58.1806 7 3
      vertex 59.9651 4.8487 3
      vertex 58.2606 7.07008 3
    endloop
  endfacet
  facet normal 0 0 1
    outer loop
      vertex 59.9651 4.8487 3
      vertex 58.1806 7 3
      vertex 59.7979 4.70208 3
    endloop
  endfacet
  facet normal 0 0 1
    outer loop
      vertex 59.7979 4.70208 3
      vertex 58.1806 7 3
      vertex 59.6513 4.53489 3
    endloop
  endfacet
  facet normal 0 0 1
    outer loop
      vertex 59.5278 4.35 3
      vertex 58.1806 7 3
      vertex 59.4294 4.15056 3
    endloop
  endfacet
  facet normal 0 0 1
    outer loop
      vertex 59.6513 4.53489 3
      vertex 58.1806 7 3
      vertex 59.5278 4.35 3
    endloop
  endfacet
  facet normal 0 0 1
    outer loop
      vertex 127.233 56.2325 3
      vertex 108.986 47.9573 3
      vertex 127.425 56.0633 3
    endloop
  endfacet
  facet normal 0 0 1
    outer loop
      vertex 126.456 57.1181 3
      vertex 108.986 47.9573 3
      vertex 127.233 56.2325 3
    endloop
  endfacet
  facet normal 0 0 1
    outer loop
      vertex 125.801 58.0975 3
      vertex 108.986 47.9573 3
      vertex 126.456 57.1181 3
    endloop
  endfacet
  facet normal 0 0 1
    outer loop
      vertex 125.28 59.1539 3
      vertex 108.986 47.9573 3
      vertex 125.801 58.0975 3
    endloop
  endfacet
  facet normal 0 0 1
    outer loop
      vertex 106.18 54.3689 3
      vertex 125.28 59.1539 3
      vertex 124.902 60.2693 3
    endloop
  endfacet
  facet normal 0 0 1
    outer loop
      vertex 106.18 54.3689 3
      vertex 124.902 60.2693 3
      vertex 124.672 61.4246 3
    endloop
  endfacet
  facet normal 0 0 1
    outer loop
      vertex 106.18 54.3689 3
      vertex 124.672 61.4246 3
      vertex 124.604 62.4676 3
    endloop
  endfacet
  facet normal 0 0 1
    outer loop
      vertex 106.472 49.1776 3
      vertex 108.897 47.7776 3
      vertex 108.986 47.9573 3
    endloop
  endfacet
  facet normal 0 0 1
    outer loop
      vertex 108.897 47.7776 3
      vertex 106.472 49.1776 3
      vertex 108.57 47.2882 3
    endloop
  endfacet
  facet normal 0 0 1
    outer loop
      vertex 108.57 47.2882 3
      vertex 106.349 48.9927 3
      vertex 108.182 46.8456 3
    endloop
  endfacet
  facet normal -0 0 1
    outer loop
      vertex 106.202 48.8255 3
      vertex 108.182 46.8456 3
      vertex 106.349 48.9927 3
    endloop
  endfacet
  facet normal -0 0 1
    outer loop
      vertex 106.035 48.6789 3
      vertex 107.739 46.4575 3
      vertex 106.202 48.8255 3
    endloop
  endfacet
  facet normal 0 0 1
    outer loop
      vertex 125.28 59.1539 3
      vertex 106.18 54.3689 3
      vertex 108.986 47.9573 3
    endloop
  endfacet
  facet normal 0 0 1
    outer loop
      vertex 108.986 47.9573 3
      vertex 106.7 50.0276 3
      vertex 106.685 49.8057 3
    endloop
  endfacet
  facet normal 0 0 1
    outer loop
      vertex 108.986 47.9573 3
      vertex 106.685 50.2495 3
      vertex 106.7 50.0276 3
    endloop
  endfacet
  facet normal 0 0 1
    outer loop
      vertex 108.986 47.9573 3
      vertex 106.642 50.4676 3
      vertex 106.685 50.2495 3
    endloop
  endfacet
  facet normal -0 -0 1
    outer loop
      vertex 106.571 50.6782 3
      vertex 108.986 47.9573 3
      vertex 106.18 54.3689 3
    endloop
  endfacet
  facet normal 0 0 1
    outer loop
      vertex 108.986 47.9573 3
      vertex 106.571 50.6782 3
      vertex 106.642 50.4676 3
    endloop
  endfacet
  facet normal 0 0 1
    outer loop
      vertex 106.571 50.6782 3
      vertex 106.18 54.3689 3
      vertex 106.472 50.8776 3
    endloop
  endfacet
  facet normal 0 0 1
    outer loop
      vertex 106.472 50.8776 3
      vertex 106.18 54.3689 3
      vertex 106.349 51.0625 3
    endloop
  endfacet
  facet normal 0 0 1
    outer loop
      vertex 106.349 51.0625 3
      vertex 106.18 54.3689 3
      vertex 106.202 51.2297 3
    endloop
  endfacet
  facet normal 0 0 1
    outer loop
      vertex 105.44 51.6697 3
      vertex 106.18 54.3689 3
      vertex 106.165 54.3743 3
    endloop
  endfacet
  facet normal 0 0 1
    outer loop
      vertex 106.18 54.3689 3
      vertex 106.035 51.3763 3
      vertex 106.202 51.2297 3
    endloop
  endfacet
  facet normal 0 0 1
    outer loop
      vertex 106.18 54.3689 3
      vertex 105.85 51.4998 3
      vertex 106.035 51.3763 3
    endloop
  endfacet
  facet normal 0 0 1
    outer loop
      vertex 106.18 54.3689 3
      vertex 105.651 51.5982 3
      vertex 105.85 51.4998 3
    endloop
  endfacet
  facet normal 0 0 1
    outer loop
      vertex 105.44 51.6697 3
      vertex 106.165 54.3743 3
      vertex 105.587 54.4891 3
    endloop
  endfacet
  facet normal 0 0 1
    outer loop
      vertex 106.18 54.3689 3
      vertex 105.44 51.6697 3
      vertex 105.651 51.5982 3
    endloop
  endfacet
  facet normal 0 0 1
    outer loop
      vertex 105.587 54.4891 3
      vertex 105.222 51.713 3
      vertex 105.44 51.6697 3
    endloop
  endfacet
  facet normal 0 0 1
    outer loop
      vertex 105 54.5276 3
      vertex 105.222 51.713 3
      vertex 105.587 54.4891 3
    endloop
  endfacet
  facet normal 0 0 1
    outer loop
      vertex 105 54.5276 3
      vertex 105 51.7276 3
      vertex 105.222 51.713 3
    endloop
  endfacet
  facet normal 0 0 1
    outer loop
      vertex 105 54.5276 3
      vertex 104.778 51.713 3
      vertex 105 51.7276 3
    endloop
  endfacet
  facet normal -0 0 1
    outer loop
      vertex 104.413 54.4891 3
      vertex 104.778 51.713 3
      vertex 105 54.5276 3
    endloop
  endfacet
  facet normal 0 0 1
    outer loop
      vertex 104.778 51.713 3
      vertex 104.413 54.4891 3
      vertex 104.56 51.6697 3
    endloop
  endfacet
  facet normal -0 0 1
    outer loop
      vertex 103.835 54.3743 3
      vertex 104.56 51.6697 3
      vertex 104.413 54.4891 3
    endloop
  endfacet
  facet normal 0 0 1
    outer loop
      vertex 104.56 51.6697 3
      vertex 103.835 54.3743 3
      vertex 104.349 51.5982 3
    endloop
  endfacet
  facet normal -0 0 1
    outer loop
      vertex 103.278 54.185 3
      vertex 104.349 51.5982 3
      vertex 103.835 54.3743 3
    endloop
  endfacet
  facet normal 0 0 1
    outer loop
      vertex 104.349 51.5982 3
      vertex 103.278 54.185 3
      vertex 104.15 51.4998 3
    endloop
  endfacet
  facet normal -0 0 1
    outer loop
      vertex 102.75 53.9247 3
      vertex 104.15 51.4998 3
      vertex 103.278 54.185 3
    endloop
  endfacet
  facet normal 0 0 1
    outer loop
      vertex 104.15 51.4998 3
      vertex 102.75 53.9247 3
      vertex 103.965 51.3763 3
    endloop
  endfacet
  facet normal -0 0 1
    outer loop
      vertex 102.261 53.5977 3
      vertex 103.965 51.3763 3
      vertex 102.75 53.9247 3
    endloop
  endfacet
  facet normal 0 0 1
    outer loop
      vertex 103.965 51.3763 3
      vertex 102.261 53.5977 3
      vertex 103.798 51.2297 3
    endloop
  endfacet
  facet normal -0 0 1
    outer loop
      vertex 101.818 53.2096 3
      vertex 103.798 51.2297 3
      vertex 102.261 53.5977 3
    endloop
  endfacet
  facet normal 0 0 1
    outer loop
      vertex 103.798 51.2297 3
      vertex 101.818 53.2096 3
      vertex 103.651 51.0625 3
    endloop
  endfacet
  facet normal 0 0 1
    outer loop
      vertex 103.651 51.0625 3
      vertex 101.43 52.767 3
      vertex 103.528 50.8776 3
    endloop
  endfacet
  facet normal -0 0 1
    outer loop
      vertex 101.43 52.767 3
      vertex 103.651 51.0625 3
      vertex 101.818 53.2096 3
    endloop
  endfacet
  facet normal -0 0 1
    outer loop
      vertex 106.642 49.5876 3
      vertex 108.986 47.9573 3
      vertex 106.685 49.8057 3
    endloop
  endfacet
  facet normal -0 0 1
    outer loop
      vertex 106.571 49.377 3
      vertex 108.986 47.9573 3
      vertex 106.642 49.5876 3
    endloop
  endfacet
  facet normal -0 0 1
    outer loop
      vertex 106.472 49.1776 3
      vertex 108.986 47.9573 3
      vertex 106.571 49.377 3
    endloop
  endfacet
  facet normal 0 0 1
    outer loop
      vertex 108.57 47.2882 3
      vertex 106.472 49.1776 3
      vertex 106.349 48.9927 3
    endloop
  endfacet
  facet normal 0 0 1
    outer loop
      vertex 108.182 46.8456 3
      vertex 106.202 48.8255 3
      vertex 107.739 46.4575 3
    endloop
  endfacet
  facet normal 0 0 1
    outer loop
      vertex 107.739 46.4575 3
      vertex 106.035 48.6789 3
      vertex 107.25 46.1305 3
    endloop
  endfacet
  facet normal -0 0 1
    outer loop
      vertex 105.85 48.5553 3
      vertex 107.25 46.1305 3
      vertex 106.035 48.6789 3
    endloop
  endfacet
  facet normal 0 0 1
    outer loop
      vertex 107.25 46.1305 3
      vertex 105.85 48.5553 3
      vertex 106.722 45.8701 3
    endloop
  endfacet
  facet normal -0 0 1
    outer loop
      vertex 105.651 48.457 3
      vertex 106.722 45.8701 3
      vertex 105.85 48.5553 3
    endloop
  endfacet
  facet normal 0 0 1
    outer loop
      vertex 106.722 45.8701 3
      vertex 105.651 48.457 3
      vertex 106.165 45.6809 3
    endloop
  endfacet
  facet normal -0 0 1
    outer loop
      vertex 105.44 48.3855 3
      vertex 106.165 45.6809 3
      vertex 105.651 48.457 3
    endloop
  endfacet
  facet normal 0 0 1
    outer loop
      vertex 106.165 45.6809 3
      vertex 105.44 48.3855 3
      vertex 105.587 45.5661 3
    endloop
  endfacet
  facet normal -0 0 1
    outer loop
      vertex 105.222 48.3421 3
      vertex 105.587 45.5661 3
      vertex 105.44 48.3855 3
    endloop
  endfacet
  facet normal -0 0 1
    outer loop
      vertex 105 48.3276 3
      vertex 105.587 45.5661 3
      vertex 105.222 48.3421 3
    endloop
  endfacet
  facet normal 0 0 1
    outer loop
      vertex 105 48.3276 3
      vertex 105 45.5276 3
      vertex 105.587 45.5661 3
    endloop
  endfacet
  facet normal 0 0 1
    outer loop
      vertex 104.778 48.3421 3
      vertex 105 45.5276 3
      vertex 105 48.3276 3
    endloop
  endfacet
  facet normal 0 0 1
    outer loop
      vertex 104.413 45.5661 3
      vertex 104.778 48.3421 3
      vertex 104.56 48.3855 3
    endloop
  endfacet
  facet normal 0 0 1
    outer loop
      vertex 104.778 48.3421 3
      vertex 104.413 45.5661 3
      vertex 105 45.5276 3
    endloop
  endfacet
  facet normal 0 0 1
    outer loop
      vertex 103.82 45.6863 3
      vertex 104.56 48.3855 3
      vertex 104.349 48.457 3
    endloop
  endfacet
  facet normal 0 0 1
    outer loop
      vertex 103.82 45.6863 3
      vertex 104.349 48.457 3
      vertex 104.15 48.5553 3
    endloop
  endfacet
  facet normal 0 0 1
    outer loop
      vertex 103.82 45.6863 3
      vertex 104.15 48.5553 3
      vertex 103.965 48.6789 3
    endloop
  endfacet
  facet normal 0 0 1
    outer loop
      vertex 104.56 48.3855 3
      vertex 103.835 45.6809 3
      vertex 104.413 45.5661 3
    endloop
  endfacet
  facet normal 0 0 1
    outer loop
      vertex 104.56 48.3855 3
      vertex 103.82 45.6863 3
      vertex 103.835 45.6809 3
    endloop
  endfacet
  facet normal 0 0 1
    outer loop
      vertex 103.798 48.8255 3
      vertex 103.82 45.6863 3
      vertex 103.965 48.6789 3
    endloop
  endfacet
  facet normal 0 0 1
    outer loop
      vertex 103.651 48.9927 3
      vertex 103.82 45.6863 3
      vertex 103.798 48.8255 3
    endloop
  endfacet
  facet normal 0 0 1
    outer loop
      vertex 103.528 49.1776 3
      vertex 103.82 45.6863 3
      vertex 103.651 48.9927 3
    endloop
  endfacet
  facet normal 0 0 1
    outer loop
      vertex 103.429 49.377 3
      vertex 103.82 45.6863 3
      vertex 103.528 49.1776 3
    endloop
  endfacet
  facet normal 0 0 1
    outer loop
      vertex 101.014 52.0978 3
      vertex 103.429 49.377 3
      vertex 103.358 49.5876 3
    endloop
  endfacet
  facet normal 0 0 1
    outer loop
      vertex 101.014 52.0978 3
      vertex 103.358 49.5876 3
      vertex 103.315 49.8057 3
    endloop
  endfacet
  facet normal -0 0 1
    outer loop
      vertex 101.103 52.2776 3
      vertex 103.528 50.8776 3
      vertex 101.43 52.767 3
    endloop
  endfacet
  facet normal -0 0 1
    outer loop
      vertex 101.014 52.0978 3
      vertex 103.528 50.8776 3
      vertex 101.103 52.2776 3
    endloop
  endfacet
  facet normal 0 0 1
    outer loop
      vertex 103.528 50.8776 3
      vertex 101.014 52.0978 3
      vertex 103.429 50.6782 3
    endloop
  endfacet
  facet normal 0 0 1
    outer loop
      vertex 103.429 50.6782 3
      vertex 101.014 52.0978 3
      vertex 103.358 50.4676 3
    endloop
  endfacet
  facet normal 0 0 1
    outer loop
      vertex 103.358 50.4676 3
      vertex 101.014 52.0978 3
      vertex 103.315 50.2495 3
    endloop
  endfacet
  facet normal 0 0 1
    outer loop
      vertex 103.315 50.2495 3
      vertex 101.014 52.0978 3
      vertex 103.3 50.0276 3
    endloop
  endfacet
  facet normal 0 0 1
    outer loop
      vertex 103.3 50.0276 3
      vertex 101.014 52.0978 3
      vertex 103.315 49.8057 3
    endloop
  endfacet
  facet normal 0 0 1
    outer loop
      vertex 103.429 49.377 3
      vertex 101.014 52.0978 3
      vertex 103.82 45.6863 3
    endloop
  endfacet
  facet normal 0 0 1
    outer loop
      vertex 101.014 52.0978 3
      vertex 20.3647 9 3
      vertex 103.82 45.6863 3
    endloop
  endfacet
  facet normal -0 0 1
    outer loop
      vertex 11.4746 12.7367 3
      vertex 20.3647 9 3
      vertex 101.014 52.0978 3
    endloop
  endfacet
  facet normal 0 0 1
    outer loop
      vertex 20.3647 9 3
      vertex 14.228 7.37539 3
      vertex 14.305 6.2 3
    endloop
  endfacet
  facet normal 0 0 1
    outer loop
      vertex 20.3647 9 3
      vertex 13.9982 8.53067 3
      vertex 14.228 7.37539 3
    endloop
  endfacet
  facet normal 0 0 1
    outer loop
      vertex 20.3647 9 3
      vertex 13.6195 9.64606 3
      vertex 13.9982 8.53067 3
    endloop
  endfacet
  facet normal 0 0 1
    outer loop
      vertex 20.3647 9 3
      vertex 13.0986 10.7025 3
      vertex 13.6195 9.64606 3
    endloop
  endfacet
  facet normal 0 0 1
    outer loop
      vertex 20.3647 9 3
      vertex 12.4441 11.6819 3
      vertex 13.0986 10.7025 3
    endloop
  endfacet
  facet normal 0 0 1
    outer loop
      vertex 20.3647 9 3
      vertex 11.6675 12.5675 3
      vertex 12.4441 11.6819 3
    endloop
  endfacet
  facet normal 0 0 1
    outer loop
      vertex 20.3647 9 3
      vertex 11.4746 12.7367 3
      vertex 11.6675 12.5675 3
    endloop
  endfacet
  facet normal 0 0 1
    outer loop
      vertex 131 7 3
      vertex 114.028 5.57539 3
      vertex 114.105 4.4 3
    endloop
  endfacet
  facet normal 0 0 1
    outer loop
      vertex 131 7 3
      vertex 113.798 6.73067 3
      vertex 114.028 5.57539 3
    endloop
  endfacet
  facet normal 0 -0 1
    outer loop
      vertex 113.798 6.73067 3
      vertex 131 7 3
      vertex 113.707 7 3
    endloop
  endfacet
  facet normal 0 0 1
    outer loop
      vertex 131 7 3
      vertex 138 54.7509 3
      vertex 137.046 54.2805 3
    endloop
  endfacet
  facet normal 0 0 1
    outer loop
      vertex 131 7 3
      vertex 137.046 54.2805 3
      vertex 135.931 53.9018 3
    endloop
  endfacet
  facet normal 0 0 1
    outer loop
      vertex 131 7 3
      vertex 135.931 53.9018 3
      vertex 134.775 53.672 3
    endloop
  endfacet
  facet normal 0 0 1
    outer loop
      vertex 131 7 3
      vertex 134.775 53.672 3
      vertex 133.6 53.595 3
    endloop
  endfacet
  facet normal 0 0 1
    outer loop
      vertex 131 7 3
      vertex 133.6 53.595 3
      vertex 132.425 53.672 3
    endloop
  endfacet
  facet normal 0 0 1
    outer loop
      vertex 131 7 3
      vertex 132.425 53.672 3
      vertex 131.269 53.9018 3
    endloop
  endfacet
  facet normal 0 0 1
    outer loop
      vertex 131 7 3
      vertex 131.269 53.9018 3
      vertex 131 53.9933 3
    endloop
  endfacet
  facet normal 0 0 1
    outer loop
      vertex 138 54.7509 3
      vertex 131 7 3
      vertex 138 0 3
    endloop
  endfacet
  facet normal 0 0 1
    outer loop
      vertex 114.028 3.22461 3
      vertex 131 7 3
      vertex 114.105 4.4 3
    endloop
  endfacet
  facet normal 0 0 1
    outer loop
      vertex 113.798 2.06933 3
      vertex 131 7 3
      vertex 114.028 3.22461 3
    endloop
  endfacet
  facet normal 0 0 1
    outer loop
      vertex 113.42 0.953936 3
      vertex 131 7 3
      vertex 113.798 2.06933 3
    endloop
  endfacet
  facet normal 0 0 1
    outer loop
      vertex 131 7 3
      vertex 113.42 0.953936 3
      vertex 138 0 3
    endloop
  endfacet
  facet normal 0 0 1
    outer loop
      vertex 138 0 3
      vertex 113.42 0.953936 3
      vertex 112.949 0 3
    endloop
  endfacet
  facet normal -0 0 1
    outer loop
      vertex 6.87539 68.172 3
      vertex 7 15.0236 3
      vertex 7 68.1968 3
    endloop
  endfacet
  facet normal 0 0 1
    outer loop
      vertex 6.87539 68.172 3
      vertex 6.47539 15.128 3
      vertex 7 15.0236 3
    endloop
  endfacet
  facet normal -0 0 1
    outer loop
      vertex 5.7 68.095 3
      vertex 6.47539 15.128 3
      vertex 6.87539 68.172 3
    endloop
  endfacet
  facet normal 0 0 1
    outer loop
      vertex 5.7 68.095 3
      vertex 5.3 15.205 3
      vertex 6.47539 15.128 3
    endloop
  endfacet
  facet normal 0 0 1
    outer loop
      vertex 4.52461 68.172 3
      vertex 5.3 15.205 3
      vertex 5.7 68.095 3
    endloop
  endfacet
  facet normal 0 0 1
    outer loop
      vertex 4.52461 68.172 3
      vertex 4.12461 15.128 3
      vertex 5.3 15.205 3
    endloop
  endfacet
  facet normal 0 0 1
    outer loop
      vertex 3.36933 68.4018 3
      vertex 4.12461 15.128 3
      vertex 4.52461 68.172 3
    endloop
  endfacet
  facet normal 0 0 1
    outer loop
      vertex 3.36933 68.4018 3
      vertex 2.96933 14.8982 3
      vertex 4.12461 15.128 3
    endloop
  endfacet
  facet normal 0 0 1
    outer loop
      vertex 2.25393 68.7805 3
      vertex 2.96933 14.8982 3
      vertex 3.36933 68.4018 3
    endloop
  endfacet
  facet normal 0 0 1
    outer loop
      vertex 2.25393 68.7805 3
      vertex 1.85394 14.5195 3
      vertex 2.96933 14.8982 3
    endloop
  endfacet
  facet normal 0 0 1
    outer loop
      vertex 1.1975 69.3014 3
      vertex 1.85394 14.5195 3
      vertex 2.25393 68.7805 3
    endloop
  endfacet
  facet normal 0 0 1
    outer loop
      vertex 1.1975 69.3014 3
      vertex 0.7975 13.9986 3
      vertex 1.85394 14.5195 3
    endloop
  endfacet
  facet normal 0 0 1
    outer loop
      vertex 0.218102 69.9559 3
      vertex 0.7975 13.9986 3
      vertex 1.1975 69.3014 3
    endloop
  endfacet
  facet normal 0 0 1
    outer loop
      vertex 0 13.4657 3
      vertex 0.218102 69.9559 3
      vertex 0 70.1471 3
    endloop
  endfacet
  facet normal 0 0 1
    outer loop
      vertex 0.218102 69.9559 3
      vertex 0 13.4657 3
      vertex 0.7975 13.9986 3
    endloop
  endfacet
  facet normal 0 1 -0
    outer loop
      vertex 138 83 0
      vertex 60 83 3
      vertex 138 83 3
    endloop
  endfacet
  facet normal 0 1 0
    outer loop
      vertex 60 83 3
      vertex 138 83 0
      vertex 60 83 0
    endloop
  endfacet
  facet normal 1 -0 0
    outer loop
      vertex 60 83 3
      vertex 60 108 0
      vertex 60 108 3
    endloop
  endfacet
  facet normal 1 0 0
    outer loop
      vertex 60 108 0
      vertex 60 83 3
      vertex 60 83 0
    endloop
  endfacet
  facet normal 0 1 -0
    outer loop
      vertex 60 108 0
      vertex 40.1962 108 3
      vertex 60 108 3
    endloop
  endfacet
  facet normal 0 1 0
    outer loop
      vertex 40.1962 108 3
      vertex 60 108 0
      vertex 40.1962 108 0
    endloop
  endfacet
  facet normal -0.831599 0.555376 5.22599e-18
    outer loop
      vertex 39.7601 107.347 0
      vertex 40.1962 108 3
      vertex 40.1962 108 0
    endloop
  endfacet
  facet normal -0.831599 0.555376 5.22599e-18
    outer loop
      vertex 40.1962 108 3
      vertex 39.7601 107.347 0
      vertex 39.7601 107.347 3
    endloop
  endfacet
  facet normal -0.751787 0.659406 -1.05628e-18
    outer loop
      vertex 39.2426 106.757 0
      vertex 39.7601 107.347 3
      vertex 39.7601 107.347 0
    endloop
  endfacet
  facet normal -0.751787 0.659406 -1.05628e-18
    outer loop
      vertex 39.7601 107.347 3
      vertex 39.2426 106.757 0
      vertex 39.2426 106.757 3
    endloop
  endfacet
  facet normal -0.659046 0.752103 0
    outer loop
      vertex 39.2426 106.757 0
      vertex 38.6526 106.24 3
      vertex 39.2426 106.757 3
    endloop
  endfacet
  facet normal -0.659046 0.752103 0
    outer loop
      vertex 38.6526 106.24 3
      vertex 39.2426 106.757 0
      vertex 38.6526 106.24 0
    endloop
  endfacet
  facet normal -0.555523 0.831501 0
    outer loop
      vertex 38.6526 106.24 0
      vertex 38 105.804 3
      vertex 38.6526 106.24 3
    endloop
  endfacet
  facet normal -0.555523 0.831501 0
    outer loop
      vertex 38 105.804 3
      vertex 38.6526 106.24 0
      vertex 38 105.804 0
    endloop
  endfacet
  facet normal -0.44216 0.896936 0
    outer loop
      vertex 38 105.804 0
      vertex 37.2961 105.457 3
      vertex 38 105.804 3
    endloop
  endfacet
  facet normal -0.44216 0.896936 0
    outer loop
      vertex 37.2961 105.457 3
      vertex 38 105.804 0
      vertex 37.2961 105.457 0
    endloop
  endfacet
  facet normal -0.322259 0.946652 0
    outer loop
      vertex 37.2961 105.457 0
      vertex 36.5529 105.204 3
      vertex 37.2961 105.457 3
    endloop
  endfacet
  facet normal -0.322259 0.946652 0
    outer loop
      vertex 36.5529 105.204 3
      vertex 37.2961 105.457 0
      vertex 36.5529 105.204 0
    endloop
  endfacet
  facet normal -0.19494 0.980815 0
    outer loop
      vertex 36.5529 105.204 0
      vertex 35.7831 105.051 3
      vertex 36.5529 105.204 3
    endloop
  endfacet
  facet normal -0.19494 0.980815 0
    outer loop
      vertex 35.7831 105.051 3
      vertex 36.5529 105.204 0
      vertex 35.7831 105.051 0
    endloop
  endfacet
  facet normal -0.0649881 0.997886 0
    outer loop
      vertex 35.7831 105.051 0
      vertex 35 105 3
      vertex 35.7831 105.051 3
    endloop
  endfacet
  facet normal -0.0649881 0.997886 0
    outer loop
      vertex 35 105 3
      vertex 35.7831 105.051 0
      vertex 35 105 0
    endloop
  endfacet
  facet normal 0.0649798 0.997887 -0
    outer loop
      vertex 35 105 0
      vertex 34.2168 105.051 3
      vertex 35 105 3
    endloop
  endfacet
  facet normal 0.0649798 0.997887 0
    outer loop
      vertex 34.2168 105.051 3
      vertex 35 105 0
      vertex 34.2168 105.051 0
    endloop
  endfacet
  facet normal 0.194964 0.98081 -0
    outer loop
      vertex 34.2168 105.051 0
      vertex 33.4471 105.204 3
      vertex 34.2168 105.051 3
    endloop
  endfacet
  facet normal 0.194964 0.98081 0
    outer loop
      vertex 33.4471 105.204 3
      vertex 34.2168 105.051 0
      vertex 33.4471 105.204 0
    endloop
  endfacet
  facet normal 0.322259 0.946652 -0
    outer loop
      vertex 33.4471 105.204 0
      vertex 32.7039 105.457 3
      vertex 33.4471 105.204 3
    endloop
  endfacet
  facet normal 0.322259 0.946652 0
    outer loop
      vertex 32.7039 105.457 3
      vertex 33.4471 105.204 0
      vertex 32.7039 105.457 0
    endloop
  endfacet
  facet normal 0.44216 0.896936 -0
    outer loop
      vertex 32.7039 105.457 0
      vertex 32 105.804 3
      vertex 32.7039 105.457 3
    endloop
  endfacet
  facet normal 0.44216 0.896936 0
    outer loop
      vertex 32 105.804 3
      vertex 32.7039 105.457 0
      vertex 32 105.804 0
    endloop
  endfacet
  facet normal 0.555523 0.831501 -0
    outer loop
      vertex 32 105.804 0
      vertex 31.3474 106.24 3
      vertex 32 105.804 3
    endloop
  endfacet
  facet normal 0.555523 0.831501 0
    outer loop
      vertex 31.3474 106.24 3
      vertex 32 105.804 0
      vertex 31.3474 106.24 0
    endloop
  endfacet
  facet normal 0.659046 0.752103 -0
    outer loop
      vertex 31.3474 106.24 0
      vertex 30.7574 106.757 3
      vertex 31.3474 106.24 3
    endloop
  endfacet
  facet normal 0.659046 0.752103 0
    outer loop
      vertex 30.7574 106.757 3
      vertex 31.3474 106.24 0
      vertex 30.7574 106.757 0
    endloop
  endfacet
  facet normal 0.751787 0.659406 6.71493e-18
    outer loop
      vertex 30.7574 106.757 3
      vertex 30.2399 107.347 0
      vertex 30.2399 107.347 3
    endloop
  endfacet
  facet normal 0.751787 0.659406 6.71493e-18
    outer loop
      vertex 30.2399 107.347 0
      vertex 30.7574 106.757 3
      vertex 30.7574 106.757 0
    endloop
  endfacet
  facet normal 0.831599 0.555376 -3.2455e-19
    outer loop
      vertex 30.2399 107.347 3
      vertex 29.8038 108 0
      vertex 29.8038 108 3
    endloop
  endfacet
  facet normal 0.831599 0.555376 -3.2455e-19
    outer loop
      vertex 29.8038 108 0
      vertex 30.2399 107.347 3
      vertex 30.2399 107.347 0
    endloop
  endfacet
  facet normal 0 1 -0
    outer loop
      vertex 29.8038 108 0
      vertex 15 108 3
      vertex 29.8038 108 3
    endloop
  endfacet
  facet normal 0 1 0
    outer loop
      vertex 15 108 3
      vertex 29.8038 108 0
      vertex 15 108 0
    endloop
  endfacet
  facet normal -1 0 0
    outer loop
      vertex 15 81 0
      vertex 15 108 3
      vertex 15 108 0
    endloop
  endfacet
  facet normal -1 -0 0
    outer loop
      vertex 15 108 3
      vertex 15 81 0
      vertex 15 81 3
    endloop
  endfacet
  facet normal 0 1 0
    outer loop
      vertex 15 81 3
      vertex 13.7957 81 1.6
      vertex 13.7957 81 3
    endloop
  endfacet
  facet normal 0 1 -0
    outer loop
      vertex 15 81 0
      vertex 13.7957 81 1.6
      vertex 15 81 3
    endloop
  endfacet
  facet normal 0 1 0
    outer loop
      vertex 0 81 0
      vertex 13.7957 81 1.6
      vertex 15 81 0
    endloop
  endfacet
  facet normal 0 1 0
    outer loop
      vertex 13.7957 81 1.6
      vertex 0 81 0
      vertex 0 81 1.6
    endloop
  endfacet
  facet normal -1 0 0
    outer loop
      vertex 0 81 0
      vertex 0 70.1471 1.6
      vertex 0 81 1.6
    endloop
  endfacet
  facet normal -1 0 0
    outer loop
      vertex 0 70.1471 1.6
      vertex 0 13.4657 1.6
      vertex 0 70.1471 3
    endloop
  endfacet
  facet normal -1 0 0
    outer loop
      vertex 0 81 0
      vertex 0 13.4657 1.6
      vertex 0 70.1471 1.6
    endloop
  endfacet
  facet normal -1 0 0
    outer loop
      vertex 0 2 0
      vertex 0 13.4657 1.6
      vertex 0 81 0
    endloop
  endfacet
  facet normal -1 -0 0
    outer loop
      vertex 0 13.4657 1.6
      vertex 0 2 0
      vertex 0 2 1.6
    endloop
  endfacet
  facet normal -1 -0 0
    outer loop
      vertex 0 70.1471 3
      vertex 0 13.4657 1.6
      vertex 0 13.4657 3
    endloop
  endfacet
  facet normal 0 -1 0
    outer loop
      vertex 0 2 1.6
      vertex 0 2 0
      vertex 13.2477 2 1.6
    endloop
  endfacet
  facet normal 0 -1 0
    outer loop
      vertex 13.2477 2 1.6
      vertex 22 2 3
      vertex 13.2477 2 3
    endloop
  endfacet
  facet normal 0 -1 0
    outer loop
      vertex 13.2477 2 1.6
      vertex 22 2 0
      vertex 22 2 3
    endloop
  endfacet
  facet normal 0 -1 0
    outer loop
      vertex 22 2 0
      vertex 13.2477 2 1.6
      vertex 0 2 0
    endloop
  endfacet
  facet normal -1 0 0
    outer loop
      vertex 22 0 0
      vertex 22 2 3
      vertex 22 2 0
    endloop
  endfacet
  facet normal -1 -0 0
    outer loop
      vertex 22 2 3
      vertex 22 0 0
      vertex 22 0 3
    endloop
  endfacet
  facet normal 0 -1 0
    outer loop
      vertex 22 0 3
      vertex 97.2509 0 1.6
      vertex 97.2509 0 3
    endloop
  endfacet
  facet normal 0 -1 0
    outer loop
      vertex 138 0 0
      vertex 97.2509 0 1.6
      vertex 22 0 0
    endloop
  endfacet
  facet normal 0 -1 0
    outer loop
      vertex 22 0 0
      vertex 97.2509 0 1.6
      vertex 22 0 3
    endloop
  endfacet
  facet normal 0 -1 0
    outer loop
      vertex 112.949 0 1.6
      vertex 138 0 3
      vertex 112.949 0 3
    endloop
  endfacet
  facet normal 0 -1 0
    outer loop
      vertex 112.949 0 1.6
      vertex 138 0 0
      vertex 138 0 3
    endloop
  endfacet
  facet normal 0 -1 0
    outer loop
      vertex 97.2509 0 1.6
      vertex 138 0 0
      vertex 112.949 0 1.6
    endloop
  endfacet
  facet normal 1 0 0
    outer loop
      vertex 138 54.7509 3
      vertex 138 0 3
      vertex 138 54.7509 1.6
    endloop
  endfacet
  facet normal 1 0 0
    outer loop
      vertex 138 70.4491 1.6
      vertex 138 83 3
      vertex 138 70.4491 3
    endloop
  endfacet
  facet normal 1 0 0
    outer loop
      vertex 138 83 3
      vertex 138 70.4491 1.6
      vertex 138 83 0
    endloop
  endfacet
  facet normal 1 -0 0
    outer loop
      vertex 138 54.7509 1.6
      vertex 138 83 0
      vertex 138 70.4491 1.6
    endloop
  endfacet
  facet normal 1 0 0
    outer loop
      vertex 138 0 0
      vertex 138 54.7509 1.6
      vertex 138 0 3
    endloop
  endfacet
  facet normal 1 0 0
    outer loop
      vertex 138 54.7509 1.6
      vertex 138 0 0
      vertex 138 83 0
    endloop
  endfacet
  facet normal 1 -0 0
    outer loop
      vertex 20.2 105.6 3
      vertex 20.2 107.2 0
      vertex 20.2 107.2 3
    endloop
  endfacet
  facet normal 1 0 0
    outer loop
      vertex 20.2 107.2 0
      vertex 20.2 105.6 3
      vertex 20.2 105.6 0
    endloop
  endfacet
  facet normal 0 -1 0
    outer loop
      vertex 20.2 107.2 0
      vertex 23.8 107.2 3
      vertex 20.2 107.2 3
    endloop
  endfacet
  facet normal 0 -1 -0
    outer loop
      vertex 23.8 107.2 3
      vertex 20.2 107.2 0
      vertex 23.8 107.2 0
    endloop
  endfacet
  facet normal -1 0 0
    outer loop
      vertex 23.8 105.6 0
      vertex 23.8 107.2 3
      vertex 23.8 107.2 0
    endloop
  endfacet
  facet normal -1 -0 0
    outer loop
      vertex 23.8 107.2 3
      vertex 23.8 105.6 0
      vertex 23.8 105.6 3
    endloop
  endfacet
  facet normal 0 1 -0
    outer loop
      vertex 23.8 105.6 0
      vertex 20.2 105.6 3
      vertex 23.8 105.6 3
    endloop
  endfacet
  facet normal 0 1 0
    outer loop
      vertex 20.2 105.6 3
      vertex 23.8 105.6 0
      vertex 20.2 105.6 0
    endloop
  endfacet
  facet normal 1 -0 0
    outer loop
      vertex 48.2 105.6 3
      vertex 48.2 107.2 0
      vertex 48.2 107.2 3
    endloop
  endfacet
  facet normal 1 0 0
    outer loop
      vertex 48.2 107.2 0
      vertex 48.2 105.6 3
      vertex 48.2 105.6 0
    endloop
  endfacet
  facet normal 0 -1 0
    outer loop
      vertex 48.2 107.2 0
      vertex 51.8 107.2 3
      vertex 48.2 107.2 3
    endloop
  endfacet
  facet normal 0 -1 -0
    outer loop
      vertex 51.8 107.2 3
      vertex 48.2 107.2 0
      vertex 51.8 107.2 0
    endloop
  endfacet
  facet normal -1 0 0
    outer loop
      vertex 51.8 105.6 0
      vertex 51.8 107.2 3
      vertex 51.8 107.2 0
    endloop
  endfacet
  facet normal -1 -0 0
    outer loop
      vertex 51.8 107.2 3
      vertex 51.8 105.6 0
      vertex 51.8 105.6 3
    endloop
  endfacet
  facet normal 0 1 -0
    outer loop
      vertex 51.8 105.6 0
      vertex 48.2 105.6 3
      vertex 51.8 105.6 3
    endloop
  endfacet
  facet normal 0 1 0
    outer loop
      vertex 48.2 105.6 3
      vertex 51.8 105.6 0
      vertex 48.2 105.6 0
    endloop
  endfacet
  facet normal 1 -0 0
    outer loop
      vertex 20.2 80.8 3
      vertex 20.2 82.4 0
      vertex 20.2 82.4 3
    endloop
  endfacet
  facet normal 1 0 0
    outer loop
      vertex 20.2 82.4 0
      vertex 20.2 80.8 3
      vertex 20.2 80.8 0
    endloop
  endfacet
  facet normal 0 -1 0
    outer loop
      vertex 20.2 82.4 0
      vertex 23.8 82.4 3
      vertex 20.2 82.4 3
    endloop
  endfacet
  facet normal 0 -1 -0
    outer loop
      vertex 23.8 82.4 3
      vertex 20.2 82.4 0
      vertex 23.8 82.4 0
    endloop
  endfacet
  facet normal -1 0 0
    outer loop
      vertex 23.8 80.8 0
      vertex 23.8 82.4 3
      vertex 23.8 82.4 0
    endloop
  endfacet
  facet normal -1 -0 0
    outer loop
      vertex 23.8 82.4 3
      vertex 23.8 80.8 0
      vertex 23.8 80.8 3
    endloop
  endfacet
  facet normal 0 1 -0
    outer loop
      vertex 23.8 80.8 0
      vertex 20.2 80.8 3
      vertex 23.8 80.8 3
    endloop
  endfacet
  facet normal 0 1 0
    outer loop
      vertex 20.2 80.8 3
      vertex 23.8 80.8 0
      vertex 20.2 80.8 0
    endloop
  endfacet
  facet normal 1 -0 0
    outer loop
      vertex 48.2 80.8 3
      vertex 48.2 82.4 0
      vertex 48.2 82.4 3
    endloop
  endfacet
  facet normal 1 0 0
    outer loop
      vertex 48.2 82.4 0
      vertex 48.2 80.8 3
      vertex 48.2 80.8 0
    endloop
  endfacet
  facet normal 0 -1 0
    outer loop
      vertex 48.2 82.4 0
      vertex 51.8 82.4 3
      vertex 48.2 82.4 3
    endloop
  endfacet
  facet normal 0 -1 -0
    outer loop
      vertex 51.8 82.4 3
      vertex 48.2 82.4 0
      vertex 51.8 82.4 0
    endloop
  endfacet
  facet normal -1 0 0
    outer loop
      vertex 51.8 80.8 0
      vertex 51.8 82.4 3
      vertex 51.8 82.4 0
    endloop
  endfacet
  facet normal -1 -0 0
    outer loop
      vertex 51.8 82.4 3
      vertex 51.8 80.8 0
      vertex 51.8 80.8 3
    endloop
  endfacet
  facet normal 0 1 -0
    outer loop
      vertex 51.8 80.8 0
      vertex 48.2 80.8 3
      vertex 51.8 80.8 3
    endloop
  endfacet
  facet normal 0 1 0
    outer loop
      vertex 48.2 80.8 3
      vertex 51.8 80.8 0
      vertex 48.2 80.8 0
    endloop
  endfacet
  facet normal 0.555559 0.831477 -0
    outer loop
      vertex 10.7788 13.3402 0
      vertex 9.79999 13.9942 1.6
      vertex 10.7788 13.3402 1.6
    endloop
  endfacet
  facet normal 0.555559 0.831477 0
    outer loop
      vertex 9.79999 13.9942 1.6
      vertex 10.7788 13.3402 0
      vertex 9.79999 13.9942 0
    endloop
  endfacet
  facet normal 0.442297 0.896869 -0
    outer loop
      vertex 9.79999 13.9942 0
      vertex 8.74414 14.5149 1.6
      vertex 9.79999 13.9942 1.6
    endloop
  endfacet
  facet normal 0.442297 0.896869 0
    outer loop
      vertex 8.74414 14.5149 1.6
      vertex 9.79999 13.9942 0
      vertex 8.74414 14.5149 0
    endloop
  endfacet
  facet normal 0.321427 0.946934 -0
    outer loop
      vertex 8.74414 14.5149 0
      vertex 7.62936 14.8933 1.6
      vertex 8.74414 14.5149 1.6
    endloop
  endfacet
  facet normal 0.321427 0.946934 0
    outer loop
      vertex 7.62936 14.8933 1.6
      vertex 8.74414 14.5149 0
      vertex 7.62936 14.8933 0
    endloop
  endfacet
  facet normal 0.195109 0.980782 -0
    outer loop
      vertex 7.62936 14.8933 0
      vertex 7 15.0185 1.6
      vertex 7.62936 14.8933 1.6
    endloop
  endfacet
  facet normal 0.195109 0.980782 0
    outer loop
      vertex 7 15.0185 1.6
      vertex 7.62936 14.8933 0
      vertex 7 15.0185 0
    endloop
  endfacet
  facet normal 1 0 0
    outer loop
      vertex 7 68.1968 3
      vertex 7 15.0236 3
      vertex 7 68.1968 1.6
    endloop
  endfacet
  facet normal 1 -0 0
    outer loop
      vertex 7 68.1968 1.6
      vertex 7 68.2019 0
      vertex 7 68.2019 1.6
    endloop
  endfacet
  facet normal 1 0 0
    outer loop
      vertex 7 15.0236 1.6
      vertex 7 68.1968 1.6
      vertex 7 15.0236 3
    endloop
  endfacet
  facet normal 1 0 0
    outer loop
      vertex 7 68.1968 1.6
      vertex 7 15.0236 1.6
      vertex 7 68.2019 0
    endloop
  endfacet
  facet normal 1 0 0
    outer loop
      vertex 7 15.0185 0
      vertex 7 15.0236 1.6
      vertex 7 15.0185 1.6
    endloop
  endfacet
  facet normal 1 0 0
    outer loop
      vertex 7 15.0236 1.6
      vertex 7 15.0185 0
      vertex 7 68.2019 0
    endloop
  endfacet
  facet normal 0.195134 -0.980777 0
    outer loop
      vertex 7 68.2019 0
      vertex 8.02936 68.4067 1.6
      vertex 7 68.2019 1.6
    endloop
  endfacet
  facet normal 0.195134 -0.980777 0
    outer loop
      vertex 8.02936 68.4067 1.6
      vertex 7 68.2019 0
      vertex 8.02936 68.4067 0
    endloop
  endfacet
  facet normal 0.321424 -0.946935 0
    outer loop
      vertex 8.02936 68.4067 0
      vertex 9.14415 68.7851 1.6
      vertex 8.02936 68.4067 1.6
    endloop
  endfacet
  facet normal 0.321424 -0.946935 0
    outer loop
      vertex 9.14415 68.7851 1.6
      vertex 8.02936 68.4067 0
      vertex 9.14415 68.7851 0
    endloop
  endfacet
  facet normal 0.442297 -0.896869 0
    outer loop
      vertex 9.14415 68.7851 0
      vertex 10.2 69.3058 1.6
      vertex 9.14415 68.7851 1.6
    endloop
  endfacet
  facet normal 0.442297 -0.896869 0
    outer loop
      vertex 10.2 69.3058 1.6
      vertex 9.14415 68.7851 0
      vertex 10.2 69.3058 0
    endloop
  endfacet
  facet normal 0.555562 -0.831475 0
    outer loop
      vertex 10.2 69.3058 0
      vertex 11.1788 69.9598 1.6
      vertex 10.2 69.3058 1.6
    endloop
  endfacet
  facet normal 0.555562 -0.831475 0
    outer loop
      vertex 11.1788 69.9598 1.6
      vertex 10.2 69.3058 0
      vertex 11.1788 69.9598 0
    endloop
  endfacet
  facet normal 0.65934 -0.751845 0
    outer loop
      vertex 11.1788 69.9598 0
      vertex 12.0639 70.736 1.6
      vertex 11.1788 69.9598 1.6
    endloop
  endfacet
  facet normal 0.65934 -0.751845 0
    outer loop
      vertex 12.0639 70.736 1.6
      vertex 11.1788 69.9598 0
      vertex 12.0639 70.736 0
    endloop
  endfacet
  facet normal 0.751803 -0.659388 2.35694e-17
    outer loop
      vertex 12.0639 70.736 1.6
      vertex 12.8402 71.6211 0
      vertex 12.8402 71.6211 1.6
    endloop
  endfacet
  facet normal 0.751803 -0.659388 2.35694e-17
    outer loop
      vertex 12.8402 71.6211 0
      vertex 12.0639 70.736 1.6
      vertex 12.0639 70.736 0
    endloop
  endfacet
  facet normal 0.831501 -0.555523 -4.23165e-18
    outer loop
      vertex 12.8402 71.6211 1.6
      vertex 13.4942 72.6 0
      vertex 13.4942 72.6 1.6
    endloop
  endfacet
  facet normal 0.831501 -0.555523 -4.23165e-18
    outer loop
      vertex 13.4942 72.6 0
      vertex 12.8402 71.6211 1.6
      vertex 12.8402 71.6211 0
    endloop
  endfacet
  facet normal 0.89686 -0.442314 -1.14479e-17
    outer loop
      vertex 13.4942 72.6 1.6
      vertex 14.0149 73.6558 0
      vertex 14.0149 73.6558 1.6
    endloop
  endfacet
  facet normal 0.89686 -0.442314 -1.14479e-17
    outer loop
      vertex 14.0149 73.6558 0
      vertex 13.4942 72.6 1.6
      vertex 13.4942 72.6 0
    endloop
  endfacet
  facet normal 0.946964 -0.32134 2.43601e-18
    outer loop
      vertex 14.0149 73.6558 1.6
      vertex 14.1317 74 0
      vertex 14.1317 74 1.6
    endloop
  endfacet
  facet normal 0.946964 -0.32134 2.43601e-18
    outer loop
      vertex 14.1317 74 0
      vertex 14.0149 73.6558 1.6
      vertex 14.0149 73.6558 0
    endloop
  endfacet
  facet normal 0 -1 0
    outer loop
      vertex 14.1317 74 1.6
      vertex 14.1317 74 0
      vertex 14.137 74 1.6
    endloop
  endfacet
  facet normal 0 -1 0
    outer loop
      vertex 14.137 74 1.6
      vertex 29 74 3
      vertex 14.137 74 3
    endloop
  endfacet
  facet normal 0 -1 0
    outer loop
      vertex 29 74 0
      vertex 14.137 74 1.6
      vertex 14.1317 74 0
    endloop
  endfacet
  facet normal 0 -1 0
    outer loop
      vertex 14.137 74 1.6
      vertex 29 74 0
      vertex 29 74 3
    endloop
  endfacet
  facet normal 1 -0 0
    outer loop
      vertex 29 74 3
      vertex 29 76 0
      vertex 29 76 3
    endloop
  endfacet
  facet normal 1 0 0
    outer loop
      vertex 29 76 0
      vertex 29 74 3
      vertex 29 74 0
    endloop
  endfacet
  facet normal 0 -1 0
    outer loop
      vertex 29 76 0
      vertex 70.6806 76 3
      vertex 29 76 3
    endloop
  endfacet
  facet normal 0 -1 -0
    outer loop
      vertex 70.6806 76 3
      vertex 29 76 0
      vertex 70.6806 76 0
    endloop
  endfacet
  facet normal -0.659037 -0.752111 0
    outer loop
      vertex 70.6806 76 0
      vertex 70.7606 75.9299 3
      vertex 70.6806 76 3
    endloop
  endfacet
  facet normal -0.659037 -0.752111 -0
    outer loop
      vertex 70.7606 75.9299 3
      vertex 70.6806 76 0
      vertex 70.7606 75.9299 0
    endloop
  endfacet
  facet normal -0.555562 -0.831475 0
    outer loop
      vertex 70.7606 75.9299 0
      vertex 71.25 75.6029 3
      vertex 70.7606 75.9299 3
    endloop
  endfacet
  facet normal -0.555562 -0.831475 -0
    outer loop
      vertex 71.25 75.6029 3
      vertex 70.7606 75.9299 0
      vertex 71.25 75.6029 0
    endloop
  endfacet
  facet normal -0.442382 -0.896827 0
    outer loop
      vertex 71.25 75.6029 0
      vertex 71.7779 75.3425 3
      vertex 71.25 75.6029 3
    endloop
  endfacet
  facet normal -0.442382 -0.896827 -0
    outer loop
      vertex 71.7779 75.3425 3
      vertex 71.25 75.6029 0
      vertex 71.7779 75.3425 0
    endloop
  endfacet
  facet normal -0.321421 -0.946936 0
    outer loop
      vertex 71.7779 75.3425 0
      vertex 72.3353 75.1533 3
      vertex 71.7779 75.3425 3
    endloop
  endfacet
  facet normal -0.321421 -0.946936 -0
    outer loop
      vertex 72.3353 75.1533 3
      vertex 71.7779 75.3425 0
      vertex 72.3353 75.1533 0
    endloop
  endfacet
  facet normal -0.195038 -0.980796 0
    outer loop
      vertex 72.3353 75.1533 0
      vertex 72.9126 75.0385 3
      vertex 72.3353 75.1533 3
    endloop
  endfacet
  facet normal -0.195038 -0.980796 -0
    outer loop
      vertex 72.9126 75.0385 3
      vertex 72.3353 75.1533 0
      vertex 72.9126 75.0385 0
    endloop
  endfacet
  facet normal -0.0654027 -0.997859 0
    outer loop
      vertex 72.9126 75.0385 0
      vertex 73.5 75 3
      vertex 72.9126 75.0385 3
    endloop
  endfacet
  facet normal -0.0654027 -0.997859 -0
    outer loop
      vertex 73.5 75 3
      vertex 72.9126 75.0385 0
      vertex 73.5 75 0
    endloop
  endfacet
  facet normal 0.0654027 -0.997859 0
    outer loop
      vertex 73.5 75 0
      vertex 74.0874 75.0385 3
      vertex 73.5 75 3
    endloop
  endfacet
  facet normal 0.0654027 -0.997859 0
    outer loop
      vertex 74.0874 75.0385 3
      vertex 73.5 75 0
      vertex 74.0874 75.0385 0
    endloop
  endfacet
  facet normal 0.195038 -0.980796 0
    outer loop
      vertex 74.0874 75.0385 0
      vertex 74.6647 75.1533 3
      vertex 74.0874 75.0385 3
    endloop
  endfacet
  facet normal 0.195038 -0.980796 0
    outer loop
      vertex 74.6647 75.1533 3
      vertex 74.0874 75.0385 0
      vertex 74.6647 75.1533 0
    endloop
  endfacet
  facet normal 0.321421 -0.946936 0
    outer loop
      vertex 74.6647 75.1533 0
      vertex 75.2221 75.3425 3
      vertex 74.6647 75.1533 3
    endloop
  endfacet
  facet normal 0.321421 -0.946936 0
    outer loop
      vertex 75.2221 75.3425 3
      vertex 74.6647 75.1533 0
      vertex 75.2221 75.3425 0
    endloop
  endfacet
  facet normal 0.442382 -0.896827 0
    outer loop
      vertex 75.2221 75.3425 0
      vertex 75.75 75.6029 3
      vertex 75.2221 75.3425 3
    endloop
  endfacet
  facet normal 0.442382 -0.896827 0
    outer loop
      vertex 75.75 75.6029 3
      vertex 75.2221 75.3425 0
      vertex 75.75 75.6029 0
    endloop
  endfacet
  facet normal 0.555562 -0.831475 0
    outer loop
      vertex 75.75 75.6029 0
      vertex 76.2394 75.9299 3
      vertex 75.75 75.6029 3
    endloop
  endfacet
  facet normal 0.555562 -0.831475 0
    outer loop
      vertex 76.2394 75.9299 3
      vertex 75.75 75.6029 0
      vertex 76.2394 75.9299 0
    endloop
  endfacet
  facet normal 0.659037 -0.752111 0
    outer loop
      vertex 76.2394 75.9299 0
      vertex 76.3194 76 3
      vertex 76.2394 75.9299 3
    endloop
  endfacet
  facet normal 0.659037 -0.752111 0
    outer loop
      vertex 76.3194 76 3
      vertex 76.2394 75.9299 0
      vertex 76.3194 76 0
    endloop
  endfacet
  facet normal 0 -1 0
    outer loop
      vertex 76.3194 76 0
      vertex 131 76 3
      vertex 76.3194 76 3
    endloop
  endfacet
  facet normal 0 -1 -0
    outer loop
      vertex 131 76 3
      vertex 76.3194 76 0
      vertex 131 76 0
    endloop
  endfacet
  facet normal -1 0 0
    outer loop
      vertex 131 76 0
      vertex 131 71.2067 1.6
      vertex 131 76 3
    endloop
  endfacet
  facet normal -1 0 0
    outer loop
      vertex 131 71.2015 0
      vertex 131 71.2067 1.6
      vertex 131 76 0
    endloop
  endfacet
  facet normal -1 -0 0
    outer loop
      vertex 131 71.2067 1.6
      vertex 131 71.2015 0
      vertex 131 71.2015 1.6
    endloop
  endfacet
  facet normal -1 -0 0
    outer loop
      vertex 131 76 3
      vertex 131 71.2067 1.6
      vertex 131 71.2067 3
    endloop
  endfacet
  facet normal -0.321541 0.946896 0
    outer loop
      vertex 131 71.2015 0
      vertex 130.156 70.9149 1.6
      vertex 131 71.2015 1.6
    endloop
  endfacet
  facet normal -0.321541 0.946896 0
    outer loop
      vertex 130.156 70.9149 1.6
      vertex 131 71.2015 0
      vertex 130.156 70.9149 0
    endloop
  endfacet
  facet normal -0.442247 0.896893 0
    outer loop
      vertex 130.156 70.9149 0
      vertex 129.1 70.3942 1.6
      vertex 130.156 70.9149 1.6
    endloop
  endfacet
  facet normal -0.442247 0.896893 0
    outer loop
      vertex 129.1 70.3942 1.6
      vertex 130.156 70.9149 0
      vertex 129.1 70.3942 0
    endloop
  endfacet
  facet normal -0.555484 0.831527 0
    outer loop
      vertex 129.1 70.3942 0
      vertex 128.121 69.7402 1.6
      vertex 129.1 70.3942 1.6
    endloop
  endfacet
  facet normal -0.555484 0.831527 0
    outer loop
      vertex 128.121 69.7402 1.6
      vertex 129.1 70.3942 0
      vertex 128.121 69.7402 0
    endloop
  endfacet
  facet normal -0.659382 0.751808 0
    outer loop
      vertex 128.121 69.7402 0
      vertex 127.236 68.964 1.6
      vertex 128.121 69.7402 1.6
    endloop
  endfacet
  facet normal -0.659382 0.751808 0
    outer loop
      vertex 127.236 68.964 1.6
      vertex 128.121 69.7402 0
      vertex 127.236 68.964 0
    endloop
  endfacet
  facet normal -0.751966 0.659202 -1.7865e-17
    outer loop
      vertex 126.46 68.0788 0
      vertex 127.236 68.964 1.6
      vertex 127.236 68.964 0
    endloop
  endfacet
  facet normal -0.751966 0.659202 -1.7865e-17
    outer loop
      vertex 127.236 68.964 1.6
      vertex 126.46 68.0788 0
      vertex 126.46 68.0788 1.6
    endloop
  endfacet
  facet normal -0.831475 0.555562 -1.75254e-17
    outer loop
      vertex 125.806 67.1 0
      vertex 126.46 68.0788 1.6
      vertex 126.46 68.0788 0
    endloop
  endfacet
  facet normal -0.831475 0.555562 -1.75254e-17
    outer loop
      vertex 126.46 68.0788 1.6
      vertex 125.806 67.1 0
      vertex 125.806 67.1 1.6
    endloop
  endfacet
  facet normal -0.896776 0.442485 -1.59888e-17
    outer loop
      vertex 125.285 66.0441 0
      vertex 125.806 67.1 1.6
      vertex 125.806 67.1 0
    endloop
  endfacet
  facet normal -0.896776 0.442485 -1.59888e-17
    outer loop
      vertex 125.806 67.1 1.6
      vertex 125.285 66.0441 0
      vertex 125.285 66.0441 1.6
    endloop
  endfacet
  facet normal -0.947031 0.321143 -1.80081e-18
    outer loop
      vertex 124.907 64.9294 0
      vertex 125.285 66.0441 1.6
      vertex 125.285 66.0441 0
    endloop
  endfacet
  facet normal -0.947031 0.321143 -1.80081e-18
    outer loop
      vertex 125.285 66.0441 1.6
      vertex 124.907 64.9294 0
      vertex 124.907 64.9294 1.6
    endloop
  endfacet
  facet normal -0.980734 0.195348 -4.54694e-18
    outer loop
      vertex 124.677 63.7747 0
      vertex 124.907 64.9294 1.6
      vertex 124.907 64.9294 0
    endloop
  endfacet
  facet normal -0.980734 0.195348 -4.54694e-18
    outer loop
      vertex 124.907 64.9294 1.6
      vertex 124.677 63.7747 0
      vertex 124.677 63.7747 1.6
    endloop
  endfacet
  facet normal -0.997859 0.0654083 -2.81069e-18
    outer loop
      vertex 124.6 62.6 0
      vertex 124.677 63.7747 1.6
      vertex 124.677 63.7747 0
    endloop
  endfacet
  facet normal -0.997859 0.0654083 -2.81069e-18
    outer loop
      vertex 124.677 63.7747 1.6
      vertex 124.6 62.6 0
      vertex 124.6 62.6 1.6
    endloop
  endfacet
  facet normal -0.997619 -0.0689599 2.54525e-19
    outer loop
      vertex 124.609 62.4698 0
      vertex 124.6 62.6 1.6
      vertex 124.6 62.6 0
    endloop
  endfacet
  facet normal -0.997619 -0.0689599 2.54525e-19
    outer loop
      vertex 124.6 62.6 1.6
      vertex 124.609 62.4698 0
      vertex 124.609 62.4698 1.6
    endloop
  endfacet
  facet normal -0.402739 0.915315 0
    outer loop
      vertex 124.609 62.4698 1.6
      vertex 124.609 62.4698 0
      vertex 124.604 62.4676 1.6
    endloop
  endfacet
  facet normal -0.402411 0.915459 0
    outer loop
      vertex 124.604 62.4676 1.6
      vertex 106.18 54.3689 3
      vertex 124.604 62.4676 3
    endloop
  endfacet
  facet normal -0.402411 0.915459 1.22014e-06
    outer loop
      vertex 106.18 54.3689 0
      vertex 124.604 62.4676 1.6
      vertex 124.609 62.4698 0
    endloop
  endfacet
  facet normal -0.402411 0.915459 -1.8851e-16
    outer loop
      vertex 124.604 62.4676 1.6
      vertex 106.18 54.3689 0
      vertex 106.18 54.3689 3
    endloop
  endfacet
  facet normal 0.338719 0.940887 -0
    outer loop
      vertex 106.18 54.3689 0
      vertex 106.165 54.3743 3
      vertex 106.18 54.3689 3
    endloop
  endfacet
  facet normal 0.338719 0.940887 0
    outer loop
      vertex 106.165 54.3743 3
      vertex 106.18 54.3689 0
      vertex 106.165 54.3743 0
    endloop
  endfacet
  facet normal 0.194811 0.980841 -0
    outer loop
      vertex 106.165 54.3743 0
      vertex 105.587 54.4891 3
      vertex 106.165 54.3743 3
    endloop
  endfacet
  facet normal 0.194811 0.980841 0
    outer loop
      vertex 105.587 54.4891 3
      vertex 106.165 54.3743 0
      vertex 105.587 54.4891 0
    endloop
  endfacet
  facet normal 0.0654471 0.997856 -0
    outer loop
      vertex 105.587 54.4891 0
      vertex 105 54.5276 3
      vertex 105.587 54.4891 3
    endloop
  endfacet
  facet normal 0.0654471 0.997856 0
    outer loop
      vertex 105 54.5276 3
      vertex 105.587 54.4891 0
      vertex 105 54.5276 0
    endloop
  endfacet
  facet normal -0.0654471 0.997856 0
    outer loop
      vertex 105 54.5276 0
      vertex 104.413 54.4891 3
      vertex 105 54.5276 3
    endloop
  endfacet
  facet normal -0.0654471 0.997856 0
    outer loop
      vertex 104.413 54.4891 3
      vertex 105 54.5276 0
      vertex 104.413 54.4891 0
    endloop
  endfacet
  facet normal -0.194811 0.980841 0
    outer loop
      vertex 104.413 54.4891 0
      vertex 103.835 54.3743 3
      vertex 104.413 54.4891 3
    endloop
  endfacet
  facet normal -0.194811 0.980841 0
    outer loop
      vertex 103.835 54.3743 3
      vertex 104.413 54.4891 0
      vertex 103.835 54.3743 0
    endloop
  endfacet
  facet normal -0.321781 0.946814 0
    outer loop
      vertex 103.835 54.3743 0
      vertex 103.278 54.185 3
      vertex 103.835 54.3743 3
    endloop
  endfacet
  facet normal -0.321781 0.946814 0
    outer loop
      vertex 103.278 54.185 3
      vertex 103.835 54.3743 0
      vertex 103.278 54.185 0
    endloop
  endfacet
  facet normal -0.442178 0.896927 0
    outer loop
      vertex 103.278 54.185 0
      vertex 102.75 53.9247 3
      vertex 103.278 54.185 3
    endloop
  endfacet
  facet normal -0.442178 0.896927 0
    outer loop
      vertex 102.75 53.9247 3
      vertex 103.278 54.185 0
      vertex 102.75 53.9247 0
    endloop
  endfacet
  facet normal -0.555877 0.831265 0
    outer loop
      vertex 102.75 53.9247 0
      vertex 102.261 53.5977 3
      vertex 102.75 53.9247 3
    endloop
  endfacet
  facet normal -0.555877 0.831265 0
    outer loop
      vertex 102.261 53.5977 3
      vertex 102.75 53.9247 0
      vertex 102.261 53.5977 0
    endloop
  endfacet
  facet normal -0.658961 0.752177 0
    outer loop
      vertex 102.261 53.5977 0
      vertex 101.818 53.2096 3
      vertex 102.261 53.5977 3
    endloop
  endfacet
  facet normal -0.658961 0.752177 0
    outer loop
      vertex 101.818 53.2096 3
      vertex 102.261 53.5977 0
      vertex 101.818 53.2096 0
    endloop
  endfacet
  facet normal -0.751966 0.659202 1.34743e-18
    outer loop
      vertex 101.43 52.767 0
      vertex 101.818 53.2096 3
      vertex 101.818 53.2096 0
    endloop
  endfacet
  facet normal -0.751966 0.659202 1.34743e-18
    outer loop
      vertex 101.818 53.2096 3
      vertex 101.43 52.767 0
      vertex 101.43 52.767 3
    endloop
  endfacet
  facet normal -0.831475 0.555562 4.33019e-18
    outer loop
      vertex 101.103 52.2776 0
      vertex 101.43 52.767 3
      vertex 101.43 52.767 0
    endloop
  endfacet
  facet normal -0.831475 0.555562 4.33019e-18
    outer loop
      vertex 101.43 52.767 3
      vertex 101.103 52.2776 0
      vertex 101.103 52.2776 3
    endloop
  endfacet
  facet normal -0.896214 0.443621 -2.09964e-18
    outer loop
      vertex 101.014 52.0978 0
      vertex 101.103 52.2776 3
      vertex 101.103 52.2776 0
    endloop
  endfacet
  facet normal -0.896214 0.443621 -2.09964e-18
    outer loop
      vertex 101.103 52.2776 3
      vertex 101.014 52.0978 0
      vertex 101.014 52.0978 3
    endloop
  endfacet
  facet normal -0.402428 0.915452 -1.61781e-15
    outer loop
      vertex 101.014 52.0978 3
      vertex 11.4746 12.7367 1.6
      vertex 11.4746 12.7367 3
    endloop
  endfacet
  facet normal -0.402428 0.915452 0
    outer loop
      vertex 101.014 52.0978 0
      vertex 11.4746 12.7367 1.6
      vertex 101.014 52.0978 3
    endloop
  endfacet
  facet normal -0.402428 0.915452 2.39927e-05
    outer loop
      vertex 11.4695 12.7345 0
      vertex 11.4746 12.7367 1.6
      vertex 101.014 52.0978 0
    endloop
  endfacet
  facet normal -0.396091 0.918211 5.25731e-20
    outer loop
      vertex 11.4746 12.7367 1.6
      vertex 11.4695 12.7345 0
      vertex 11.4695 12.7345 1.6
    endloop
  endfacet
  facet normal 0.659329 0.751855 -0
    outer loop
      vertex 11.4695 12.7345 0
      vertex 10.7788 13.3402 1.6
      vertex 11.4695 12.7345 1.6
    endloop
  endfacet
  facet normal 0.659329 0.751855 0
    outer loop
      vertex 10.7788 13.3402 1.6
      vertex 11.4695 12.7345 0
      vertex 10.7788 13.3402 0
    endloop
  endfacet
  facet normal 1 -0 0
    outer loop
      vertex 29 7 3
      vertex 29 9 0
      vertex 29 9 3
    endloop
  endfacet
  facet normal 1 0 0
    outer loop
      vertex 29 9 0
      vertex 29 7 3
      vertex 29 7 0
    endloop
  endfacet
  facet normal 0 1 -0
    outer loop
      vertex 29 9 0
      vertex 20.3647 9 3
      vertex 29 9 3
    endloop
  endfacet
  facet normal 0 1 0
    outer loop
      vertex 20.3647 9 3
      vertex 29 9 0
      vertex 20.3647 9 0
    endloop
  endfacet
  facet normal 0.402426 -0.915453 0
    outer loop
      vertex 20.3647 9 0
      vertex 103.82 45.6863 3
      vertex 20.3647 9 3
    endloop
  endfacet
  facet normal 0.402426 -0.915453 0
    outer loop
      vertex 103.82 45.6863 3
      vertex 20.3647 9 0
      vertex 103.82 45.6863 0
    endloop
  endfacet
  facet normal -0.338719 -0.940887 0
    outer loop
      vertex 103.82 45.6863 0
      vertex 103.835 45.6809 3
      vertex 103.82 45.6863 3
    endloop
  endfacet
  facet normal -0.338719 -0.940887 -0
    outer loop
      vertex 103.835 45.6809 3
      vertex 103.82 45.6863 0
      vertex 103.835 45.6809 0
    endloop
  endfacet
  facet normal -0.194811 -0.980841 0
    outer loop
      vertex 103.835 45.6809 0
      vertex 104.413 45.5661 3
      vertex 103.835 45.6809 3
    endloop
  endfacet
  facet normal -0.194811 -0.980841 -0
    outer loop
      vertex 104.413 45.5661 3
      vertex 103.835 45.6809 0
      vertex 104.413 45.5661 0
    endloop
  endfacet
  facet normal -0.0654471 -0.997856 0
    outer loop
      vertex 104.413 45.5661 0
      vertex 105 45.5276 3
      vertex 104.413 45.5661 3
    endloop
  endfacet
  facet normal -0.0654471 -0.997856 -0
    outer loop
      vertex 105 45.5276 3
      vertex 104.413 45.5661 0
      vertex 105 45.5276 0
    endloop
  endfacet
  facet normal 0.0654471 -0.997856 0
    outer loop
      vertex 105 45.5276 0
      vertex 105.587 45.5661 3
      vertex 105 45.5276 3
    endloop
  endfacet
  facet normal 0.0654471 -0.997856 0
    outer loop
      vertex 105.587 45.5661 3
      vertex 105 45.5276 0
      vertex 105.587 45.5661 0
    endloop
  endfacet
  facet normal 0.194811 -0.980841 0
    outer loop
      vertex 105.587 45.5661 0
      vertex 106.165 45.6809 3
      vertex 105.587 45.5661 3
    endloop
  endfacet
  facet normal 0.194811 -0.980841 0
    outer loop
      vertex 106.165 45.6809 3
      vertex 105.587 45.5661 0
      vertex 106.165 45.6809 0
    endloop
  endfacet
  facet normal 0.321628 -0.946866 0
    outer loop
      vertex 106.165 45.6809 0
      vertex 106.722 45.8701 3
      vertex 106.165 45.6809 3
    endloop
  endfacet
  facet normal 0.321628 -0.946866 0
    outer loop
      vertex 106.722 45.8701 3
      vertex 106.165 45.6809 0
      vertex 106.722 45.8701 0
    endloop
  endfacet
  facet normal 0.442315 -0.89686 0
    outer loop
      vertex 106.722 45.8701 0
      vertex 107.25 46.1305 3
      vertex 106.722 45.8701 3
    endloop
  endfacet
  facet normal 0.442315 -0.89686 0
    outer loop
      vertex 107.25 46.1305 3
      vertex 106.722 45.8701 0
      vertex 107.25 46.1305 0
    endloop
  endfacet
  facet normal 0.555877 -0.831265 0
    outer loop
      vertex 107.25 46.1305 0
      vertex 107.739 46.4575 3
      vertex 107.25 46.1305 3
    endloop
  endfacet
  facet normal 0.555877 -0.831265 0
    outer loop
      vertex 107.739 46.4575 3
      vertex 107.25 46.1305 0
      vertex 107.739 46.4575 0
    endloop
  endfacet
  facet normal 0.658961 -0.752177 0
    outer loop
      vertex 107.739 46.4575 0
      vertex 108.182 46.8456 3
      vertex 107.739 46.4575 3
    endloop
  endfacet
  facet normal 0.658961 -0.752177 0
    outer loop
      vertex 108.182 46.8456 3
      vertex 107.739 46.4575 0
      vertex 108.182 46.8456 0
    endloop
  endfacet
  facet normal 0.751966 -0.659202 6.50315e-18
    outer loop
      vertex 108.182 46.8456 3
      vertex 108.57 47.2882 0
      vertex 108.57 47.2882 3
    endloop
  endfacet
  facet normal 0.751966 -0.659202 6.50315e-18
    outer loop
      vertex 108.57 47.2882 0
      vertex 108.182 46.8456 3
      vertex 108.182 46.8456 0
    endloop
  endfacet
  facet normal 0.831475 -0.555562 -6.86146e-18
    outer loop
      vertex 108.57 47.2882 3
      vertex 108.897 47.7776 0
      vertex 108.897 47.7776 3
    endloop
  endfacet
  facet normal 0.831475 -0.555562 -6.86146e-18
    outer loop
      vertex 108.897 47.7776 0
      vertex 108.57 47.2882 3
      vertex 108.57 47.2882 0
    endloop
  endfacet
  facet normal 0.896116 -0.443819 1.63257e-18
    outer loop
      vertex 108.897 47.7776 3
      vertex 108.986 47.9573 0
      vertex 108.986 47.9573 3
    endloop
  endfacet
  facet normal 0.896116 -0.443819 1.63257e-18
    outer loop
      vertex 108.986 47.9573 0
      vertex 108.897 47.7776 3
      vertex 108.897 47.7776 0
    endloop
  endfacet
  facet normal 0.402441 -0.915446 2.09101e-16
    outer loop
      vertex 108.986 47.9573 3
      vertex 127.425 56.0633 1.6
      vertex 127.425 56.0633 3
    endloop
  endfacet
  facet normal 0.402441 -0.915446 0
    outer loop
      vertex 108.986 47.9573 0
      vertex 127.425 56.0633 1.6
      vertex 108.986 47.9573 3
    endloop
  endfacet
  facet normal 0.402441 -0.915446 -1.11056e-06
    outer loop
      vertex 127.43 56.0655 0
      vertex 127.425 56.0633 1.6
      vertex 108.986 47.9573 0
    endloop
  endfacet
  facet normal 0.402739 -0.915315 -4.71381e-22
    outer loop
      vertex 127.425 56.0633 1.6
      vertex 127.43 56.0655 0
      vertex 127.43 56.0655 1.6
    endloop
  endfacet
  facet normal -0.659167 -0.751997 0
    outer loop
      vertex 127.43 56.0655 0
      vertex 128.121 55.4598 1.6
      vertex 127.43 56.0655 1.6
    endloop
  endfacet
  facet normal -0.659167 -0.751997 -0
    outer loop
      vertex 128.121 55.4598 1.6
      vertex 127.43 56.0655 0
      vertex 128.121 55.4598 0
    endloop
  endfacet
  facet normal -0.555484 -0.831527 0
    outer loop
      vertex 128.121 55.4598 0
      vertex 129.1 54.8058 1.6
      vertex 128.121 55.4598 1.6
    endloop
  endfacet
  facet normal -0.555484 -0.831527 -0
    outer loop
      vertex 129.1 54.8058 1.6
      vertex 128.121 55.4598 0
      vertex 129.1 54.8058 0
    endloop
  endfacet
  facet normal -0.442247 -0.896893 0
    outer loop
      vertex 129.1 54.8058 0
      vertex 130.156 54.2851 1.6
      vertex 129.1 54.8058 1.6
    endloop
  endfacet
  facet normal -0.442247 -0.896893 -0
    outer loop
      vertex 130.156 54.2851 1.6
      vertex 129.1 54.8058 0
      vertex 130.156 54.2851 0
    endloop
  endfacet
  facet normal -0.321541 -0.946896 0
    outer loop
      vertex 130.156 54.2851 0
      vertex 131 53.9985 1.6
      vertex 130.156 54.2851 1.6
    endloop
  endfacet
  facet normal -0.321541 -0.946896 -0
    outer loop
      vertex 131 53.9985 1.6
      vertex 130.156 54.2851 0
      vertex 131 53.9985 0
    endloop
  endfacet
  facet normal -1 0 0
    outer loop
      vertex 131 53.9985 0
      vertex 131 53.9933 1.6
      vertex 131 53.9985 1.6
    endloop
  endfacet
  facet normal -1 0 0
    outer loop
      vertex 131 7 0
      vertex 131 53.9933 1.6
      vertex 131 53.9985 0
    endloop
  endfacet
  facet normal -1 0 0
    outer loop
      vertex 131 7 3
      vertex 131 53.9933 1.6
      vertex 131 7 0
    endloop
  endfacet
  facet normal -1 0 0
    outer loop
      vertex 131 53.9933 1.6
      vertex 131 7 3
      vertex 131 53.9933 3
    endloop
  endfacet
  facet normal 0 1 0
    outer loop
      vertex 131 7 3
      vertex 113.707 7 1.6
      vertex 113.707 7 3
    endloop
  endfacet
  facet normal 0 1 -0
    outer loop
      vertex 131 7 0
      vertex 113.707 7 1.6
      vertex 131 7 3
    endloop
  endfacet
  facet normal 0 1 0
    outer loop
      vertex 113.701 7 0
      vertex 113.707 7 1.6
      vertex 131 7 0
    endloop
  endfacet
  facet normal 0 1 0
    outer loop
      vertex 113.707 7 1.6
      vertex 113.701 7 0
      vertex 113.701 7 1.6
    endloop
  endfacet
  facet normal 0.947118 0.320886 3.13629e-18
    outer loop
      vertex 113.701 7 1.6
      vertex 113.415 7.84415 0
      vertex 113.415 7.84415 1.6
    endloop
  endfacet
  facet normal 0.947118 0.320886 3.13629e-18
    outer loop
      vertex 113.415 7.84415 0
      vertex 113.701 7 1.6
      vertex 113.701 7 0
    endloop
  endfacet
  facet normal 0.896766 0.442505 -1.42982e-18
    outer loop
      vertex 113.415 7.84415 1.6
      vertex 112.894 8.89999 0
      vertex 112.894 8.89999 1.6
    endloop
  endfacet
  facet normal 0.896766 0.442505 -1.42982e-18
    outer loop
      vertex 112.894 8.89999 0
      vertex 113.415 7.84415 1.6
      vertex 113.415 7.84415 0
    endloop
  endfacet
  facet normal 0.831491 0.555539 -1.5254e-17
    outer loop
      vertex 112.894 8.89999 1.6
      vertex 112.24 9.87885 0
      vertex 112.24 9.87885 1.6
    endloop
  endfacet
  facet normal 0.831491 0.555539 -1.5254e-17
    outer loop
      vertex 112.24 9.87885 0
      vertex 112.894 8.89999 1.6
      vertex 112.894 8.89999 0
    endloop
  endfacet
  facet normal 0.751911 0.659265 -2.38391e-17
    outer loop
      vertex 112.24 9.87885 1.6
      vertex 111.464 10.7639 0
      vertex 111.464 10.7639 1.6
    endloop
  endfacet
  facet normal 0.751911 0.659265 -2.38391e-17
    outer loop
      vertex 111.464 10.7639 0
      vertex 112.24 9.87885 1.6
      vertex 112.24 9.87885 0
    endloop
  endfacet
  facet normal 0.65943 0.751766 -0
    outer loop
      vertex 111.464 10.7639 0
      vertex 110.579 11.5402 1.6
      vertex 111.464 10.7639 1.6
    endloop
  endfacet
  facet normal 0.65943 0.751766 0
    outer loop
      vertex 110.579 11.5402 1.6
      vertex 111.464 10.7639 0
      vertex 110.579 11.5402 0
    endloop
  endfacet
  facet normal 0.555484 0.831527 -0
    outer loop
      vertex 110.579 11.5402 0
      vertex 109.6 12.1942 1.6
      vertex 110.579 11.5402 1.6
    endloop
  endfacet
  facet normal 0.555484 0.831527 0
    outer loop
      vertex 109.6 12.1942 1.6
      vertex 110.579 11.5402 0
      vertex 109.6 12.1942 0
    endloop
  endfacet
  facet normal 0.442247 0.896893 -0
    outer loop
      vertex 109.6 12.1942 0
      vertex 108.544 12.7149 1.6
      vertex 109.6 12.1942 1.6
    endloop
  endfacet
  facet normal 0.442247 0.896893 0
    outer loop
      vertex 108.544 12.7149 1.6
      vertex 109.6 12.1942 0
      vertex 108.544 12.7149 0
    endloop
  endfacet
  facet normal 0.32137 0.946954 -0
    outer loop
      vertex 108.544 12.7149 0
      vertex 107.429 13.0933 1.6
      vertex 108.544 12.7149 1.6
    endloop
  endfacet
  facet normal 0.32137 0.946954 0
    outer loop
      vertex 107.429 13.0933 1.6
      vertex 108.544 12.7149 0
      vertex 107.429 13.0933 0
    endloop
  endfacet
  facet normal 0.195217 0.98076 -0
    outer loop
      vertex 107.429 13.0933 0
      vertex 106.275 13.323 1.6
      vertex 107.429 13.0933 1.6
    endloop
  endfacet
  facet normal 0.195217 0.98076 0
    outer loop
      vertex 106.275 13.323 1.6
      vertex 107.429 13.0933 0
      vertex 106.275 13.323 0
    endloop
  endfacet
  facet normal 0.0653917 0.99786 -0
    outer loop
      vertex 106.275 13.323 0
      vertex 105.1 13.4 1.6
      vertex 106.275 13.323 1.6
    endloop
  endfacet
  facet normal 0.0653917 0.99786 0
    outer loop
      vertex 105.1 13.4 1.6
      vertex 106.275 13.323 0
      vertex 105.1 13.4 0
    endloop
  endfacet
  facet normal -0.0653917 0.99786 0
    outer loop
      vertex 105.1 13.4 0
      vertex 103.925 13.323 1.6
      vertex 105.1 13.4 1.6
    endloop
  endfacet
  facet normal -0.0653917 0.99786 0
    outer loop
      vertex 103.925 13.323 1.6
      vertex 105.1 13.4 0
      vertex 103.925 13.323 0
    endloop
  endfacet
  facet normal -0.195217 0.98076 0
    outer loop
      vertex 103.925 13.323 0
      vertex 102.771 13.0933 1.6
      vertex 103.925 13.323 1.6
    endloop
  endfacet
  facet normal -0.195217 0.98076 0
    outer loop
      vertex 102.771 13.0933 1.6
      vertex 103.925 13.323 0
      vertex 102.771 13.0933 0
    endloop
  endfacet
  facet normal -0.32137 0.946954 0
    outer loop
      vertex 102.771 13.0933 0
      vertex 101.656 12.7149 1.6
      vertex 102.771 13.0933 1.6
    endloop
  endfacet
  facet normal -0.32137 0.946954 0
    outer loop
      vertex 101.656 12.7149 1.6
      vertex 102.771 13.0933 0
      vertex 101.656 12.7149 0
    endloop
  endfacet
  facet normal -0.442247 0.896893 0
    outer loop
      vertex 101.656 12.7149 0
      vertex 100.6 12.1942 1.6
      vertex 101.656 12.7149 1.6
    endloop
  endfacet
  facet normal -0.442247 0.896893 0
    outer loop
      vertex 100.6 12.1942 1.6
      vertex 101.656 12.7149 0
      vertex 100.6 12.1942 0
    endloop
  endfacet
  facet normal -0.555523 0.831501 0
    outer loop
      vertex 100.6 12.1942 0
      vertex 99.6211 11.5402 1.6
      vertex 100.6 12.1942 1.6
    endloop
  endfacet
  facet normal -0.555523 0.831501 0
    outer loop
      vertex 99.6211 11.5402 1.6
      vertex 100.6 12.1942 0
      vertex 99.6211 11.5402 0
    endloop
  endfacet
  facet normal -0.659388 0.751803 0
    outer loop
      vertex 99.6211 11.5402 0
      vertex 98.736 10.7639 1.6
      vertex 99.6211 11.5402 1.6
    endloop
  endfacet
  facet normal -0.659388 0.751803 0
    outer loop
      vertex 98.736 10.7639 1.6
      vertex 99.6211 11.5402 0
      vertex 98.736 10.7639 0
    endloop
  endfacet
  facet normal -0.751826 0.659361 2.01568e-18
    outer loop
      vertex 97.9598 9.87885 0
      vertex 98.736 10.7639 1.6
      vertex 98.736 10.7639 0
    endloop
  endfacet
  facet normal -0.751826 0.659361 2.01568e-18
    outer loop
      vertex 98.736 10.7639 1.6
      vertex 97.9598 9.87885 0
      vertex 97.9598 9.87885 1.6
    endloop
  endfacet
  facet normal -0.831491 0.555539 -2.07975e-18
    outer loop
      vertex 97.3058 8.89999 0
      vertex 97.9598 9.87885 1.6
      vertex 97.9598 9.87885 0
    endloop
  endfacet
  facet normal -0.831491 0.555539 -2.07975e-18
    outer loop
      vertex 97.9598 9.87885 1.6
      vertex 97.3058 8.89999 0
      vertex 97.3058 8.89999 1.6
    endloop
  endfacet
  facet normal -0.896867 0.442301 -1.53484e-17
    outer loop
      vertex 96.7851 7.84415 0
      vertex 97.3058 8.89999 1.6
      vertex 97.3058 8.89999 0
    endloop
  endfacet
  facet normal -0.896867 0.442301 -1.53484e-17
    outer loop
      vertex 97.3058 8.89999 1.6
      vertex 96.7851 7.84415 0
      vertex 96.7851 7.84415 1.6
    endloop
  endfacet
  facet normal -0.946913 0.321489 9.17509e-18
    outer loop
      vertex 96.4985 7 0
      vertex 96.7851 7.84415 1.6
      vertex 96.7851 7.84415 0
    endloop
  endfacet
  facet normal -0.946913 0.321489 9.17509e-18
    outer loop
      vertex 96.7851 7.84415 1.6
      vertex 96.4985 7 0
      vertex 96.4985 7 1.6
    endloop
  endfacet
  facet normal 0 1 0
    outer loop
      vertex 96.4985 7 1.6
      vertex 96.4985 7 0
      vertex 96.4933 7 1.6
    endloop
  endfacet
  facet normal 0 1 -0
    outer loop
      vertex 96.4933 7 1.6
      vertex 63.8193 7 3
      vertex 96.4933 7 3
    endloop
  endfacet
  facet normal 0 1 0
    outer loop
      vertex 63.8193 7 0
      vertex 96.4933 7 1.6
      vertex 96.4985 7 0
    endloop
  endfacet
  facet normal 0 1 0
    outer loop
      vertex 96.4933 7 1.6
      vertex 63.8193 7 0
      vertex 63.8193 7 3
    endloop
  endfacet
  facet normal 0.659397 0.751795 -0
    outer loop
      vertex 63.8193 7 0
      vertex 63.7394 7.07008 3
      vertex 63.8193 7 3
    endloop
  endfacet
  facet normal 0.659397 0.751795 0
    outer loop
      vertex 63.7394 7.07008 3
      vertex 63.8193 7 0
      vertex 63.7394 7.07008 0
    endloop
  endfacet
  facet normal 0.555598 0.831451 -0
    outer loop
      vertex 63.7394 7.07008 0
      vertex 63.25 7.39711 3
      vertex 63.7394 7.07008 3
    endloop
  endfacet
  facet normal 0.555598 0.831451 0
    outer loop
      vertex 63.25 7.39711 3
      vertex 63.7394 7.07008 0
      vertex 63.25 7.39711 0
    endloop
  endfacet
  facet normal 0.442314 0.89686 -0
    outer loop
      vertex 63.25 7.39711 0
      vertex 62.7221 7.65746 3
      vertex 63.25 7.39711 3
    endloop
  endfacet
  facet normal 0.442314 0.89686 0
    outer loop
      vertex 62.7221 7.65746 3
      vertex 63.25 7.39711 0
      vertex 62.7221 7.65746 0
    endloop
  endfacet
  facet normal 0.321421 0.946936 -0
    outer loop
      vertex 62.7221 7.65746 0
      vertex 62.1647 7.84666 3
      vertex 62.7221 7.65746 3
    endloop
  endfacet
  facet normal 0.321421 0.946936 0
    outer loop
      vertex 62.1647 7.84666 3
      vertex 62.7221 7.65746 0
      vertex 62.1647 7.84666 0
    endloop
  endfacet
  facet normal 0.195087 0.980786 -0
    outer loop
      vertex 62.1647 7.84666 0
      vertex 61.5874 7.96149 3
      vertex 62.1647 7.84666 3
    endloop
  endfacet
  facet normal 0.195087 0.980786 0
    outer loop
      vertex 61.5874 7.96149 3
      vertex 62.1647 7.84666 0
      vertex 61.5874 7.96149 0
    endloop
  endfacet
  facet normal 0.0654197 0.997858 -0
    outer loop
      vertex 61.5874 7.96149 0
      vertex 61 8 3
      vertex 61.5874 7.96149 3
    endloop
  endfacet
  facet normal 0.0654197 0.997858 0
    outer loop
      vertex 61 8 3
      vertex 61.5874 7.96149 0
      vertex 61 8 0
    endloop
  endfacet
  facet normal -0.0654197 0.997858 0
    outer loop
      vertex 61 8 0
      vertex 60.4126 7.96149 3
      vertex 61 8 3
    endloop
  endfacet
  facet normal -0.0654197 0.997858 0
    outer loop
      vertex 60.4126 7.96149 3
      vertex 61 8 0
      vertex 60.4126 7.96149 0
    endloop
  endfacet
  facet normal -0.195087 0.980786 0
    outer loop
      vertex 60.4126 7.96149 0
      vertex 59.8353 7.84666 3
      vertex 60.4126 7.96149 3
    endloop
  endfacet
  facet normal -0.195087 0.980786 0
    outer loop
      vertex 59.8353 7.84666 3
      vertex 60.4126 7.96149 0
      vertex 59.8353 7.84666 0
    endloop
  endfacet
  facet normal -0.321421 0.946936 0
    outer loop
      vertex 59.8353 7.84666 0
      vertex 59.2779 7.65746 3
      vertex 59.8353 7.84666 3
    endloop
  endfacet
  facet normal -0.321421 0.946936 0
    outer loop
      vertex 59.2779 7.65746 3
      vertex 59.8353 7.84666 0
      vertex 59.2779 7.65746 0
    endloop
  endfacet
  facet normal -0.442314 0.89686 0
    outer loop
      vertex 59.2779 7.65746 0
      vertex 58.75 7.39711 3
      vertex 59.2779 7.65746 3
    endloop
  endfacet
  facet normal -0.442314 0.89686 0
    outer loop
      vertex 58.75 7.39711 3
      vertex 59.2779 7.65746 0
      vertex 58.75 7.39711 0
    endloop
  endfacet
  facet normal -0.555598 0.831451 0
    outer loop
      vertex 58.75 7.39711 0
      vertex 58.2606 7.07008 3
      vertex 58.75 7.39711 3
    endloop
  endfacet
  facet normal -0.555598 0.831451 0
    outer loop
      vertex 58.2606 7.07008 3
      vertex 58.75 7.39711 0
      vertex 58.2606 7.07008 0
    endloop
  endfacet
  facet normal -0.658931 0.752204 0
    outer loop
      vertex 58.2606 7.07008 0
      vertex 58.1806 7 3
      vertex 58.2606 7.07008 3
    endloop
  endfacet
  facet normal -0.658931 0.752204 0
    outer loop
      vertex 58.1806 7 3
      vertex 58.2606 7.07008 0
      vertex 58.1806 7 0
    endloop
  endfacet
  facet normal 0 1 -0
    outer loop
      vertex 58.1806 7 0
      vertex 29 7 3
      vertex 58.1806 7 3
    endloop
  endfacet
  facet normal 0 1 0
    outer loop
      vertex 29 7 3
      vertex 58.1806 7 0
      vertex 29 7 0
    endloop
  endfacet
endsolid OpenSCAD_Model
