solid OpenSCAD_Model
  facet normal -1 0 0
    outer loop
      vertex 72.9 16.5 0
      vertex 72.9 19.8 2.5
      vertex 72.9 19.8 0
    endloop
  endfacet
  facet normal -1 -0 0
    outer loop
      vertex 72.9 19.8 2.5
      vertex 72.9 16.5 0
      vertex 72.9 16.5 2.5
    endloop
  endfacet
  facet normal 1 -0 0
    outer loop
      vertex 71.3 16.2 2.5
      vertex 71.3 19.8 0
      vertex 71.3 19.8 2.5
    endloop
  endfacet
  facet normal 1 0 0
    outer loop
      vertex 71.3 19.8 0
      vertex 71.3 16.2 2.5
      vertex 71.3 16.2 0
    endloop
  endfacet
  facet normal 0 -1 0
    outer loop
      vertex 71.3 19.8 0
      vertex 72.9 19.8 2.5
      vertex 71.3 19.8 2.5
    endloop
  endfacet
  facet normal 0 -1 -0
    outer loop
      vertex 72.9 19.8 2.5
      vertex 71.3 19.8 0
      vertex 72.9 19.8 0
    endloop
  endfacet
  facet normal 0 1 -0
    outer loop
      vertex 72 16.2 0
      vertex 71.3 16.2 2.5
      vertex 72 16.2 2.5
    endloop
  endfacet
  facet normal 0 1 0
    outer loop
      vertex 71.3 16.2 2.5
      vertex 72 16.2 0
      vertex 71.3 16.2 0
    endloop
  endfacet
  facet normal -1 0 0
    outer loop
      vertex 102.7 16.2 0
      vertex 102.7 19.8 2.5
      vertex 102.7 19.8 0
    endloop
  endfacet
  facet normal -1 -0 0
    outer loop
      vertex 102.7 19.8 2.5
      vertex 102.7 16.2 0
      vertex 102.7 16.2 2.5
    endloop
  endfacet
  facet normal 1 -0 0
    outer loop
      vertex 101.1 16.5 2.5
      vertex 101.1 19.8 0
      vertex 101.1 19.8 2.5
    endloop
  endfacet
  facet normal 1 0 0
    outer loop
      vertex 101.1 19.8 0
      vertex 101.1 16.5 2.5
      vertex 101.1 16.5 0
    endloop
  endfacet
  facet normal 0 -1 0
    outer loop
      vertex 101.1 19.8 0
      vertex 102.7 19.8 2.5
      vertex 101.1 19.8 2.5
    endloop
  endfacet
  facet normal 0 -1 -0
    outer loop
      vertex 102.7 19.8 2.5
      vertex 101.1 19.8 0
      vertex 102.7 19.8 0
    endloop
  endfacet
  facet normal 0 1 -0
    outer loop
      vertex 102.7 16.2 0
      vertex 102 16.2 2.5
      vertex 102.7 16.2 2.5
    endloop
  endfacet
  facet normal 0 1 0
    outer loop
      vertex 102 16.2 2.5
      vertex 102.7 16.2 0
      vertex 102 16.2 0
    endloop
  endfacet
  facet normal -1 0 0
    outer loop
      vertex 72.9 42.2 0
      vertex 72.9 45.8 2.5
      vertex 72.9 45.8 0
    endloop
  endfacet
  facet normal -1 -0 0
    outer loop
      vertex 72.9 45.8 2.5
      vertex 72.9 42.2 0
      vertex 72.9 42.2 2.5
    endloop
  endfacet
  facet normal 1 -0 0
    outer loop
      vertex 71.3 42.2 2.5
      vertex 71.3 45.8 0
      vertex 71.3 45.8 2.5
    endloop
  endfacet
  facet normal 1 0 0
    outer loop
      vertex 71.3 45.8 0
      vertex 71.3 42.2 2.5
      vertex 71.3 42.2 0
    endloop
  endfacet
  facet normal 0 -1 0
    outer loop
      vertex 71.3 45.8 0
      vertex 72.9 45.8 2.5
      vertex 71.3 45.8 2.5
    endloop
  endfacet
  facet normal 0 -1 -0
    outer loop
      vertex 72.9 45.8 2.5
      vertex 71.3 45.8 0
      vertex 72.9 45.8 0
    endloop
  endfacet
  facet normal 0 1 -0
    outer loop
      vertex 72.9 42.2 0
      vertex 71.3 42.2 2.5
      vertex 72.9 42.2 2.5
    endloop
  endfacet
  facet normal 0 1 0
    outer loop
      vertex 71.3 42.2 2.5
      vertex 72.9 42.2 0
      vertex 71.3 42.2 0
    endloop
  endfacet
  facet normal -1 0 0
    outer loop
      vertex 102.7 42.2 0
      vertex 102.7 45.8 2.5
      vertex 102.7 45.8 0
    endloop
  endfacet
  facet normal -1 -0 0
    outer loop
      vertex 102.7 45.8 2.5
      vertex 102.7 42.2 0
      vertex 102.7 42.2 2.5
    endloop
  endfacet
  facet normal 1 -0 0
    outer loop
      vertex 101.1 42.2 2.5
      vertex 101.1 45.8 0
      vertex 101.1 45.8 2.5
    endloop
  endfacet
  facet normal 1 0 0
    outer loop
      vertex 101.1 45.8 0
      vertex 101.1 42.2 2.5
      vertex 101.1 42.2 0
    endloop
  endfacet
  facet normal 0 -1 0
    outer loop
      vertex 101.1 45.8 0
      vertex 102.7 45.8 2.5
      vertex 101.1 45.8 2.5
    endloop
  endfacet
  facet normal 0 -1 -0
    outer loop
      vertex 102.7 45.8 2.5
      vertex 101.1 45.8 0
      vertex 102.7 45.8 0
    endloop
  endfacet
  facet normal 0 1 -0
    outer loop
      vertex 102.7 42.2 0
      vertex 101.1 42.2 2.5
      vertex 102.7 42.2 2.5
    endloop
  endfacet
  facet normal 0 1 0
    outer loop
      vertex 101.1 42.2 2.5
      vertex 102.7 42.2 0
      vertex 101.1 42.2 0
    endloop
  endfacet
  facet normal -1 0 0
    outer loop
      vertex 56.8 -11.8 0
      vertex 56.8 -10.2 2.5
      vertex 56.8 -10.2 0
    endloop
  endfacet
  facet normal -1 -0 0
    outer loop
      vertex 56.8 -10.2 2.5
      vertex 56.8 -11.8 0
      vertex 56.8 -11.8 2.5
    endloop
  endfacet
  facet normal 1 -0 0
    outer loop
      vertex 53.2 -11.8 2.5
      vertex 53.2 -10.2 0
      vertex 53.2 -10.2 2.5
    endloop
  endfacet
  facet normal 1 0 0
    outer loop
      vertex 53.2 -10.2 0
      vertex 53.2 -11.8 2.5
      vertex 53.2 -11.8 0
    endloop
  endfacet
  facet normal 0 -1 0
    outer loop
      vertex 53.2 -10.2 0
      vertex 56.8 -10.2 2.5
      vertex 53.2 -10.2 2.5
    endloop
  endfacet
  facet normal 0 -1 -0
    outer loop
      vertex 56.8 -10.2 2.5
      vertex 53.2 -10.2 0
      vertex 56.8 -10.2 0
    endloop
  endfacet
  facet normal 0 1 -0
    outer loop
      vertex 56.8 -11.8 0
      vertex 53.2 -11.8 2.5
      vertex 56.8 -11.8 2.5
    endloop
  endfacet
  facet normal 0 1 0
    outer loop
      vertex 53.2 -11.8 2.5
      vertex 56.8 -11.8 0
      vertex 53.2 -11.8 0
    endloop
  endfacet
  facet normal -1 0 0
    outer loop
      vertex 56.8 -3.8 0
      vertex 56.8 -2.2 2.5
      vertex 56.8 -2.2 0
    endloop
  endfacet
  facet normal -1 -0 0
    outer loop
      vertex 56.8 -2.2 2.5
      vertex 56.8 -3.8 0
      vertex 56.8 -3.8 2.5
    endloop
  endfacet
  facet normal 1 -0 0
    outer loop
      vertex 53.2 -3.8 2.5
      vertex 53.2 -2.2 0
      vertex 53.2 -2.2 2.5
    endloop
  endfacet
  facet normal 1 0 0
    outer loop
      vertex 53.2 -2.2 0
      vertex 53.2 -3.8 2.5
      vertex 53.2 -3.8 0
    endloop
  endfacet
  facet normal 0 -1 0
    outer loop
      vertex 53.2 -2.2 0
      vertex 56.8 -2.2 2.5
      vertex 53.2 -2.2 2.5
    endloop
  endfacet
  facet normal 0 -1 -0
    outer loop
      vertex 56.8 -2.2 2.5
      vertex 53.2 -2.2 0
      vertex 56.8 -2.2 0
    endloop
  endfacet
  facet normal 0 1 -0
    outer loop
      vertex 56.8 -3.8 0
      vertex 53.2 -3.8 2.5
      vertex 56.8 -3.8 2.5
    endloop
  endfacet
  facet normal 0 1 0
    outer loop
      vertex 53.2 -3.8 2.5
      vertex 56.8 -3.8 0
      vertex 53.2 -3.8 0
    endloop
  endfacet
  facet normal 0 0 -1
    outer loop
      vertex 13 -43 0
      vertex 26.5 -41.5 0
      vertex 26.5 -49.5 0
    endloop
  endfacet
  facet normal 0 0 -1
    outer loop
      vertex 26.5 -41.5 0
      vertex 14.223 5.02525 0
      vertex 14.3 6.2 0
    endloop
  endfacet
  facet normal 0 0 -1
    outer loop
      vertex 26.5 -41.5 0
      vertex 13.9933 3.87062 0
      vertex 14.223 5.02525 0
    endloop
  endfacet
  facet normal 0 0 -1
    outer loop
      vertex 26.5 -41.5 0
      vertex 13.6149 2.75584 0
      vertex 13.9933 3.87062 0
    endloop
  endfacet
  facet normal 0 0 -1
    outer loop
      vertex 26.5 -41.5 0
      vertex 13.0942 1.7 0
      vertex 13.6149 2.75584 0
    endloop
  endfacet
  facet normal 0 0 -1
    outer loop
      vertex 13 -43 0
      vertex 26.5 -49.5 0
      vertex 13 -49.5 0
    endloop
  endfacet
  facet normal 0 0 -1
    outer loop
      vertex 10 -1.46057 0
      vertex 26.5 -41.5 0
      vertex 13 -43 0
    endloop
  endfacet
  facet normal 0 0 -1
    outer loop
      vertex 26.5 -41.5 0
      vertex 12.4402 0.721146 0
      vertex 13.0942 1.7 0
    endloop
  endfacet
  facet normal 0 0 -1
    outer loop
      vertex 26.5 -41.5 0
      vertex 11.664 -0.163956 0
      vertex 12.4402 0.721146 0
    endloop
  endfacet
  facet normal 0 0 -1
    outer loop
      vertex 26.5 -41.5 0
      vertex 10.7788 -0.94017 0
      vertex 11.664 -0.163956 0
    endloop
  endfacet
  facet normal 0 0 -1
    outer loop
      vertex 10 -1.46057 0
      vertex 13 -43 0
      vertex 10 -43 0
    endloop
  endfacet
  facet normal 0 0 -1
    outer loop
      vertex 26.5 -41.5 0
      vertex 10 -1.46057 0
      vertex 10.7788 -0.94017 0
    endloop
  endfacet
  facet normal 0 0 -1
    outer loop
      vertex 53.2 -10.2 0
      vertex 56.8 -3.8 0
      vertex 56.8 -10.2 0
    endloop
  endfacet
  facet normal -0 0 -1
    outer loop
      vertex 56.8 -3.8 0
      vertex 53.2 -10.2 0
      vertex 53.2 -3.8 0
    endloop
  endfacet
  facet normal 0 0 -1
    outer loop
      vertex 72.1294 37.7274 0
      vertex 72.9 42.2 0
      vertex 73.1558 37.9315 0
    endloop
  endfacet
  facet normal 0 0 -1
    outer loop
      vertex 72.1294 37.7274 0
      vertex 71.3 42.2 0
      vertex 72.9 42.2 0
    endloop
  endfacet
  facet normal 0 0 -1
    outer loop
      vertex 70.2 36.9282 0
      vertex 71.3 42.2 0
      vertex 71.1385 37.391 0
    endloop
  endfacet
  facet normal 0 0 -1
    outer loop
      vertex 71.1385 37.391 0
      vertex 71.3 42.2 0
      vertex 72.1294 37.7274 0
    endloop
  endfacet
  facet normal 0 0 -1
    outer loop
      vertex 74.2 -8.7 0
      vertex 82.5 -6 0
      vertex 82.5 -49.5 0
    endloop
  endfacet
  facet normal 0 0 -1
    outer loop
      vertex 82.5 -6 0
      vertex 82.1315 28.9558 0
      vertex 82.2 30 0
    endloop
  endfacet
  facet normal 0 0 -1
    outer loop
      vertex 82.5 -6 0
      vertex 81.9274 27.9294 0
      vertex 82.1315 28.9558 0
    endloop
  endfacet
  facet normal 0 0 -1
    outer loop
      vertex 82.5 -6 0
      vertex 81.591 26.9385 0
      vertex 81.9274 27.9294 0
    endloop
  endfacet
  facet normal 0 0 -1
    outer loop
      vertex 74.2 4.29999 0
      vertex 82.5 -6 0
      vertex 74.2 -8.7 0
    endloop
  endfacet
  facet normal 0 0 -1
    outer loop
      vertex 82.5 -6 0
      vertex 81.1282 26 0
      vertex 81.591 26.9385 0
    endloop
  endfacet
  facet normal 0 -0 -1
    outer loop
      vertex 79.8568 24.3431 0
      vertex 82.5 -6 0
      vertex 74.2 4.29999 0
    endloop
  endfacet
  facet normal 0 0 -1
    outer loop
      vertex 82.5 -6 0
      vertex 80.5468 25.1299 0
      vertex 81.1282 26 0
    endloop
  endfacet
  facet normal 0 0 -1
    outer loop
      vertex 82.5 -6 0
      vertex 79.8568 24.3431 0
      vertex 80.5468 25.1299 0
    endloop
  endfacet
  facet normal 0 0 -1
    outer loop
      vertex 79.8568 24.3431 0
      vertex 74.2 4.29999 0
      vertex 79.0701 23.6532 0
    endloop
  endfacet
  facet normal 0 0 -1
    outer loop
      vertex 79.0701 23.6532 0
      vertex 74.2 4.29999 0
      vertex 78.2 23.0718 0
    endloop
  endfacet
  facet normal 0 0 -1
    outer loop
      vertex 78.2 23.0718 0
      vertex 72.9 16.5 0
      vertex 77.2615 22.609 0
    endloop
  endfacet
  facet normal 0 0 -1
    outer loop
      vertex 72.9 16.5 0
      vertex 78.2 23.0718 0
      vertex 74.2 4.29999 0
    endloop
  endfacet
  facet normal 0 0 -1
    outer loop
      vertex 82.5 -49.5 0
      vertex 65.1 -8.7 0
      vertex 74.2 -8.7 0
    endloop
  endfacet
  facet normal 0 0 -1
    outer loop
      vertex 56.8 -10.2 0
      vertex 65.1 -8.7 0
      vertex 56.8 -11.8 0
    endloop
  endfacet
  facet normal 0 0 -1
    outer loop
      vertex 82.5 -49.5 0
      vertex 56.8 -11.8 0
      vertex 65.1 -8.7 0
    endloop
  endfacet
  facet normal 0 0 -1
    outer loop
      vertex 32.5 -41.5 0
      vertex 56.8 -11.8 0
      vertex 82.5 -49.5 0
    endloop
  endfacet
  facet normal 0 0 -1
    outer loop
      vertex 47.8 -8.79999 0
      vertex 53.2 -10.2 0
      vertex 53.2 -11.8 0
    endloop
  endfacet
  facet normal 0 0 -1
    outer loop
      vertex 53.2 -10.2 0
      vertex 47.8 -8.79999 0
      vertex 53.2 -3.8 0
    endloop
  endfacet
  facet normal -0 0 -1
    outer loop
      vertex 53.2 -3.8 0
      vertex 47.8 -8.79999 0
      vertex 53.2 -2.2 0
    endloop
  endfacet
  facet normal -0 0 -1
    outer loop
      vertex 56.8 -11.8 0
      vertex 32.5 -41.5 0
      vertex 53.2 -11.8 0
    endloop
  endfacet
  facet normal 0 -0 -1
    outer loop
      vertex 37.8 -8.79999 0
      vertex 53.2 -11.8 0
      vertex 32.5 -41.5 0
    endloop
  endfacet
  facet normal 0 0 -1
    outer loop
      vertex 53.2 -11.8 0
      vertex 37.8 -8.79999 0
      vertex 47.8 -8.79999 0
    endloop
  endfacet
  facet normal 0 0 -1
    outer loop
      vertex 32.5 -41.5 0
      vertex 82.5 -49.5 0
      vertex 32.5 -49.5 0
    endloop
  endfacet
  facet normal 0 0 -1
    outer loop
      vertex 112 -6 0
      vertex 111.464 -1.96396 0
      vertex 112 -1.35271 0
    endloop
  endfacet
  facet normal 0 0 -1
    outer loop
      vertex 112 -6 0
      vertex 110.579 -2.74017 0
      vertex 111.464 -1.96396 0
    endloop
  endfacet
  facet normal 0 0 -1
    outer loop
      vertex 112 -6 0
      vertex 109.6 -3.39423 0
      vertex 110.579 -2.74017 0
    endloop
  endfacet
  facet normal 0 0 -1
    outer loop
      vertex 112 -6 0
      vertex 108.544 -3.9149 0
      vertex 109.6 -3.39423 0
    endloop
  endfacet
  facet normal 0 0 -1
    outer loop
      vertex 112 -6 0
      vertex 107.429 -4.29332 0
      vertex 108.544 -3.9149 0
    endloop
  endfacet
  facet normal 0 0 -1
    outer loop
      vertex 112 -6 0
      vertex 106.275 -4.52299 0
      vertex 107.429 -4.29332 0
    endloop
  endfacet
  facet normal 0 0 -1
    outer loop
      vertex 112 -6 0
      vertex 105.1 -4.59999 0
      vertex 106.275 -4.52299 0
    endloop
  endfacet
  facet normal 0 0 -1
    outer loop
      vertex 112 -6 0
      vertex 103.925 -4.52299 0
      vertex 105.1 -4.59999 0
    endloop
  endfacet
  facet normal -0 0 -1
    outer loop
      vertex 96.177 3.22525 0
      vertex 82.5 -6 0
      vertex 96.1 4.39999 0
    endloop
  endfacet
  facet normal -0 0 -1
    outer loop
      vertex 96.4067 2.07062 0
      vertex 82.5 -6 0
      vertex 96.177 3.22525 0
    endloop
  endfacet
  facet normal -0 0 -1
    outer loop
      vertex 96.7851 0.955841 0
      vertex 82.5 -6 0
      vertex 96.4067 2.07062 0
    endloop
  endfacet
  facet normal -0 0 -1
    outer loop
      vertex 97.3058 -0.0999908 0
      vertex 82.5 -6 0
      vertex 96.7851 0.955841 0
    endloop
  endfacet
  facet normal -0 0 -1
    outer loop
      vertex 97.9598 -1.07884 0
      vertex 82.5 -6 0
      vertex 97.3058 -0.0999908 0
    endloop
  endfacet
  facet normal -0 0 -1
    outer loop
      vertex 98.736 -1.96396 0
      vertex 82.5 -6 0
      vertex 97.9598 -1.07884 0
    endloop
  endfacet
  facet normal -0 0 -1
    outer loop
      vertex 99.6211 -2.74017 0
      vertex 82.5 -6 0
      vertex 98.736 -1.96396 0
    endloop
  endfacet
  facet normal -0 0 -1
    outer loop
      vertex 100.6 -3.39423 0
      vertex 82.5 -6 0
      vertex 99.6211 -2.74017 0
    endloop
  endfacet
  facet normal -0 0 -1
    outer loop
      vertex 101.656 -3.9149 0
      vertex 82.5 -6 0
      vertex 100.6 -3.39423 0
    endloop
  endfacet
  facet normal -0 0 -1
    outer loop
      vertex 102.771 -4.29332 0
      vertex 82.5 -6 0
      vertex 101.656 -3.9149 0
    endloop
  endfacet
  facet normal -0 0 -1
    outer loop
      vertex 103.925 -4.52299 0
      vertex 82.5 -6 0
      vertex 102.771 -4.29332 0
    endloop
  endfacet
  facet normal 0 0 -1
    outer loop
      vertex 82.5 -6 0
      vertex 103.925 -4.52299 0
      vertex 112 -6 0
    endloop
  endfacet
  facet normal 0 0 -1
    outer loop
      vertex 77.2615 22.609 0
      vertex 72.9 16.5 0
      vertex 76.2705 22.2726 0
    endloop
  endfacet
  facet normal 0 0 -1
    outer loop
      vertex 72.9 19.8 0
      vertex 76.2705 22.2726 0
      vertex 72.9 16.5 0
    endloop
  endfacet
  facet normal 0 0 -1
    outer loop
      vertex 76.2705 22.2726 0
      vertex 72.9 19.8 0
      vertex 75.2442 22.0684 0
    endloop
  endfacet
  facet normal 0 0 -1
    outer loop
      vertex 75.2442 22.0684 0
      vertex 72.9 19.8 0
      vertex 74.2 22 0
    endloop
  endfacet
  facet normal 0 0 -1
    outer loop
      vertex 74.2 4.29999 0
      vertex 72 16.2 0
      vertex 72.9 16.5 0
    endloop
  endfacet
  facet normal 0 0 -1
    outer loop
      vertex 74.2 4.29999 0
      vertex 71.3 16.2 0
      vertex 72 16.2 0
    endloop
  endfacet
  facet normal 0 0 -1
    outer loop
      vertex 68.5431 24.3431 0
      vertex 71.3 19.8 0
      vertex 71.3 16.2 0
    endloop
  endfacet
  facet normal 0 0 -1
    outer loop
      vertex 71.3 19.8 0
      vertex 70.2 23.0718 0
      vertex 71.1385 22.609 0
    endloop
  endfacet
  facet normal 0 0 -1
    outer loop
      vertex 71.3 19.8 0
      vertex 69.3299 23.6532 0
      vertex 70.2 23.0718 0
    endloop
  endfacet
  facet normal 0 0 -1
    outer loop
      vertex 65.1 4.29999 0
      vertex 71.3 16.2 0
      vertex 74.2 4.29999 0
    endloop
  endfacet
  facet normal 0 -0 -1
    outer loop
      vertex 67.8532 25.1299 0
      vertex 71.3 16.2 0
      vertex 65.1 4.29999 0
    endloop
  endfacet
  facet normal 0 0 -1
    outer loop
      vertex 71.3 19.8 0
      vertex 68.5431 24.3431 0
      vertex 69.3299 23.6532 0
    endloop
  endfacet
  facet normal 0 0 -1
    outer loop
      vertex 71.3 16.2 0
      vertex 67.8532 25.1299 0
      vertex 68.5431 24.3431 0
    endloop
  endfacet
  facet normal 0 0 -1
    outer loop
      vertex 47.8 4.5 0
      vertex 67.8532 25.1299 0
      vertex 65.1 4.29999 0
    endloop
  endfacet
  facet normal -0 0 -1
    outer loop
      vertex 67.8532 25.1299 0
      vertex 47.8 4.5 0
      vertex 67.2718 26 0
    endloop
  endfacet
  facet normal -0 0 -1
    outer loop
      vertex 67.2718 26 0
      vertex 47.8 4.5 0
      vertex 66.809 26.9385 0
    endloop
  endfacet
  facet normal -0 0 -1
    outer loop
      vertex 66.809 26.9385 0
      vertex 47.8 4.5 0
      vertex 66.4726 27.9294 0
    endloop
  endfacet
  facet normal -0 0 -1
    outer loop
      vertex 66.4726 27.9294 0
      vertex 47.8 4.5 0
      vertex 66.2684 28.9558 0
    endloop
  endfacet
  facet normal 0 0 -1
    outer loop
      vertex 56.8 -3.8 0
      vertex 65.1 -8.7 0
      vertex 56.8 -10.2 0
    endloop
  endfacet
  facet normal 0 0 -1
    outer loop
      vertex 56.8 -2.2 0
      vertex 65.1 -8.7 0
      vertex 56.8 -3.8 0
    endloop
  endfacet
  facet normal 0 0 -1
    outer loop
      vertex 65.1 -8.7 0
      vertex 56.8 -2.2 0
      vertex 65.1 4.29999 0
    endloop
  endfacet
  facet normal 0 0 -1
    outer loop
      vertex 47.8 4.5 0
      vertex 65.1 4.29999 0
      vertex 56.8 -2.2 0
    endloop
  endfacet
  facet normal 0 0 -1
    outer loop
      vertex 47.8 4.5 0
      vertex 56.8 -2.2 0
      vertex 53.2 -2.2 0
    endloop
  endfacet
  facet normal 0 0 -1
    outer loop
      vertex 47.8 4.5 0
      vertex 53.2 -2.2 0
      vertex 47.8 -8.79999 0
    endloop
  endfacet
  facet normal -0 0 -1
    outer loop
      vertex 66.2684 28.9558 0
      vertex 47.8 4.5 0
      vertex 66.2459 29.3 0
    endloop
  endfacet
  facet normal 0 0 -1
    outer loop
      vertex 37.8 4.5 0
      vertex 66.2459 29.3 0
      vertex 47.8 4.5 0
    endloop
  endfacet
  facet normal 0 0 -1
    outer loop
      vertex 26.5 -41.5 0
      vertex 37.8 -8.79999 0
      vertex 32.5 -41.5 0
    endloop
  endfacet
  facet normal 0 0 -1
    outer loop
      vertex 14.3 6.2 0
      vertex 37.8 -8.79999 0
      vertex 26.5 -41.5 0
    endloop
  endfacet
  facet normal 0 0 -1
    outer loop
      vertex 37.8 -8.79999 0
      vertex 14.3 6.2 0
      vertex 37.8 4.5 0
    endloop
  endfacet
  facet normal 0 0 -1
    outer loop
      vertex 14.223 7.37473 0
      vertex 37.8 4.5 0
      vertex 14.3 6.2 0
    endloop
  endfacet
  facet normal 0 0 -1
    outer loop
      vertex 13.9933 8.52936 0
      vertex 37.8 4.5 0
      vertex 14.223 7.37473 0
    endloop
  endfacet
  facet normal 0 0 -1
    outer loop
      vertex 13.6149 9.64415 0
      vertex 37.8 4.5 0
      vertex 13.9933 8.52936 0
    endloop
  endfacet
  facet normal 0 0 -1
    outer loop
      vertex 13.0942 10.7 0
      vertex 37.8 4.5 0
      vertex 13.6149 9.64415 0
    endloop
  endfacet
  facet normal 0 0 -1
    outer loop
      vertex 12.4402 11.6788 0
      vertex 37.8 4.5 0
      vertex 13.0942 10.7 0
    endloop
  endfacet
  facet normal 0 0 -1
    outer loop
      vertex 37.8 4.5 0
      vertex 12.4402 11.6788 0
      vertex 10 29.3 0
    endloop
  endfacet
  facet normal 0 0 -1
    outer loop
      vertex 10 29.3 0
      vertex 12.4402 11.6788 0
      vertex 11.664 12.5639 0
    endloop
  endfacet
  facet normal 0 0 -1
    outer loop
      vertex 10 29.3 0
      vertex 11.664 12.5639 0
      vertex 10.7788 13.3402 0
    endloop
  endfacet
  facet normal 0 0 -1
    outer loop
      vertex 10 29.3 0
      vertex 10.7788 13.3402 0
      vertex 10 13.8606 0
    endloop
  endfacet
  facet normal 0 0 -1
    outer loop
      vertex 37.8 4.5 0
      vertex 10 29.3 0
      vertex 66.2459 29.3 0
    endloop
  endfacet
  facet normal -0 0 -1
    outer loop
      vertex 74.2 22 0
      vertex 72.9 19.8 0
      vertex 73.1558 22.0684 0
    endloop
  endfacet
  facet normal 0 0 -1
    outer loop
      vertex 72.9 19.8 0
      vertex 72.1294 22.2726 0
      vertex 73.1558 22.0684 0
    endloop
  endfacet
  facet normal 0 0 -1
    outer loop
      vertex 71.3 19.8 0
      vertex 72.1294 22.2726 0
      vertex 72.9 19.8 0
    endloop
  endfacet
  facet normal -0 0 -1
    outer loop
      vertex 72.1294 22.2726 0
      vertex 71.3 19.8 0
      vertex 71.1385 22.609 0
    endloop
  endfacet
  facet normal -0 0 -1
    outer loop
      vertex 72.9 16.5 0
      vertex 72 16.2 0
      vertex 72 16.5 0
    endloop
  endfacet
  facet normal 0 0 -1
    outer loop
      vertex 101.1 19.8 0
      vertex 102.7 42.2 0
      vertex 102.7 19.8 0
    endloop
  endfacet
  facet normal -0 0 -1
    outer loop
      vertex 102.7 42.2 0
      vertex 101.1 19.8 0
      vertex 101.1 42.2 0
    endloop
  endfacet
  facet normal 0 0 -1
    outer loop
      vertex 102.771 13.0933 0
      vertex 102 16.2 0
      vertex 102.7 16.2 0
    endloop
  endfacet
  facet normal 0 0 -1
    outer loop
      vertex 101.656 12.7149 0
      vertex 102 16.2 0
      vertex 102.771 13.0933 0
    endloop
  endfacet
  facet normal 0 0 -1
    outer loop
      vertex 101.1 16.5 0
      vertex 102 16.2 0
      vertex 101.656 12.7149 0
    endloop
  endfacet
  facet normal 0 0 -1
    outer loop
      vertex 102 16.2 0
      vertex 101.1 16.5 0
      vertex 102 16.5 0
    endloop
  endfacet
  facet normal 0 0 -1
    outer loop
      vertex 97.9598 9.87885 0
      vertex 101.1 19.8 0
      vertex 101.1 16.5 0
    endloop
  endfacet
  facet normal 0 0 -1
    outer loop
      vertex 101.1 19.8 0
      vertex 82.2 30 0
      vertex 101.1 42.2 0
    endloop
  endfacet
  facet normal 0 0 -1
    outer loop
      vertex 99.6211 11.5402 0
      vertex 101.1 16.5 0
      vertex 100.6 12.1942 0
    endloop
  endfacet
  facet normal 0 0 -1
    outer loop
      vertex 100.6 12.1942 0
      vertex 101.1 16.5 0
      vertex 101.656 12.7149 0
    endloop
  endfacet
  facet normal 0 0 -1
    outer loop
      vertex 102.7 42.2 0
      vertex 112 10.1527 0
      vertex 111.464 10.7639 0
    endloop
  endfacet
  facet normal 0 0 -1
    outer loop
      vertex 102.7 42.2 0
      vertex 111.464 10.7639 0
      vertex 110.579 11.5402 0
    endloop
  endfacet
  facet normal 0 0 -1
    outer loop
      vertex 102.7 42.2 0
      vertex 110.579 11.5402 0
      vertex 109.6 12.1942 0
    endloop
  endfacet
  facet normal 0 0 -1
    outer loop
      vertex 102.7 19.8 0
      vertex 109.6 12.1942 0
      vertex 108.544 12.7149 0
    endloop
  endfacet
  facet normal 0 0 -1
    outer loop
      vertex 102.7 19.8 0
      vertex 108.544 12.7149 0
      vertex 107.429 13.0933 0
    endloop
  endfacet
  facet normal 0 0 -1
    outer loop
      vertex 102.7 19.8 0
      vertex 107.429 13.0933 0
      vertex 106.275 13.323 0
    endloop
  endfacet
  facet normal 0 0 -1
    outer loop
      vertex 102.7 16.2 0
      vertex 106.275 13.323 0
      vertex 105.1 13.4 0
    endloop
  endfacet
  facet normal 0 0 -1
    outer loop
      vertex 102.7 16.2 0
      vertex 105.1 13.4 0
      vertex 103.925 13.323 0
    endloop
  endfacet
  facet normal 0 0 -1
    outer loop
      vertex 102.7 16.2 0
      vertex 103.925 13.323 0
      vertex 102.771 13.0933 0
    endloop
  endfacet
  facet normal 0 0 -1
    outer loop
      vertex 106.275 13.323 0
      vertex 102.7 16.2 0
      vertex 102.7 19.8 0
    endloop
  endfacet
  facet normal 0 0 -1
    outer loop
      vertex 109.6 12.1942 0
      vertex 102.7 19.8 0
      vertex 102.7 42.2 0
    endloop
  endfacet
  facet normal 0 0 -1
    outer loop
      vertex 112 10.1527 0
      vertex 102.7 42.2 0
      vertex 112 68 0
    endloop
  endfacet
  facet normal 0 0 -1
    outer loop
      vertex 102.7 45.8 0
      vertex 112 68 0
      vertex 102.7 42.2 0
    endloop
  endfacet
  facet normal 0 0 -1
    outer loop
      vertex 101.1 45.8 0
      vertex 112 68 0
      vertex 102.7 45.8 0
    endloop
  endfacet
  facet normal 0 0 -1
    outer loop
      vertex 98.736 10.7639 0
      vertex 101.1 16.5 0
      vertex 99.6211 11.5402 0
    endloop
  endfacet
  facet normal 0 0 -1
    outer loop
      vertex 97.9598 9.87885 0
      vertex 101.1 16.5 0
      vertex 98.736 10.7639 0
    endloop
  endfacet
  facet normal -0 0 -1
    outer loop
      vertex 101.1 19.8 0
      vertex 97.9598 9.87885 0
      vertex 82.2 30 0
    endloop
  endfacet
  facet normal 0 0 -1
    outer loop
      vertex 82.2 30 0
      vertex 97.9598 9.87885 0
      vertex 97.3058 8.89999 0
    endloop
  endfacet
  facet normal 0 0 -1
    outer loop
      vertex 82.2 30 0
      vertex 97.3058 8.89999 0
      vertex 96.7851 7.84415 0
    endloop
  endfacet
  facet normal 0 0 -1
    outer loop
      vertex 82.2 30 0
      vertex 96.7851 7.84415 0
      vertex 96.4067 6.72937 0
    endloop
  endfacet
  facet normal 0 0 -1
    outer loop
      vertex 82.5 -6 0
      vertex 96.4067 6.72937 0
      vertex 96.177 5.57472 0
    endloop
  endfacet
  facet normal 0 0 -1
    outer loop
      vertex 82.5 -6 0
      vertex 96.177 5.57472 0
      vertex 96.1 4.39999 0
    endloop
  endfacet
  facet normal -0 0 -1
    outer loop
      vertex 96.4067 6.72937 0
      vertex 82.5 -6 0
      vertex 82.2 30 0
    endloop
  endfacet
  facet normal 0 0 -1
    outer loop
      vertex 82.1315 31.0442 0
      vertex 101.1 42.2 0
      vertex 82.2 30 0
    endloop
  endfacet
  facet normal 0 0 -1
    outer loop
      vertex 81.9274 32.0705 0
      vertex 101.1 42.2 0
      vertex 82.1315 31.0442 0
    endloop
  endfacet
  facet normal 0 0 -1
    outer loop
      vertex 81.591 33.0615 0
      vertex 101.1 42.2 0
      vertex 81.9274 32.0705 0
    endloop
  endfacet
  facet normal 0 0 -1
    outer loop
      vertex 81.1282 34 0
      vertex 101.1 42.2 0
      vertex 81.591 33.0615 0
    endloop
  endfacet
  facet normal 0 0 -1
    outer loop
      vertex 80.5468 34.8701 0
      vertex 101.1 42.2 0
      vertex 81.1282 34 0
    endloop
  endfacet
  facet normal 0 0 -1
    outer loop
      vertex 79.8568 35.6568 0
      vertex 101.1 42.2 0
      vertex 80.5468 34.8701 0
    endloop
  endfacet
  facet normal -0 0 -1
    outer loop
      vertex 101.1 42.2 0
      vertex 79.8568 35.6568 0
      vertex 101.1 45.8 0
    endloop
  endfacet
  facet normal 0 0 -1
    outer loop
      vertex 79.0701 36.3468 0
      vertex 101.1 45.8 0
      vertex 79.8568 35.6568 0
    endloop
  endfacet
  facet normal 0 0 -1
    outer loop
      vertex 72.9 45.8 0
      vertex 101.1 45.8 0
      vertex 79.0701 36.3468 0
    endloop
  endfacet
  facet normal 0 0 -1
    outer loop
      vertex 72.9 45.8 0
      vertex 79.0701 36.3468 0
      vertex 78.2 36.9282 0
    endloop
  endfacet
  facet normal 0 0 -1
    outer loop
      vertex 72.9 45.8 0
      vertex 78.2 36.9282 0
      vertex 77.2615 37.391 0
    endloop
  endfacet
  facet normal 0 -0 -1
    outer loop
      vertex 77 68 0
      vertex 101.1 45.8 0
      vertex 72.9 45.8 0
    endloop
  endfacet
  facet normal 0 0 -1
    outer loop
      vertex 72.9 42.2 0
      vertex 77.2615 37.391 0
      vertex 76.2705 37.7274 0
    endloop
  endfacet
  facet normal 0 0 -1
    outer loop
      vertex 101.1 45.8 0
      vertex 77 68 0
      vertex 112 68 0
    endloop
  endfacet
  facet normal 0 0 -1
    outer loop
      vertex 72.9 42.2 0
      vertex 76.2705 37.7274 0
      vertex 75.2442 37.9315 0
    endloop
  endfacet
  facet normal 0 0 -1
    outer loop
      vertex 72.9 42.2 0
      vertex 75.2442 37.9315 0
      vertex 74.2 38 0
    endloop
  endfacet
  facet normal 0 0 -1
    outer loop
      vertex 72.9 42.2 0
      vertex 74.2 38 0
      vertex 73.1558 37.9315 0
    endloop
  endfacet
  facet normal 0 0 -1
    outer loop
      vertex 77.2615 37.391 0
      vertex 72.9 42.2 0
      vertex 72.9 45.8 0
    endloop
  endfacet
  facet normal 0 0 -1
    outer loop
      vertex 71.3 45.8 0
      vertex 77 68 0
      vertex 72.9 45.8 0
    endloop
  endfacet
  facet normal -0 0 -1
    outer loop
      vertex 77 68 0
      vertex 71.3 45.8 0
      vertex 70 83 0
    endloop
  endfacet
  facet normal 0 0 -1
    outer loop
      vertex 70 36.7946 0
      vertex 71.3 42.2 0
      vertex 70.2 36.9282 0
    endloop
  endfacet
  facet normal -0 0 -1
    outer loop
      vertex 71.3 42.2 0
      vertex 70 36.7946 0
      vertex 71.3 45.8 0
    endloop
  endfacet
  facet normal 0 0 -1
    outer loop
      vertex 77 68 0
      vertex 70 83 0
      vertex 77 83 0
    endloop
  endfacet
  facet normal 0 0 -1
    outer loop
      vertex 70 83 0
      vertex 71.3 45.8 0
      vertex 70 36.7946 0
    endloop
  endfacet
  facet normal 0 0 1
    outer loop
      vertex 16.2284 -16.852 2.5
      vertex 10 -1.46057 2.5
      vertex 16.1022 -17.2235 2.5
    endloop
  endfacet
  facet normal 0 0 1
    outer loop
      vertex 16.1022 -17.2235 2.5
      vertex 10 -1.46057 2.5
      vertex 16.0257 -17.6084 2.5
    endloop
  endfacet
  facet normal 0 0 1
    outer loop
      vertex 16.0257 -17.6084 2.5
      vertex 10 -1.46057 2.5
      vertex 16 -18 2.5
    endloop
  endfacet
  facet normal 0 0 1
    outer loop
      vertex 10 -43 2.5
      vertex 16 -18 2.5
      vertex 10 -1.46057 2.5
    endloop
  endfacet
  facet normal 0 0 1
    outer loop
      vertex 16 -18 2.5
      vertex 10 -43 2.5
      vertex 13 -43 2.5
    endloop
  endfacet
  facet normal 0 0 1
    outer loop
      vertex 37.8 -8.79999 2.5
      vertex 21.7716 -19.148 2.5
      vertex 32.5 -41.5 2.5
    endloop
  endfacet
  facet normal 0 0 1
    outer loop
      vertex 26.5 -41.5 2.5
      vertex 21.9743 -40.6084 2.5
      vertex 22 -41 2.5
    endloop
  endfacet
  facet normal -0 0 1
    outer loop
      vertex 21.5981 -19.5 2.5
      vertex 32.5 -41.5 2.5
      vertex 21.7716 -19.148 2.5
    endloop
  endfacet
  facet normal 0 0 1
    outer loop
      vertex 26.5 -41.5 2.5
      vertex 21.8978 -40.2235 2.5
      vertex 21.9743 -40.6084 2.5
    endloop
  endfacet
  facet normal -0 0 1
    outer loop
      vertex 21.3801 -19.8263 2.5
      vertex 32.5 -41.5 2.5
      vertex 21.5981 -19.5 2.5
    endloop
  endfacet
  facet normal 0 0 1
    outer loop
      vertex 26.5 -41.5 2.5
      vertex 21.7716 -39.852 2.5
      vertex 21.8978 -40.2235 2.5
    endloop
  endfacet
  facet normal -0 0 1
    outer loop
      vertex 21.1213 -20.1213 2.5
      vertex 32.5 -41.5 2.5
      vertex 21.3801 -19.8263 2.5
    endloop
  endfacet
  facet normal 0 0 1
    outer loop
      vertex 26.5 -41.5 2.5
      vertex 21.5981 -39.5 2.5
      vertex 21.7716 -39.852 2.5
    endloop
  endfacet
  facet normal 0 0 1
    outer loop
      vertex 32.5 -41.5 2.5
      vertex 21.1213 -20.1213 2.5
      vertex 26.5 -41.5 2.5
    endloop
  endfacet
  facet normal 0 0 1
    outer loop
      vertex 26.5 -41.5 2.5
      vertex 21.3801 -39.1737 2.5
      vertex 21.5981 -39.5 2.5
    endloop
  endfacet
  facet normal -0 0 1
    outer loop
      vertex 21.1213 -38.8787 2.5
      vertex 26.5 -41.5 2.5
      vertex 21.1213 -20.1213 2.5
    endloop
  endfacet
  facet normal 0 0 1
    outer loop
      vertex 26.5 -41.5 2.5
      vertex 21.1213 -38.8787 2.5
      vertex 21.3801 -39.1737 2.5
    endloop
  endfacet
  facet normal -0 0 1
    outer loop
      vertex 20.8263 -20.3801 2.5
      vertex 21.1213 -38.8787 2.5
      vertex 21.1213 -20.1213 2.5
    endloop
  endfacet
  facet normal 0 0 1
    outer loop
      vertex 20.8263 -20.3801 2.5
      vertex 20.8263 -38.6199 2.5
      vertex 21.1213 -38.8787 2.5
    endloop
  endfacet
  facet normal -0 0 1
    outer loop
      vertex 20.5 -20.5981 2.5
      vertex 20.8263 -38.6199 2.5
      vertex 20.8263 -20.3801 2.5
    endloop
  endfacet
  facet normal 0 0 1
    outer loop
      vertex 20.5 -20.5981 2.5
      vertex 20.5 -38.4019 2.5
      vertex 20.8263 -38.6199 2.5
    endloop
  endfacet
  facet normal -0 0 1
    outer loop
      vertex 20.148 -20.7716 2.5
      vertex 20.5 -38.4019 2.5
      vertex 20.5 -20.5981 2.5
    endloop
  endfacet
  facet normal 0 0 1
    outer loop
      vertex 20.148 -20.7716 2.5
      vertex 20.148 -38.2284 2.5
      vertex 20.5 -38.4019 2.5
    endloop
  endfacet
  facet normal -0 0 1
    outer loop
      vertex 19.7765 -20.8978 2.5
      vertex 20.148 -38.2284 2.5
      vertex 20.148 -20.7716 2.5
    endloop
  endfacet
  facet normal 0 0 1
    outer loop
      vertex 19.7765 -20.8978 2.5
      vertex 19.7765 -38.1022 2.5
      vertex 20.148 -38.2284 2.5
    endloop
  endfacet
  facet normal -0 0 1
    outer loop
      vertex 19.3916 -20.9743 2.5
      vertex 19.7765 -38.1022 2.5
      vertex 19.7765 -20.8978 2.5
    endloop
  endfacet
  facet normal 0 0 1
    outer loop
      vertex 19.3916 -20.9743 2.5
      vertex 19.3916 -38.0257 2.5
      vertex 19.7765 -38.1022 2.5
    endloop
  endfacet
  facet normal -0 0 1
    outer loop
      vertex 19 -21 2.5
      vertex 19.3916 -38.0257 2.5
      vertex 19.3916 -20.9743 2.5
    endloop
  endfacet
  facet normal 0 0 1
    outer loop
      vertex 19 -21 2.5
      vertex 19 -38 2.5
      vertex 19.3916 -38.0257 2.5
    endloop
  endfacet
  facet normal 0 0 1
    outer loop
      vertex 18.6084 -20.9743 2.5
      vertex 19 -38 2.5
      vertex 19 -21 2.5
    endloop
  endfacet
  facet normal 0 0 1
    outer loop
      vertex 18.6084 -20.9743 2.5
      vertex 18.6084 -38.0257 2.5
      vertex 19 -38 2.5
    endloop
  endfacet
  facet normal 0 0 1
    outer loop
      vertex 18.2235 -20.8978 2.5
      vertex 18.6084 -38.0257 2.5
      vertex 18.6084 -20.9743 2.5
    endloop
  endfacet
  facet normal 0 0 1
    outer loop
      vertex 18.2235 -20.8978 2.5
      vertex 18.2235 -38.1022 2.5
      vertex 18.6084 -38.0257 2.5
    endloop
  endfacet
  facet normal 0 0 1
    outer loop
      vertex 17.852 -20.7716 2.5
      vertex 18.2235 -38.1022 2.5
      vertex 18.2235 -20.8978 2.5
    endloop
  endfacet
  facet normal 0 0 1
    outer loop
      vertex 17.852 -20.7716 2.5
      vertex 17.852 -38.2284 2.5
      vertex 18.2235 -38.1022 2.5
    endloop
  endfacet
  facet normal 0 0 1
    outer loop
      vertex 17.5 -20.5981 2.5
      vertex 17.852 -38.2284 2.5
      vertex 17.852 -20.7716 2.5
    endloop
  endfacet
  facet normal 0 0 1
    outer loop
      vertex 17.5 -20.5981 2.5
      vertex 17.5 -38.4019 2.5
      vertex 17.852 -38.2284 2.5
    endloop
  endfacet
  facet normal 0 0 1
    outer loop
      vertex 17.1737 -20.3801 2.5
      vertex 17.5 -38.4019 2.5
      vertex 17.5 -20.5981 2.5
    endloop
  endfacet
  facet normal 0 0 1
    outer loop
      vertex 17.1737 -20.3801 2.5
      vertex 17.1737 -38.6199 2.5
      vertex 17.5 -38.4019 2.5
    endloop
  endfacet
  facet normal 0 0 1
    outer loop
      vertex 16.8787 -20.1213 2.5
      vertex 17.1737 -38.6199 2.5
      vertex 17.1737 -20.3801 2.5
    endloop
  endfacet
  facet normal 0 0 1
    outer loop
      vertex 16.8787 -20.1213 2.5
      vertex 16.8787 -38.8787 2.5
      vertex 17.1737 -38.6199 2.5
    endloop
  endfacet
  facet normal 0 0 1
    outer loop
      vertex 16.6199 -19.8263 2.5
      vertex 16.8787 -38.8787 2.5
      vertex 16.8787 -20.1213 2.5
    endloop
  endfacet
  facet normal 0 0 1
    outer loop
      vertex 16.6199 -19.8263 2.5
      vertex 16.6199 -39.1737 2.5
      vertex 16.8787 -38.8787 2.5
    endloop
  endfacet
  facet normal 0 0 1
    outer loop
      vertex 13 -43 2.5
      vertex 16.6199 -19.8263 2.5
      vertex 16.4019 -19.5 2.5
    endloop
  endfacet
  facet normal 0 0 1
    outer loop
      vertex 16.6199 -19.8263 2.5
      vertex 13 -43 2.5
      vertex 16.6199 -39.1737 2.5
    endloop
  endfacet
  facet normal 0 0 1
    outer loop
      vertex 13 -43 2.5
      vertex 16.4019 -19.5 2.5
      vertex 16.2284 -19.148 2.5
    endloop
  endfacet
  facet normal 0 0 1
    outer loop
      vertex 16.6199 -39.1737 2.5
      vertex 13 -43 2.5
      vertex 16.4019 -39.5 2.5
    endloop
  endfacet
  facet normal 0 0 1
    outer loop
      vertex 13 -43 2.5
      vertex 16.2284 -19.148 2.5
      vertex 16.1022 -18.7765 2.5
    endloop
  endfacet
  facet normal 0 0 1
    outer loop
      vertex 16.4019 -39.5 2.5
      vertex 13 -43 2.5
      vertex 16.2284 -39.852 2.5
    endloop
  endfacet
  facet normal 0 0 1
    outer loop
      vertex 13 -43 2.5
      vertex 16.1022 -18.7765 2.5
      vertex 16.0257 -18.3916 2.5
    endloop
  endfacet
  facet normal 0 0 1
    outer loop
      vertex 16.2284 -39.852 2.5
      vertex 13 -43 2.5
      vertex 16.1022 -40.2235 2.5
    endloop
  endfacet
  facet normal 0 0 1
    outer loop
      vertex 13 -43 2.5
      vertex 16.0257 -18.3916 2.5
      vertex 16 -18 2.5
    endloop
  endfacet
  facet normal 0 0 1
    outer loop
      vertex 16.1022 -40.2235 2.5
      vertex 13 -43 2.5
      vertex 16.0257 -40.6084 2.5
    endloop
  endfacet
  facet normal 0 0 1
    outer loop
      vertex 37.8 -8.79999 2.5
      vertex 21.9743 -17.6084 2.5
      vertex 22 -18 2.5
    endloop
  endfacet
  facet normal -0 0 1
    outer loop
      vertex 21.7301 0.673717 2.5
      vertex 37.8 -8.79999 2.5
      vertex 21.9481 1 2.5
    endloop
  endfacet
  facet normal 0 0 1
    outer loop
      vertex 37.8 -8.79999 2.5
      vertex 21.8978 -17.2235 2.5
      vertex 21.9743 -17.6084 2.5
    endloop
  endfacet
  facet normal 0 0 1
    outer loop
      vertex 37.8 -8.79999 2.5
      vertex 21.7716 -16.852 2.5
      vertex 21.8978 -17.2235 2.5
    endloop
  endfacet
  facet normal -0 0 1
    outer loop
      vertex 21.4713 0.37868 2.5
      vertex 37.8 -8.79999 2.5
      vertex 21.7301 0.673717 2.5
    endloop
  endfacet
  facet normal 0 0 1
    outer loop
      vertex 37.8 -8.79999 2.5
      vertex 21.5981 -16.5 2.5
      vertex 21.7716 -16.852 2.5
    endloop
  endfacet
  facet normal -0 0 1
    outer loop
      vertex 21.1763 0.119941 2.5
      vertex 37.8 -8.79999 2.5
      vertex 21.4713 0.37868 2.5
    endloop
  endfacet
  facet normal 0 0 1
    outer loop
      vertex 37.8 -8.79999 2.5
      vertex 21.3801 -16.1737 2.5
      vertex 21.5981 -16.5 2.5
    endloop
  endfacet
  facet normal 0 0 1
    outer loop
      vertex 20.8263 -15.6199 2.5
      vertex 37.8 -8.79999 2.5
      vertex 21.1763 0.119941 2.5
    endloop
  endfacet
  facet normal 0 0 1
    outer loop
      vertex 37.8 -8.79999 2.5
      vertex 21.1213 -15.8787 2.5
      vertex 21.3801 -16.1737 2.5
    endloop
  endfacet
  facet normal 0 0 1
    outer loop
      vertex 20.8263 -15.6199 2.5
      vertex 21.1763 0.119941 2.5
      vertex 20.85 -0.0980759 2.5
    endloop
  endfacet
  facet normal 0 0 1
    outer loop
      vertex 37.8 -8.79999 2.5
      vertex 20.8263 -15.6199 2.5
      vertex 21.1213 -15.8787 2.5
    endloop
  endfacet
  facet normal 0 0 1
    outer loop
      vertex 20.85 -0.0980759 2.5
      vertex 20.5 -15.4019 2.5
      vertex 20.8263 -15.6199 2.5
    endloop
  endfacet
  facet normal -0 0 1
    outer loop
      vertex 20.498 -0.271638 2.5
      vertex 20.5 -15.4019 2.5
      vertex 20.85 -0.0980759 2.5
    endloop
  endfacet
  facet normal 0 0 1
    outer loop
      vertex 20.498 -0.271638 2.5
      vertex 20.148 -15.2284 2.5
      vertex 20.5 -15.4019 2.5
    endloop
  endfacet
  facet normal -0 0 1
    outer loop
      vertex 20.1265 -0.397777 2.5
      vertex 20.148 -15.2284 2.5
      vertex 20.498 -0.271638 2.5
    endloop
  endfacet
  facet normal 0 0 1
    outer loop
      vertex 20.1265 -0.397777 2.5
      vertex 19.7765 -15.1022 2.5
      vertex 20.148 -15.2284 2.5
    endloop
  endfacet
  facet normal -0 0 1
    outer loop
      vertex 19.7416 -0.474334 2.5
      vertex 19.7765 -15.1022 2.5
      vertex 20.1265 -0.397777 2.5
    endloop
  endfacet
  facet normal 0 0 1
    outer loop
      vertex 19.7416 -0.474334 2.5
      vertex 19.3916 -15.0257 2.5
      vertex 19.7765 -15.1022 2.5
    endloop
  endfacet
  facet normal -0 0 1
    outer loop
      vertex 19.35 -0.5 2.5
      vertex 19.3916 -15.0257 2.5
      vertex 19.7416 -0.474334 2.5
    endloop
  endfacet
  facet normal 0 0 1
    outer loop
      vertex 19.35 -0.5 2.5
      vertex 19 -15 2.5
      vertex 19.3916 -15.0257 2.5
    endloop
  endfacet
  facet normal 0 0 1
    outer loop
      vertex 18.9584 -0.474334 2.5
      vertex 19 -15 2.5
      vertex 19.35 -0.5 2.5
    endloop
  endfacet
  facet normal 0 0 1
    outer loop
      vertex 18.9584 -0.474334 2.5
      vertex 18.6084 -15.0257 2.5
      vertex 19 -15 2.5
    endloop
  endfacet
  facet normal 0 0 1
    outer loop
      vertex 18.5735 -0.397777 2.5
      vertex 18.6084 -15.0257 2.5
      vertex 18.9584 -0.474334 2.5
    endloop
  endfacet
  facet normal 0 0 1
    outer loop
      vertex 18.5735 -0.397777 2.5
      vertex 18.2235 -15.1022 2.5
      vertex 18.6084 -15.0257 2.5
    endloop
  endfacet
  facet normal 0 0 1
    outer loop
      vertex 18.202 -0.271638 2.5
      vertex 18.2235 -15.1022 2.5
      vertex 18.5735 -0.397777 2.5
    endloop
  endfacet
  facet normal 0 0 1
    outer loop
      vertex 18.202 -0.271638 2.5
      vertex 17.852 -15.2284 2.5
      vertex 18.2235 -15.1022 2.5
    endloop
  endfacet
  facet normal 0 0 1
    outer loop
      vertex 10.7788 -0.94017 2.5
      vertex 17.85 -0.0980759 2.5
      vertex 11.664 -0.163956 2.5
    endloop
  endfacet
  facet normal 0 0 1
    outer loop
      vertex 17.2287 0.37868 2.5
      vertex 11.664 -0.163956 2.5
      vertex 17.5237 0.119941 2.5
    endloop
  endfacet
  facet normal 0 0 1
    outer loop
      vertex 17.85 -0.0980759 2.5
      vertex 10.7788 -0.94017 2.5
      vertex 18.202 -0.271638 2.5
    endloop
  endfacet
  facet normal 0 0 1
    outer loop
      vertex 16.9699 0.673717 2.5
      vertex 12.4402 0.721146 2.5
      vertex 17.2287 0.37868 2.5
    endloop
  endfacet
  facet normal 0 0 1
    outer loop
      vertex 11.664 -0.163956 2.5
      vertex 17.2287 0.37868 2.5
      vertex 12.4402 0.721146 2.5
    endloop
  endfacet
  facet normal 0 0 1
    outer loop
      vertex 16.7519 1 2.5
      vertex 12.4402 0.721146 2.5
      vertex 16.9699 0.673717 2.5
    endloop
  endfacet
  facet normal 0 0 1
    outer loop
      vertex 17.5237 0.119941 2.5
      vertex 11.664 -0.163956 2.5
      vertex 17.85 -0.0980759 2.5
    endloop
  endfacet
  facet normal 0 0 1
    outer loop
      vertex 12.4402 0.721146 2.5
      vertex 16.7519 1 2.5
      vertex 13.0942 1.7 2.5
    endloop
  endfacet
  facet normal 0 0 1
    outer loop
      vertex 18.202 -0.271638 2.5
      vertex 10.7788 -0.94017 2.5
      vertex 17.852 -15.2284 2.5
    endloop
  endfacet
  facet normal 0 0 1
    outer loop
      vertex 13.0942 1.7 2.5
      vertex 16.7519 1 2.5
      vertex 16.5784 1.35195 2.5
    endloop
  endfacet
  facet normal -0 0 1
    outer loop
      vertex 13.0942 1.7 2.5
      vertex 16.5784 1.35195 2.5
      vertex 16.4522 1.72354 2.5
    endloop
  endfacet
  facet normal -0 0 1
    outer loop
      vertex 10 -1.46057 2.5
      vertex 17.852 -15.2284 2.5
      vertex 10.7788 -0.94017 2.5
    endloop
  endfacet
  facet normal 0 0 1
    outer loop
      vertex 13.6149 2.75584 2.5
      vertex 16.4522 1.72354 2.5
      vertex 16.3757 2.10842 2.5
    endloop
  endfacet
  facet normal 0 0 1
    outer loop
      vertex 13.6149 2.75584 2.5
      vertex 16.3757 2.10842 2.5
      vertex 16.35 2.5 2.5
    endloop
  endfacet
  facet normal 0 0 1
    outer loop
      vertex 17.852 -15.2284 2.5
      vertex 10 -1.46057 2.5
      vertex 17.5 -15.4019 2.5
    endloop
  endfacet
  facet normal 0 0 1
    outer loop
      vertex 51.4522 25.2235 2.5
      vertex 22.2478 25.2235 2.5
      vertex 37.8 4.5 2.5
    endloop
  endfacet
  facet normal 0 0 1
    outer loop
      vertex 37.8 4.5 2.5
      vertex 22.3243 2.89158 2.5
      vertex 22.35 2.5 2.5
    endloop
  endfacet
  facet normal -0 0 1
    outer loop
      vertex 22.1216 24.852 2.5
      vertex 37.8 4.5 2.5
      vertex 22.2478 25.2235 2.5
    endloop
  endfacet
  facet normal 0 0 1
    outer loop
      vertex 37.8 4.5 2.5
      vertex 22.2478 3.27646 2.5
      vertex 22.3243 2.89158 2.5
    endloop
  endfacet
  facet normal -0 0 1
    outer loop
      vertex 21.9481 24.5 2.5
      vertex 37.8 4.5 2.5
      vertex 22.1216 24.852 2.5
    endloop
  endfacet
  facet normal 0 0 1
    outer loop
      vertex 37.8 4.5 2.5
      vertex 22.1216 3.64805 2.5
      vertex 22.2478 3.27646 2.5
    endloop
  endfacet
  facet normal -0 0 1
    outer loop
      vertex 21.7301 24.1737 2.5
      vertex 37.8 4.5 2.5
      vertex 21.9481 24.5 2.5
    endloop
  endfacet
  facet normal 0 0 1
    outer loop
      vertex 37.8 4.5 2.5
      vertex 21.9481 4 2.5
      vertex 22.1216 3.64805 2.5
    endloop
  endfacet
  facet normal -0 0 1
    outer loop
      vertex 21.4713 23.8787 2.5
      vertex 37.8 4.5 2.5
      vertex 21.7301 24.1737 2.5
    endloop
  endfacet
  facet normal 0 0 1
    outer loop
      vertex 37.8 4.5 2.5
      vertex 21.7301 4.32628 2.5
      vertex 21.9481 4 2.5
    endloop
  endfacet
  facet normal -0 0 1
    outer loop
      vertex 21.4713 4.62132 2.5
      vertex 37.8 4.5 2.5
      vertex 21.4713 23.8787 2.5
    endloop
  endfacet
  facet normal 0 0 1
    outer loop
      vertex 37.8 4.5 2.5
      vertex 21.4713 4.62132 2.5
      vertex 21.7301 4.32628 2.5
    endloop
  endfacet
  facet normal -0 0 1
    outer loop
      vertex 21.1763 23.6199 2.5
      vertex 21.4713 4.62132 2.5
      vertex 21.4713 23.8787 2.5
    endloop
  endfacet
  facet normal 0 0 1
    outer loop
      vertex 21.1763 23.6199 2.5
      vertex 21.1763 4.88006 2.5
      vertex 21.4713 4.62132 2.5
    endloop
  endfacet
  facet normal -0 0 1
    outer loop
      vertex 20.85 23.4019 2.5
      vertex 21.1763 4.88006 2.5
      vertex 21.1763 23.6199 2.5
    endloop
  endfacet
  facet normal 0 0 1
    outer loop
      vertex 20.85 23.4019 2.5
      vertex 20.85 5.09808 2.5
      vertex 21.1763 4.88006 2.5
    endloop
  endfacet
  facet normal -0 0 1
    outer loop
      vertex 20.498 23.2284 2.5
      vertex 20.85 5.09808 2.5
      vertex 20.85 23.4019 2.5
    endloop
  endfacet
  facet normal 0 0 1
    outer loop
      vertex 20.498 23.2284 2.5
      vertex 20.498 5.27164 2.5
      vertex 20.85 5.09808 2.5
    endloop
  endfacet
  facet normal -0 0 1
    outer loop
      vertex 20.1265 23.1022 2.5
      vertex 20.498 5.27164 2.5
      vertex 20.498 23.2284 2.5
    endloop
  endfacet
  facet normal 0 0 1
    outer loop
      vertex 20.1265 23.1022 2.5
      vertex 20.1265 5.39778 2.5
      vertex 20.498 5.27164 2.5
    endloop
  endfacet
  facet normal -0 0 1
    outer loop
      vertex 19.7416 23.0257 2.5
      vertex 20.1265 5.39778 2.5
      vertex 20.1265 23.1022 2.5
    endloop
  endfacet
  facet normal 0 0 1
    outer loop
      vertex 19.7416 23.0257 2.5
      vertex 19.7416 5.47433 2.5
      vertex 20.1265 5.39778 2.5
    endloop
  endfacet
  facet normal 0 0 1
    outer loop
      vertex 13.0942 10.7 2.5
      vertex 19.7416 23.0257 2.5
      vertex 19.35 23 2.5
    endloop
  endfacet
  facet normal 0 0 1
    outer loop
      vertex 19.7416 23.0257 2.5
      vertex 13.0942 10.7 2.5
      vertex 19.7416 5.47433 2.5
    endloop
  endfacet
  facet normal 0 0 1
    outer loop
      vertex 12.4402 11.6788 2.5
      vertex 19.35 23 2.5
      vertex 18.9584 23.0257 2.5
    endloop
  endfacet
  facet normal -0 -0 1
    outer loop
      vertex 13.6149 9.64415 2.5
      vertex 19.7416 5.47433 2.5
      vertex 13.0942 10.7 2.5
    endloop
  endfacet
  facet normal 0 0 1
    outer loop
      vertex 12.4402 11.6788 2.5
      vertex 18.9584 23.0257 2.5
      vertex 18.5735 23.1022 2.5
    endloop
  endfacet
  facet normal 0 0 1
    outer loop
      vertex 19.7416 5.47433 2.5
      vertex 13.6149 9.64415 2.5
      vertex 19.35 5.5 2.5
    endloop
  endfacet
  facet normal 0 0 1
    outer loop
      vertex 11.664 12.5639 2.5
      vertex 18.5735 23.1022 2.5
      vertex 18.202 23.2284 2.5
    endloop
  endfacet
  facet normal -0 -0 1
    outer loop
      vertex 13.9933 8.52936 2.5
      vertex 18.9584 5.47433 2.5
      vertex 13.6149 9.64415 2.5
    endloop
  endfacet
  facet normal 0 0 1
    outer loop
      vertex 10.7788 13.3402 2.5
      vertex 18.202 23.2284 2.5
      vertex 17.85 23.4019 2.5
    endloop
  endfacet
  facet normal 0 0 1
    outer loop
      vertex 18.9584 5.47433 2.5
      vertex 13.9933 8.52936 2.5
      vertex 18.5735 5.39778 2.5
    endloop
  endfacet
  facet normal 0 0 1
    outer loop
      vertex 10.7788 13.3402 2.5
      vertex 17.85 23.4019 2.5
      vertex 17.5237 23.6199 2.5
    endloop
  endfacet
  facet normal -0 -0 1
    outer loop
      vertex 14.223 7.37473 2.5
      vertex 18.5735 5.39778 2.5
      vertex 13.9933 8.52936 2.5
    endloop
  endfacet
  facet normal 0 0 1
    outer loop
      vertex 10 13.8606 2.5
      vertex 17.5237 23.6199 2.5
      vertex 17.2287 23.8787 2.5
    endloop
  endfacet
  facet normal 0 0 1
    outer loop
      vertex 18.5735 5.39778 2.5
      vertex 14.223 7.37473 2.5
      vertex 18.202 5.27164 2.5
    endloop
  endfacet
  facet normal 0 0 1
    outer loop
      vertex 10 13.8606 2.5
      vertex 17.2287 23.8787 2.5
      vertex 16.9699 24.1737 2.5
    endloop
  endfacet
  facet normal 0 0 1
    outer loop
      vertex 18.202 5.27164 2.5
      vertex 14.223 7.37473 2.5
      vertex 17.85 5.09808 2.5
    endloop
  endfacet
  facet normal 0 0 1
    outer loop
      vertex 10 13.8606 2.5
      vertex 16.9699 24.1737 2.5
      vertex 16.7519 24.5 2.5
    endloop
  endfacet
  facet normal -0 -0 1
    outer loop
      vertex 14.3 6.2 2.5
      vertex 17.85 5.09808 2.5
      vertex 14.223 7.37473 2.5
    endloop
  endfacet
  facet normal 0 0 1
    outer loop
      vertex 10 13.8606 2.5
      vertex 16.7519 24.5 2.5
      vertex 16.5784 24.852 2.5
    endloop
  endfacet
  facet normal 0 0 1
    outer loop
      vertex 17.85 5.09808 2.5
      vertex 14.3 6.2 2.5
      vertex 17.5237 4.88006 2.5
    endloop
  endfacet
  facet normal 0 0 1
    outer loop
      vertex 10 29.3 2.5
      vertex 16.5784 24.852 2.5
      vertex 16.4522 25.2235 2.5
    endloop
  endfacet
  facet normal 0 0 1
    outer loop
      vertex 17.2287 4.62132 2.5
      vertex 14.3 6.2 2.5
      vertex 16.9699 4.32628 2.5
    endloop
  endfacet
  facet normal 0 0 1
    outer loop
      vertex 10 29.3 2.5
      vertex 16.4522 25.2235 2.5
      vertex 16.3757 25.6084 2.5
    endloop
  endfacet
  facet normal -0 0 1
    outer loop
      vertex 14.223 5.02525 2.5
      vertex 16.9699 4.32628 2.5
      vertex 14.3 6.2 2.5
    endloop
  endfacet
  facet normal 0 0 1
    outer loop
      vertex 10 29.3 2.5
      vertex 16.3757 25.6084 2.5
      vertex 16.35 26 2.5
    endloop
  endfacet
  facet normal 0 0 1
    outer loop
      vertex 16.9699 4.32628 2.5
      vertex 14.223 5.02525 2.5
      vertex 16.7519 4 2.5
    endloop
  endfacet
  facet normal 0 0 1
    outer loop
      vertex 22.1216 1.35195 2.5
      vertex 37.8 4.5 2.5
      vertex 22.2478 1.72354 2.5
    endloop
  endfacet
  facet normal 0 0 1
    outer loop
      vertex 21.9743 -18.3916 2.5
      vertex 37.8 -8.79999 2.5
      vertex 22 -18 2.5
    endloop
  endfacet
  facet normal 0 0 1
    outer loop
      vertex 37.8 4.5 2.5
      vertex 22.1216 1.35195 2.5
      vertex 37.8 -8.79999 2.5
    endloop
  endfacet
  facet normal -0 0 1
    outer loop
      vertex 21.9481 1 2.5
      vertex 37.8 -8.79999 2.5
      vertex 22.1216 1.35195 2.5
    endloop
  endfacet
  facet normal 0 0 1
    outer loop
      vertex 21.7716 -19.148 2.5
      vertex 37.8 -8.79999 2.5
      vertex 21.8978 -18.7765 2.5
    endloop
  endfacet
  facet normal -0 0 1
    outer loop
      vertex 21.9743 -41.3916 2.5
      vertex 26.5 -41.5 2.5
      vertex 22 -41 2.5
    endloop
  endfacet
  facet normal 0 0 1
    outer loop
      vertex 21.8978 -41.7765 2.5
      vertex 26.5 -41.5 2.5
      vertex 21.9743 -41.3916 2.5
    endloop
  endfacet
  facet normal 0 0 1
    outer loop
      vertex 21.7716 -42.148 2.5
      vertex 26.5 -41.5 2.5
      vertex 21.8978 -41.7765 2.5
    endloop
  endfacet
  facet normal 0 0 1
    outer loop
      vertex 21.5981 -42.5 2.5
      vertex 26.5 -41.5 2.5
      vertex 21.7716 -42.148 2.5
    endloop
  endfacet
  facet normal 0 0 1
    outer loop
      vertex 21.3801 -42.8263 2.5
      vertex 26.5 -41.5 2.5
      vertex 21.5981 -42.5 2.5
    endloop
  endfacet
  facet normal 0 0 1
    outer loop
      vertex 26.5 -41.5 2.5
      vertex 21.3801 -42.8263 2.5
      vertex 26.5 -49.5 2.5
    endloop
  endfacet
  facet normal -0 0 1
    outer loop
      vertex 21.1213 -43.1213 2.5
      vertex 26.5 -49.5 2.5
      vertex 21.3801 -42.8263 2.5
    endloop
  endfacet
  facet normal -0 0 1
    outer loop
      vertex 20.8263 -43.3801 2.5
      vertex 26.5 -49.5 2.5
      vertex 21.1213 -43.1213 2.5
    endloop
  endfacet
  facet normal -0 0 1
    outer loop
      vertex 20.5 -43.5981 2.5
      vertex 26.5 -49.5 2.5
      vertex 20.8263 -43.3801 2.5
    endloop
  endfacet
  facet normal -0 0 1
    outer loop
      vertex 20.148 -43.7716 2.5
      vertex 26.5 -49.5 2.5
      vertex 20.5 -43.5981 2.5
    endloop
  endfacet
  facet normal -0 0 1
    outer loop
      vertex 19.7765 -43.8978 2.5
      vertex 26.5 -49.5 2.5
      vertex 20.148 -43.7716 2.5
    endloop
  endfacet
  facet normal -0 0 1
    outer loop
      vertex 19.3916 -43.9743 2.5
      vertex 26.5 -49.5 2.5
      vertex 19.7765 -43.8978 2.5
    endloop
  endfacet
  facet normal 0 0 1
    outer loop
      vertex 13 -49.5 2.5
      vertex 19.3916 -43.9743 2.5
      vertex 19 -44 2.5
    endloop
  endfacet
  facet normal 0 0 1
    outer loop
      vertex 13 -49.5 2.5
      vertex 19 -44 2.5
      vertex 18.6084 -43.9743 2.5
    endloop
  endfacet
  facet normal 0 0 1
    outer loop
      vertex 13 -49.5 2.5
      vertex 18.6084 -43.9743 2.5
      vertex 18.2235 -43.8978 2.5
    endloop
  endfacet
  facet normal 0 0 1
    outer loop
      vertex 13 -49.5 2.5
      vertex 18.2235 -43.8978 2.5
      vertex 17.852 -43.7716 2.5
    endloop
  endfacet
  facet normal 0 0 1
    outer loop
      vertex 13 -49.5 2.5
      vertex 17.852 -43.7716 2.5
      vertex 17.5 -43.5981 2.5
    endloop
  endfacet
  facet normal 0 0 1
    outer loop
      vertex 17.1737 -15.6199 2.5
      vertex 10 -1.46057 2.5
      vertex 16.8787 -15.8787 2.5
    endloop
  endfacet
  facet normal 0 0 1
    outer loop
      vertex 16.8787 -15.8787 2.5
      vertex 10 -1.46057 2.5
      vertex 16.6199 -16.1737 2.5
    endloop
  endfacet
  facet normal 0 0 1
    outer loop
      vertex 16.6199 -16.1737 2.5
      vertex 10 -1.46057 2.5
      vertex 16.4019 -16.5 2.5
    endloop
  endfacet
  facet normal 0 0 1
    outer loop
      vertex 16.4019 -16.5 2.5
      vertex 10 -1.46057 2.5
      vertex 16.2284 -16.852 2.5
    endloop
  endfacet
  facet normal 0 0 1
    outer loop
      vertex 16.0257 -40.6084 2.5
      vertex 13 -43 2.5
      vertex 16 -41 2.5
    endloop
  endfacet
  facet normal 0 0 1
    outer loop
      vertex 16 -41 2.5
      vertex 13 -43 2.5
      vertex 16.0257 -41.3916 2.5
    endloop
  endfacet
  facet normal 0 0 1
    outer loop
      vertex 13 -43 2.5
      vertex 16.1022 -41.7765 2.5
      vertex 16.0257 -41.3916 2.5
    endloop
  endfacet
  facet normal 0 0 1
    outer loop
      vertex 13 -43 2.5
      vertex 16.2284 -42.148 2.5
      vertex 16.1022 -41.7765 2.5
    endloop
  endfacet
  facet normal 0 0 1
    outer loop
      vertex 13 -43 2.5
      vertex 16.4019 -42.5 2.5
      vertex 16.2284 -42.148 2.5
    endloop
  endfacet
  facet normal 0 0 1
    outer loop
      vertex 13 -43 2.5
      vertex 16.6199 -42.8263 2.5
      vertex 16.4019 -42.5 2.5
    endloop
  endfacet
  facet normal -0 0 1
    outer loop
      vertex 13 -43 2.5
      vertex 16.8787 -43.1213 2.5
      vertex 16.6199 -42.8263 2.5
    endloop
  endfacet
  facet normal 0 0 1
    outer loop
      vertex 13 -43 2.5
      vertex 17.1737 -43.3801 2.5
      vertex 16.8787 -43.1213 2.5
    endloop
  endfacet
  facet normal 0 0 1
    outer loop
      vertex 13 -49.5 2.5
      vertex 17.1737 -43.3801 2.5
      vertex 13 -43 2.5
    endloop
  endfacet
  facet normal 0 0 1
    outer loop
      vertex 17.1737 -43.3801 2.5
      vertex 13 -49.5 2.5
      vertex 17.5 -43.5981 2.5
    endloop
  endfacet
  facet normal 0 0 1
    outer loop
      vertex 19.3916 -43.9743 2.5
      vertex 13 -49.5 2.5
      vertex 26.5 -49.5 2.5
    endloop
  endfacet
  facet normal -0 0 1
    outer loop
      vertex 53.2 -3.8 2.5
      vertex 56.8 -10.2 2.5
      vertex 56.8 -3.8 2.5
    endloop
  endfacet
  facet normal 0 0 1
    outer loop
      vertex 56.8 -10.2 2.5
      vertex 53.2 -3.8 2.5
      vertex 53.2 -10.2 2.5
    endloop
  endfacet
  facet normal 0 0 1
    outer loop
      vertex 56.4713 0.37868 2.5
      vertex 58 0.5 2.5
      vertex 56.7301 0.673717 2.5
    endloop
  endfacet
  facet normal 0 0 1
    outer loop
      vertex 58 0.5 2.5
      vertex 56.4713 0.37868 2.5
      vertex 56.8 -2.2 2.5
    endloop
  endfacet
  facet normal -0 0 1
    outer loop
      vertex 56.1763 0.119941 2.5
      vertex 56.8 -2.2 2.5
      vertex 56.4713 0.37868 2.5
    endloop
  endfacet
  facet normal -0 0 1
    outer loop
      vertex 55.85 -0.0980759 2.5
      vertex 56.8 -2.2 2.5
      vertex 56.1763 0.119941 2.5
    endloop
  endfacet
  facet normal -0 0 1
    outer loop
      vertex 55.4981 -0.271638 2.5
      vertex 56.8 -2.2 2.5
      vertex 55.85 -0.0980759 2.5
    endloop
  endfacet
  facet normal -0 0 1
    outer loop
      vertex 55.1265 -0.397777 2.5
      vertex 56.8 -2.2 2.5
      vertex 55.4981 -0.271638 2.5
    endloop
  endfacet
  facet normal -0 0 1
    outer loop
      vertex 54.7416 -0.474334 2.5
      vertex 56.8 -2.2 2.5
      vertex 55.1265 -0.397777 2.5
    endloop
  endfacet
  facet normal 0 0 1
    outer loop
      vertex 53.2 -2.2 2.5
      vertex 54.7416 -0.474334 2.5
      vertex 54.35 -0.5 2.5
    endloop
  endfacet
  facet normal 0 0 1
    outer loop
      vertex 53.2 -2.2 2.5
      vertex 54.35 -0.5 2.5
      vertex 53.9584 -0.474334 2.5
    endloop
  endfacet
  facet normal 0 0 1
    outer loop
      vertex 53.2 -2.2 2.5
      vertex 53.9584 -0.474334 2.5
      vertex 53.5735 -0.397777 2.5
    endloop
  endfacet
  facet normal 0 0 1
    outer loop
      vertex 53.2 -2.2 2.5
      vertex 53.5735 -0.397777 2.5
      vertex 53.202 -0.271638 2.5
    endloop
  endfacet
  facet normal 0 0 1
    outer loop
      vertex 54.7416 -0.474334 2.5
      vertex 53.2 -2.2 2.5
      vertex 56.8 -2.2 2.5
    endloop
  endfacet
  facet normal 0 0 1
    outer loop
      vertex 47.8 -8.79999 2.5
      vertex 53.2 -3.8 2.5
      vertex 53.2 -2.2 2.5
    endloop
  endfacet
  facet normal 0 0 1
    outer loop
      vertex 53.2 -3.8 2.5
      vertex 47.8 -8.79999 2.5
      vertex 53.2 -10.2 2.5
    endloop
  endfacet
  facet normal 0 0 1
    outer loop
      vertex 52.5237 0.119941 2.5
      vertex 53.2 -2.2 2.5
      vertex 52.85 -0.0980759 2.5
    endloop
  endfacet
  facet normal 0 0 1
    outer loop
      vertex 52.85 -0.0980759 2.5
      vertex 53.2 -2.2 2.5
      vertex 53.202 -0.271638 2.5
    endloop
  endfacet
  facet normal 0 0 1
    outer loop
      vertex 67.8532 25.1299 2.5
      vertex 56.7301 24.1737 2.5
      vertex 68.5431 24.3431 2.5
    endloop
  endfacet
  facet normal 0 0 1
    outer loop
      vertex 58 6.5 2.5
      vertex 57.3243 2.89158 2.5
      vertex 57.35 2.5 2.5
    endloop
  endfacet
  facet normal 0 0 1
    outer loop
      vertex 56.4713 23.8787 2.5
      vertex 68.5431 24.3431 2.5
      vertex 56.7301 24.1737 2.5
    endloop
  endfacet
  facet normal 0 0 1
    outer loop
      vertex 58 6.5 2.5
      vertex 57.2478 3.27646 2.5
      vertex 57.3243 2.89158 2.5
    endloop
  endfacet
  facet normal 0 0 1
    outer loop
      vertex 68.5431 24.3431 2.5
      vertex 56.4713 23.8787 2.5
      vertex 71.3 16.2 2.5
    endloop
  endfacet
  facet normal 0 0 1
    outer loop
      vertex 58 6.5 2.5
      vertex 57.1216 3.64805 2.5
      vertex 57.2478 3.27646 2.5
    endloop
  endfacet
  facet normal -0 0 1
    outer loop
      vertex 56.1763 23.6199 2.5
      vertex 71.3 16.2 2.5
      vertex 56.4713 23.8787 2.5
    endloop
  endfacet
  facet normal 0 0 1
    outer loop
      vertex 58 6.5 2.5
      vertex 56.9481 4 2.5
      vertex 57.1216 3.64805 2.5
    endloop
  endfacet
  facet normal 0 0 1
    outer loop
      vertex 71.3 16.2 2.5
      vertex 56.1763 23.6199 2.5
      vertex 64 6.5 2.5
    endloop
  endfacet
  facet normal 0 0 1
    outer loop
      vertex 58 6.5 2.5
      vertex 56.7301 4.32628 2.5
      vertex 56.9481 4 2.5
    endloop
  endfacet
  facet normal -0 0 1
    outer loop
      vertex 55.85 23.4019 2.5
      vertex 64 6.5 2.5
      vertex 56.1763 23.6199 2.5
    endloop
  endfacet
  facet normal 0 0 1
    outer loop
      vertex 58 6.5 2.5
      vertex 56.4713 4.62132 2.5
      vertex 56.7301 4.32628 2.5
    endloop
  endfacet
  facet normal 0 0 1
    outer loop
      vertex 64 6.5 2.5
      vertex 55.85 23.4019 2.5
      vertex 58 6.5 2.5
    endloop
  endfacet
  facet normal 0 0 1
    outer loop
      vertex 58 6.5 2.5
      vertex 56.1763 4.88006 2.5
      vertex 56.4713 4.62132 2.5
    endloop
  endfacet
  facet normal -0 0 1
    outer loop
      vertex 55.4981 23.2284 2.5
      vertex 58 6.5 2.5
      vertex 55.85 23.4019 2.5
    endloop
  endfacet
  facet normal 0 0 1
    outer loop
      vertex 58 6.5 2.5
      vertex 55.85 5.09808 2.5
      vertex 56.1763 4.88006 2.5
    endloop
  endfacet
  facet normal -0 0 1
    outer loop
      vertex 55.1265 23.1022 2.5
      vertex 58 6.5 2.5
      vertex 55.4981 23.2284 2.5
    endloop
  endfacet
  facet normal 0 0 1
    outer loop
      vertex 58 6.5 2.5
      vertex 55.4981 5.27164 2.5
      vertex 55.85 5.09808 2.5
    endloop
  endfacet
  facet normal -0 0 1
    outer loop
      vertex 54.7416 23.0257 2.5
      vertex 58 6.5 2.5
      vertex 55.1265 23.1022 2.5
    endloop
  endfacet
  facet normal 0 0 1
    outer loop
      vertex 58 6.5 2.5
      vertex 55.1265 5.39778 2.5
      vertex 55.4981 5.27164 2.5
    endloop
  endfacet
  facet normal -0 0 1
    outer loop
      vertex 54.35 23 2.5
      vertex 58 6.5 2.5
      vertex 54.7416 23.0257 2.5
    endloop
  endfacet
  facet normal 0 0 1
    outer loop
      vertex 58 6.5 2.5
      vertex 54.7416 5.47433 2.5
      vertex 55.1265 5.39778 2.5
    endloop
  endfacet
  facet normal 0 0 1
    outer loop
      vertex 54.35 5.5 2.5
      vertex 58 6.5 2.5
      vertex 54.35 23 2.5
    endloop
  endfacet
  facet normal 0 0 1
    outer loop
      vertex 58 6.5 2.5
      vertex 54.35 5.5 2.5
      vertex 54.7416 5.47433 2.5
    endloop
  endfacet
  facet normal 0 0 1
    outer loop
      vertex 53.9584 23.0257 2.5
      vertex 54.35 5.5 2.5
      vertex 54.35 23 2.5
    endloop
  endfacet
  facet normal 0 0 1
    outer loop
      vertex 53.9584 23.0257 2.5
      vertex 53.9584 5.47433 2.5
      vertex 54.35 5.5 2.5
    endloop
  endfacet
  facet normal 0 0 1
    outer loop
      vertex 53.5735 23.1022 2.5
      vertex 53.9584 5.47433 2.5
      vertex 53.9584 23.0257 2.5
    endloop
  endfacet
  facet normal 0 0 1
    outer loop
      vertex 53.5735 23.1022 2.5
      vertex 53.5735 5.39778 2.5
      vertex 53.9584 5.47433 2.5
    endloop
  endfacet
  facet normal 0 0 1
    outer loop
      vertex 53.202 23.2284 2.5
      vertex 53.5735 5.39778 2.5
      vertex 53.5735 23.1022 2.5
    endloop
  endfacet
  facet normal 0 0 1
    outer loop
      vertex 53.202 23.2284 2.5
      vertex 53.202 5.27164 2.5
      vertex 53.5735 5.39778 2.5
    endloop
  endfacet
  facet normal 0 0 1
    outer loop
      vertex 47.8 4.5 2.5
      vertex 53.202 23.2284 2.5
      vertex 52.85 23.4019 2.5
    endloop
  endfacet
  facet normal 0 0 1
    outer loop
      vertex 53.202 23.2284 2.5
      vertex 47.8 4.5 2.5
      vertex 53.202 5.27164 2.5
    endloop
  endfacet
  facet normal 0 0 1
    outer loop
      vertex 47.8 4.5 2.5
      vertex 52.85 23.4019 2.5
      vertex 52.5237 23.6199 2.5
    endloop
  endfacet
  facet normal 0 0 1
    outer loop
      vertex 53.202 5.27164 2.5
      vertex 47.8 4.5 2.5
      vertex 52.85 5.09808 2.5
    endloop
  endfacet
  facet normal 0 0 1
    outer loop
      vertex 47.8 4.5 2.5
      vertex 52.5237 23.6199 2.5
      vertex 52.2287 23.8787 2.5
    endloop
  endfacet
  facet normal 0 0 1
    outer loop
      vertex 52.85 5.09808 2.5
      vertex 47.8 4.5 2.5
      vertex 52.5237 4.88006 2.5
    endloop
  endfacet
  facet normal 0 0 1
    outer loop
      vertex 47.8 4.5 2.5
      vertex 52.2287 23.8787 2.5
      vertex 51.9699 24.1737 2.5
    endloop
  endfacet
  facet normal 0 0 1
    outer loop
      vertex 52.5237 4.88006 2.5
      vertex 47.8 4.5 2.5
      vertex 52.2287 4.62132 2.5
    endloop
  endfacet
  facet normal 0 0 1
    outer loop
      vertex 37.8 4.5 2.5
      vertex 51.9699 24.1737 2.5
      vertex 51.7519 24.5 2.5
    endloop
  endfacet
  facet normal 0 0 1
    outer loop
      vertex 52.2287 4.62132 2.5
      vertex 47.8 4.5 2.5
      vertex 51.9699 4.32628 2.5
    endloop
  endfacet
  facet normal 0 0 1
    outer loop
      vertex 37.8 4.5 2.5
      vertex 51.7519 24.5 2.5
      vertex 51.5784 24.852 2.5
    endloop
  endfacet
  facet normal 0 0 1
    outer loop
      vertex 51.9699 4.32628 2.5
      vertex 47.8 4.5 2.5
      vertex 51.7519 4 2.5
    endloop
  endfacet
  facet normal 0 0 1
    outer loop
      vertex 37.8 4.5 2.5
      vertex 51.5784 24.852 2.5
      vertex 51.4522 25.2235 2.5
    endloop
  endfacet
  facet normal 0 0 1
    outer loop
      vertex 51.7519 4 2.5
      vertex 47.8 4.5 2.5
      vertex 51.5784 3.64805 2.5
    endloop
  endfacet
  facet normal 0 0 1
    outer loop
      vertex 22.3243 25.6084 2.5
      vertex 51.3757 25.6084 2.5
      vertex 22.35 26 2.5
    endloop
  endfacet
  facet normal 0 0 1
    outer loop
      vertex 51.5784 3.64805 2.5
      vertex 47.8 4.5 2.5
      vertex 51.4522 3.27646 2.5
    endloop
  endfacet
  facet normal -0 0 1
    outer loop
      vertex 22.35 26 2.5
      vertex 51.3757 25.6084 2.5
      vertex 51.35 26 2.5
    endloop
  endfacet
  facet normal 0 0 1
    outer loop
      vertex 51.4522 3.27646 2.5
      vertex 47.8 4.5 2.5
      vertex 51.3757 2.89158 2.5
    endloop
  endfacet
  facet normal 0 0 1
    outer loop
      vertex 72 16.2 2.5
      vertex 71.3 16.2 2.5
      vertex 72 13.5 2.5
    endloop
  endfacet
  facet normal 0 0 1
    outer loop
      vertex 72.1294 22.2726 2.5
      vertex 72.9 19.8 2.5
      vertex 73.1558 22.0684 2.5
    endloop
  endfacet
  facet normal 0 0 1
    outer loop
      vertex 72.1294 22.2726 2.5
      vertex 71.3 19.8 2.5
      vertex 72.9 19.8 2.5
    endloop
  endfacet
  facet normal 0 0 1
    outer loop
      vertex 70.2 23.0718 2.5
      vertex 71.3 19.8 2.5
      vertex 71.1385 22.609 2.5
    endloop
  endfacet
  facet normal 0 0 1
    outer loop
      vertex 71.1385 22.609 2.5
      vertex 71.3 19.8 2.5
      vertex 72.1294 22.2726 2.5
    endloop
  endfacet
  facet normal 0 0 1
    outer loop
      vertex 72.9 19.8 2.5
      vertex 74.2 22 2.5
      vertex 73.1558 22.0684 2.5
    endloop
  endfacet
  facet normal 0 0 1
    outer loop
      vertex 74.2 22 2.5
      vertex 72.9 19.8 2.5
      vertex 73.5 16.5 2.5
    endloop
  endfacet
  facet normal 0 0 1
    outer loop
      vertex 73.5 16.5 2.5
      vertex 72.9 19.8 2.5
      vertex 72.9 16.5 2.5
    endloop
  endfacet
  facet normal 0 0 1
    outer loop
      vertex 74.2 38 2.5
      vertex 72.9 42.2 2.5
      vertex 73.1558 37.9315 2.5
    endloop
  endfacet
  facet normal 0 0 1
    outer loop
      vertex 72.9 42.2 2.5
      vertex 72.1294 37.7274 2.5
      vertex 73.1558 37.9315 2.5
    endloop
  endfacet
  facet normal -0 0 1
    outer loop
      vertex 71.3 42.2 2.5
      vertex 72.1294 37.7274 2.5
      vertex 72.9 42.2 2.5
    endloop
  endfacet
  facet normal 0 0 1
    outer loop
      vertex 72.1294 37.7274 2.5
      vertex 71.3 42.2 2.5
      vertex 71.1385 37.391 2.5
    endloop
  endfacet
  facet normal 0 0 1
    outer loop
      vertex 76.5 76.5 2.5
      vertex 77 83 2.5
      vertex 76.5 82.5 2.5
    endloop
  endfacet
  facet normal 0 0 1
    outer loop
      vertex 77 83 2.5
      vertex 70.5 82.5 2.5
      vertex 76.5 82.5 2.5
    endloop
  endfacet
  facet normal 0 0 1
    outer loop
      vertex 70 83 2.5
      vertex 70.5 76.5 2.5
      vertex 70.5 82.5 2.5
    endloop
  endfacet
  facet normal -0 0 1
    outer loop
      vertex 70 83 2.5
      vertex 70.5 82.5 2.5
      vertex 77 83 2.5
    endloop
  endfacet
  facet normal 0 0 1
    outer loop
      vertex 70.5 76.5 2.5
      vertex 70 83 2.5
      vertex 70 36.7946 2.5
    endloop
  endfacet
  facet normal 0 0 1
    outer loop
      vertex 70.5 76.5 2.5
      vertex 70 36.7946 2.5
      vertex 70.2 36.9282 2.5
    endloop
  endfacet
  facet normal -0 0 1
    outer loop
      vertex 79.9743 -40.6084 2.5
      vertex 82.5 -49.5 2.5
      vertex 79.9743 -18.3916 2.5
    endloop
  endfacet
  facet normal 0 0 1
    outer loop
      vertex 82.5 -49.5 2.5
      vertex 79.9743 -40.6084 2.5
      vertex 80 -41 2.5
    endloop
  endfacet
  facet normal -0 0 1
    outer loop
      vertex 79.8978 -18.7765 2.5
      vertex 79.9743 -40.6084 2.5
      vertex 79.9743 -18.3916 2.5
    endloop
  endfacet
  facet normal 0 0 1
    outer loop
      vertex 79.8978 -18.7765 2.5
      vertex 79.8978 -40.2235 2.5
      vertex 79.9743 -40.6084 2.5
    endloop
  endfacet
  facet normal -0 0 1
    outer loop
      vertex 79.7716 -19.148 2.5
      vertex 79.8978 -40.2235 2.5
      vertex 79.8978 -18.7765 2.5
    endloop
  endfacet
  facet normal 0 0 1
    outer loop
      vertex 79.7716 -19.148 2.5
      vertex 79.7716 -39.852 2.5
      vertex 79.8978 -40.2235 2.5
    endloop
  endfacet
  facet normal -0 0 1
    outer loop
      vertex 79.5981 -19.5 2.5
      vertex 79.7716 -39.852 2.5
      vertex 79.7716 -19.148 2.5
    endloop
  endfacet
  facet normal 0 0 1
    outer loop
      vertex 79.5981 -19.5 2.5
      vertex 79.5981 -39.5 2.5
      vertex 79.7716 -39.852 2.5
    endloop
  endfacet
  facet normal -0 0 1
    outer loop
      vertex 79.3801 -19.8263 2.5
      vertex 79.5981 -39.5 2.5
      vertex 79.5981 -19.5 2.5
    endloop
  endfacet
  facet normal 0 0 1
    outer loop
      vertex 79.3801 -19.8263 2.5
      vertex 79.3801 -39.1737 2.5
      vertex 79.5981 -39.5 2.5
    endloop
  endfacet
  facet normal -0 0 1
    outer loop
      vertex 79.1213 -20.1213 2.5
      vertex 79.3801 -39.1737 2.5
      vertex 79.3801 -19.8263 2.5
    endloop
  endfacet
  facet normal 0 0 1
    outer loop
      vertex 79.1213 -20.1213 2.5
      vertex 79.1213 -38.8787 2.5
      vertex 79.3801 -39.1737 2.5
    endloop
  endfacet
  facet normal -0 0 1
    outer loop
      vertex 78.8263 -20.3801 2.5
      vertex 79.1213 -38.8787 2.5
      vertex 79.1213 -20.1213 2.5
    endloop
  endfacet
  facet normal 0 0 1
    outer loop
      vertex 78.8263 -20.3801 2.5
      vertex 78.8263 -38.6199 2.5
      vertex 79.1213 -38.8787 2.5
    endloop
  endfacet
  facet normal -0 0 1
    outer loop
      vertex 78.5 -20.5981 2.5
      vertex 78.8263 -38.6199 2.5
      vertex 78.8263 -20.3801 2.5
    endloop
  endfacet
  facet normal 0 0 1
    outer loop
      vertex 78.5 -20.5981 2.5
      vertex 78.5 -38.4019 2.5
      vertex 78.8263 -38.6199 2.5
    endloop
  endfacet
  facet normal -0 0 1
    outer loop
      vertex 78.148 -20.7716 2.5
      vertex 78.5 -38.4019 2.5
      vertex 78.5 -20.5981 2.5
    endloop
  endfacet
  facet normal 0 0 1
    outer loop
      vertex 78.148 -20.7716 2.5
      vertex 78.148 -38.2284 2.5
      vertex 78.5 -38.4019 2.5
    endloop
  endfacet
  facet normal -0 0 1
    outer loop
      vertex 77.7765 -20.8978 2.5
      vertex 78.148 -38.2284 2.5
      vertex 78.148 -20.7716 2.5
    endloop
  endfacet
  facet normal 0 0 1
    outer loop
      vertex 77.7765 -20.8978 2.5
      vertex 77.7765 -38.1022 2.5
      vertex 78.148 -38.2284 2.5
    endloop
  endfacet
  facet normal -0 0 1
    outer loop
      vertex 77.3916 -20.9743 2.5
      vertex 77.7765 -38.1022 2.5
      vertex 77.7765 -20.8978 2.5
    endloop
  endfacet
  facet normal 0 0 1
    outer loop
      vertex 77.3916 -20.9743 2.5
      vertex 77.3916 -38.0257 2.5
      vertex 77.7765 -38.1022 2.5
    endloop
  endfacet
  facet normal -0 0 1
    outer loop
      vertex 77 -21 2.5
      vertex 77.3916 -38.0257 2.5
      vertex 77.3916 -20.9743 2.5
    endloop
  endfacet
  facet normal 0 0 1
    outer loop
      vertex 77 -21 2.5
      vertex 77 -38 2.5
      vertex 77.3916 -38.0257 2.5
    endloop
  endfacet
  facet normal 0 0 1
    outer loop
      vertex 76.6084 -20.9743 2.5
      vertex 77 -38 2.5
      vertex 77 -21 2.5
    endloop
  endfacet
  facet normal 0 0 1
    outer loop
      vertex 76.6084 -20.9743 2.5
      vertex 76.6084 -38.0257 2.5
      vertex 77 -38 2.5
    endloop
  endfacet
  facet normal 0 0 1
    outer loop
      vertex 76.2235 -20.8978 2.5
      vertex 76.6084 -38.0257 2.5
      vertex 76.6084 -20.9743 2.5
    endloop
  endfacet
  facet normal 0 0 1
    outer loop
      vertex 76.2235 -20.8978 2.5
      vertex 76.2235 -38.1022 2.5
      vertex 76.6084 -38.0257 2.5
    endloop
  endfacet
  facet normal 0 0 1
    outer loop
      vertex 75.852 -20.7716 2.5
      vertex 76.2235 -38.1022 2.5
      vertex 76.2235 -20.8978 2.5
    endloop
  endfacet
  facet normal 0 0 1
    outer loop
      vertex 75.852 -20.7716 2.5
      vertex 75.852 -38.2284 2.5
      vertex 76.2235 -38.1022 2.5
    endloop
  endfacet
  facet normal 0 0 1
    outer loop
      vertex 75.5 -20.5981 2.5
      vertex 75.852 -38.2284 2.5
      vertex 75.852 -20.7716 2.5
    endloop
  endfacet
  facet normal 0 0 1
    outer loop
      vertex 75.5 -20.5981 2.5
      vertex 75.5 -38.4019 2.5
      vertex 75.852 -38.2284 2.5
    endloop
  endfacet
  facet normal 0 0 1
    outer loop
      vertex 75.1737 -20.3801 2.5
      vertex 75.5 -38.4019 2.5
      vertex 75.5 -20.5981 2.5
    endloop
  endfacet
  facet normal 0 0 1
    outer loop
      vertex 75.1737 -20.3801 2.5
      vertex 75.1737 -38.6199 2.5
      vertex 75.5 -38.4019 2.5
    endloop
  endfacet
  facet normal 0 0 1
    outer loop
      vertex 74.8787 -20.1213 2.5
      vertex 75.1737 -38.6199 2.5
      vertex 75.1737 -20.3801 2.5
    endloop
  endfacet
  facet normal 0 0 1
    outer loop
      vertex 74.8787 -20.1213 2.5
      vertex 74.8787 -38.8787 2.5
      vertex 75.1737 -38.6199 2.5
    endloop
  endfacet
  facet normal 0 0 1
    outer loop
      vertex 74.6199 -19.8263 2.5
      vertex 74.8787 -38.8787 2.5
      vertex 74.8787 -20.1213 2.5
    endloop
  endfacet
  facet normal 0 0 1
    outer loop
      vertex 74.6199 -19.8263 2.5
      vertex 74.6199 -39.1737 2.5
      vertex 74.8787 -38.8787 2.5
    endloop
  endfacet
  facet normal 0 0 1
    outer loop
      vertex 74.4019 -19.5 2.5
      vertex 74.6199 -39.1737 2.5
      vertex 74.6199 -19.8263 2.5
    endloop
  endfacet
  facet normal 0 0 1
    outer loop
      vertex 74.4019 -19.5 2.5
      vertex 74.4019 -39.5 2.5
      vertex 74.6199 -39.1737 2.5
    endloop
  endfacet
  facet normal 0 0 1
    outer loop
      vertex 56.8 -11.8 2.5
      vertex 74.4019 -19.5 2.5
      vertex 74.2284 -19.148 2.5
    endloop
  endfacet
  facet normal 0 0 1
    outer loop
      vertex 74.4019 -19.5 2.5
      vertex 56.8 -11.8 2.5
      vertex 74.4019 -39.5 2.5
    endloop
  endfacet
  facet normal 0 0 1
    outer loop
      vertex 56.8 -11.8 2.5
      vertex 74.2284 -19.148 2.5
      vertex 74.1022 -18.7765 2.5
    endloop
  endfacet
  facet normal 0 0 1
    outer loop
      vertex 74.4019 -39.5 2.5
      vertex 56.8 -11.8 2.5
      vertex 74.2284 -39.852 2.5
    endloop
  endfacet
  facet normal 0 0 1
    outer loop
      vertex 56.8 -11.8 2.5
      vertex 74.1022 -18.7765 2.5
      vertex 74.0257 -18.3916 2.5
    endloop
  endfacet
  facet normal -0 0 1
    outer loop
      vertex 53.2 -11.8 2.5
      vertex 74.2284 -39.852 2.5
      vertex 56.8 -11.8 2.5
    endloop
  endfacet
  facet normal 0 0 1
    outer loop
      vertex 56.8 -11.8 2.5
      vertex 74.0257 -18.3916 2.5
      vertex 74 -18 2.5
    endloop
  endfacet
  facet normal 0 0 1
    outer loop
      vertex 74.2284 -39.852 2.5
      vertex 53.2 -11.8 2.5
      vertex 74.1022 -40.2235 2.5
    endloop
  endfacet
  facet normal 0 0 1
    outer loop
      vertex 82.5 -6 2.5
      vertex 79.9743 -17.6084 2.5
      vertex 80 -18 2.5
    endloop
  endfacet
  facet normal 0 0 1
    outer loop
      vertex 82.5 -6 2.5
      vertex 79.8978 -17.2235 2.5
      vertex 79.9743 -17.6084 2.5
    endloop
  endfacet
  facet normal 0 0 1
    outer loop
      vertex 75 13.5 2.5
      vertex 80.5468 25.1299 2.5
      vertex 79.8568 24.3431 2.5
    endloop
  endfacet
  facet normal 0 0 1
    outer loop
      vertex 82.5 -6 2.5
      vertex 79.7716 -16.852 2.5
      vertex 79.8978 -17.2235 2.5
    endloop
  endfacet
  facet normal 0 0 1
    outer loop
      vertex 82.5 -6 2.5
      vertex 79.5981 -16.5 2.5
      vertex 79.7716 -16.852 2.5
    endloop
  endfacet
  facet normal 0 0 1
    outer loop
      vertex 74.2 -8.7 2.5
      vertex 82.5 -6 2.5
      vertex 74.2 4.29999 2.5
    endloop
  endfacet
  facet normal 0 0 1
    outer loop
      vertex 82.5 -6 2.5
      vertex 79.3801 -16.1737 2.5
      vertex 79.5981 -16.5 2.5
    endloop
  endfacet
  facet normal 0 0 1
    outer loop
      vertex 75 13.5 2.5
      vertex 79.8568 24.3431 2.5
      vertex 79.0701 23.6532 2.5
    endloop
  endfacet
  facet normal 0 0 1
    outer loop
      vertex 82.5 -6 2.5
      vertex 79.1213 -15.8787 2.5
      vertex 79.3801 -16.1737 2.5
    endloop
  endfacet
  facet normal 0 -0 1
    outer loop
      vertex 77.7765 -15.1022 2.5
      vertex 82.5 -6 2.5
      vertex 74.2 -8.7 2.5
    endloop
  endfacet
  facet normal 0 0 1
    outer loop
      vertex 75 15 2.5
      vertex 79.0701 23.6532 2.5
      vertex 78.2 23.0718 2.5
    endloop
  endfacet
  facet normal 0 0 1
    outer loop
      vertex 82.5 -6 2.5
      vertex 78.8263 -15.6199 2.5
      vertex 79.1213 -15.8787 2.5
    endloop
  endfacet
  facet normal 0 0 1
    outer loop
      vertex 82.5 -6 2.5
      vertex 78.5 -15.4019 2.5
      vertex 78.8263 -15.6199 2.5
    endloop
  endfacet
  facet normal 0 0 1
    outer loop
      vertex 82.5 -6 2.5
      vertex 78.148 -15.2284 2.5
      vertex 78.5 -15.4019 2.5
    endloop
  endfacet
  facet normal 0 0 1
    outer loop
      vertex 75 15 2.5
      vertex 78.2 23.0718 2.5
      vertex 77.2615 22.609 2.5
    endloop
  endfacet
  facet normal 0 0 1
    outer loop
      vertex 82.5 -6 2.5
      vertex 77.7765 -15.1022 2.5
      vertex 78.148 -15.2284 2.5
    endloop
  endfacet
  facet normal 0 0 1
    outer loop
      vertex 77.7765 -15.1022 2.5
      vertex 74.2 -8.7 2.5
      vertex 77.3916 -15.0257 2.5
    endloop
  endfacet
  facet normal 0 0 1
    outer loop
      vertex 75 15 2.5
      vertex 77.2615 22.609 2.5
      vertex 76.2705 22.2726 2.5
    endloop
  endfacet
  facet normal 0 0 1
    outer loop
      vertex 96.177 5.57472 2.5
      vertex 74.2 4.29999 2.5
      vertex 82.5 -6 2.5
    endloop
  endfacet
  facet normal 0 0 1
    outer loop
      vertex 77.3916 -15.0257 2.5
      vertex 74.2 -8.7 2.5
      vertex 77 -15 2.5
    endloop
  endfacet
  facet normal 0 0 1
    outer loop
      vertex 77 -15 2.5
      vertex 74.2 -8.7 2.5
      vertex 76.6084 -15.0257 2.5
    endloop
  endfacet
  facet normal 0 0 1
    outer loop
      vertex 73.5 16.5 2.5
      vertex 76.2705 22.2726 2.5
      vertex 75.2442 22.0684 2.5
    endloop
  endfacet
  facet normal 0 0 1
    outer loop
      vertex 76.6084 -15.0257 2.5
      vertex 74.2 -8.7 2.5
      vertex 76.2235 -15.1022 2.5
    endloop
  endfacet
  facet normal 0 0 1
    outer loop
      vertex 79.0701 23.6532 2.5
      vertex 75 15 2.5
      vertex 75 13.5 2.5
    endloop
  endfacet
  facet normal 0 0 1
    outer loop
      vertex 73.5 16.5 2.5
      vertex 75.2442 22.0684 2.5
      vertex 74.2 22 2.5
    endloop
  endfacet
  facet normal 0 0 1
    outer loop
      vertex 76.2705 22.2726 2.5
      vertex 73.5 16.5 2.5
      vertex 75 15 2.5
    endloop
  endfacet
  facet normal 0 0 1
    outer loop
      vertex 75 15 2.5
      vertex 73.5 16.5 2.5
      vertex 73.5 15 2.5
    endloop
  endfacet
  facet normal -0 0 1
    outer loop
      vertex 99 61 2.5
      vertex 100.5 59.5 2.5
      vertex 100.5 61 2.5
    endloop
  endfacet
  facet normal 0 0 1
    outer loop
      vertex 100.5 59.5 2.5
      vertex 81.9274 32.0705 2.5
      vertex 100.5 16.5 2.5
    endloop
  endfacet
  facet normal 0 0 1
    outer loop
      vertex 79.0701 36.3468 2.5
      vertex 100.5 59.5 2.5
      vertex 99 61 2.5
    endloop
  endfacet
  facet normal -0 -0 1
    outer loop
      vertex 82.1315 31.0442 2.5
      vertex 100.5 16.5 2.5
      vertex 81.9274 32.0705 2.5
    endloop
  endfacet
  facet normal -0 0 1
    outer loop
      vertex 101.1 42.2 2.5
      vertex 102.7 19.8 2.5
      vertex 102.7 42.2 2.5
    endloop
  endfacet
  facet normal 0 0 1
    outer loop
      vertex 102.7 19.8 2.5
      vertex 101.1 42.2 2.5
      vertex 101.1 19.8 2.5
    endloop
  endfacet
  facet normal -0 0 1
    outer loop
      vertex 108 47.0276 2.5
      vertex 112 10.1527 2.5
      vertex 112 68 2.5
    endloop
  endfacet
  facet normal 0 0 1
    outer loop
      vertex 112 10.1527 2.5
      vertex 108 47.0276 2.5
      vertex 111.464 10.7639 2.5
    endloop
  endfacet
  facet normal 0 0 1
    outer loop
      vertex 111.464 10.7639 2.5
      vertex 108 47.0276 2.5
      vertex 110.579 11.5402 2.5
    endloop
  endfacet
  facet normal 0 0 1
    outer loop
      vertex 110.579 11.5402 2.5
      vertex 108 47.0276 2.5
      vertex 109.6 12.1942 2.5
    endloop
  endfacet
  facet normal 0 0 1
    outer loop
      vertex 108 47.0276 2.5
      vertex 112 68 2.5
      vertex 108 53.0276 2.5
    endloop
  endfacet
  facet normal 0 0 1
    outer loop
      vertex 102 59.5 2.5
      vertex 112 68 2.5
      vertex 102 62.5 2.5
    endloop
  endfacet
  facet normal 0 0 1
    outer loop
      vertex 112 68 2.5
      vertex 99 62.5 2.5
      vertex 102 62.5 2.5
    endloop
  endfacet
  facet normal 0 0 1
    outer loop
      vertex 77 68 2.5
      vertex 99 61 2.5
      vertex 99 62.5 2.5
    endloop
  endfacet
  facet normal -0 -0 1
    outer loop
      vertex 82.2 30 2.5
      vertex 100.5 16.5 2.5
      vertex 82.1315 31.0442 2.5
    endloop
  endfacet
  facet normal 0 0 1
    outer loop
      vertex 100.5 16.5 2.5
      vertex 99 15 2.5
      vertex 100.5 15 2.5
    endloop
  endfacet
  facet normal -0 0 1
    outer loop
      vertex 81.9274 27.9294 2.5
      vertex 100.5 16.5 2.5
      vertex 82.1315 28.9558 2.5
    endloop
  endfacet
  facet normal -0 0 1
    outer loop
      vertex 81.591 26.9385 2.5
      vertex 100.5 16.5 2.5
      vertex 81.9274 27.9294 2.5
    endloop
  endfacet
  facet normal 0 0 1
    outer loop
      vertex 100.5 16.5 2.5
      vertex 81.591 26.9385 2.5
      vertex 99 15 2.5
    endloop
  endfacet
  facet normal -0 0 1
    outer loop
      vertex 81.1282 26 2.5
      vertex 99 15 2.5
      vertex 81.591 26.9385 2.5
    endloop
  endfacet
  facet normal -0 0 1
    outer loop
      vertex 80.5468 25.1299 2.5
      vertex 99 15 2.5
      vertex 81.1282 26 2.5
    endloop
  endfacet
  facet normal 0 -0 1
    outer loop
      vertex 97.3058 8.89999 2.5
      vertex 99 15 2.5
      vertex 80.5468 25.1299 2.5
    endloop
  endfacet
  facet normal 0 0 1
    outer loop
      vertex 99 13.5 2.5
      vertex 97.9598 9.87885 2.5
      vertex 98.736 10.7639 2.5
    endloop
  endfacet
  facet normal -0 0 1
    outer loop
      vertex 75 13.5 2.5
      vertex 97.3058 8.89999 2.5
      vertex 80.5468 25.1299 2.5
    endloop
  endfacet
  facet normal 0 0 1
    outer loop
      vertex 99 13.5 2.5
      vertex 97.3058 8.89999 2.5
      vertex 97.9598 9.87885 2.5
    endloop
  endfacet
  facet normal 0 0 1
    outer loop
      vertex 99 15 2.5
      vertex 97.3058 8.89999 2.5
      vertex 99 13.5 2.5
    endloop
  endfacet
  facet normal -0 0 1
    outer loop
      vertex 82.1315 28.9558 2.5
      vertex 100.5 16.5 2.5
      vertex 82.2 30 2.5
    endloop
  endfacet
  facet normal 0 0 1
    outer loop
      vertex 100.5 59.5 2.5
      vertex 81.591 33.0615 2.5
      vertex 81.9274 32.0705 2.5
    endloop
  endfacet
  facet normal 0 0 1
    outer loop
      vertex 100.5 59.5 2.5
      vertex 81.1282 34 2.5
      vertex 81.591 33.0615 2.5
    endloop
  endfacet
  facet normal 0 0 1
    outer loop
      vertex 100.5 59.5 2.5
      vertex 80.5468 34.8701 2.5
      vertex 81.1282 34 2.5
    endloop
  endfacet
  facet normal 0 0 1
    outer loop
      vertex 100.5 59.5 2.5
      vertex 79.8568 35.6568 2.5
      vertex 80.5468 34.8701 2.5
    endloop
  endfacet
  facet normal 0 0 1
    outer loop
      vertex 100.5 59.5 2.5
      vertex 79.0701 36.3468 2.5
      vertex 79.8568 35.6568 2.5
    endloop
  endfacet
  facet normal 0 0 1
    outer loop
      vertex 99 61 2.5
      vertex 72.9 45.8 2.5
      vertex 79.0701 36.3468 2.5
    endloop
  endfacet
  facet normal 0 0 1
    outer loop
      vertex 79.0701 36.3468 2.5
      vertex 72.9 45.8 2.5
      vertex 78.2 36.9282 2.5
    endloop
  endfacet
  facet normal -0 0 1
    outer loop
      vertex 77 68 2.5
      vertex 99 62.5 2.5
      vertex 112 68 2.5
    endloop
  endfacet
  facet normal 0 0 1
    outer loop
      vertex 99 61 2.5
      vertex 77 68 2.5
      vertex 75 61 2.5
    endloop
  endfacet
  facet normal 0 0 1
    outer loop
      vertex 77 83 2.5
      vertex 76.5 76.5 2.5
      vertex 77 68 2.5
    endloop
  endfacet
  facet normal -0 0 1
    outer loop
      vertex 70.5 76.5 2.5
      vertex 77 68 2.5
      vertex 76.5 76.5 2.5
    endloop
  endfacet
  facet normal 0 0 1
    outer loop
      vertex 99 61 2.5
      vertex 75 61 2.5
      vertex 72.9 45.8 2.5
    endloop
  endfacet
  facet normal 0 0 1
    outer loop
      vertex 78.2 36.9282 2.5
      vertex 72.9 45.8 2.5
      vertex 77.2615 37.391 2.5
    endloop
  endfacet
  facet normal 0 0 1
    outer loop
      vertex 77 68 2.5
      vertex 75 62.5 2.5
      vertex 75 61 2.5
    endloop
  endfacet
  facet normal 0 0 1
    outer loop
      vertex 77 68 2.5
      vertex 72 62.5 2.5
      vertex 75 62.5 2.5
    endloop
  endfacet
  facet normal 0 0 1
    outer loop
      vertex 70.5 76.5 2.5
      vertex 72 59.5 2.5
      vertex 72 62.5 2.5
    endloop
  endfacet
  facet normal 0 0 1
    outer loop
      vertex 70.2 36.9282 2.5
      vertex 71.3 42.2 2.5
      vertex 71.3 45.8 2.5
    endloop
  endfacet
  facet normal 0 0 1
    outer loop
      vertex 77 68 2.5
      vertex 70.5 76.5 2.5
      vertex 72 62.5 2.5
    endloop
  endfacet
  facet normal 0 0 1
    outer loop
      vertex 72 59.5 2.5
      vertex 70.5 76.5 2.5
      vertex 71.3 45.8 2.5
    endloop
  endfacet
  facet normal 0 0 1
    outer loop
      vertex 70.2 36.9282 2.5
      vertex 71.3 45.8 2.5
      vertex 70.5 76.5 2.5
    endloop
  endfacet
  facet normal 0 0 1
    outer loop
      vertex 71.3 42.2 2.5
      vertex 70.2 36.9282 2.5
      vertex 71.1385 37.391 2.5
    endloop
  endfacet
  facet normal -0 0 1
    outer loop
      vertex 102.7 19.8 2.5
      vertex 109.6 12.1942 2.5
      vertex 108 47.0276 2.5
    endloop
  endfacet
  facet normal 0 0 1
    outer loop
      vertex 109.6 12.1942 2.5
      vertex 102.7 19.8 2.5
      vertex 108.544 12.7149 2.5
    endloop
  endfacet
  facet normal 0 0 1
    outer loop
      vertex 108.544 12.7149 2.5
      vertex 102.7 19.8 2.5
      vertex 107.429 13.0933 2.5
    endloop
  endfacet
  facet normal 0 0 1
    outer loop
      vertex 107.429 13.0933 2.5
      vertex 102.7 19.8 2.5
      vertex 106.275 13.323 2.5
    endloop
  endfacet
  facet normal -0 0 1
    outer loop
      vertex 102.7 16.2 2.5
      vertex 106.275 13.323 2.5
      vertex 102.7 19.8 2.5
    endloop
  endfacet
  facet normal 0 0 1
    outer loop
      vertex 106.275 13.323 2.5
      vertex 102.7 16.2 2.5
      vertex 105.1 13.4 2.5
    endloop
  endfacet
  facet normal 0 0 1
    outer loop
      vertex 102.7 42.2 2.5
      vertex 108 47.0276 2.5
      vertex 102.7 45.8 2.5
    endloop
  endfacet
  facet normal -0 0 1
    outer loop
      vertex 102 47.0276 2.5
      vertex 102.7 45.8 2.5
      vertex 108 47.0276 2.5
    endloop
  endfacet
  facet normal 0 0 1
    outer loop
      vertex 102.7 45.8 2.5
      vertex 102 47.0276 2.5
      vertex 101.1 45.8 2.5
    endloop
  endfacet
  facet normal 0 0 1
    outer loop
      vertex 102.7 19.8 2.5
      vertex 108 47.0276 2.5
      vertex 102.7 42.2 2.5
    endloop
  endfacet
  facet normal 0 0 1
    outer loop
      vertex 105.1 13.4 2.5
      vertex 102.7 16.2 2.5
      vertex 103.925 13.323 2.5
    endloop
  endfacet
  facet normal -0 0 1
    outer loop
      vertex 102 13.5 2.5
      vertex 103.925 13.323 2.5
      vertex 102.7 16.2 2.5
    endloop
  endfacet
  facet normal 0 0 1
    outer loop
      vertex 102 13.5 2.5
      vertex 102.7 16.2 2.5
      vertex 102 16.2 2.5
    endloop
  endfacet
  facet normal 0 0 1
    outer loop
      vertex 103.925 13.323 2.5
      vertex 102 13.5 2.5
      vertex 102.771 13.0933 2.5
    endloop
  endfacet
  facet normal 0 0 1
    outer loop
      vertex 102 13.5 2.5
      vertex 101.656 12.7149 2.5
      vertex 102.771 13.0933 2.5
    endloop
  endfacet
  facet normal 0 0 1
    outer loop
      vertex 102 13.5 2.5
      vertex 100.6 12.1942 2.5
      vertex 101.656 12.7149 2.5
    endloop
  endfacet
  facet normal -0 0 1
    outer loop
      vertex 99 13.5 2.5
      vertex 100.6 12.1942 2.5
      vertex 102 13.5 2.5
    endloop
  endfacet
  facet normal 0 0 1
    outer loop
      vertex 100.6 12.1942 2.5
      vertex 99 13.5 2.5
      vertex 99.6211 11.5402 2.5
    endloop
  endfacet
  facet normal 0 0 1
    outer loop
      vertex 99.6211 11.5402 2.5
      vertex 99 13.5 2.5
      vertex 98.736 10.7639 2.5
    endloop
  endfacet
  facet normal 0 0 1
    outer loop
      vertex 112 68 2.5
      vertex 102 59.5 2.5
      vertex 108 53.0276 2.5
    endloop
  endfacet
  facet normal 0 0 1
    outer loop
      vertex 102 59.5 2.5
      vertex 102 53.0276 2.5
      vertex 108 53.0276 2.5
    endloop
  endfacet
  facet normal -0 0 1
    outer loop
      vertex 100.5 59.5 2.5
      vertex 102 53.0276 2.5
      vertex 102 59.5 2.5
    endloop
  endfacet
  facet normal 0 -0 1
    outer loop
      vertex 101.1 45.8 2.5
      vertex 102 53.0276 2.5
      vertex 100.5 59.5 2.5
    endloop
  endfacet
  facet normal 0 0 1
    outer loop
      vertex 100.5 59.5 2.5
      vertex 101.1 42.2 2.5
      vertex 101.1 45.8 2.5
    endloop
  endfacet
  facet normal 0 0 1
    outer loop
      vertex 101.1 42.2 2.5
      vertex 100.5 16.5 2.5
      vertex 101.1 19.8 2.5
    endloop
  endfacet
  facet normal 0 0 1
    outer loop
      vertex 102 53.0276 2.5
      vertex 101.1 45.8 2.5
      vertex 102 47.0276 2.5
    endloop
  endfacet
  facet normal 0 0 1
    outer loop
      vertex 101.1 42.2 2.5
      vertex 100.5 59.5 2.5
      vertex 100.5 16.5 2.5
    endloop
  endfacet
  facet normal 0 0 1
    outer loop
      vertex 101.1 19.8 2.5
      vertex 100.5 16.5 2.5
      vertex 101.1 16.5 2.5
    endloop
  endfacet
  facet normal -0 0 1
    outer loop
      vertex 111.464 -1.96396 2.5
      vertex 112 -6 2.5
      vertex 112 -1.35271 2.5
    endloop
  endfacet
  facet normal -0 0 1
    outer loop
      vertex 110.579 -2.74017 2.5
      vertex 112 -6 2.5
      vertex 111.464 -1.96396 2.5
    endloop
  endfacet
  facet normal -0 0 1
    outer loop
      vertex 109.6 -3.39423 2.5
      vertex 112 -6 2.5
      vertex 110.579 -2.74017 2.5
    endloop
  endfacet
  facet normal -0 0 1
    outer loop
      vertex 108.544 -3.9149 2.5
      vertex 112 -6 2.5
      vertex 109.6 -3.39423 2.5
    endloop
  endfacet
  facet normal -0 0 1
    outer loop
      vertex 107.429 -4.29332 2.5
      vertex 112 -6 2.5
      vertex 108.544 -3.9149 2.5
    endloop
  endfacet
  facet normal -0 0 1
    outer loop
      vertex 106.275 -4.52299 2.5
      vertex 112 -6 2.5
      vertex 107.429 -4.29332 2.5
    endloop
  endfacet
  facet normal -0 0 1
    outer loop
      vertex 105.1 -4.59999 2.5
      vertex 112 -6 2.5
      vertex 106.275 -4.52299 2.5
    endloop
  endfacet
  facet normal 0 0 1
    outer loop
      vertex 103.925 -4.52299 2.5
      vertex 112 -6 2.5
      vertex 105.1 -4.59999 2.5
    endloop
  endfacet
  facet normal 0 0 1
    outer loop
      vertex 103.925 -4.52299 2.5
      vertex 82.5 -6 2.5
      vertex 112 -6 2.5
    endloop
  endfacet
  facet normal 0 0 1
    outer loop
      vertex 102.771 -4.29332 2.5
      vertex 82.5 -6 2.5
      vertex 103.925 -4.52299 2.5
    endloop
  endfacet
  facet normal 0 0 1
    outer loop
      vertex 101.656 -3.9149 2.5
      vertex 82.5 -6 2.5
      vertex 102.771 -4.29332 2.5
    endloop
  endfacet
  facet normal 0 0 1
    outer loop
      vertex 100.6 -3.39423 2.5
      vertex 82.5 -6 2.5
      vertex 101.656 -3.9149 2.5
    endloop
  endfacet
  facet normal 0 0 1
    outer loop
      vertex 99.6211 -2.74017 2.5
      vertex 82.5 -6 2.5
      vertex 100.6 -3.39423 2.5
    endloop
  endfacet
  facet normal 0 0 1
    outer loop
      vertex 98.736 -1.96396 2.5
      vertex 82.5 -6 2.5
      vertex 99.6211 -2.74017 2.5
    endloop
  endfacet
  facet normal 0 0 1
    outer loop
      vertex 97.9598 -1.07884 2.5
      vertex 82.5 -6 2.5
      vertex 98.736 -1.96396 2.5
    endloop
  endfacet
  facet normal 0 0 1
    outer loop
      vertex 97.3058 -0.0999908 2.5
      vertex 82.5 -6 2.5
      vertex 97.9598 -1.07884 2.5
    endloop
  endfacet
  facet normal 0 0 1
    outer loop
      vertex 96.7851 0.955841 2.5
      vertex 82.5 -6 2.5
      vertex 97.3058 -0.0999908 2.5
    endloop
  endfacet
  facet normal 0 0 1
    outer loop
      vertex 96.4067 2.07062 2.5
      vertex 82.5 -6 2.5
      vertex 96.7851 0.955841 2.5
    endloop
  endfacet
  facet normal 0 0 1
    outer loop
      vertex 96.177 3.22525 2.5
      vertex 82.5 -6 2.5
      vertex 96.4067 2.07062 2.5
    endloop
  endfacet
  facet normal 0 0 1
    outer loop
      vertex 82.5 -6 2.5
      vertex 96.177 3.22525 2.5
      vertex 96.1 4.39999 2.5
    endloop
  endfacet
  facet normal 0 0 1
    outer loop
      vertex 97.3058 8.89999 2.5
      vertex 75 13.5 2.5
      vertex 96.7851 7.84415 2.5
    endloop
  endfacet
  facet normal 0 0 1
    outer loop
      vertex 96.7851 7.84415 2.5
      vertex 75 13.5 2.5
      vertex 96.4067 6.72937 2.5
    endloop
  endfacet
  facet normal 0 0 1
    outer loop
      vertex 75 13.5 2.5
      vertex 96.177 5.57472 2.5
      vertex 96.4067 6.72937 2.5
    endloop
  endfacet
  facet normal 0 0 1
    outer loop
      vertex 96.177 5.57472 2.5
      vertex 82.5 -6 2.5
      vertex 96.1 4.39999 2.5
    endloop
  endfacet
  facet normal 0 0 1
    outer loop
      vertex 74.2 4.29999 2.5
      vertex 96.177 5.57472 2.5
      vertex 75 13.5 2.5
    endloop
  endfacet
  facet normal 0 0 1
    outer loop
      vertex 79.9743 -18.3916 2.5
      vertex 82.5 -6 2.5
      vertex 80 -18 2.5
    endloop
  endfacet
  facet normal 0 0 1
    outer loop
      vertex 82.5 -6 2.5
      vertex 79.9743 -18.3916 2.5
      vertex 82.5 -49.5 2.5
    endloop
  endfacet
  facet normal -0 0 1
    outer loop
      vertex 79.9743 -41.3916 2.5
      vertex 82.5 -49.5 2.5
      vertex 80 -41 2.5
    endloop
  endfacet
  facet normal -0 0 1
    outer loop
      vertex 79.8978 -41.7765 2.5
      vertex 82.5 -49.5 2.5
      vertex 79.9743 -41.3916 2.5
    endloop
  endfacet
  facet normal -0 0 1
    outer loop
      vertex 79.7716 -42.148 2.5
      vertex 82.5 -49.5 2.5
      vertex 79.8978 -41.7765 2.5
    endloop
  endfacet
  facet normal -0 0 1
    outer loop
      vertex 79.5981 -42.5 2.5
      vertex 82.5 -49.5 2.5
      vertex 79.7716 -42.148 2.5
    endloop
  endfacet
  facet normal -0 0 1
    outer loop
      vertex 79.3801 -42.8263 2.5
      vertex 82.5 -49.5 2.5
      vertex 79.5981 -42.5 2.5
    endloop
  endfacet
  facet normal -0 0 1
    outer loop
      vertex 79.1213 -43.1213 2.5
      vertex 82.5 -49.5 2.5
      vertex 79.3801 -42.8263 2.5
    endloop
  endfacet
  facet normal -0 0 1
    outer loop
      vertex 78.8263 -43.3801 2.5
      vertex 82.5 -49.5 2.5
      vertex 79.1213 -43.1213 2.5
    endloop
  endfacet
  facet normal -0 0 1
    outer loop
      vertex 78.5 -43.5981 2.5
      vertex 82.5 -49.5 2.5
      vertex 78.8263 -43.3801 2.5
    endloop
  endfacet
  facet normal -0 0 1
    outer loop
      vertex 78.148 -43.7716 2.5
      vertex 82.5 -49.5 2.5
      vertex 78.5 -43.5981 2.5
    endloop
  endfacet
  facet normal -0 0 1
    outer loop
      vertex 77.7765 -43.8978 2.5
      vertex 82.5 -49.5 2.5
      vertex 78.148 -43.7716 2.5
    endloop
  endfacet
  facet normal -0 0 1
    outer loop
      vertex 77.3916 -43.9743 2.5
      vertex 82.5 -49.5 2.5
      vertex 77.7765 -43.8978 2.5
    endloop
  endfacet
  facet normal -0 0 1
    outer loop
      vertex 77 -44 2.5
      vertex 82.5 -49.5 2.5
      vertex 77.3916 -43.9743 2.5
    endloop
  endfacet
  facet normal 0 0 1
    outer loop
      vertex 76.6084 -43.9743 2.5
      vertex 82.5 -49.5 2.5
      vertex 77 -44 2.5
    endloop
  endfacet
  facet normal 0 0 1
    outer loop
      vertex 76.2235 -43.8978 2.5
      vertex 82.5 -49.5 2.5
      vertex 76.6084 -43.9743 2.5
    endloop
  endfacet
  facet normal 0 0 1
    outer loop
      vertex 75.852 -43.7716 2.5
      vertex 82.5 -49.5 2.5
      vertex 76.2235 -43.8978 2.5
    endloop
  endfacet
  facet normal 0 0 1
    outer loop
      vertex 75.5 -43.5981 2.5
      vertex 82.5 -49.5 2.5
      vertex 75.852 -43.7716 2.5
    endloop
  endfacet
  facet normal 0 0 1
    outer loop
      vertex 32.5 -49.5 2.5
      vertex 75.5 -43.5981 2.5
      vertex 75.1737 -43.3801 2.5
    endloop
  endfacet
  facet normal 0 0 1
    outer loop
      vertex 32.5 -41.5 2.5
      vertex 74.1022 -40.2235 2.5
      vertex 53.2 -11.8 2.5
    endloop
  endfacet
  facet normal 0 0 1
    outer loop
      vertex 74.1022 -40.2235 2.5
      vertex 32.5 -41.5 2.5
      vertex 74.0257 -40.6084 2.5
    endloop
  endfacet
  facet normal 0 0 1
    outer loop
      vertex 65.1 4.29999 2.5
      vertex 64 0.5 2.5
      vertex 65.1 -8.7 2.5
    endloop
  endfacet
  facet normal 0 0 1
    outer loop
      vertex 56.8 -2.2 2.5
      vertex 64 0.5 2.5
      vertex 58 0.5 2.5
    endloop
  endfacet
  facet normal 0 0 1
    outer loop
      vertex 64 0.5 2.5
      vertex 56.8 -3.8 2.5
      vertex 65.1 -8.7 2.5
    endloop
  endfacet
  facet normal 0 0 1
    outer loop
      vertex 56.8 -11.8 2.5
      vertex 65.1 -8.7 2.5
      vertex 56.8 -10.2 2.5
    endloop
  endfacet
  facet normal 0 0 1
    outer loop
      vertex 58 6.5 2.5
      vertex 57.35 2.5 2.5
      vertex 58 0.5 2.5
    endloop
  endfacet
  facet normal -0 0 1
    outer loop
      vertex 57.3243 2.10842 2.5
      vertex 58 0.5 2.5
      vertex 57.35 2.5 2.5
    endloop
  endfacet
  facet normal -0 0 1
    outer loop
      vertex 57.2478 1.72354 2.5
      vertex 58 0.5 2.5
      vertex 57.3243 2.10842 2.5
    endloop
  endfacet
  facet normal -0 0 1
    outer loop
      vertex 57.1216 1.35195 2.5
      vertex 58 0.5 2.5
      vertex 57.2478 1.72354 2.5
    endloop
  endfacet
  facet normal -0 0 1
    outer loop
      vertex 56.9481 1 2.5
      vertex 58 0.5 2.5
      vertex 57.1216 1.35195 2.5
    endloop
  endfacet
  facet normal -0 0 1
    outer loop
      vertex 56.7301 0.673717 2.5
      vertex 58 0.5 2.5
      vertex 56.9481 1 2.5
    endloop
  endfacet
  facet normal 0 0 1
    outer loop
      vertex 64 0.5 2.5
      vertex 56.8 -2.2 2.5
      vertex 56.8 -3.8 2.5
    endloop
  endfacet
  facet normal 0 0 1
    outer loop
      vertex 65.1 -8.7 2.5
      vertex 56.8 -3.8 2.5
      vertex 56.8 -10.2 2.5
    endloop
  endfacet
  facet normal 0 0 1
    outer loop
      vertex 74.0257 -40.6084 2.5
      vertex 32.5 -41.5 2.5
      vertex 74 -41 2.5
    endloop
  endfacet
  facet normal 0 0 1
    outer loop
      vertex 74 -41 2.5
      vertex 32.5 -41.5 2.5
      vertex 74.0257 -41.3916 2.5
    endloop
  endfacet
  facet normal 0 0 1
    outer loop
      vertex 32.5 -49.5 2.5
      vertex 74.0257 -41.3916 2.5
      vertex 32.5 -41.5 2.5
    endloop
  endfacet
  facet normal 0 0 1
    outer loop
      vertex 74.0257 -41.3916 2.5
      vertex 32.5 -49.5 2.5
      vertex 74.1022 -41.7765 2.5
    endloop
  endfacet
  facet normal 0 0 1
    outer loop
      vertex 74.1022 -41.7765 2.5
      vertex 32.5 -49.5 2.5
      vertex 74.2284 -42.148 2.5
    endloop
  endfacet
  facet normal 0 0 1
    outer loop
      vertex 52.2287 0.37868 2.5
      vertex 53.2 -2.2 2.5
      vertex 52.5237 0.119941 2.5
    endloop
  endfacet
  facet normal 0 0 1
    outer loop
      vertex 51.9699 0.673717 2.5
      vertex 53.2 -2.2 2.5
      vertex 52.2287 0.37868 2.5
    endloop
  endfacet
  facet normal 0 0 1
    outer loop
      vertex 53.2 -2.2 2.5
      vertex 51.9699 0.673717 2.5
      vertex 47.8 -8.79999 2.5
    endloop
  endfacet
  facet normal 0 0 1
    outer loop
      vertex 47.8 -8.79999 2.5
      vertex 51.9699 0.673717 2.5
      vertex 51.7519 1 2.5
    endloop
  endfacet
  facet normal 0 0 1
    outer loop
      vertex 47.8 4.5 2.5
      vertex 51.7519 1 2.5
      vertex 51.5784 1.35195 2.5
    endloop
  endfacet
  facet normal 0 0 1
    outer loop
      vertex 47.8 4.5 2.5
      vertex 51.5784 1.35195 2.5
      vertex 51.4522 1.72354 2.5
    endloop
  endfacet
  facet normal 0 0 1
    outer loop
      vertex 47.8 4.5 2.5
      vertex 51.4522 1.72354 2.5
      vertex 51.3757 2.10842 2.5
    endloop
  endfacet
  facet normal 0 0 1
    outer loop
      vertex 47.8 4.5 2.5
      vertex 51.3757 2.10842 2.5
      vertex 51.35 2.5 2.5
    endloop
  endfacet
  facet normal 0 0 1
    outer loop
      vertex 51.7519 1 2.5
      vertex 47.8 4.5 2.5
      vertex 47.8 -8.79999 2.5
    endloop
  endfacet
  facet normal 0 0 1
    outer loop
      vertex 53.2 -10.2 2.5
      vertex 47.8 -8.79999 2.5
      vertex 53.2 -11.8 2.5
    endloop
  endfacet
  facet normal -0 0 1
    outer loop
      vertex 37.8 -8.79999 2.5
      vertex 53.2 -11.8 2.5
      vertex 47.8 -8.79999 2.5
    endloop
  endfacet
  facet normal 0 0 1
    outer loop
      vertex 53.2 -11.8 2.5
      vertex 37.8 -8.79999 2.5
      vertex 32.5 -41.5 2.5
    endloop
  endfacet
  facet normal 0 0 1
    outer loop
      vertex 74.2284 -42.148 2.5
      vertex 32.5 -49.5 2.5
      vertex 74.4019 -42.5 2.5
    endloop
  endfacet
  facet normal 0 0 1
    outer loop
      vertex 74.4019 -42.5 2.5
      vertex 32.5 -49.5 2.5
      vertex 74.6199 -42.8263 2.5
    endloop
  endfacet
  facet normal 0 0 1
    outer loop
      vertex 74.6199 -42.8263 2.5
      vertex 32.5 -49.5 2.5
      vertex 74.8787 -43.1213 2.5
    endloop
  endfacet
  facet normal 0 0 1
    outer loop
      vertex 74.8787 -43.1213 2.5
      vertex 32.5 -49.5 2.5
      vertex 75.1737 -43.3801 2.5
    endloop
  endfacet
  facet normal 0 0 1
    outer loop
      vertex 75.5 -43.5981 2.5
      vertex 32.5 -49.5 2.5
      vertex 82.5 -49.5 2.5
    endloop
  endfacet
  facet normal -0 0 1
    outer loop
      vertex 72.9 42.2 2.5
      vertex 77.2615 37.391 2.5
      vertex 72.9 45.8 2.5
    endloop
  endfacet
  facet normal 0 0 1
    outer loop
      vertex 77.2615 37.391 2.5
      vertex 72.9 42.2 2.5
      vertex 76.2705 37.7274 2.5
    endloop
  endfacet
  facet normal 0 0 1
    outer loop
      vertex 73.5 59.5 2.5
      vertex 75 61 2.5
      vertex 73.5 61 2.5
    endloop
  endfacet
  facet normal 0 0 1
    outer loop
      vertex 72.9 45.8 2.5
      vertex 75 61 2.5
      vertex 73.5 59.5 2.5
    endloop
  endfacet
  facet normal 0 0 1
    outer loop
      vertex 76.2705 37.7274 2.5
      vertex 72.9 42.2 2.5
      vertex 75.2442 37.9315 2.5
    endloop
  endfacet
  facet normal 0 0 1
    outer loop
      vertex 75.2442 37.9315 2.5
      vertex 72.9 42.2 2.5
      vertex 74.2 38 2.5
    endloop
  endfacet
  facet normal -0 0 1
    outer loop
      vertex 72 59.5 2.5
      vertex 72.9 45.8 2.5
      vertex 73.5 59.5 2.5
    endloop
  endfacet
  facet normal 0 0 1
    outer loop
      vertex 72.9 45.8 2.5
      vertex 72 59.5 2.5
      vertex 71.3 45.8 2.5
    endloop
  endfacet
  facet normal 0 0 1
    outer loop
      vertex 76.2235 -15.1022 2.5
      vertex 74.2 -8.7 2.5
      vertex 75.852 -15.2284 2.5
    endloop
  endfacet
  facet normal 0 0 1
    outer loop
      vertex 75.852 -15.2284 2.5
      vertex 74.2 -8.7 2.5
      vertex 75.5 -15.4019 2.5
    endloop
  endfacet
  facet normal 0 0 1
    outer loop
      vertex 75.5 -15.4019 2.5
      vertex 74.2 -8.7 2.5
      vertex 75.1737 -15.6199 2.5
    endloop
  endfacet
  facet normal 0 0 1
    outer loop
      vertex 74.8787 -15.8787 2.5
      vertex 74.2 -8.7 2.5
      vertex 74.6199 -16.1737 2.5
    endloop
  endfacet
  facet normal -0 0 1
    outer loop
      vertex 65.1 -8.7 2.5
      vertex 74.6199 -16.1737 2.5
      vertex 74.2 -8.7 2.5
    endloop
  endfacet
  facet normal 0 0 1
    outer loop
      vertex 75.1737 -15.6199 2.5
      vertex 74.2 -8.7 2.5
      vertex 74.8787 -15.8787 2.5
    endloop
  endfacet
  facet normal -0 0 1
    outer loop
      vertex 72 13.5 2.5
      vertex 74.2 4.29999 2.5
      vertex 75 13.5 2.5
    endloop
  endfacet
  facet normal 0 0 1
    outer loop
      vertex 64 6.5 2.5
      vertex 72 13.5 2.5
      vertex 71.3 16.2 2.5
    endloop
  endfacet
  facet normal 0 0 1
    outer loop
      vertex 69.3299 23.6532 2.5
      vertex 71.3 19.8 2.5
      vertex 70.2 23.0718 2.5
    endloop
  endfacet
  facet normal 0 0 1
    outer loop
      vertex 68.5431 24.3431 2.5
      vertex 71.3 19.8 2.5
      vertex 69.3299 23.6532 2.5
    endloop
  endfacet
  facet normal 0 0 1
    outer loop
      vertex 71.3 19.8 2.5
      vertex 68.5431 24.3431 2.5
      vertex 71.3 16.2 2.5
    endloop
  endfacet
  facet normal 0 0 1
    outer loop
      vertex 57.1216 24.852 2.5
      vertex 67.2718 26 2.5
      vertex 57.2478 25.2235 2.5
    endloop
  endfacet
  facet normal 0 0 1
    outer loop
      vertex 66.809 26.9385 2.5
      vertex 57.2478 25.2235 2.5
      vertex 67.2718 26 2.5
    endloop
  endfacet
  facet normal 0 0 1
    outer loop
      vertex 57.2478 25.2235 2.5
      vertex 66.809 26.9385 2.5
      vertex 57.3243 25.6084 2.5
    endloop
  endfacet
  facet normal 0 0 1
    outer loop
      vertex 57.3243 25.6084 2.5
      vertex 66.809 26.9385 2.5
      vertex 57.35 26 2.5
    endloop
  endfacet
  facet normal 0 0 1
    outer loop
      vertex 57.35 26 2.5
      vertex 66.809 26.9385 2.5
      vertex 66.4726 27.9294 2.5
    endloop
  endfacet
  facet normal 0 0 1
    outer loop
      vertex 72 13.5 2.5
      vertex 64 6.5 2.5
      vertex 74.2 4.29999 2.5
    endloop
  endfacet
  facet normal 0 0 1
    outer loop
      vertex 57.2478 26.7765 2.5
      vertex 66.4726 27.9294 2.5
      vertex 66.2684 28.9558 2.5
    endloop
  endfacet
  facet normal 0 0 1
    outer loop
      vertex 57.1216 27.148 2.5
      vertex 66.2684 28.9558 2.5
      vertex 66.2459 29.3 2.5
    endloop
  endfacet
  facet normal 0 0 1
    outer loop
      vertex 64 0.5 2.5
      vertex 65.1 4.29999 2.5
      vertex 64 6.5 2.5
    endloop
  endfacet
  facet normal 0 0 1
    outer loop
      vertex 74.2 4.29999 2.5
      vertex 64 6.5 2.5
      vertex 65.1 4.29999 2.5
    endloop
  endfacet
  facet normal 0 0 1
    outer loop
      vertex 67.2718 26 2.5
      vertex 57.1216 24.852 2.5
      vertex 67.8532 25.1299 2.5
    endloop
  endfacet
  facet normal 0 0 1
    outer loop
      vertex 56.7301 24.1737 2.5
      vertex 67.8532 25.1299 2.5
      vertex 56.9481 24.5 2.5
    endloop
  endfacet
  facet normal 0 0 1
    outer loop
      vertex 56.9481 24.5 2.5
      vertex 67.8532 25.1299 2.5
      vertex 57.1216 24.852 2.5
    endloop
  endfacet
  facet normal 0 0 1
    outer loop
      vertex 66.4726 27.9294 2.5
      vertex 57.3243 26.3916 2.5
      vertex 57.35 26 2.5
    endloop
  endfacet
  facet normal 0 0 1
    outer loop
      vertex 66.4726 27.9294 2.5
      vertex 57.2478 26.7765 2.5
      vertex 57.3243 26.3916 2.5
    endloop
  endfacet
  facet normal 0 0 1
    outer loop
      vertex 66.2684 28.9558 2.5
      vertex 57.1216 27.148 2.5
      vertex 57.2478 26.7765 2.5
    endloop
  endfacet
  facet normal 0 0 1
    outer loop
      vertex 66.2459 29.3 2.5
      vertex 56.9481 27.5 2.5
      vertex 57.1216 27.148 2.5
    endloop
  endfacet
  facet normal 0 0 1
    outer loop
      vertex 66.2459 29.3 2.5
      vertex 56.7301 27.8263 2.5
      vertex 56.9481 27.5 2.5
    endloop
  endfacet
  facet normal 0 0 1
    outer loop
      vertex 66.2459 29.3 2.5
      vertex 56.4713 28.1213 2.5
      vertex 56.7301 27.8263 2.5
    endloop
  endfacet
  facet normal 0 0 1
    outer loop
      vertex 66.2459 29.3 2.5
      vertex 56.1763 28.3801 2.5
      vertex 56.4713 28.1213 2.5
    endloop
  endfacet
  facet normal 0 0 1
    outer loop
      vertex 66.2459 29.3 2.5
      vertex 55.85 28.5981 2.5
      vertex 56.1763 28.3801 2.5
    endloop
  endfacet
  facet normal 0 0 1
    outer loop
      vertex 66.2459 29.3 2.5
      vertex 55.4981 28.7716 2.5
      vertex 55.85 28.5981 2.5
    endloop
  endfacet
  facet normal 0 0 1
    outer loop
      vertex 66.2459 29.3 2.5
      vertex 55.1265 28.8978 2.5
      vertex 55.4981 28.7716 2.5
    endloop
  endfacet
  facet normal 0 0 1
    outer loop
      vertex 66.2459 29.3 2.5
      vertex 54.7416 28.9743 2.5
      vertex 55.1265 28.8978 2.5
    endloop
  endfacet
  facet normal 0 0 1
    outer loop
      vertex 66.2459 29.3 2.5
      vertex 54.35 29 2.5
      vertex 54.7416 28.9743 2.5
    endloop
  endfacet
  facet normal 0 0 1
    outer loop
      vertex 51.3757 2.89158 2.5
      vertex 47.8 4.5 2.5
      vertex 51.35 2.5 2.5
    endloop
  endfacet
  facet normal 0 0 1
    outer loop
      vertex 22.35 26 2.5
      vertex 51.35 26 2.5
      vertex 51.3757 26.3916 2.5
    endloop
  endfacet
  facet normal 0 0 1
    outer loop
      vertex 51.9699 24.1737 2.5
      vertex 37.8 4.5 2.5
      vertex 47.8 4.5 2.5
    endloop
  endfacet
  facet normal 0 0 1
    outer loop
      vertex 22.3243 26.3916 2.5
      vertex 51.3757 26.3916 2.5
      vertex 51.4522 26.7765 2.5
    endloop
  endfacet
  facet normal 0 0 1
    outer loop
      vertex 22.2478 26.7765 2.5
      vertex 51.4522 26.7765 2.5
      vertex 51.5784 27.148 2.5
    endloop
  endfacet
  facet normal 0 0 1
    outer loop
      vertex 22.1216 27.148 2.5
      vertex 51.5784 27.148 2.5
      vertex 51.7519 27.5 2.5
    endloop
  endfacet
  facet normal 0 0 1
    outer loop
      vertex 22.2478 25.2235 2.5
      vertex 51.4522 25.2235 2.5
      vertex 22.3243 25.6084 2.5
    endloop
  endfacet
  facet normal 0 0 1
    outer loop
      vertex 21.8978 -18.7765 2.5
      vertex 37.8 -8.79999 2.5
      vertex 21.9743 -18.3916 2.5
    endloop
  endfacet
  facet normal 0 0 1
    outer loop
      vertex 22.2478 1.72354 2.5
      vertex 37.8 4.5 2.5
      vertex 22.3243 2.10842 2.5
    endloop
  endfacet
  facet normal 0 0 1
    outer loop
      vertex 22.3243 2.10842 2.5
      vertex 37.8 4.5 2.5
      vertex 22.35 2.5 2.5
    endloop
  endfacet
  facet normal 0 0 1
    outer loop
      vertex 51.3757 25.6084 2.5
      vertex 22.3243 25.6084 2.5
      vertex 51.4522 25.2235 2.5
    endloop
  endfacet
  facet normal 0 0 1
    outer loop
      vertex 21.9481 27.5 2.5
      vertex 51.7519 27.5 2.5
      vertex 51.9699 27.8263 2.5
    endloop
  endfacet
  facet normal 0 0 1
    outer loop
      vertex 21.7301 27.8263 2.5
      vertex 51.9699 27.8263 2.5
      vertex 52.2287 28.1213 2.5
    endloop
  endfacet
  facet normal 0 0 1
    outer loop
      vertex 21.4713 28.1213 2.5
      vertex 52.2287 28.1213 2.5
      vertex 52.5237 28.3801 2.5
    endloop
  endfacet
  facet normal 0 0 1
    outer loop
      vertex 21.1763 28.3801 2.5
      vertex 52.5237 28.3801 2.5
      vertex 52.85 28.5981 2.5
    endloop
  endfacet
  facet normal 0 0 1
    outer loop
      vertex 20.85 28.5981 2.5
      vertex 52.85 28.5981 2.5
      vertex 53.202 28.7716 2.5
    endloop
  endfacet
  facet normal 0 0 1
    outer loop
      vertex 20.498 28.7716 2.5
      vertex 53.202 28.7716 2.5
      vertex 53.5735 28.8978 2.5
    endloop
  endfacet
  facet normal 0 0 1
    outer loop
      vertex 20.1265 28.8978 2.5
      vertex 53.5735 28.8978 2.5
      vertex 53.9584 28.9743 2.5
    endloop
  endfacet
  facet normal 0 0 1
    outer loop
      vertex 51.3757 26.3916 2.5
      vertex 22.3243 26.3916 2.5
      vertex 22.35 26 2.5
    endloop
  endfacet
  facet normal 0 0 1
    outer loop
      vertex 51.4522 26.7765 2.5
      vertex 22.2478 26.7765 2.5
      vertex 22.3243 26.3916 2.5
    endloop
  endfacet
  facet normal 0 0 1
    outer loop
      vertex 51.5784 27.148 2.5
      vertex 22.1216 27.148 2.5
      vertex 22.2478 26.7765 2.5
    endloop
  endfacet
  facet normal 0 0 1
    outer loop
      vertex 19.7416 28.9743 2.5
      vertex 53.9584 28.9743 2.5
      vertex 54.35 29 2.5
    endloop
  endfacet
  facet normal 0 0 1
    outer loop
      vertex 51.7519 27.5 2.5
      vertex 21.9481 27.5 2.5
      vertex 22.1216 27.148 2.5
    endloop
  endfacet
  facet normal 0 0 1
    outer loop
      vertex 51.9699 27.8263 2.5
      vertex 21.7301 27.8263 2.5
      vertex 21.9481 27.5 2.5
    endloop
  endfacet
  facet normal 0 0 1
    outer loop
      vertex 52.2287 28.1213 2.5
      vertex 21.4713 28.1213 2.5
      vertex 21.7301 27.8263 2.5
    endloop
  endfacet
  facet normal 0 0 1
    outer loop
      vertex 52.5237 28.3801 2.5
      vertex 21.1763 28.3801 2.5
      vertex 21.4713 28.1213 2.5
    endloop
  endfacet
  facet normal 0 0 1
    outer loop
      vertex 19.35 29 2.5
      vertex 54.35 29 2.5
      vertex 66.2459 29.3 2.5
    endloop
  endfacet
  facet normal 0 0 1
    outer loop
      vertex 52.85 28.5981 2.5
      vertex 20.85 28.5981 2.5
      vertex 21.1763 28.3801 2.5
    endloop
  endfacet
  facet normal 0 0 1
    outer loop
      vertex 53.202 28.7716 2.5
      vertex 20.498 28.7716 2.5
      vertex 20.85 28.5981 2.5
    endloop
  endfacet
  facet normal 0 0 1
    outer loop
      vertex 53.5735 28.8978 2.5
      vertex 20.1265 28.8978 2.5
      vertex 20.498 28.7716 2.5
    endloop
  endfacet
  facet normal 0 0 1
    outer loop
      vertex 53.9584 28.9743 2.5
      vertex 19.7416 28.9743 2.5
      vertex 20.1265 28.8978 2.5
    endloop
  endfacet
  facet normal 0 0 1
    outer loop
      vertex 54.35 29 2.5
      vertex 19.35 29 2.5
      vertex 19.7416 28.9743 2.5
    endloop
  endfacet
  facet normal 0 0 1
    outer loop
      vertex 16.7519 4 2.5
      vertex 14.223 5.02525 2.5
      vertex 16.5784 3.64805 2.5
    endloop
  endfacet
  facet normal 0 0 1
    outer loop
      vertex 16.4522 3.27646 2.5
      vertex 13.9933 3.87062 2.5
      vertex 16.3757 2.89158 2.5
    endloop
  endfacet
  facet normal 0 0 1
    outer loop
      vertex 13.6149 2.75584 2.5
      vertex 16.3757 2.89158 2.5
      vertex 13.9933 3.87062 2.5
    endloop
  endfacet
  facet normal 0 0 1
    outer loop
      vertex 16.3757 2.89158 2.5
      vertex 13.6149 2.75584 2.5
      vertex 16.35 2.5 2.5
    endloop
  endfacet
  facet normal 0 0 1
    outer loop
      vertex 17.5 -15.4019 2.5
      vertex 10 -1.46057 2.5
      vertex 17.1737 -15.6199 2.5
    endloop
  endfacet
  facet normal 0 0 1
    outer loop
      vertex 16.4522 1.72354 2.5
      vertex 13.6149 2.75584 2.5
      vertex 13.0942 1.7 2.5
    endloop
  endfacet
  facet normal 0 0 1
    outer loop
      vertex 10 29.3 2.5
      vertex 16.35 26 2.5
      vertex 16.3757 26.3916 2.5
    endloop
  endfacet
  facet normal 0 0 1
    outer loop
      vertex 16.5784 3.64805 2.5
      vertex 13.9933 3.87062 2.5
      vertex 16.4522 3.27646 2.5
    endloop
  endfacet
  facet normal -0 0 1
    outer loop
      vertex 13.9933 3.87062 2.5
      vertex 16.5784 3.64805 2.5
      vertex 14.223 5.02525 2.5
    endloop
  endfacet
  facet normal 0 0 1
    outer loop
      vertex 17.5237 4.88006 2.5
      vertex 14.3 6.2 2.5
      vertex 17.2287 4.62132 2.5
    endloop
  endfacet
  facet normal 0 0 1
    outer loop
      vertex 19.35 5.5 2.5
      vertex 13.6149 9.64415 2.5
      vertex 18.9584 5.47433 2.5
    endloop
  endfacet
  facet normal 0 0 1
    outer loop
      vertex 10 29.3 2.5
      vertex 16.3757 26.3916 2.5
      vertex 16.4522 26.7765 2.5
    endloop
  endfacet
  facet normal 0 0 1
    outer loop
      vertex 19.35 23 2.5
      vertex 12.4402 11.6788 2.5
      vertex 13.0942 10.7 2.5
    endloop
  endfacet
  facet normal 0 0 1
    outer loop
      vertex 18.5735 23.1022 2.5
      vertex 11.664 12.5639 2.5
      vertex 12.4402 11.6788 2.5
    endloop
  endfacet
  facet normal 0 0 1
    outer loop
      vertex 18.202 23.2284 2.5
      vertex 10.7788 13.3402 2.5
      vertex 11.664 12.5639 2.5
    endloop
  endfacet
  facet normal 0 0 1
    outer loop
      vertex 10 29.3 2.5
      vertex 16.4522 26.7765 2.5
      vertex 16.5784 27.148 2.5
    endloop
  endfacet
  facet normal -0 0 1
    outer loop
      vertex 10 29.3 2.5
      vertex 19.35 29 2.5
      vertex 66.2459 29.3 2.5
    endloop
  endfacet
  facet normal 0 0 1
    outer loop
      vertex 10 29.3 2.5
      vertex 18.9584 28.9743 2.5
      vertex 19.35 29 2.5
    endloop
  endfacet
  facet normal 0 0 1
    outer loop
      vertex 10 29.3 2.5
      vertex 18.5735 28.8978 2.5
      vertex 18.9584 28.9743 2.5
    endloop
  endfacet
  facet normal 0 0 1
    outer loop
      vertex 10 29.3 2.5
      vertex 18.202 28.7716 2.5
      vertex 18.5735 28.8978 2.5
    endloop
  endfacet
  facet normal 0 0 1
    outer loop
      vertex 10 29.3 2.5
      vertex 17.85 28.5981 2.5
      vertex 18.202 28.7716 2.5
    endloop
  endfacet
  facet normal 0 0 1
    outer loop
      vertex 10 29.3 2.5
      vertex 17.5237 28.3801 2.5
      vertex 17.85 28.5981 2.5
    endloop
  endfacet
  facet normal 0 0 1
    outer loop
      vertex 10 29.3 2.5
      vertex 17.2287 28.1213 2.5
      vertex 17.5237 28.3801 2.5
    endloop
  endfacet
  facet normal 0 0 1
    outer loop
      vertex 10 29.3 2.5
      vertex 16.9699 27.8263 2.5
      vertex 17.2287 28.1213 2.5
    endloop
  endfacet
  facet normal 0 0 1
    outer loop
      vertex 10 29.3 2.5
      vertex 16.7519 27.5 2.5
      vertex 16.9699 27.8263 2.5
    endloop
  endfacet
  facet normal 0 0 1
    outer loop
      vertex 10 29.3 2.5
      vertex 16.5784 27.148 2.5
      vertex 16.7519 27.5 2.5
    endloop
  endfacet
  facet normal 0 0 1
    outer loop
      vertex 16.5784 24.852 2.5
      vertex 10 29.3 2.5
      vertex 10 13.8606 2.5
    endloop
  endfacet
  facet normal 0 0 1
    outer loop
      vertex 17.5237 23.6199 2.5
      vertex 10 13.8606 2.5
      vertex 10.7788 13.3402 2.5
    endloop
  endfacet
  facet normal 0 0 1
    outer loop
      vertex 74.6199 -16.1737 2.5
      vertex 65.1 -8.7 2.5
      vertex 74.4019 -16.5 2.5
    endloop
  endfacet
  facet normal 0 0 1
    outer loop
      vertex 74.4019 -16.5 2.5
      vertex 65.1 -8.7 2.5
      vertex 74.2284 -16.852 2.5
    endloop
  endfacet
  facet normal 0 0 1
    outer loop
      vertex 74.2284 -16.852 2.5
      vertex 65.1 -8.7 2.5
      vertex 74.1022 -17.2235 2.5
    endloop
  endfacet
  facet normal 0 0 1
    outer loop
      vertex 74.1022 -17.2235 2.5
      vertex 65.1 -8.7 2.5
      vertex 74.0257 -17.6084 2.5
    endloop
  endfacet
  facet normal -0 0 1
    outer loop
      vertex 56.8 -11.8 2.5
      vertex 74 -18 2.5
      vertex 65.1 -8.7 2.5
    endloop
  endfacet
  facet normal 0 0 1
    outer loop
      vertex 74.0257 -17.6084 2.5
      vertex 65.1 -8.7 2.5
      vertex 74 -18 2.5
    endloop
  endfacet
  facet normal 0 0 1
    outer loop
      vertex 20.0906 -40.8564 2.5
      vertex 20.0906 -41.1436 2.5
      vertex 20.1 -41 2.5
    endloop
  endfacet
  facet normal 0 0 1
    outer loop
      vertex 20.0625 -40.7153 2.5
      vertex 20.0906 -41.1436 2.5
      vertex 20.0906 -40.8564 2.5
    endloop
  endfacet
  facet normal 0 0 1
    outer loop
      vertex 20.0625 -40.7153 2.5
      vertex 20.0625 -41.2847 2.5
      vertex 20.0906 -41.1436 2.5
    endloop
  endfacet
  facet normal 0 0 1
    outer loop
      vertex 20.0163 -40.579 2.5
      vertex 20.0625 -41.2847 2.5
      vertex 20.0625 -40.7153 2.5
    endloop
  endfacet
  facet normal 0 0 1
    outer loop
      vertex 20.0163 -40.579 2.5
      vertex 20.0163 -41.421 2.5
      vertex 20.0625 -41.2847 2.5
    endloop
  endfacet
  facet normal 0 0 1
    outer loop
      vertex 19.9526 -40.45 2.5
      vertex 20.0163 -41.421 2.5
      vertex 20.0163 -40.579 2.5
    endloop
  endfacet
  facet normal 0 0 1
    outer loop
      vertex 19.9526 -40.45 2.5
      vertex 19.9526 -41.55 2.5
      vertex 20.0163 -41.421 2.5
    endloop
  endfacet
  facet normal 0 0 1
    outer loop
      vertex 19.8727 -40.3304 2.5
      vertex 19.9526 -41.55 2.5
      vertex 19.9526 -40.45 2.5
    endloop
  endfacet
  facet normal 0 0 1
    outer loop
      vertex 19.8727 -40.3304 2.5
      vertex 19.8727 -41.6696 2.5
      vertex 19.9526 -41.55 2.5
    endloop
  endfacet
  facet normal 0 0 1
    outer loop
      vertex 19.7778 -40.2222 2.5
      vertex 19.8727 -41.6696 2.5
      vertex 19.8727 -40.3304 2.5
    endloop
  endfacet
  facet normal 0 0 1
    outer loop
      vertex 19.7778 -40.2222 2.5
      vertex 19.7778 -41.7778 2.5
      vertex 19.8727 -41.6696 2.5
    endloop
  endfacet
  facet normal 0 0 1
    outer loop
      vertex 19.6696 -40.1273 2.5
      vertex 19.7778 -41.7778 2.5
      vertex 19.7778 -40.2222 2.5
    endloop
  endfacet
  facet normal 0 0 1
    outer loop
      vertex 19.6696 -40.1273 2.5
      vertex 19.6696 -41.8727 2.5
      vertex 19.7778 -41.7778 2.5
    endloop
  endfacet
  facet normal 0 0 1
    outer loop
      vertex 19.55 -40.0474 2.5
      vertex 19.6696 -41.8727 2.5
      vertex 19.6696 -40.1273 2.5
    endloop
  endfacet
  facet normal 0 0 1
    outer loop
      vertex 19.55 -40.0474 2.5
      vertex 19.55 -41.9526 2.5
      vertex 19.6696 -41.8727 2.5
    endloop
  endfacet
  facet normal 0 0 1
    outer loop
      vertex 19.421 -39.9837 2.5
      vertex 19.55 -41.9526 2.5
      vertex 19.55 -40.0474 2.5
    endloop
  endfacet
  facet normal 0 0 1
    outer loop
      vertex 19.421 -39.9837 2.5
      vertex 19.421 -42.0163 2.5
      vertex 19.55 -41.9526 2.5
    endloop
  endfacet
  facet normal 0 0 1
    outer loop
      vertex 19.2847 -39.9375 2.5
      vertex 19.421 -42.0163 2.5
      vertex 19.421 -39.9837 2.5
    endloop
  endfacet
  facet normal 0 0 1
    outer loop
      vertex 19.2847 -39.9375 2.5
      vertex 19.2847 -42.0625 2.5
      vertex 19.421 -42.0163 2.5
    endloop
  endfacet
  facet normal 0 0 1
    outer loop
      vertex 19.1436 -39.9094 2.5
      vertex 19.2847 -42.0625 2.5
      vertex 19.2847 -39.9375 2.5
    endloop
  endfacet
  facet normal 0 0 1
    outer loop
      vertex 19.1436 -39.9094 2.5
      vertex 19.1436 -42.0906 2.5
      vertex 19.2847 -42.0625 2.5
    endloop
  endfacet
  facet normal 0 0 1
    outer loop
      vertex 19 -39.9 2.5
      vertex 19.1436 -42.0906 2.5
      vertex 19.1436 -39.9094 2.5
    endloop
  endfacet
  facet normal 0 0 1
    outer loop
      vertex 19 -39.9 2.5
      vertex 19 -42.1 2.5
      vertex 19.1436 -42.0906 2.5
    endloop
  endfacet
  facet normal -0 0 1
    outer loop
      vertex 18.8564 -39.9094 2.5
      vertex 19 -42.1 2.5
      vertex 19 -39.9 2.5
    endloop
  endfacet
  facet normal 0 0 1
    outer loop
      vertex 18.8564 -39.9094 2.5
      vertex 18.8564 -42.0906 2.5
      vertex 19 -42.1 2.5
    endloop
  endfacet
  facet normal -0 0 1
    outer loop
      vertex 18.7153 -39.9375 2.5
      vertex 18.8564 -42.0906 2.5
      vertex 18.8564 -39.9094 2.5
    endloop
  endfacet
  facet normal 0 0 1
    outer loop
      vertex 18.7153 -39.9375 2.5
      vertex 18.7153 -42.0625 2.5
      vertex 18.8564 -42.0906 2.5
    endloop
  endfacet
  facet normal -0 0 1
    outer loop
      vertex 18.579 -39.9837 2.5
      vertex 18.7153 -42.0625 2.5
      vertex 18.7153 -39.9375 2.5
    endloop
  endfacet
  facet normal 0 0 1
    outer loop
      vertex 18.579 -39.9837 2.5
      vertex 18.579 -42.0163 2.5
      vertex 18.7153 -42.0625 2.5
    endloop
  endfacet
  facet normal -0 0 1
    outer loop
      vertex 18.45 -40.0474 2.5
      vertex 18.579 -42.0163 2.5
      vertex 18.579 -39.9837 2.5
    endloop
  endfacet
  facet normal 0 0 1
    outer loop
      vertex 18.45 -40.0474 2.5
      vertex 18.45 -41.9526 2.5
      vertex 18.579 -42.0163 2.5
    endloop
  endfacet
  facet normal -0 0 1
    outer loop
      vertex 18.3304 -40.1273 2.5
      vertex 18.45 -41.9526 2.5
      vertex 18.45 -40.0474 2.5
    endloop
  endfacet
  facet normal 0 0 1
    outer loop
      vertex 18.3304 -40.1273 2.5
      vertex 18.3304 -41.8727 2.5
      vertex 18.45 -41.9526 2.5
    endloop
  endfacet
  facet normal -0 0 1
    outer loop
      vertex 18.2222 -40.2222 2.5
      vertex 18.3304 -41.8727 2.5
      vertex 18.3304 -40.1273 2.5
    endloop
  endfacet
  facet normal 0 0 1
    outer loop
      vertex 18.2222 -40.2222 2.5
      vertex 18.2222 -41.7778 2.5
      vertex 18.3304 -41.8727 2.5
    endloop
  endfacet
  facet normal -0 0 1
    outer loop
      vertex 18.1273 -40.3304 2.5
      vertex 18.2222 -41.7778 2.5
      vertex 18.2222 -40.2222 2.5
    endloop
  endfacet
  facet normal 0 0 1
    outer loop
      vertex 18.1273 -40.3304 2.5
      vertex 18.1273 -41.6696 2.5
      vertex 18.2222 -41.7778 2.5
    endloop
  endfacet
  facet normal -0 0 1
    outer loop
      vertex 18.0474 -40.45 2.5
      vertex 18.1273 -41.6696 2.5
      vertex 18.1273 -40.3304 2.5
    endloop
  endfacet
  facet normal 0 0 1
    outer loop
      vertex 18.0474 -40.45 2.5
      vertex 18.0474 -41.55 2.5
      vertex 18.1273 -41.6696 2.5
    endloop
  endfacet
  facet normal -0 0 1
    outer loop
      vertex 17.9837 -40.579 2.5
      vertex 18.0474 -41.55 2.5
      vertex 18.0474 -40.45 2.5
    endloop
  endfacet
  facet normal 0 0 1
    outer loop
      vertex 17.9837 -40.579 2.5
      vertex 17.9837 -41.421 2.5
      vertex 18.0474 -41.55 2.5
    endloop
  endfacet
  facet normal -0 0 1
    outer loop
      vertex 17.9375 -40.7153 2.5
      vertex 17.9837 -41.421 2.5
      vertex 17.9837 -40.579 2.5
    endloop
  endfacet
  facet normal 0 0 1
    outer loop
      vertex 17.9375 -40.7153 2.5
      vertex 17.9375 -41.2847 2.5
      vertex 17.9837 -41.421 2.5
    endloop
  endfacet
  facet normal -0 0 1
    outer loop
      vertex 17.9094 -40.8564 2.5
      vertex 17.9375 -41.2847 2.5
      vertex 17.9375 -40.7153 2.5
    endloop
  endfacet
  facet normal 0 0 1
    outer loop
      vertex 17.9094 -40.8564 2.5
      vertex 17.9094 -41.1436 2.5
      vertex 17.9375 -41.2847 2.5
    endloop
  endfacet
  facet normal 0 -0 1
    outer loop
      vertex 17.9094 -41.1436 2.5
      vertex 17.9094 -40.8564 2.5
      vertex 17.9 -41 2.5
    endloop
  endfacet
  facet normal 0 0 1
    outer loop
      vertex 20.0906 -17.8564 2.5
      vertex 20.0906 -18.1436 2.5
      vertex 20.1 -18 2.5
    endloop
  endfacet
  facet normal 0 0 1
    outer loop
      vertex 20.0625 -17.7153 2.5
      vertex 20.0906 -18.1436 2.5
      vertex 20.0906 -17.8564 2.5
    endloop
  endfacet
  facet normal 0 0 1
    outer loop
      vertex 20.0625 -17.7153 2.5
      vertex 20.0625 -18.2847 2.5
      vertex 20.0906 -18.1436 2.5
    endloop
  endfacet
  facet normal 0 0 1
    outer loop
      vertex 20.0163 -17.579 2.5
      vertex 20.0625 -18.2847 2.5
      vertex 20.0625 -17.7153 2.5
    endloop
  endfacet
  facet normal 0 0 1
    outer loop
      vertex 20.0163 -17.579 2.5
      vertex 20.0163 -18.421 2.5
      vertex 20.0625 -18.2847 2.5
    endloop
  endfacet
  facet normal 0 0 1
    outer loop
      vertex 19.9526 -17.45 2.5
      vertex 20.0163 -18.421 2.5
      vertex 20.0163 -17.579 2.5
    endloop
  endfacet
  facet normal 0 0 1
    outer loop
      vertex 19.9526 -17.45 2.5
      vertex 19.9526 -18.55 2.5
      vertex 20.0163 -18.421 2.5
    endloop
  endfacet
  facet normal 0 0 1
    outer loop
      vertex 19.8727 -17.3304 2.5
      vertex 19.9526 -18.55 2.5
      vertex 19.9526 -17.45 2.5
    endloop
  endfacet
  facet normal 0 0 1
    outer loop
      vertex 19.8727 -17.3304 2.5
      vertex 19.8727 -18.6696 2.5
      vertex 19.9526 -18.55 2.5
    endloop
  endfacet
  facet normal 0 0 1
    outer loop
      vertex 19.7778 -17.2222 2.5
      vertex 19.8727 -18.6696 2.5
      vertex 19.8727 -17.3304 2.5
    endloop
  endfacet
  facet normal 0 0 1
    outer loop
      vertex 19.7778 -17.2222 2.5
      vertex 19.7778 -18.7778 2.5
      vertex 19.8727 -18.6696 2.5
    endloop
  endfacet
  facet normal 0 0 1
    outer loop
      vertex 19.6696 -17.1273 2.5
      vertex 19.7778 -18.7778 2.5
      vertex 19.7778 -17.2222 2.5
    endloop
  endfacet
  facet normal 0 0 1
    outer loop
      vertex 19.6696 -17.1273 2.5
      vertex 19.6696 -18.8727 2.5
      vertex 19.7778 -18.7778 2.5
    endloop
  endfacet
  facet normal 0 0 1
    outer loop
      vertex 19.55 -17.0474 2.5
      vertex 19.6696 -18.8727 2.5
      vertex 19.6696 -17.1273 2.5
    endloop
  endfacet
  facet normal 0 0 1
    outer loop
      vertex 19.55 -17.0474 2.5
      vertex 19.55 -18.9526 2.5
      vertex 19.6696 -18.8727 2.5
    endloop
  endfacet
  facet normal 0 0 1
    outer loop
      vertex 19.421 -16.9837 2.5
      vertex 19.55 -18.9526 2.5
      vertex 19.55 -17.0474 2.5
    endloop
  endfacet
  facet normal 0 0 1
    outer loop
      vertex 19.421 -16.9837 2.5
      vertex 19.421 -19.0163 2.5
      vertex 19.55 -18.9526 2.5
    endloop
  endfacet
  facet normal 0 0 1
    outer loop
      vertex 19.2847 -16.9375 2.5
      vertex 19.421 -19.0163 2.5
      vertex 19.421 -16.9837 2.5
    endloop
  endfacet
  facet normal 0 0 1
    outer loop
      vertex 19.2847 -16.9375 2.5
      vertex 19.2847 -19.0625 2.5
      vertex 19.421 -19.0163 2.5
    endloop
  endfacet
  facet normal 0 0 1
    outer loop
      vertex 19.1436 -16.9094 2.5
      vertex 19.2847 -19.0625 2.5
      vertex 19.2847 -16.9375 2.5
    endloop
  endfacet
  facet normal 0 0 1
    outer loop
      vertex 19.1436 -16.9094 2.5
      vertex 19.1436 -19.0906 2.5
      vertex 19.2847 -19.0625 2.5
    endloop
  endfacet
  facet normal 0 0 1
    outer loop
      vertex 19 -16.9 2.5
      vertex 19.1436 -19.0906 2.5
      vertex 19.1436 -16.9094 2.5
    endloop
  endfacet
  facet normal 0 0 1
    outer loop
      vertex 19 -16.9 2.5
      vertex 19 -19.1 2.5
      vertex 19.1436 -19.0906 2.5
    endloop
  endfacet
  facet normal -0 0 1
    outer loop
      vertex 18.8564 -16.9094 2.5
      vertex 19 -19.1 2.5
      vertex 19 -16.9 2.5
    endloop
  endfacet
  facet normal 0 0 1
    outer loop
      vertex 18.8564 -16.9094 2.5
      vertex 18.8564 -19.0906 2.5
      vertex 19 -19.1 2.5
    endloop
  endfacet
  facet normal -0 0 1
    outer loop
      vertex 18.7153 -16.9375 2.5
      vertex 18.8564 -19.0906 2.5
      vertex 18.8564 -16.9094 2.5
    endloop
  endfacet
  facet normal 0 0 1
    outer loop
      vertex 18.7153 -16.9375 2.5
      vertex 18.7153 -19.0625 2.5
      vertex 18.8564 -19.0906 2.5
    endloop
  endfacet
  facet normal -0 0 1
    outer loop
      vertex 18.579 -16.9837 2.5
      vertex 18.7153 -19.0625 2.5
      vertex 18.7153 -16.9375 2.5
    endloop
  endfacet
  facet normal 0 0 1
    outer loop
      vertex 18.579 -16.9837 2.5
      vertex 18.579 -19.0163 2.5
      vertex 18.7153 -19.0625 2.5
    endloop
  endfacet
  facet normal -0 0 1
    outer loop
      vertex 18.45 -17.0474 2.5
      vertex 18.579 -19.0163 2.5
      vertex 18.579 -16.9837 2.5
    endloop
  endfacet
  facet normal 0 0 1
    outer loop
      vertex 18.45 -17.0474 2.5
      vertex 18.45 -18.9526 2.5
      vertex 18.579 -19.0163 2.5
    endloop
  endfacet
  facet normal -0 0 1
    outer loop
      vertex 18.3304 -17.1273 2.5
      vertex 18.45 -18.9526 2.5
      vertex 18.45 -17.0474 2.5
    endloop
  endfacet
  facet normal 0 0 1
    outer loop
      vertex 18.3304 -17.1273 2.5
      vertex 18.3304 -18.8727 2.5
      vertex 18.45 -18.9526 2.5
    endloop
  endfacet
  facet normal -0 0 1
    outer loop
      vertex 18.2222 -17.2222 2.5
      vertex 18.3304 -18.8727 2.5
      vertex 18.3304 -17.1273 2.5
    endloop
  endfacet
  facet normal 0 0 1
    outer loop
      vertex 18.2222 -17.2222 2.5
      vertex 18.2222 -18.7778 2.5
      vertex 18.3304 -18.8727 2.5
    endloop
  endfacet
  facet normal -0 0 1
    outer loop
      vertex 18.1273 -17.3304 2.5
      vertex 18.2222 -18.7778 2.5
      vertex 18.2222 -17.2222 2.5
    endloop
  endfacet
  facet normal 0 0 1
    outer loop
      vertex 18.1273 -17.3304 2.5
      vertex 18.1273 -18.6696 2.5
      vertex 18.2222 -18.7778 2.5
    endloop
  endfacet
  facet normal -0 0 1
    outer loop
      vertex 18.0474 -17.45 2.5
      vertex 18.1273 -18.6696 2.5
      vertex 18.1273 -17.3304 2.5
    endloop
  endfacet
  facet normal 0 0 1
    outer loop
      vertex 18.0474 -17.45 2.5
      vertex 18.0474 -18.55 2.5
      vertex 18.1273 -18.6696 2.5
    endloop
  endfacet
  facet normal -0 0 1
    outer loop
      vertex 17.9837 -17.579 2.5
      vertex 18.0474 -18.55 2.5
      vertex 18.0474 -17.45 2.5
    endloop
  endfacet
  facet normal 0 0 1
    outer loop
      vertex 17.9837 -17.579 2.5
      vertex 17.9837 -18.421 2.5
      vertex 18.0474 -18.55 2.5
    endloop
  endfacet
  facet normal -0 0 1
    outer loop
      vertex 17.9375 -17.7153 2.5
      vertex 17.9837 -18.421 2.5
      vertex 17.9837 -17.579 2.5
    endloop
  endfacet
  facet normal 0 0 1
    outer loop
      vertex 17.9375 -17.7153 2.5
      vertex 17.9375 -18.2847 2.5
      vertex 17.9837 -18.421 2.5
    endloop
  endfacet
  facet normal -0 0 1
    outer loop
      vertex 17.9094 -17.8564 2.5
      vertex 17.9375 -18.2847 2.5
      vertex 17.9375 -17.7153 2.5
    endloop
  endfacet
  facet normal 0 0 1
    outer loop
      vertex 17.9094 -17.8564 2.5
      vertex 17.9094 -18.1436 2.5
      vertex 17.9375 -18.2847 2.5
    endloop
  endfacet
  facet normal 0 -0 1
    outer loop
      vertex 17.9094 -18.1436 2.5
      vertex 17.9094 -17.8564 2.5
      vertex 17.9 -18 2.5
    endloop
  endfacet
  facet normal 0 0 1
    outer loop
      vertex 78.0906 -40.8564 2.5
      vertex 78.0906 -41.1436 2.5
      vertex 78.1 -41 2.5
    endloop
  endfacet
  facet normal 0 0 1
    outer loop
      vertex 78.0625 -40.7153 2.5
      vertex 78.0906 -41.1436 2.5
      vertex 78.0906 -40.8564 2.5
    endloop
  endfacet
  facet normal 0 0 1
    outer loop
      vertex 78.0625 -40.7153 2.5
      vertex 78.0625 -41.2847 2.5
      vertex 78.0906 -41.1436 2.5
    endloop
  endfacet
  facet normal 0 0 1
    outer loop
      vertex 78.0163 -40.579 2.5
      vertex 78.0625 -41.2847 2.5
      vertex 78.0625 -40.7153 2.5
    endloop
  endfacet
  facet normal 0 0 1
    outer loop
      vertex 78.0163 -40.579 2.5
      vertex 78.0163 -41.421 2.5
      vertex 78.0625 -41.2847 2.5
    endloop
  endfacet
  facet normal 0 0 1
    outer loop
      vertex 77.9526 -40.45 2.5
      vertex 78.0163 -41.421 2.5
      vertex 78.0163 -40.579 2.5
    endloop
  endfacet
  facet normal 0 0 1
    outer loop
      vertex 77.9526 -40.45 2.5
      vertex 77.9526 -41.55 2.5
      vertex 78.0163 -41.421 2.5
    endloop
  endfacet
  facet normal 0 0 1
    outer loop
      vertex 77.8727 -40.3304 2.5
      vertex 77.9526 -41.55 2.5
      vertex 77.9526 -40.45 2.5
    endloop
  endfacet
  facet normal 0 0 1
    outer loop
      vertex 77.8727 -40.3304 2.5
      vertex 77.8727 -41.6696 2.5
      vertex 77.9526 -41.55 2.5
    endloop
  endfacet
  facet normal 0 0 1
    outer loop
      vertex 77.7778 -40.2222 2.5
      vertex 77.8727 -41.6696 2.5
      vertex 77.8727 -40.3304 2.5
    endloop
  endfacet
  facet normal 0 0 1
    outer loop
      vertex 77.7778 -40.2222 2.5
      vertex 77.7778 -41.7778 2.5
      vertex 77.8727 -41.6696 2.5
    endloop
  endfacet
  facet normal 0 0 1
    outer loop
      vertex 77.6696 -40.1273 2.5
      vertex 77.7778 -41.7778 2.5
      vertex 77.7778 -40.2222 2.5
    endloop
  endfacet
  facet normal 0 0 1
    outer loop
      vertex 77.6696 -40.1273 2.5
      vertex 77.6696 -41.8727 2.5
      vertex 77.7778 -41.7778 2.5
    endloop
  endfacet
  facet normal 0 0 1
    outer loop
      vertex 77.55 -40.0474 2.5
      vertex 77.6696 -41.8727 2.5
      vertex 77.6696 -40.1273 2.5
    endloop
  endfacet
  facet normal 0 0 1
    outer loop
      vertex 77.55 -40.0474 2.5
      vertex 77.55 -41.9526 2.5
      vertex 77.6696 -41.8727 2.5
    endloop
  endfacet
  facet normal 0 0 1
    outer loop
      vertex 77.421 -39.9837 2.5
      vertex 77.55 -41.9526 2.5
      vertex 77.55 -40.0474 2.5
    endloop
  endfacet
  facet normal 0 0 1
    outer loop
      vertex 77.421 -39.9837 2.5
      vertex 77.421 -42.0163 2.5
      vertex 77.55 -41.9526 2.5
    endloop
  endfacet
  facet normal 0 0 1
    outer loop
      vertex 77.2847 -39.9375 2.5
      vertex 77.421 -42.0163 2.5
      vertex 77.421 -39.9837 2.5
    endloop
  endfacet
  facet normal 0 0 1
    outer loop
      vertex 77.2847 -39.9375 2.5
      vertex 77.2847 -42.0625 2.5
      vertex 77.421 -42.0163 2.5
    endloop
  endfacet
  facet normal 0 0 1
    outer loop
      vertex 77.1436 -39.9094 2.5
      vertex 77.2847 -42.0625 2.5
      vertex 77.2847 -39.9375 2.5
    endloop
  endfacet
  facet normal 0 0 1
    outer loop
      vertex 77.1436 -39.9094 2.5
      vertex 77.1436 -42.0906 2.5
      vertex 77.2847 -42.0625 2.5
    endloop
  endfacet
  facet normal 0 0 1
    outer loop
      vertex 77 -39.9 2.5
      vertex 77.1436 -42.0906 2.5
      vertex 77.1436 -39.9094 2.5
    endloop
  endfacet
  facet normal 0 0 1
    outer loop
      vertex 77 -39.9 2.5
      vertex 77 -42.1 2.5
      vertex 77.1436 -42.0906 2.5
    endloop
  endfacet
  facet normal -0 0 1
    outer loop
      vertex 76.8564 -39.9094 2.5
      vertex 77 -42.1 2.5
      vertex 77 -39.9 2.5
    endloop
  endfacet
  facet normal 0 0 1
    outer loop
      vertex 76.8564 -39.9094 2.5
      vertex 76.8564 -42.0906 2.5
      vertex 77 -42.1 2.5
    endloop
  endfacet
  facet normal -0 0 1
    outer loop
      vertex 76.7153 -39.9375 2.5
      vertex 76.8564 -42.0906 2.5
      vertex 76.8564 -39.9094 2.5
    endloop
  endfacet
  facet normal 0 0 1
    outer loop
      vertex 76.7153 -39.9375 2.5
      vertex 76.7153 -42.0625 2.5
      vertex 76.8564 -42.0906 2.5
    endloop
  endfacet
  facet normal -0 0 1
    outer loop
      vertex 76.579 -39.9837 2.5
      vertex 76.7153 -42.0625 2.5
      vertex 76.7153 -39.9375 2.5
    endloop
  endfacet
  facet normal 0 0 1
    outer loop
      vertex 76.579 -39.9837 2.5
      vertex 76.579 -42.0163 2.5
      vertex 76.7153 -42.0625 2.5
    endloop
  endfacet
  facet normal -0 0 1
    outer loop
      vertex 76.45 -40.0474 2.5
      vertex 76.579 -42.0163 2.5
      vertex 76.579 -39.9837 2.5
    endloop
  endfacet
  facet normal 0 0 1
    outer loop
      vertex 76.45 -40.0474 2.5
      vertex 76.45 -41.9526 2.5
      vertex 76.579 -42.0163 2.5
    endloop
  endfacet
  facet normal -0 0 1
    outer loop
      vertex 76.3304 -40.1273 2.5
      vertex 76.45 -41.9526 2.5
      vertex 76.45 -40.0474 2.5
    endloop
  endfacet
  facet normal 0 0 1
    outer loop
      vertex 76.3304 -40.1273 2.5
      vertex 76.3304 -41.8727 2.5
      vertex 76.45 -41.9526 2.5
    endloop
  endfacet
  facet normal -0 0 1
    outer loop
      vertex 76.2222 -40.2222 2.5
      vertex 76.3304 -41.8727 2.5
      vertex 76.3304 -40.1273 2.5
    endloop
  endfacet
  facet normal 0 0 1
    outer loop
      vertex 76.2222 -40.2222 2.5
      vertex 76.2222 -41.7778 2.5
      vertex 76.3304 -41.8727 2.5
    endloop
  endfacet
  facet normal -0 0 1
    outer loop
      vertex 76.1273 -40.3304 2.5
      vertex 76.2222 -41.7778 2.5
      vertex 76.2222 -40.2222 2.5
    endloop
  endfacet
  facet normal 0 0 1
    outer loop
      vertex 76.1273 -40.3304 2.5
      vertex 76.1273 -41.6696 2.5
      vertex 76.2222 -41.7778 2.5
    endloop
  endfacet
  facet normal -0 0 1
    outer loop
      vertex 76.0474 -40.45 2.5
      vertex 76.1273 -41.6696 2.5
      vertex 76.1273 -40.3304 2.5
    endloop
  endfacet
  facet normal 0 0 1
    outer loop
      vertex 76.0474 -40.45 2.5
      vertex 76.0474 -41.55 2.5
      vertex 76.1273 -41.6696 2.5
    endloop
  endfacet
  facet normal -0 0 1
    outer loop
      vertex 75.9837 -40.579 2.5
      vertex 76.0474 -41.55 2.5
      vertex 76.0474 -40.45 2.5
    endloop
  endfacet
  facet normal 0 0 1
    outer loop
      vertex 75.9837 -40.579 2.5
      vertex 75.9837 -41.421 2.5
      vertex 76.0474 -41.55 2.5
    endloop
  endfacet
  facet normal -0 0 1
    outer loop
      vertex 75.9375 -40.7153 2.5
      vertex 75.9837 -41.421 2.5
      vertex 75.9837 -40.579 2.5
    endloop
  endfacet
  facet normal 0 0 1
    outer loop
      vertex 75.9375 -40.7153 2.5
      vertex 75.9375 -41.2847 2.5
      vertex 75.9837 -41.421 2.5
    endloop
  endfacet
  facet normal -0 0 1
    outer loop
      vertex 75.9094 -40.8564 2.5
      vertex 75.9375 -41.2847 2.5
      vertex 75.9375 -40.7153 2.5
    endloop
  endfacet
  facet normal 0 0 1
    outer loop
      vertex 75.9094 -40.8564 2.5
      vertex 75.9094 -41.1436 2.5
      vertex 75.9375 -41.2847 2.5
    endloop
  endfacet
  facet normal 0 -0 1
    outer loop
      vertex 75.9094 -41.1436 2.5
      vertex 75.9094 -40.8564 2.5
      vertex 75.9 -41 2.5
    endloop
  endfacet
  facet normal 0 0 1
    outer loop
      vertex 78.0906 -17.8564 2.5
      vertex 78.0906 -18.1436 2.5
      vertex 78.1 -18 2.5
    endloop
  endfacet
  facet normal 0 0 1
    outer loop
      vertex 78.0625 -17.7153 2.5
      vertex 78.0906 -18.1436 2.5
      vertex 78.0906 -17.8564 2.5
    endloop
  endfacet
  facet normal 0 0 1
    outer loop
      vertex 78.0625 -17.7153 2.5
      vertex 78.0625 -18.2847 2.5
      vertex 78.0906 -18.1436 2.5
    endloop
  endfacet
  facet normal 0 0 1
    outer loop
      vertex 78.0163 -17.579 2.5
      vertex 78.0625 -18.2847 2.5
      vertex 78.0625 -17.7153 2.5
    endloop
  endfacet
  facet normal 0 0 1
    outer loop
      vertex 78.0163 -17.579 2.5
      vertex 78.0163 -18.421 2.5
      vertex 78.0625 -18.2847 2.5
    endloop
  endfacet
  facet normal 0 0 1
    outer loop
      vertex 77.9526 -17.45 2.5
      vertex 78.0163 -18.421 2.5
      vertex 78.0163 -17.579 2.5
    endloop
  endfacet
  facet normal 0 0 1
    outer loop
      vertex 77.9526 -17.45 2.5
      vertex 77.9526 -18.55 2.5
      vertex 78.0163 -18.421 2.5
    endloop
  endfacet
  facet normal 0 0 1
    outer loop
      vertex 77.8727 -17.3304 2.5
      vertex 77.9526 -18.55 2.5
      vertex 77.9526 -17.45 2.5
    endloop
  endfacet
  facet normal 0 0 1
    outer loop
      vertex 77.8727 -17.3304 2.5
      vertex 77.8727 -18.6696 2.5
      vertex 77.9526 -18.55 2.5
    endloop
  endfacet
  facet normal 0 0 1
    outer loop
      vertex 77.7778 -17.2222 2.5
      vertex 77.8727 -18.6696 2.5
      vertex 77.8727 -17.3304 2.5
    endloop
  endfacet
  facet normal 0 0 1
    outer loop
      vertex 77.7778 -17.2222 2.5
      vertex 77.7778 -18.7778 2.5
      vertex 77.8727 -18.6696 2.5
    endloop
  endfacet
  facet normal 0 0 1
    outer loop
      vertex 77.6696 -17.1273 2.5
      vertex 77.7778 -18.7778 2.5
      vertex 77.7778 -17.2222 2.5
    endloop
  endfacet
  facet normal 0 0 1
    outer loop
      vertex 77.6696 -17.1273 2.5
      vertex 77.6696 -18.8727 2.5
      vertex 77.7778 -18.7778 2.5
    endloop
  endfacet
  facet normal 0 0 1
    outer loop
      vertex 77.55 -17.0474 2.5
      vertex 77.6696 -18.8727 2.5
      vertex 77.6696 -17.1273 2.5
    endloop
  endfacet
  facet normal 0 0 1
    outer loop
      vertex 77.55 -17.0474 2.5
      vertex 77.55 -18.9526 2.5
      vertex 77.6696 -18.8727 2.5
    endloop
  endfacet
  facet normal 0 0 1
    outer loop
      vertex 77.421 -16.9837 2.5
      vertex 77.55 -18.9526 2.5
      vertex 77.55 -17.0474 2.5
    endloop
  endfacet
  facet normal 0 0 1
    outer loop
      vertex 77.421 -16.9837 2.5
      vertex 77.421 -19.0163 2.5
      vertex 77.55 -18.9526 2.5
    endloop
  endfacet
  facet normal 0 0 1
    outer loop
      vertex 77.2847 -16.9375 2.5
      vertex 77.421 -19.0163 2.5
      vertex 77.421 -16.9837 2.5
    endloop
  endfacet
  facet normal 0 0 1
    outer loop
      vertex 77.2847 -16.9375 2.5
      vertex 77.2847 -19.0625 2.5
      vertex 77.421 -19.0163 2.5
    endloop
  endfacet
  facet normal 0 0 1
    outer loop
      vertex 77.1436 -16.9094 2.5
      vertex 77.2847 -19.0625 2.5
      vertex 77.2847 -16.9375 2.5
    endloop
  endfacet
  facet normal 0 0 1
    outer loop
      vertex 77.1436 -16.9094 2.5
      vertex 77.1436 -19.0906 2.5
      vertex 77.2847 -19.0625 2.5
    endloop
  endfacet
  facet normal 0 0 1
    outer loop
      vertex 77 -16.9 2.5
      vertex 77.1436 -19.0906 2.5
      vertex 77.1436 -16.9094 2.5
    endloop
  endfacet
  facet normal 0 0 1
    outer loop
      vertex 77 -16.9 2.5
      vertex 77 -19.1 2.5
      vertex 77.1436 -19.0906 2.5
    endloop
  endfacet
  facet normal -0 0 1
    outer loop
      vertex 76.8564 -16.9094 2.5
      vertex 77 -19.1 2.5
      vertex 77 -16.9 2.5
    endloop
  endfacet
  facet normal 0 0 1
    outer loop
      vertex 76.8564 -16.9094 2.5
      vertex 76.8564 -19.0906 2.5
      vertex 77 -19.1 2.5
    endloop
  endfacet
  facet normal -0 0 1
    outer loop
      vertex 76.7153 -16.9375 2.5
      vertex 76.8564 -19.0906 2.5
      vertex 76.8564 -16.9094 2.5
    endloop
  endfacet
  facet normal 0 0 1
    outer loop
      vertex 76.7153 -16.9375 2.5
      vertex 76.7153 -19.0625 2.5
      vertex 76.8564 -19.0906 2.5
    endloop
  endfacet
  facet normal -0 0 1
    outer loop
      vertex 76.579 -16.9837 2.5
      vertex 76.7153 -19.0625 2.5
      vertex 76.7153 -16.9375 2.5
    endloop
  endfacet
  facet normal 0 0 1
    outer loop
      vertex 76.579 -16.9837 2.5
      vertex 76.579 -19.0163 2.5
      vertex 76.7153 -19.0625 2.5
    endloop
  endfacet
  facet normal -0 0 1
    outer loop
      vertex 76.45 -17.0474 2.5
      vertex 76.579 -19.0163 2.5
      vertex 76.579 -16.9837 2.5
    endloop
  endfacet
  facet normal 0 0 1
    outer loop
      vertex 76.45 -17.0474 2.5
      vertex 76.45 -18.9526 2.5
      vertex 76.579 -19.0163 2.5
    endloop
  endfacet
  facet normal -0 0 1
    outer loop
      vertex 76.3304 -17.1273 2.5
      vertex 76.45 -18.9526 2.5
      vertex 76.45 -17.0474 2.5
    endloop
  endfacet
  facet normal 0 0 1
    outer loop
      vertex 76.3304 -17.1273 2.5
      vertex 76.3304 -18.8727 2.5
      vertex 76.45 -18.9526 2.5
    endloop
  endfacet
  facet normal -0 0 1
    outer loop
      vertex 76.2222 -17.2222 2.5
      vertex 76.3304 -18.8727 2.5
      vertex 76.3304 -17.1273 2.5
    endloop
  endfacet
  facet normal 0 0 1
    outer loop
      vertex 76.2222 -17.2222 2.5
      vertex 76.2222 -18.7778 2.5
      vertex 76.3304 -18.8727 2.5
    endloop
  endfacet
  facet normal -0 0 1
    outer loop
      vertex 76.1273 -17.3304 2.5
      vertex 76.2222 -18.7778 2.5
      vertex 76.2222 -17.2222 2.5
    endloop
  endfacet
  facet normal 0 0 1
    outer loop
      vertex 76.1273 -17.3304 2.5
      vertex 76.1273 -18.6696 2.5
      vertex 76.2222 -18.7778 2.5
    endloop
  endfacet
  facet normal -0 0 1
    outer loop
      vertex 76.0474 -17.45 2.5
      vertex 76.1273 -18.6696 2.5
      vertex 76.1273 -17.3304 2.5
    endloop
  endfacet
  facet normal 0 0 1
    outer loop
      vertex 76.0474 -17.45 2.5
      vertex 76.0474 -18.55 2.5
      vertex 76.1273 -18.6696 2.5
    endloop
  endfacet
  facet normal -0 0 1
    outer loop
      vertex 75.9837 -17.579 2.5
      vertex 76.0474 -18.55 2.5
      vertex 76.0474 -17.45 2.5
    endloop
  endfacet
  facet normal 0 0 1
    outer loop
      vertex 75.9837 -17.579 2.5
      vertex 75.9837 -18.421 2.5
      vertex 76.0474 -18.55 2.5
    endloop
  endfacet
  facet normal -0 0 1
    outer loop
      vertex 75.9375 -17.7153 2.5
      vertex 75.9837 -18.421 2.5
      vertex 75.9837 -17.579 2.5
    endloop
  endfacet
  facet normal 0 0 1
    outer loop
      vertex 75.9375 -17.7153 2.5
      vertex 75.9375 -18.2847 2.5
      vertex 75.9837 -18.421 2.5
    endloop
  endfacet
  facet normal -0 0 1
    outer loop
      vertex 75.9094 -17.8564 2.5
      vertex 75.9375 -18.2847 2.5
      vertex 75.9375 -17.7153 2.5
    endloop
  endfacet
  facet normal 0 0 1
    outer loop
      vertex 75.9094 -17.8564 2.5
      vertex 75.9094 -18.1436 2.5
      vertex 75.9375 -18.2847 2.5
    endloop
  endfacet
  facet normal 0 -0 1
    outer loop
      vertex 75.9094 -18.1436 2.5
      vertex 75.9094 -17.8564 2.5
      vertex 75.9 -18 2.5
    endloop
  endfacet
  facet normal 0 0 1
    outer loop
      vertex 20.738 2.68274 2.5
      vertex 20.738 2.31726 2.5
      vertex 20.75 2.5 2.5
    endloop
  endfacet
  facet normal 0 0 1
    outer loop
      vertex 20.7023 2.86235 2.5
      vertex 20.738 2.31726 2.5
      vertex 20.738 2.68274 2.5
    endloop
  endfacet
  facet normal 0 0 1
    outer loop
      vertex 20.7023 2.86235 2.5
      vertex 20.7023 2.13765 2.5
      vertex 20.738 2.31726 2.5
    endloop
  endfacet
  facet normal 0 0 1
    outer loop
      vertex 20.6434 3.03576 2.5
      vertex 20.7023 2.13765 2.5
      vertex 20.7023 2.86235 2.5
    endloop
  endfacet
  facet normal 0 0 1
    outer loop
      vertex 20.6434 3.03576 2.5
      vertex 20.6434 1.96424 2.5
      vertex 20.7023 2.13765 2.5
    endloop
  endfacet
  facet normal 0 0 1
    outer loop
      vertex 20.5624 3.2 2.5
      vertex 20.6434 1.96424 2.5
      vertex 20.6434 3.03576 2.5
    endloop
  endfacet
  facet normal 0 0 1
    outer loop
      vertex 20.5624 3.2 2.5
      vertex 20.5624 1.8 2.5
      vertex 20.6434 1.96424 2.5
    endloop
  endfacet
  facet normal 0 0 1
    outer loop
      vertex 20.4607 3.35227 2.5
      vertex 20.5624 1.8 2.5
      vertex 20.5624 3.2 2.5
    endloop
  endfacet
  facet normal 0 0 1
    outer loop
      vertex 20.4607 3.35227 2.5
      vertex 20.4607 1.64773 2.5
      vertex 20.5624 1.8 2.5
    endloop
  endfacet
  facet normal 0 0 1
    outer loop
      vertex 20.3399 3.48995 2.5
      vertex 20.4607 1.64773 2.5
      vertex 20.4607 3.35227 2.5
    endloop
  endfacet
  facet normal 0 0 1
    outer loop
      vertex 20.3399 3.48995 2.5
      vertex 20.3399 1.51005 2.5
      vertex 20.4607 1.64773 2.5
    endloop
  endfacet
  facet normal 0 0 1
    outer loop
      vertex 20.2023 3.61069 2.5
      vertex 20.3399 1.51005 2.5
      vertex 20.3399 3.48995 2.5
    endloop
  endfacet
  facet normal 0 0 1
    outer loop
      vertex 20.2023 3.61069 2.5
      vertex 20.2023 1.38931 2.5
      vertex 20.3399 1.51005 2.5
    endloop
  endfacet
  facet normal 0 0 1
    outer loop
      vertex 20.05 3.71243 2.5
      vertex 20.2023 1.38931 2.5
      vertex 20.2023 3.61069 2.5
    endloop
  endfacet
  facet normal 0 0 1
    outer loop
      vertex 20.05 3.71243 2.5
      vertex 20.05 1.28757 2.5
      vertex 20.2023 1.38931 2.5
    endloop
  endfacet
  facet normal 0 0 1
    outer loop
      vertex 19.8858 3.79343 2.5
      vertex 20.05 1.28757 2.5
      vertex 20.05 3.71243 2.5
    endloop
  endfacet
  facet normal 0 0 1
    outer loop
      vertex 19.8858 3.79343 2.5
      vertex 19.8858 1.20657 2.5
      vertex 20.05 1.28757 2.5
    endloop
  endfacet
  facet normal 0 0 1
    outer loop
      vertex 19.7123 3.8523 2.5
      vertex 19.8858 1.20657 2.5
      vertex 19.8858 3.79343 2.5
    endloop
  endfacet
  facet normal 0 0 1
    outer loop
      vertex 19.7123 3.8523 2.5
      vertex 19.7123 1.1477 2.5
      vertex 19.8858 1.20657 2.5
    endloop
  endfacet
  facet normal 0 0 1
    outer loop
      vertex 19.5327 3.88802 2.5
      vertex 19.7123 1.1477 2.5
      vertex 19.7123 3.8523 2.5
    endloop
  endfacet
  facet normal 0 0 1
    outer loop
      vertex 19.5327 3.88802 2.5
      vertex 19.5327 1.11198 2.5
      vertex 19.7123 1.1477 2.5
    endloop
  endfacet
  facet normal 0 0 1
    outer loop
      vertex 19.35 3.9 2.5
      vertex 19.5327 1.11198 2.5
      vertex 19.5327 3.88802 2.5
    endloop
  endfacet
  facet normal 0 0 1
    outer loop
      vertex 19.35 3.9 2.5
      vertex 19.35 1.1 2.5
      vertex 19.5327 1.11198 2.5
    endloop
  endfacet
  facet normal -0 0 1
    outer loop
      vertex 19.1673 3.88802 2.5
      vertex 19.35 1.1 2.5
      vertex 19.35 3.9 2.5
    endloop
  endfacet
  facet normal 0 0 1
    outer loop
      vertex 19.1673 3.88802 2.5
      vertex 19.1673 1.11198 2.5
      vertex 19.35 1.1 2.5
    endloop
  endfacet
  facet normal -0 0 1
    outer loop
      vertex 18.9877 3.8523 2.5
      vertex 19.1673 1.11198 2.5
      vertex 19.1673 3.88802 2.5
    endloop
  endfacet
  facet normal 0 0 1
    outer loop
      vertex 18.9877 3.8523 2.5
      vertex 18.9877 1.1477 2.5
      vertex 19.1673 1.11198 2.5
    endloop
  endfacet
  facet normal -0 0 1
    outer loop
      vertex 18.8142 3.79343 2.5
      vertex 18.9877 1.1477 2.5
      vertex 18.9877 3.8523 2.5
    endloop
  endfacet
  facet normal 0 0 1
    outer loop
      vertex 18.8142 3.79343 2.5
      vertex 18.8142 1.20657 2.5
      vertex 18.9877 1.1477 2.5
    endloop
  endfacet
  facet normal -0 0 1
    outer loop
      vertex 18.65 3.71243 2.5
      vertex 18.8142 1.20657 2.5
      vertex 18.8142 3.79343 2.5
    endloop
  endfacet
  facet normal 0 0 1
    outer loop
      vertex 18.65 3.71243 2.5
      vertex 18.65 1.28757 2.5
      vertex 18.8142 1.20657 2.5
    endloop
  endfacet
  facet normal -0 0 1
    outer loop
      vertex 18.4977 3.61069 2.5
      vertex 18.65 1.28757 2.5
      vertex 18.65 3.71243 2.5
    endloop
  endfacet
  facet normal 0 0 1
    outer loop
      vertex 18.4977 3.61069 2.5
      vertex 18.4977 1.38931 2.5
      vertex 18.65 1.28757 2.5
    endloop
  endfacet
  facet normal -0 0 1
    outer loop
      vertex 18.3601 3.48995 2.5
      vertex 18.4977 1.38931 2.5
      vertex 18.4977 3.61069 2.5
    endloop
  endfacet
  facet normal 0 0 1
    outer loop
      vertex 18.3601 3.48995 2.5
      vertex 18.3601 1.51005 2.5
      vertex 18.4977 1.38931 2.5
    endloop
  endfacet
  facet normal -0 0 1
    outer loop
      vertex 18.2393 3.35227 2.5
      vertex 18.3601 1.51005 2.5
      vertex 18.3601 3.48995 2.5
    endloop
  endfacet
  facet normal 0 0 1
    outer loop
      vertex 18.2393 3.35227 2.5
      vertex 18.2393 1.64773 2.5
      vertex 18.3601 1.51005 2.5
    endloop
  endfacet
  facet normal -0 0 1
    outer loop
      vertex 18.1376 3.2 2.5
      vertex 18.2393 1.64773 2.5
      vertex 18.2393 3.35227 2.5
    endloop
  endfacet
  facet normal 0 0 1
    outer loop
      vertex 18.1376 3.2 2.5
      vertex 18.1376 1.8 2.5
      vertex 18.2393 1.64773 2.5
    endloop
  endfacet
  facet normal -0 0 1
    outer loop
      vertex 18.0566 3.03576 2.5
      vertex 18.1376 1.8 2.5
      vertex 18.1376 3.2 2.5
    endloop
  endfacet
  facet normal 0 0 1
    outer loop
      vertex 18.0566 3.03576 2.5
      vertex 18.0566 1.96424 2.5
      vertex 18.1376 1.8 2.5
    endloop
  endfacet
  facet normal -0 0 1
    outer loop
      vertex 17.9977 2.86235 2.5
      vertex 18.0566 1.96424 2.5
      vertex 18.0566 3.03576 2.5
    endloop
  endfacet
  facet normal 0 0 1
    outer loop
      vertex 17.9977 2.86235 2.5
      vertex 17.9977 2.13765 2.5
      vertex 18.0566 1.96424 2.5
    endloop
  endfacet
  facet normal -0 0 1
    outer loop
      vertex 17.962 2.68274 2.5
      vertex 17.9977 2.13765 2.5
      vertex 17.9977 2.86235 2.5
    endloop
  endfacet
  facet normal 0 0 1
    outer loop
      vertex 17.962 2.68274 2.5
      vertex 17.962 2.31726 2.5
      vertex 17.9977 2.13765 2.5
    endloop
  endfacet
  facet normal 0 -0 1
    outer loop
      vertex 17.962 2.31726 2.5
      vertex 17.962 2.68274 2.5
      vertex 17.95 2.5 2.5
    endloop
  endfacet
  facet normal 0 0 1
    outer loop
      vertex 20.738 26.1827 2.5
      vertex 20.738 25.8173 2.5
      vertex 20.75 26 2.5
    endloop
  endfacet
  facet normal 0 0 1
    outer loop
      vertex 20.7023 26.3623 2.5
      vertex 20.738 25.8173 2.5
      vertex 20.738 26.1827 2.5
    endloop
  endfacet
  facet normal 0 0 1
    outer loop
      vertex 20.7023 26.3623 2.5
      vertex 20.7023 25.6377 2.5
      vertex 20.738 25.8173 2.5
    endloop
  endfacet
  facet normal 0 0 1
    outer loop
      vertex 20.6434 26.5358 2.5
      vertex 20.7023 25.6377 2.5
      vertex 20.7023 26.3623 2.5
    endloop
  endfacet
  facet normal 0 0 1
    outer loop
      vertex 20.6434 26.5358 2.5
      vertex 20.6434 25.4642 2.5
      vertex 20.7023 25.6377 2.5
    endloop
  endfacet
  facet normal 0 0 1
    outer loop
      vertex 20.5624 26.7 2.5
      vertex 20.6434 25.4642 2.5
      vertex 20.6434 26.5358 2.5
    endloop
  endfacet
  facet normal 0 0 1
    outer loop
      vertex 20.5624 26.7 2.5
      vertex 20.5624 25.3 2.5
      vertex 20.6434 25.4642 2.5
    endloop
  endfacet
  facet normal 0 0 1
    outer loop
      vertex 20.4607 26.8523 2.5
      vertex 20.5624 25.3 2.5
      vertex 20.5624 26.7 2.5
    endloop
  endfacet
  facet normal 0 0 1
    outer loop
      vertex 20.4607 26.8523 2.5
      vertex 20.4607 25.1477 2.5
      vertex 20.5624 25.3 2.5
    endloop
  endfacet
  facet normal 0 0 1
    outer loop
      vertex 20.3399 26.9899 2.5
      vertex 20.4607 25.1477 2.5
      vertex 20.4607 26.8523 2.5
    endloop
  endfacet
  facet normal 0 0 1
    outer loop
      vertex 20.3399 26.9899 2.5
      vertex 20.3399 25.0101 2.5
      vertex 20.4607 25.1477 2.5
    endloop
  endfacet
  facet normal 0 0 1
    outer loop
      vertex 20.2023 27.1107 2.5
      vertex 20.3399 25.0101 2.5
      vertex 20.3399 26.9899 2.5
    endloop
  endfacet
  facet normal 0 0 1
    outer loop
      vertex 20.2023 27.1107 2.5
      vertex 20.2023 24.8893 2.5
      vertex 20.3399 25.0101 2.5
    endloop
  endfacet
  facet normal 0 0 1
    outer loop
      vertex 20.05 27.2124 2.5
      vertex 20.2023 24.8893 2.5
      vertex 20.2023 27.1107 2.5
    endloop
  endfacet
  facet normal 0 0 1
    outer loop
      vertex 20.05 27.2124 2.5
      vertex 20.05 24.7876 2.5
      vertex 20.2023 24.8893 2.5
    endloop
  endfacet
  facet normal 0 0 1
    outer loop
      vertex 19.8858 27.2934 2.5
      vertex 20.05 24.7876 2.5
      vertex 20.05 27.2124 2.5
    endloop
  endfacet
  facet normal 0 0 1
    outer loop
      vertex 19.8858 27.2934 2.5
      vertex 19.8858 24.7066 2.5
      vertex 20.05 24.7876 2.5
    endloop
  endfacet
  facet normal 0 0 1
    outer loop
      vertex 19.7123 27.3523 2.5
      vertex 19.8858 24.7066 2.5
      vertex 19.8858 27.2934 2.5
    endloop
  endfacet
  facet normal 0 0 1
    outer loop
      vertex 19.7123 27.3523 2.5
      vertex 19.7123 24.6477 2.5
      vertex 19.8858 24.7066 2.5
    endloop
  endfacet
  facet normal 0 0 1
    outer loop
      vertex 19.5327 27.388 2.5
      vertex 19.7123 24.6477 2.5
      vertex 19.7123 27.3523 2.5
    endloop
  endfacet
  facet normal 0 0 1
    outer loop
      vertex 19.5327 27.388 2.5
      vertex 19.5327 24.612 2.5
      vertex 19.7123 24.6477 2.5
    endloop
  endfacet
  facet normal 0 0 1
    outer loop
      vertex 19.35 27.4 2.5
      vertex 19.5327 24.612 2.5
      vertex 19.5327 27.388 2.5
    endloop
  endfacet
  facet normal 0 0 1
    outer loop
      vertex 19.35 27.4 2.5
      vertex 19.35 24.6 2.5
      vertex 19.5327 24.612 2.5
    endloop
  endfacet
  facet normal -0 0 1
    outer loop
      vertex 19.1673 27.388 2.5
      vertex 19.35 24.6 2.5
      vertex 19.35 27.4 2.5
    endloop
  endfacet
  facet normal 0 0 1
    outer loop
      vertex 19.1673 27.388 2.5
      vertex 19.1673 24.612 2.5
      vertex 19.35 24.6 2.5
    endloop
  endfacet
  facet normal -0 0 1
    outer loop
      vertex 18.9877 27.3523 2.5
      vertex 19.1673 24.612 2.5
      vertex 19.1673 27.388 2.5
    endloop
  endfacet
  facet normal 0 0 1
    outer loop
      vertex 18.9877 27.3523 2.5
      vertex 18.9877 24.6477 2.5
      vertex 19.1673 24.612 2.5
    endloop
  endfacet
  facet normal -0 0 1
    outer loop
      vertex 18.8142 27.2934 2.5
      vertex 18.9877 24.6477 2.5
      vertex 18.9877 27.3523 2.5
    endloop
  endfacet
  facet normal 0 0 1
    outer loop
      vertex 18.8142 27.2934 2.5
      vertex 18.8142 24.7066 2.5
      vertex 18.9877 24.6477 2.5
    endloop
  endfacet
  facet normal -0 0 1
    outer loop
      vertex 18.65 27.2124 2.5
      vertex 18.8142 24.7066 2.5
      vertex 18.8142 27.2934 2.5
    endloop
  endfacet
  facet normal 0 0 1
    outer loop
      vertex 18.65 27.2124 2.5
      vertex 18.65 24.7876 2.5
      vertex 18.8142 24.7066 2.5
    endloop
  endfacet
  facet normal -0 0 1
    outer loop
      vertex 18.4977 27.1107 2.5
      vertex 18.65 24.7876 2.5
      vertex 18.65 27.2124 2.5
    endloop
  endfacet
  facet normal 0 0 1
    outer loop
      vertex 18.4977 27.1107 2.5
      vertex 18.4977 24.8893 2.5
      vertex 18.65 24.7876 2.5
    endloop
  endfacet
  facet normal -0 0 1
    outer loop
      vertex 18.3601 26.9899 2.5
      vertex 18.4977 24.8893 2.5
      vertex 18.4977 27.1107 2.5
    endloop
  endfacet
  facet normal 0 0 1
    outer loop
      vertex 18.3601 26.9899 2.5
      vertex 18.3601 25.0101 2.5
      vertex 18.4977 24.8893 2.5
    endloop
  endfacet
  facet normal -0 0 1
    outer loop
      vertex 18.2393 26.8523 2.5
      vertex 18.3601 25.0101 2.5
      vertex 18.3601 26.9899 2.5
    endloop
  endfacet
  facet normal 0 0 1
    outer loop
      vertex 18.2393 26.8523 2.5
      vertex 18.2393 25.1477 2.5
      vertex 18.3601 25.0101 2.5
    endloop
  endfacet
  facet normal -0 0 1
    outer loop
      vertex 18.1376 26.7 2.5
      vertex 18.2393 25.1477 2.5
      vertex 18.2393 26.8523 2.5
    endloop
  endfacet
  facet normal 0 0 1
    outer loop
      vertex 18.1376 26.7 2.5
      vertex 18.1376 25.3 2.5
      vertex 18.2393 25.1477 2.5
    endloop
  endfacet
  facet normal -0 0 1
    outer loop
      vertex 18.0566 26.5358 2.5
      vertex 18.1376 25.3 2.5
      vertex 18.1376 26.7 2.5
    endloop
  endfacet
  facet normal 0 0 1
    outer loop
      vertex 18.0566 26.5358 2.5
      vertex 18.0566 25.4642 2.5
      vertex 18.1376 25.3 2.5
    endloop
  endfacet
  facet normal -0 0 1
    outer loop
      vertex 17.9977 26.3623 2.5
      vertex 18.0566 25.4642 2.5
      vertex 18.0566 26.5358 2.5
    endloop
  endfacet
  facet normal 0 0 1
    outer loop
      vertex 17.9977 26.3623 2.5
      vertex 17.9977 25.6377 2.5
      vertex 18.0566 25.4642 2.5
    endloop
  endfacet
  facet normal -0 0 1
    outer loop
      vertex 17.962 26.1827 2.5
      vertex 17.9977 25.6377 2.5
      vertex 17.9977 26.3623 2.5
    endloop
  endfacet
  facet normal 0 0 1
    outer loop
      vertex 17.962 26.1827 2.5
      vertex 17.962 25.8173 2.5
      vertex 17.9977 25.6377 2.5
    endloop
  endfacet
  facet normal 0 -0 1
    outer loop
      vertex 17.962 25.8173 2.5
      vertex 17.962 26.1827 2.5
      vertex 17.95 26 2.5
    endloop
  endfacet
  facet normal 0 0 1
    outer loop
      vertex 55.738 2.68274 2.5
      vertex 55.738 2.31726 2.5
      vertex 55.75 2.5 2.5
    endloop
  endfacet
  facet normal 0 0 1
    outer loop
      vertex 55.7023 2.86235 2.5
      vertex 55.738 2.31726 2.5
      vertex 55.738 2.68274 2.5
    endloop
  endfacet
  facet normal 0 0 1
    outer loop
      vertex 55.7023 2.86235 2.5
      vertex 55.7023 2.13765 2.5
      vertex 55.738 2.31726 2.5
    endloop
  endfacet
  facet normal 0 0 1
    outer loop
      vertex 55.6434 3.03576 2.5
      vertex 55.7023 2.13765 2.5
      vertex 55.7023 2.86235 2.5
    endloop
  endfacet
  facet normal 0 0 1
    outer loop
      vertex 55.6434 3.03576 2.5
      vertex 55.6434 1.96424 2.5
      vertex 55.7023 2.13765 2.5
    endloop
  endfacet
  facet normal 0 0 1
    outer loop
      vertex 55.5624 3.2 2.5
      vertex 55.6434 1.96424 2.5
      vertex 55.6434 3.03576 2.5
    endloop
  endfacet
  facet normal 0 0 1
    outer loop
      vertex 55.5624 3.2 2.5
      vertex 55.5624 1.8 2.5
      vertex 55.6434 1.96424 2.5
    endloop
  endfacet
  facet normal 0 0 1
    outer loop
      vertex 55.4607 3.35227 2.5
      vertex 55.5624 1.8 2.5
      vertex 55.5624 3.2 2.5
    endloop
  endfacet
  facet normal 0 0 1
    outer loop
      vertex 55.4607 3.35227 2.5
      vertex 55.4607 1.64773 2.5
      vertex 55.5624 1.8 2.5
    endloop
  endfacet
  facet normal 0 0 1
    outer loop
      vertex 55.34 3.48995 2.5
      vertex 55.4607 1.64773 2.5
      vertex 55.4607 3.35227 2.5
    endloop
  endfacet
  facet normal 0 0 1
    outer loop
      vertex 55.34 3.48995 2.5
      vertex 55.34 1.51005 2.5
      vertex 55.4607 1.64773 2.5
    endloop
  endfacet
  facet normal 0 0 1
    outer loop
      vertex 55.2023 3.61069 2.5
      vertex 55.34 1.51005 2.5
      vertex 55.34 3.48995 2.5
    endloop
  endfacet
  facet normal 0 0 1
    outer loop
      vertex 55.2023 3.61069 2.5
      vertex 55.2023 1.38931 2.5
      vertex 55.34 1.51005 2.5
    endloop
  endfacet
  facet normal 0 0 1
    outer loop
      vertex 55.05 3.71243 2.5
      vertex 55.2023 1.38931 2.5
      vertex 55.2023 3.61069 2.5
    endloop
  endfacet
  facet normal 0 0 1
    outer loop
      vertex 55.05 3.71243 2.5
      vertex 55.05 1.28757 2.5
      vertex 55.2023 1.38931 2.5
    endloop
  endfacet
  facet normal 0 0 1
    outer loop
      vertex 54.8858 3.79343 2.5
      vertex 55.05 1.28757 2.5
      vertex 55.05 3.71243 2.5
    endloop
  endfacet
  facet normal 0 0 1
    outer loop
      vertex 54.8858 3.79343 2.5
      vertex 54.8858 1.20657 2.5
      vertex 55.05 1.28757 2.5
    endloop
  endfacet
  facet normal 0 0 1
    outer loop
      vertex 54.7123 3.8523 2.5
      vertex 54.8858 1.20657 2.5
      vertex 54.8858 3.79343 2.5
    endloop
  endfacet
  facet normal 0 0 1
    outer loop
      vertex 54.7123 3.8523 2.5
      vertex 54.7123 1.1477 2.5
      vertex 54.8858 1.20657 2.5
    endloop
  endfacet
  facet normal 0 0 1
    outer loop
      vertex 54.5327 3.88802 2.5
      vertex 54.7123 1.1477 2.5
      vertex 54.7123 3.8523 2.5
    endloop
  endfacet
  facet normal 0 0 1
    outer loop
      vertex 54.5327 3.88802 2.5
      vertex 54.5327 1.11198 2.5
      vertex 54.7123 1.1477 2.5
    endloop
  endfacet
  facet normal 0 0 1
    outer loop
      vertex 54.35 3.9 2.5
      vertex 54.5327 1.11198 2.5
      vertex 54.5327 3.88802 2.5
    endloop
  endfacet
  facet normal 0 0 1
    outer loop
      vertex 54.35 3.9 2.5
      vertex 54.35 1.1 2.5
      vertex 54.5327 1.11198 2.5
    endloop
  endfacet
  facet normal -0 0 1
    outer loop
      vertex 54.1673 3.88802 2.5
      vertex 54.35 1.1 2.5
      vertex 54.35 3.9 2.5
    endloop
  endfacet
  facet normal 0 0 1
    outer loop
      vertex 54.1673 3.88802 2.5
      vertex 54.1673 1.11198 2.5
      vertex 54.35 1.1 2.5
    endloop
  endfacet
  facet normal -0 0 1
    outer loop
      vertex 53.9877 3.8523 2.5
      vertex 54.1673 1.11198 2.5
      vertex 54.1673 3.88802 2.5
    endloop
  endfacet
  facet normal 0 0 1
    outer loop
      vertex 53.9877 3.8523 2.5
      vertex 53.9877 1.1477 2.5
      vertex 54.1673 1.11198 2.5
    endloop
  endfacet
  facet normal -0 0 1
    outer loop
      vertex 53.8142 3.79343 2.5
      vertex 53.9877 1.1477 2.5
      vertex 53.9877 3.8523 2.5
    endloop
  endfacet
  facet normal 0 0 1
    outer loop
      vertex 53.8142 3.79343 2.5
      vertex 53.8142 1.20657 2.5
      vertex 53.9877 1.1477 2.5
    endloop
  endfacet
  facet normal -0 0 1
    outer loop
      vertex 53.65 3.71243 2.5
      vertex 53.8142 1.20657 2.5
      vertex 53.8142 3.79343 2.5
    endloop
  endfacet
  facet normal 0 0 1
    outer loop
      vertex 53.65 3.71243 2.5
      vertex 53.65 1.28757 2.5
      vertex 53.8142 1.20657 2.5
    endloop
  endfacet
  facet normal -0 0 1
    outer loop
      vertex 53.4977 3.61069 2.5
      vertex 53.65 1.28757 2.5
      vertex 53.65 3.71243 2.5
    endloop
  endfacet
  facet normal 0 0 1
    outer loop
      vertex 53.4977 3.61069 2.5
      vertex 53.4977 1.38931 2.5
      vertex 53.65 1.28757 2.5
    endloop
  endfacet
  facet normal -0 0 1
    outer loop
      vertex 53.3601 3.48995 2.5
      vertex 53.4977 1.38931 2.5
      vertex 53.4977 3.61069 2.5
    endloop
  endfacet
  facet normal 0 0 1
    outer loop
      vertex 53.3601 3.48995 2.5
      vertex 53.3601 1.51005 2.5
      vertex 53.4977 1.38931 2.5
    endloop
  endfacet
  facet normal -0 0 1
    outer loop
      vertex 53.2393 3.35227 2.5
      vertex 53.3601 1.51005 2.5
      vertex 53.3601 3.48995 2.5
    endloop
  endfacet
  facet normal 0 0 1
    outer loop
      vertex 53.2393 3.35227 2.5
      vertex 53.2393 1.64773 2.5
      vertex 53.3601 1.51005 2.5
    endloop
  endfacet
  facet normal -0 0 1
    outer loop
      vertex 53.1376 3.2 2.5
      vertex 53.2393 1.64773 2.5
      vertex 53.2393 3.35227 2.5
    endloop
  endfacet
  facet normal 0 0 1
    outer loop
      vertex 53.1376 3.2 2.5
      vertex 53.1376 1.8 2.5
      vertex 53.2393 1.64773 2.5
    endloop
  endfacet
  facet normal -0 0 1
    outer loop
      vertex 53.0566 3.03576 2.5
      vertex 53.1376 1.8 2.5
      vertex 53.1376 3.2 2.5
    endloop
  endfacet
  facet normal 0 0 1
    outer loop
      vertex 53.0566 3.03576 2.5
      vertex 53.0566 1.96424 2.5
      vertex 53.1376 1.8 2.5
    endloop
  endfacet
  facet normal -0 0 1
    outer loop
      vertex 52.9977 2.86235 2.5
      vertex 53.0566 1.96424 2.5
      vertex 53.0566 3.03576 2.5
    endloop
  endfacet
  facet normal 0 0 1
    outer loop
      vertex 52.9977 2.86235 2.5
      vertex 52.9977 2.13765 2.5
      vertex 53.0566 1.96424 2.5
    endloop
  endfacet
  facet normal -0 0 1
    outer loop
      vertex 52.962 2.68274 2.5
      vertex 52.9977 2.13765 2.5
      vertex 52.9977 2.86235 2.5
    endloop
  endfacet
  facet normal 0 0 1
    outer loop
      vertex 52.962 2.68274 2.5
      vertex 52.962 2.31726 2.5
      vertex 52.9977 2.13765 2.5
    endloop
  endfacet
  facet normal 0 -0 1
    outer loop
      vertex 52.962 2.31726 2.5
      vertex 52.962 2.68274 2.5
      vertex 52.95 2.5 2.5
    endloop
  endfacet
  facet normal 0 0 1
    outer loop
      vertex 55.738 26.1827 2.5
      vertex 55.738 25.8173 2.5
      vertex 55.75 26 2.5
    endloop
  endfacet
  facet normal 0 0 1
    outer loop
      vertex 55.7023 26.3623 2.5
      vertex 55.738 25.8173 2.5
      vertex 55.738 26.1827 2.5
    endloop
  endfacet
  facet normal 0 0 1
    outer loop
      vertex 55.7023 26.3623 2.5
      vertex 55.7023 25.6377 2.5
      vertex 55.738 25.8173 2.5
    endloop
  endfacet
  facet normal 0 0 1
    outer loop
      vertex 55.6434 26.5358 2.5
      vertex 55.7023 25.6377 2.5
      vertex 55.7023 26.3623 2.5
    endloop
  endfacet
  facet normal 0 0 1
    outer loop
      vertex 55.6434 26.5358 2.5
      vertex 55.6434 25.4642 2.5
      vertex 55.7023 25.6377 2.5
    endloop
  endfacet
  facet normal 0 0 1
    outer loop
      vertex 55.5624 26.7 2.5
      vertex 55.6434 25.4642 2.5
      vertex 55.6434 26.5358 2.5
    endloop
  endfacet
  facet normal 0 0 1
    outer loop
      vertex 55.5624 26.7 2.5
      vertex 55.5624 25.3 2.5
      vertex 55.6434 25.4642 2.5
    endloop
  endfacet
  facet normal 0 0 1
    outer loop
      vertex 55.4607 26.8523 2.5
      vertex 55.5624 25.3 2.5
      vertex 55.5624 26.7 2.5
    endloop
  endfacet
  facet normal 0 0 1
    outer loop
      vertex 55.4607 26.8523 2.5
      vertex 55.4607 25.1477 2.5
      vertex 55.5624 25.3 2.5
    endloop
  endfacet
  facet normal 0 0 1
    outer loop
      vertex 55.34 26.9899 2.5
      vertex 55.4607 25.1477 2.5
      vertex 55.4607 26.8523 2.5
    endloop
  endfacet
  facet normal 0 0 1
    outer loop
      vertex 55.34 26.9899 2.5
      vertex 55.34 25.0101 2.5
      vertex 55.4607 25.1477 2.5
    endloop
  endfacet
  facet normal 0 0 1
    outer loop
      vertex 55.2023 27.1107 2.5
      vertex 55.34 25.0101 2.5
      vertex 55.34 26.9899 2.5
    endloop
  endfacet
  facet normal 0 0 1
    outer loop
      vertex 55.2023 27.1107 2.5
      vertex 55.2023 24.8893 2.5
      vertex 55.34 25.0101 2.5
    endloop
  endfacet
  facet normal 0 0 1
    outer loop
      vertex 55.05 27.2124 2.5
      vertex 55.2023 24.8893 2.5
      vertex 55.2023 27.1107 2.5
    endloop
  endfacet
  facet normal 0 0 1
    outer loop
      vertex 55.05 27.2124 2.5
      vertex 55.05 24.7876 2.5
      vertex 55.2023 24.8893 2.5
    endloop
  endfacet
  facet normal 0 0 1
    outer loop
      vertex 54.8858 27.2934 2.5
      vertex 55.05 24.7876 2.5
      vertex 55.05 27.2124 2.5
    endloop
  endfacet
  facet normal 0 0 1
    outer loop
      vertex 54.8858 27.2934 2.5
      vertex 54.8858 24.7066 2.5
      vertex 55.05 24.7876 2.5
    endloop
  endfacet
  facet normal 0 0 1
    outer loop
      vertex 54.7123 27.3523 2.5
      vertex 54.8858 24.7066 2.5
      vertex 54.8858 27.2934 2.5
    endloop
  endfacet
  facet normal 0 0 1
    outer loop
      vertex 54.7123 27.3523 2.5
      vertex 54.7123 24.6477 2.5
      vertex 54.8858 24.7066 2.5
    endloop
  endfacet
  facet normal 0 0 1
    outer loop
      vertex 54.5327 27.388 2.5
      vertex 54.7123 24.6477 2.5
      vertex 54.7123 27.3523 2.5
    endloop
  endfacet
  facet normal 0 0 1
    outer loop
      vertex 54.5327 27.388 2.5
      vertex 54.5327 24.612 2.5
      vertex 54.7123 24.6477 2.5
    endloop
  endfacet
  facet normal 0 0 1
    outer loop
      vertex 54.35 27.4 2.5
      vertex 54.5327 24.612 2.5
      vertex 54.5327 27.388 2.5
    endloop
  endfacet
  facet normal 0 0 1
    outer loop
      vertex 54.35 27.4 2.5
      vertex 54.35 24.6 2.5
      vertex 54.5327 24.612 2.5
    endloop
  endfacet
  facet normal -0 0 1
    outer loop
      vertex 54.1673 27.388 2.5
      vertex 54.35 24.6 2.5
      vertex 54.35 27.4 2.5
    endloop
  endfacet
  facet normal 0 0 1
    outer loop
      vertex 54.1673 27.388 2.5
      vertex 54.1673 24.612 2.5
      vertex 54.35 24.6 2.5
    endloop
  endfacet
  facet normal -0 0 1
    outer loop
      vertex 53.9877 27.3523 2.5
      vertex 54.1673 24.612 2.5
      vertex 54.1673 27.388 2.5
    endloop
  endfacet
  facet normal 0 0 1
    outer loop
      vertex 53.9877 27.3523 2.5
      vertex 53.9877 24.6477 2.5
      vertex 54.1673 24.612 2.5
    endloop
  endfacet
  facet normal -0 0 1
    outer loop
      vertex 53.8142 27.2934 2.5
      vertex 53.9877 24.6477 2.5
      vertex 53.9877 27.3523 2.5
    endloop
  endfacet
  facet normal 0 0 1
    outer loop
      vertex 53.8142 27.2934 2.5
      vertex 53.8142 24.7066 2.5
      vertex 53.9877 24.6477 2.5
    endloop
  endfacet
  facet normal -0 0 1
    outer loop
      vertex 53.65 27.2124 2.5
      vertex 53.8142 24.7066 2.5
      vertex 53.8142 27.2934 2.5
    endloop
  endfacet
  facet normal 0 0 1
    outer loop
      vertex 53.65 27.2124 2.5
      vertex 53.65 24.7876 2.5
      vertex 53.8142 24.7066 2.5
    endloop
  endfacet
  facet normal -0 0 1
    outer loop
      vertex 53.4977 27.1107 2.5
      vertex 53.65 24.7876 2.5
      vertex 53.65 27.2124 2.5
    endloop
  endfacet
  facet normal 0 0 1
    outer loop
      vertex 53.4977 27.1107 2.5
      vertex 53.4977 24.8893 2.5
      vertex 53.65 24.7876 2.5
    endloop
  endfacet
  facet normal -0 0 1
    outer loop
      vertex 53.3601 26.9899 2.5
      vertex 53.4977 24.8893 2.5
      vertex 53.4977 27.1107 2.5
    endloop
  endfacet
  facet normal 0 0 1
    outer loop
      vertex 53.3601 26.9899 2.5
      vertex 53.3601 25.0101 2.5
      vertex 53.4977 24.8893 2.5
    endloop
  endfacet
  facet normal -0 0 1
    outer loop
      vertex 53.2393 26.8523 2.5
      vertex 53.3601 25.0101 2.5
      vertex 53.3601 26.9899 2.5
    endloop
  endfacet
  facet normal 0 0 1
    outer loop
      vertex 53.2393 26.8523 2.5
      vertex 53.2393 25.1477 2.5
      vertex 53.3601 25.0101 2.5
    endloop
  endfacet
  facet normal -0 0 1
    outer loop
      vertex 53.1376 26.7 2.5
      vertex 53.2393 25.1477 2.5
      vertex 53.2393 26.8523 2.5
    endloop
  endfacet
  facet normal 0 0 1
    outer loop
      vertex 53.1376 26.7 2.5
      vertex 53.1376 25.3 2.5
      vertex 53.2393 25.1477 2.5
    endloop
  endfacet
  facet normal -0 0 1
    outer loop
      vertex 53.0566 26.5358 2.5
      vertex 53.1376 25.3 2.5
      vertex 53.1376 26.7 2.5
    endloop
  endfacet
  facet normal 0 0 1
    outer loop
      vertex 53.0566 26.5358 2.5
      vertex 53.0566 25.4642 2.5
      vertex 53.1376 25.3 2.5
    endloop
  endfacet
  facet normal -0 0 1
    outer loop
      vertex 52.9977 26.3623 2.5
      vertex 53.0566 25.4642 2.5
      vertex 53.0566 26.5358 2.5
    endloop
  endfacet
  facet normal 0 0 1
    outer loop
      vertex 52.9977 26.3623 2.5
      vertex 52.9977 25.6377 2.5
      vertex 53.0566 25.4642 2.5
    endloop
  endfacet
  facet normal -0 0 1
    outer loop
      vertex 52.962 26.1827 2.5
      vertex 52.9977 25.6377 2.5
      vertex 52.9977 26.3623 2.5
    endloop
  endfacet
  facet normal 0 0 1
    outer loop
      vertex 52.962 26.1827 2.5
      vertex 52.962 25.8173 2.5
      vertex 52.9977 25.6377 2.5
    endloop
  endfacet
  facet normal 0 -0 1
    outer loop
      vertex 52.962 25.8173 2.5
      vertex 52.962 26.1827 2.5
      vertex 52.95 26 2.5
    endloop
  endfacet
  facet normal 0 -1 0
    outer loop
      vertex 82.5 -6 0
      vertex 112 -6 2.5
      vertex 82.5 -6 2.5
    endloop
  endfacet
  facet normal 0 -1 -0
    outer loop
      vertex 112 -6 2.5
      vertex 82.5 -6 0
      vertex 112 -6 0
    endloop
  endfacet
  facet normal 1 -0 0
    outer loop
      vertex 112 -6 2.5
      vertex 112 -1.35271 0
      vertex 112 -1.35271 2.5
    endloop
  endfacet
  facet normal 1 0 0
    outer loop
      vertex 112 -1.35271 0
      vertex 112 -6 2.5
      vertex 112 -6 0
    endloop
  endfacet
  facet normal -0.751871 0.65931 -4.89444e-19
    outer loop
      vertex 111.464 -1.96396 0
      vertex 112 -1.35271 2.5
      vertex 112 -1.35271 0
    endloop
  endfacet
  facet normal -0.751871 0.65931 -4.89444e-19
    outer loop
      vertex 112 -1.35271 2.5
      vertex 111.464 -1.96396 0
      vertex 111.464 -1.96396 2.5
    endloop
  endfacet
  facet normal -0.659387 0.751804 0
    outer loop
      vertex 111.464 -1.96396 0
      vertex 110.579 -2.74017 2.5
      vertex 111.464 -1.96396 2.5
    endloop
  endfacet
  facet normal -0.659387 0.751804 0
    outer loop
      vertex 110.579 -2.74017 2.5
      vertex 111.464 -1.96396 0
      vertex 110.579 -2.74017 0
    endloop
  endfacet
  facet normal -0.555519 0.831504 0
    outer loop
      vertex 110.579 -2.74017 0
      vertex 109.6 -3.39423 2.5
      vertex 110.579 -2.74017 2.5
    endloop
  endfacet
  facet normal -0.555519 0.831504 0
    outer loop
      vertex 109.6 -3.39423 2.5
      vertex 110.579 -2.74017 0
      vertex 109.6 -3.39423 0
    endloop
  endfacet
  facet normal -0.442226 0.896904 0
    outer loop
      vertex 109.6 -3.39423 0
      vertex 108.544 -3.9149 2.5
      vertex 109.6 -3.39423 2.5
    endloop
  endfacet
  facet normal -0.442226 0.896904 0
    outer loop
      vertex 108.544 -3.9149 2.5
      vertex 109.6 -3.39423 0
      vertex 108.544 -3.9149 0
    endloop
  endfacet
  facet normal -0.321385 0.946949 0
    outer loop
      vertex 108.544 -3.9149 0
      vertex 107.429 -4.29332 2.5
      vertex 108.544 -3.9149 2.5
    endloop
  endfacet
  facet normal -0.321385 0.946949 0
    outer loop
      vertex 107.429 -4.29332 2.5
      vertex 108.544 -3.9149 0
      vertex 107.429 -4.29332 0
    endloop
  endfacet
  facet normal -0.195193 0.980765 0
    outer loop
      vertex 107.429 -4.29332 0
      vertex 106.275 -4.52299 2.5
      vertex 107.429 -4.29332 2.5
    endloop
  endfacet
  facet normal -0.195193 0.980765 0
    outer loop
      vertex 106.275 -4.52299 2.5
      vertex 107.429 -4.29332 0
      vertex 106.275 -4.52299 0
    endloop
  endfacet
  facet normal -0.0653917 0.99786 0
    outer loop
      vertex 106.275 -4.52299 0
      vertex 105.1 -4.59999 2.5
      vertex 106.275 -4.52299 2.5
    endloop
  endfacet
  facet normal -0.0653917 0.99786 0
    outer loop
      vertex 105.1 -4.59999 2.5
      vertex 106.275 -4.52299 0
      vertex 105.1 -4.59999 0
    endloop
  endfacet
  facet normal 0.0653917 0.99786 -0
    outer loop
      vertex 105.1 -4.59999 0
      vertex 103.925 -4.52299 2.5
      vertex 105.1 -4.59999 2.5
    endloop
  endfacet
  facet normal 0.0653917 0.99786 0
    outer loop
      vertex 103.925 -4.52299 2.5
      vertex 105.1 -4.59999 0
      vertex 103.925 -4.52299 0
    endloop
  endfacet
  facet normal 0.195193 0.980765 -0
    outer loop
      vertex 103.925 -4.52299 0
      vertex 102.771 -4.29332 2.5
      vertex 103.925 -4.52299 2.5
    endloop
  endfacet
  facet normal 0.195193 0.980765 0
    outer loop
      vertex 102.771 -4.29332 2.5
      vertex 103.925 -4.52299 0
      vertex 102.771 -4.29332 0
    endloop
  endfacet
  facet normal 0.321385 0.946949 -0
    outer loop
      vertex 102.771 -4.29332 0
      vertex 101.656 -3.9149 2.5
      vertex 102.771 -4.29332 2.5
    endloop
  endfacet
  facet normal 0.321385 0.946949 0
    outer loop
      vertex 101.656 -3.9149 2.5
      vertex 102.771 -4.29332 0
      vertex 101.656 -3.9149 0
    endloop
  endfacet
  facet normal 0.442226 0.896904 -0
    outer loop
      vertex 101.656 -3.9149 0
      vertex 100.6 -3.39423 2.5
      vertex 101.656 -3.9149 2.5
    endloop
  endfacet
  facet normal 0.442226 0.896904 0
    outer loop
      vertex 100.6 -3.39423 2.5
      vertex 101.656 -3.9149 0
      vertex 100.6 -3.39423 0
    endloop
  endfacet
  facet normal 0.555558 0.831477 -0
    outer loop
      vertex 100.6 -3.39423 0
      vertex 99.6211 -2.74017 2.5
      vertex 100.6 -3.39423 2.5
    endloop
  endfacet
  facet normal 0.555558 0.831477 0
    outer loop
      vertex 99.6211 -2.74017 2.5
      vertex 100.6 -3.39423 0
      vertex 99.6211 -2.74017 0
    endloop
  endfacet
  facet normal 0.659345 0.751841 -0
    outer loop
      vertex 99.6211 -2.74017 0
      vertex 98.736 -1.96396 2.5
      vertex 99.6211 -2.74017 2.5
    endloop
  endfacet
  facet normal 0.659345 0.751841 0
    outer loop
      vertex 98.736 -1.96396 2.5
      vertex 99.6211 -2.74017 0
      vertex 98.736 -1.96396 0
    endloop
  endfacet
  facet normal 0.751852 0.659332 8.04179e-18
    outer loop
      vertex 98.736 -1.96396 2.5
      vertex 97.9598 -1.07884 0
      vertex 97.9598 -1.07884 2.5
    endloop
  endfacet
  facet normal 0.751852 0.659332 8.04179e-18
    outer loop
      vertex 97.9598 -1.07884 0
      vertex 98.736 -1.96396 2.5
      vertex 98.736 -1.96396 0
    endloop
  endfacet
  facet normal 0.831488 0.555543 1.55017e-17
    outer loop
      vertex 97.9598 -1.07884 2.5
      vertex 97.3058 -0.0999908 0
      vertex 97.3058 -0.0999908 2.5
    endloop
  endfacet
  facet normal 0.831488 0.555543 1.55017e-17
    outer loop
      vertex 97.3058 -0.0999908 0
      vertex 97.9598 -1.07884 2.5
      vertex 97.9598 -1.07884 0
    endloop
  endfacet
  facet normal 0.896866 0.442303 -3.47148e-18
    outer loop
      vertex 97.3058 -0.0999908 2.5
      vertex 96.7851 0.955841 0
      vertex 96.7851 0.955841 2.5
    endloop
  endfacet
  facet normal 0.896866 0.442303 -3.47148e-18
    outer loop
      vertex 96.7851 0.955841 0
      vertex 97.3058 -0.0999908 2.5
      vertex 97.3058 -0.0999908 0
    endloop
  endfacet
  facet normal 0.946934 0.321427 4.97344e-18
    outer loop
      vertex 96.7851 0.955841 2.5
      vertex 96.4067 2.07062 0
      vertex 96.4067 2.07062 2.5
    endloop
  endfacet
  facet normal 0.946934 0.321427 4.97344e-18
    outer loop
      vertex 96.4067 2.07062 0
      vertex 96.7851 0.955841 2.5
      vertex 96.7851 0.955841 0
    endloop
  endfacet
  facet normal 0.98078 0.195115 3.29804e-19
    outer loop
      vertex 96.4067 2.07062 2.5
      vertex 96.177 3.22525 0
      vertex 96.177 3.22525 2.5
    endloop
  endfacet
  facet normal 0.98078 0.195115 3.29804e-19
    outer loop
      vertex 96.177 3.22525 0
      vertex 96.4067 2.07062 2.5
      vertex 96.4067 2.07062 0
    endloop
  endfacet
  facet normal 0.997859 0.0654061 -3.31195e-19
    outer loop
      vertex 96.177 3.22525 2.5
      vertex 96.1 4.39999 0
      vertex 96.1 4.39999 2.5
    endloop
  endfacet
  facet normal 0.997859 0.0654061 -3.31195e-19
    outer loop
      vertex 96.1 4.39999 0
      vertex 96.177 3.22525 2.5
      vertex 96.177 3.22525 0
    endloop
  endfacet
  facet normal 0.997859 -0.0654066 -2.013e-19
    outer loop
      vertex 96.1 4.39999 2.5
      vertex 96.177 5.57472 0
      vertex 96.177 5.57472 2.5
    endloop
  endfacet
  facet normal 0.997859 -0.0654066 -2.013e-19
    outer loop
      vertex 96.177 5.57472 0
      vertex 96.1 4.39999 2.5
      vertex 96.1 4.39999 0
    endloop
  endfacet
  facet normal 0.980781 -0.195111 1.56092e-18
    outer loop
      vertex 96.177 5.57472 2.5
      vertex 96.4067 6.72937 0
      vertex 96.4067 6.72937 2.5
    endloop
  endfacet
  facet normal 0.980781 -0.195111 1.56092e-18
    outer loop
      vertex 96.4067 6.72937 0
      vertex 96.177 5.57472 2.5
      vertex 96.177 5.57472 0
    endloop
  endfacet
  facet normal 0.946934 -0.321427 -6.60333e-18
    outer loop
      vertex 96.4067 6.72937 2.5
      vertex 96.7851 7.84415 0
      vertex 96.7851 7.84415 2.5
    endloop
  endfacet
  facet normal 0.946934 -0.321427 -6.60333e-18
    outer loop
      vertex 96.7851 7.84415 0
      vertex 96.4067 6.72937 2.5
      vertex 96.4067 6.72937 0
    endloop
  endfacet
  facet normal 0.896867 -0.442301 -9.82296e-18
    outer loop
      vertex 96.7851 7.84415 2.5
      vertex 97.3058 8.89999 0
      vertex 97.3058 8.89999 2.5
    endloop
  endfacet
  facet normal 0.896867 -0.442301 -9.82296e-18
    outer loop
      vertex 97.3058 8.89999 0
      vertex 96.7851 7.84415 2.5
      vertex 96.7851 7.84415 0
    endloop
  endfacet
  facet normal 0.831491 -0.555539 -1.33104e-18
    outer loop
      vertex 97.3058 8.89999 2.5
      vertex 97.9598 9.87885 0
      vertex 97.9598 9.87885 2.5
    endloop
  endfacet
  facet normal 0.831491 -0.555539 -1.33104e-18
    outer loop
      vertex 97.9598 9.87885 0
      vertex 97.3058 8.89999 2.5
      vertex 97.3058 8.89999 0
    endloop
  endfacet
  facet normal 0.751826 -0.659361 1.29003e-18
    outer loop
      vertex 97.9598 9.87885 2.5
      vertex 98.736 10.7639 0
      vertex 98.736 10.7639 2.5
    endloop
  endfacet
  facet normal 0.751826 -0.659361 1.29003e-18
    outer loop
      vertex 98.736 10.7639 0
      vertex 97.9598 9.87885 2.5
      vertex 97.9598 9.87885 0
    endloop
  endfacet
  facet normal 0.659388 -0.751803 0
    outer loop
      vertex 98.736 10.7639 0
      vertex 99.6211 11.5402 2.5
      vertex 98.736 10.7639 2.5
    endloop
  endfacet
  facet normal 0.659388 -0.751803 0
    outer loop
      vertex 99.6211 11.5402 2.5
      vertex 98.736 10.7639 0
      vertex 99.6211 11.5402 0
    endloop
  endfacet
  facet normal 0.555523 -0.831501 0
    outer loop
      vertex 99.6211 11.5402 0
      vertex 100.6 12.1942 2.5
      vertex 99.6211 11.5402 2.5
    endloop
  endfacet
  facet normal 0.555523 -0.831501 0
    outer loop
      vertex 100.6 12.1942 2.5
      vertex 99.6211 11.5402 0
      vertex 100.6 12.1942 0
    endloop
  endfacet
  facet normal 0.442247 -0.896893 0
    outer loop
      vertex 100.6 12.1942 0
      vertex 101.656 12.7149 2.5
      vertex 100.6 12.1942 2.5
    endloop
  endfacet
  facet normal 0.442247 -0.896893 0
    outer loop
      vertex 101.656 12.7149 2.5
      vertex 100.6 12.1942 0
      vertex 101.656 12.7149 0
    endloop
  endfacet
  facet normal 0.32137 -0.946954 0
    outer loop
      vertex 101.656 12.7149 0
      vertex 102.771 13.0933 2.5
      vertex 101.656 12.7149 2.5
    endloop
  endfacet
  facet normal 0.32137 -0.946954 0
    outer loop
      vertex 102.771 13.0933 2.5
      vertex 101.656 12.7149 0
      vertex 102.771 13.0933 0
    endloop
  endfacet
  facet normal 0.195217 -0.98076 0
    outer loop
      vertex 102.771 13.0933 0
      vertex 103.925 13.323 2.5
      vertex 102.771 13.0933 2.5
    endloop
  endfacet
  facet normal 0.195217 -0.98076 0
    outer loop
      vertex 103.925 13.323 2.5
      vertex 102.771 13.0933 0
      vertex 103.925 13.323 0
    endloop
  endfacet
  facet normal 0.0653917 -0.99786 0
    outer loop
      vertex 103.925 13.323 0
      vertex 105.1 13.4 2.5
      vertex 103.925 13.323 2.5
    endloop
  endfacet
  facet normal 0.0653917 -0.99786 0
    outer loop
      vertex 105.1 13.4 2.5
      vertex 103.925 13.323 0
      vertex 105.1 13.4 0
    endloop
  endfacet
  facet normal -0.0653917 -0.99786 0
    outer loop
      vertex 105.1 13.4 0
      vertex 106.275 13.323 2.5
      vertex 105.1 13.4 2.5
    endloop
  endfacet
  facet normal -0.0653917 -0.99786 -0
    outer loop
      vertex 106.275 13.323 2.5
      vertex 105.1 13.4 0
      vertex 106.275 13.323 0
    endloop
  endfacet
  facet normal -0.195217 -0.98076 0
    outer loop
      vertex 106.275 13.323 0
      vertex 107.429 13.0933 2.5
      vertex 106.275 13.323 2.5
    endloop
  endfacet
  facet normal -0.195217 -0.98076 -0
    outer loop
      vertex 107.429 13.0933 2.5
      vertex 106.275 13.323 0
      vertex 107.429 13.0933 0
    endloop
  endfacet
  facet normal -0.32137 -0.946954 0
    outer loop
      vertex 107.429 13.0933 0
      vertex 108.544 12.7149 2.5
      vertex 107.429 13.0933 2.5
    endloop
  endfacet
  facet normal -0.32137 -0.946954 -0
    outer loop
      vertex 108.544 12.7149 2.5
      vertex 107.429 13.0933 0
      vertex 108.544 12.7149 0
    endloop
  endfacet
  facet normal -0.442247 -0.896893 0
    outer loop
      vertex 108.544 12.7149 0
      vertex 109.6 12.1942 2.5
      vertex 108.544 12.7149 2.5
    endloop
  endfacet
  facet normal -0.442247 -0.896893 -0
    outer loop
      vertex 109.6 12.1942 2.5
      vertex 108.544 12.7149 0
      vertex 109.6 12.1942 0
    endloop
  endfacet
  facet normal -0.555484 -0.831527 0
    outer loop
      vertex 109.6 12.1942 0
      vertex 110.579 11.5402 2.5
      vertex 109.6 12.1942 2.5
    endloop
  endfacet
  facet normal -0.555484 -0.831527 -0
    outer loop
      vertex 110.579 11.5402 2.5
      vertex 109.6 12.1942 0
      vertex 110.579 11.5402 0
    endloop
  endfacet
  facet normal -0.65943 -0.751766 0
    outer loop
      vertex 110.579 11.5402 0
      vertex 111.464 10.7639 2.5
      vertex 110.579 11.5402 2.5
    endloop
  endfacet
  facet normal -0.65943 -0.751766 -0
    outer loop
      vertex 111.464 10.7639 2.5
      vertex 110.579 11.5402 0
      vertex 111.464 10.7639 0
    endloop
  endfacet
  facet normal -0.751845 -0.65934 -3.6287e-18
    outer loop
      vertex 112 10.1527 0
      vertex 111.464 10.7639 2.5
      vertex 111.464 10.7639 0
    endloop
  endfacet
  facet normal -0.751845 -0.65934 -3.6287e-18
    outer loop
      vertex 111.464 10.7639 2.5
      vertex 112 10.1527 0
      vertex 112 10.1527 2.5
    endloop
  endfacet
  facet normal 1 -0 0
    outer loop
      vertex 112 10.1527 2.5
      vertex 112 68 0
      vertex 112 68 2.5
    endloop
  endfacet
  facet normal 1 0 0
    outer loop
      vertex 112 68 0
      vertex 112 10.1527 2.5
      vertex 112 10.1527 0
    endloop
  endfacet
  facet normal 0 1 -0
    outer loop
      vertex 112 68 0
      vertex 77 68 2.5
      vertex 112 68 2.5
    endloop
  endfacet
  facet normal 0 1 0
    outer loop
      vertex 77 68 2.5
      vertex 112 68 0
      vertex 77 68 0
    endloop
  endfacet
  facet normal 1 -0 0
    outer loop
      vertex 77 68 2.5
      vertex 77 83 0
      vertex 77 83 2.5
    endloop
  endfacet
  facet normal 1 0 0
    outer loop
      vertex 77 83 0
      vertex 77 68 2.5
      vertex 77 68 0
    endloop
  endfacet
  facet normal 0 1 -0
    outer loop
      vertex 77 83 0
      vertex 70 83 2.5
      vertex 77 83 2.5
    endloop
  endfacet
  facet normal 0 1 0
    outer loop
      vertex 70 83 2.5
      vertex 77 83 0
      vertex 70 83 0
    endloop
  endfacet
  facet normal -1 0 0
    outer loop
      vertex 70 36.7946 0
      vertex 70 83 2.5
      vertex 70 83 0
    endloop
  endfacet
  facet normal -1 -0 0
    outer loop
      vertex 70 83 2.5
      vertex 70 36.7946 0
      vertex 70 36.7946 2.5
    endloop
  endfacet
  facet normal 0.555468 -0.831538 0
    outer loop
      vertex 70 36.7946 0
      vertex 70.2 36.9282 2.5
      vertex 70 36.7946 2.5
    endloop
  endfacet
  facet normal 0.555468 -0.831538 0
    outer loop
      vertex 70.2 36.9282 2.5
      vertex 70 36.7946 0
      vertex 70.2 36.9282 0
    endloop
  endfacet
  facet normal 0.442276 -0.896879 0
    outer loop
      vertex 70.2 36.9282 0
      vertex 71.1385 37.391 2.5
      vertex 70.2 36.9282 2.5
    endloop
  endfacet
  facet normal 0.442276 -0.896879 0
    outer loop
      vertex 71.1385 37.391 2.5
      vertex 70.2 36.9282 0
      vertex 71.1385 37.391 0
    endloop
  endfacet
  facet normal 0.321469 -0.94692 0
    outer loop
      vertex 71.1385 37.391 0
      vertex 72.1294 37.7274 2.5
      vertex 71.1385 37.391 2.5
    endloop
  endfacet
  facet normal 0.321469 -0.94692 0
    outer loop
      vertex 72.1294 37.7274 2.5
      vertex 71.1385 37.391 0
      vertex 72.1294 37.7274 0
    endloop
  endfacet
  facet normal 0.195032 -0.980797 0
    outer loop
      vertex 72.1294 37.7274 0
      vertex 73.1558 37.9315 2.5
      vertex 72.1294 37.7274 2.5
    endloop
  endfacet
  facet normal 0.195032 -0.980797 0
    outer loop
      vertex 73.1558 37.9315 2.5
      vertex 72.1294 37.7274 0
      vertex 73.1558 37.9315 0
    endloop
  endfacet
  facet normal 0.0654598 -0.997855 0
    outer loop
      vertex 73.1558 37.9315 0
      vertex 74.2 38 2.5
      vertex 73.1558 37.9315 2.5
    endloop
  endfacet
  facet normal 0.0654598 -0.997855 0
    outer loop
      vertex 74.2 38 2.5
      vertex 73.1558 37.9315 0
      vertex 74.2 38 0
    endloop
  endfacet
  facet normal -0.0654598 -0.997855 0
    outer loop
      vertex 74.2 38 0
      vertex 75.2442 37.9315 2.5
      vertex 74.2 38 2.5
    endloop
  endfacet
  facet normal -0.0654598 -0.997855 -0
    outer loop
      vertex 75.2442 37.9315 2.5
      vertex 74.2 38 0
      vertex 75.2442 37.9315 0
    endloop
  endfacet
  facet normal -0.19505 -0.980793 0
    outer loop
      vertex 75.2442 37.9315 0
      vertex 76.2705 37.7274 2.5
      vertex 75.2442 37.9315 2.5
    endloop
  endfacet
  facet normal -0.19505 -0.980793 -0
    outer loop
      vertex 76.2705 37.7274 2.5
      vertex 75.2442 37.9315 0
      vertex 76.2705 37.7274 0
    endloop
  endfacet
  facet normal -0.32144 -0.94693 0
    outer loop
      vertex 76.2705 37.7274 0
      vertex 77.2615 37.391 2.5
      vertex 76.2705 37.7274 2.5
    endloop
  endfacet
  facet normal -0.32144 -0.94693 -0
    outer loop
      vertex 77.2615 37.391 2.5
      vertex 76.2705 37.7274 0
      vertex 77.2615 37.391 0
    endloop
  endfacet
  facet normal -0.442276 -0.896879 0
    outer loop
      vertex 77.2615 37.391 0
      vertex 78.2 36.9282 2.5
      vertex 77.2615 37.391 2.5
    endloop
  endfacet
  facet normal -0.442276 -0.896879 -0
    outer loop
      vertex 78.2 36.9282 2.5
      vertex 77.2615 37.391 0
      vertex 78.2 36.9282 0
    endloop
  endfacet
  facet normal -0.555582 -0.831462 0
    outer loop
      vertex 78.2 36.9282 0
      vertex 79.0701 36.3468 2.5
      vertex 78.2 36.9282 2.5
    endloop
  endfacet
  facet normal -0.555582 -0.831462 -0
    outer loop
      vertex 79.0701 36.3468 2.5
      vertex 78.2 36.9282 0
      vertex 79.0701 36.3468 0
    endloop
  endfacet
  facet normal -0.65939 -0.751801 0
    outer loop
      vertex 79.0701 36.3468 0
      vertex 79.8568 35.6568 2.5
      vertex 79.0701 36.3468 2.5
    endloop
  endfacet
  facet normal -0.65939 -0.751801 -0
    outer loop
      vertex 79.8568 35.6568 2.5
      vertex 79.0701 36.3468 0
      vertex 79.8568 35.6568 0
    endloop
  endfacet
  facet normal -0.751801 -0.65939 1.49222e-17
    outer loop
      vertex 80.5468 34.8701 0
      vertex 79.8568 35.6568 2.5
      vertex 79.8568 35.6568 0
    endloop
  endfacet
  facet normal -0.751801 -0.65939 1.49222e-17
    outer loop
      vertex 79.8568 35.6568 2.5
      vertex 80.5468 34.8701 0
      vertex 80.5468 34.8701 2.5
    endloop
  endfacet
  facet normal -0.831462 -0.555582 -2.00331e-17
    outer loop
      vertex 81.1282 34 0
      vertex 80.5468 34.8701 2.5
      vertex 80.5468 34.8701 0
    endloop
  endfacet
  facet normal -0.831462 -0.555582 -2.00331e-17
    outer loop
      vertex 80.5468 34.8701 2.5
      vertex 81.1282 34 0
      vertex 81.1282 34 2.5
    endloop
  endfacet
  facet normal -0.896879 -0.442276 8.4496e-18
    outer loop
      vertex 81.591 33.0615 0
      vertex 81.1282 34 2.5
      vertex 81.1282 34 0
    endloop
  endfacet
  facet normal -0.896879 -0.442276 8.4496e-18
    outer loop
      vertex 81.1282 34 2.5
      vertex 81.591 33.0615 0
      vertex 81.591 33.0615 2.5
    endloop
  endfacet
  facet normal -0.94693 -0.32144 -7.74757e-18
    outer loop
      vertex 81.9274 32.0705 0
      vertex 81.591 33.0615 2.5
      vertex 81.591 33.0615 0
    endloop
  endfacet
  facet normal -0.94693 -0.32144 -7.74757e-18
    outer loop
      vertex 81.591 33.0615 2.5
      vertex 81.9274 32.0705 0
      vertex 81.9274 32.0705 2.5
    endloop
  endfacet
  facet normal -0.980793 -0.19505 1.25144e-18
    outer loop
      vertex 82.1315 31.0442 0
      vertex 81.9274 32.0705 2.5
      vertex 81.9274 32.0705 0
    endloop
  endfacet
  facet normal -0.980793 -0.19505 1.25144e-18
    outer loop
      vertex 81.9274 32.0705 2.5
      vertex 82.1315 31.0442 0
      vertex 82.1315 31.0442 2.5
    endloop
  endfacet
  facet normal -0.997855 -0.0654598 -1.16796e-18
    outer loop
      vertex 82.2 30 0
      vertex 82.1315 31.0442 2.5
      vertex 82.1315 31.0442 0
    endloop
  endfacet
  facet normal -0.997855 -0.0654598 -1.16796e-18
    outer loop
      vertex 82.1315 31.0442 2.5
      vertex 82.2 30 0
      vertex 82.2 30 2.5
    endloop
  endfacet
  facet normal -0.997855 0.0654598 1.16796e-18
    outer loop
      vertex 82.1315 28.9558 0
      vertex 82.2 30 2.5
      vertex 82.2 30 0
    endloop
  endfacet
  facet normal -0.997855 0.0654598 1.16796e-18
    outer loop
      vertex 82.2 30 2.5
      vertex 82.1315 28.9558 0
      vertex 82.1315 28.9558 2.5
    endloop
  endfacet
  facet normal -0.980797 0.195032 9.19411e-19
    outer loop
      vertex 81.9274 27.9294 0
      vertex 82.1315 28.9558 2.5
      vertex 82.1315 28.9558 0
    endloop
  endfacet
  facet normal -0.980797 0.195032 9.19411e-19
    outer loop
      vertex 82.1315 28.9558 2.5
      vertex 81.9274 27.9294 0
      vertex 81.9274 27.9294 2.5
    endloop
  endfacet
  facet normal -0.94692 0.321469 -4.61936e-18
    outer loop
      vertex 81.591 26.9385 0
      vertex 81.9274 27.9294 2.5
      vertex 81.9274 27.9294 0
    endloop
  endfacet
  facet normal -0.94692 0.321469 -4.61936e-18
    outer loop
      vertex 81.9274 27.9294 2.5
      vertex 81.591 26.9385 0
      vertex 81.591 26.9385 2.5
    endloop
  endfacet
  facet normal -0.896879 0.442276 4.68966e-18
    outer loop
      vertex 81.1282 26 0
      vertex 81.591 26.9385 2.5
      vertex 81.591 26.9385 0
    endloop
  endfacet
  facet normal -0.896879 0.442276 4.68966e-18
    outer loop
      vertex 81.591 26.9385 2.5
      vertex 81.1282 26 0
      vertex 81.1282 26 2.5
    endloop
  endfacet
  facet normal -0.831462 0.555582 2.00331e-17
    outer loop
      vertex 80.5468 25.1299 0
      vertex 81.1282 26 2.5
      vertex 81.1282 26 0
    endloop
  endfacet
  facet normal -0.831462 0.555582 2.00331e-17
    outer loop
      vertex 81.1282 26 2.5
      vertex 80.5468 25.1299 0
      vertex 80.5468 25.1299 2.5
    endloop
  endfacet
  facet normal -0.751842 0.659343 1.72432e-17
    outer loop
      vertex 79.8568 24.3431 0
      vertex 80.5468 25.1299 2.5
      vertex 80.5468 25.1299 0
    endloop
  endfacet
  facet normal -0.751842 0.659343 1.72432e-17
    outer loop
      vertex 80.5468 25.1299 2.5
      vertex 79.8568 24.3431 0
      vertex 79.8568 24.3431 2.5
    endloop
  endfacet
  facet normal -0.659336 0.751848 0
    outer loop
      vertex 79.8568 24.3431 0
      vertex 79.0701 23.6532 2.5
      vertex 79.8568 24.3431 2.5
    endloop
  endfacet
  facet normal -0.659336 0.751848 0
    outer loop
      vertex 79.0701 23.6532 2.5
      vertex 79.8568 24.3431 0
      vertex 79.0701 23.6532 0
    endloop
  endfacet
  facet normal -0.555582 0.831462 0
    outer loop
      vertex 79.0701 23.6532 0
      vertex 78.2 23.0718 2.5
      vertex 79.0701 23.6532 2.5
    endloop
  endfacet
  facet normal -0.555582 0.831462 0
    outer loop
      vertex 78.2 23.0718 2.5
      vertex 79.0701 23.6532 0
      vertex 78.2 23.0718 0
    endloop
  endfacet
  facet normal -0.442276 0.896879 0
    outer loop
      vertex 78.2 23.0718 0
      vertex 77.2615 22.609 2.5
      vertex 78.2 23.0718 2.5
    endloop
  endfacet
  facet normal -0.442276 0.896879 0
    outer loop
      vertex 77.2615 22.609 2.5
      vertex 78.2 23.0718 0
      vertex 77.2615 22.609 0
    endloop
  endfacet
  facet normal -0.32144 0.94693 0
    outer loop
      vertex 77.2615 22.609 0
      vertex 76.2705 22.2726 2.5
      vertex 77.2615 22.609 2.5
    endloop
  endfacet
  facet normal -0.32144 0.94693 0
    outer loop
      vertex 76.2705 22.2726 2.5
      vertex 77.2615 22.609 0
      vertex 76.2705 22.2726 0
    endloop
  endfacet
  facet normal -0.195142 0.980775 0
    outer loop
      vertex 76.2705 22.2726 0
      vertex 75.2442 22.0684 2.5
      vertex 76.2705 22.2726 2.5
    endloop
  endfacet
  facet normal -0.195142 0.980775 0
    outer loop
      vertex 75.2442 22.0684 2.5
      vertex 76.2705 22.2726 0
      vertex 75.2442 22.0684 0
    endloop
  endfacet
  facet normal -0.0653646 0.997861 0
    outer loop
      vertex 75.2442 22.0684 0
      vertex 74.2 22 2.5
      vertex 75.2442 22.0684 2.5
    endloop
  endfacet
  facet normal -0.0653646 0.997861 0
    outer loop
      vertex 74.2 22 2.5
      vertex 75.2442 22.0684 0
      vertex 74.2 22 0
    endloop
  endfacet
  facet normal 0.0653646 0.997861 -0
    outer loop
      vertex 74.2 22 0
      vertex 73.1558 22.0684 2.5
      vertex 74.2 22 2.5
    endloop
  endfacet
  facet normal 0.0653646 0.997861 0
    outer loop
      vertex 73.1558 22.0684 2.5
      vertex 74.2 22 0
      vertex 73.1558 22.0684 0
    endloop
  endfacet
  facet normal 0.195124 0.980779 -0
    outer loop
      vertex 73.1558 22.0684 0
      vertex 72.1294 22.2726 2.5
      vertex 73.1558 22.0684 2.5
    endloop
  endfacet
  facet normal 0.195124 0.980779 0
    outer loop
      vertex 72.1294 22.2726 2.5
      vertex 73.1558 22.0684 0
      vertex 72.1294 22.2726 0
    endloop
  endfacet
  facet normal 0.321469 0.94692 -0
    outer loop
      vertex 72.1294 22.2726 0
      vertex 71.1385 22.609 2.5
      vertex 72.1294 22.2726 2.5
    endloop
  endfacet
  facet normal 0.321469 0.94692 0
    outer loop
      vertex 71.1385 22.609 2.5
      vertex 72.1294 22.2726 0
      vertex 71.1385 22.609 0
    endloop
  endfacet
  facet normal 0.442276 0.896879 -0
    outer loop
      vertex 71.1385 22.609 0
      vertex 70.2 23.0718 2.5
      vertex 71.1385 22.609 2.5
    endloop
  endfacet
  facet normal 0.442276 0.896879 0
    outer loop
      vertex 70.2 23.0718 2.5
      vertex 71.1385 22.609 0
      vertex 70.2 23.0718 0
    endloop
  endfacet
  facet normal 0.555582 0.831462 -0
    outer loop
      vertex 70.2 23.0718 0
      vertex 69.3299 23.6532 2.5
      vertex 70.2 23.0718 2.5
    endloop
  endfacet
  facet normal 0.555582 0.831462 0
    outer loop
      vertex 69.3299 23.6532 2.5
      vertex 70.2 23.0718 0
      vertex 69.3299 23.6532 0
    endloop
  endfacet
  facet normal 0.659289 0.75189 -0
    outer loop
      vertex 69.3299 23.6532 0
      vertex 68.5431 24.3431 2.5
      vertex 69.3299 23.6532 2.5
    endloop
  endfacet
  facet normal 0.659289 0.75189 0
    outer loop
      vertex 68.5431 24.3431 2.5
      vertex 69.3299 23.6532 0
      vertex 68.5431 24.3431 0
    endloop
  endfacet
  facet normal 0.75189 0.659289 5.95893e-18
    outer loop
      vertex 68.5431 24.3431 2.5
      vertex 67.8532 25.1299 0
      vertex 67.8532 25.1299 2.5
    endloop
  endfacet
  facet normal 0.75189 0.659289 5.95893e-18
    outer loop
      vertex 67.8532 25.1299 0
      vertex 68.5431 24.3431 2.5
      vertex 68.5431 24.3431 0
    endloop
  endfacet
  facet normal 0.831462 0.555582 -2.00331e-17
    outer loop
      vertex 67.8532 25.1299 2.5
      vertex 67.2718 26 0
      vertex 67.2718 26 2.5
    endloop
  endfacet
  facet normal 0.831462 0.555582 -2.00331e-17
    outer loop
      vertex 67.2718 26 0
      vertex 67.8532 25.1299 2.5
      vertex 67.8532 25.1299 0
    endloop
  endfacet
  facet normal 0.896879 0.442276 -1.01219e-17
    outer loop
      vertex 67.2718 26 2.5
      vertex 66.809 26.9385 0
      vertex 66.809 26.9385 2.5
    endloop
  endfacet
  facet normal 0.896879 0.442276 -1.01219e-17
    outer loop
      vertex 66.809 26.9385 0
      vertex 67.2718 26 2.5
      vertex 67.2718 26 0
    endloop
  endfacet
  facet normal 0.94692 0.321469 -2.3744e-18
    outer loop
      vertex 66.809 26.9385 2.5
      vertex 66.4726 27.9294 0
      vertex 66.4726 27.9294 2.5
    endloop
  endfacet
  facet normal 0.94692 0.321469 -2.3744e-18
    outer loop
      vertex 66.4726 27.9294 0
      vertex 66.809 26.9385 2.5
      vertex 66.809 26.9385 0
    endloop
  endfacet
  facet normal 0.980779 0.195124 -3.23555e-18
    outer loop
      vertex 66.4726 27.9294 2.5
      vertex 66.2684 28.9558 0
      vertex 66.2684 28.9558 2.5
    endloop
  endfacet
  facet normal 0.980779 0.195124 -3.23555e-18
    outer loop
      vertex 66.2684 28.9558 0
      vertex 66.4726 27.9294 2.5
      vertex 66.4726 27.9294 0
    endloop
  endfacet
  facet normal 0.99787 0.0652298 4.42886e-20
    outer loop
      vertex 66.2684 28.9558 2.5
      vertex 66.2459 29.3 0
      vertex 66.2459 29.3 2.5
    endloop
  endfacet
  facet normal 0.99787 0.0652298 4.42886e-20
    outer loop
      vertex 66.2459 29.3 0
      vertex 66.2684 28.9558 2.5
      vertex 66.2684 28.9558 0
    endloop
  endfacet
  facet normal 0 1 -0
    outer loop
      vertex 66.2459 29.3 0
      vertex 10 29.3 2.5
      vertex 66.2459 29.3 2.5
    endloop
  endfacet
  facet normal 0 1 0
    outer loop
      vertex 10 29.3 2.5
      vertex 66.2459 29.3 0
      vertex 10 29.3 0
    endloop
  endfacet
  facet normal -1 0 0
    outer loop
      vertex 10 13.8606 0
      vertex 10 29.3 2.5
      vertex 10 29.3 0
    endloop
  endfacet
  facet normal -1 -0 0
    outer loop
      vertex 10 29.3 2.5
      vertex 10 13.8606 0
      vertex 10 13.8606 2.5
    endloop
  endfacet
  facet normal -0.555587 -0.831459 0
    outer loop
      vertex 10 13.8606 0
      vertex 10.7788 13.3402 2.5
      vertex 10 13.8606 2.5
    endloop
  endfacet
  facet normal -0.555587 -0.831459 -0
    outer loop
      vertex 10.7788 13.3402 2.5
      vertex 10 13.8606 0
      vertex 10.7788 13.3402 0
    endloop
  endfacet
  facet normal -0.659346 -0.75184 0
    outer loop
      vertex 10.7788 13.3402 0
      vertex 11.664 12.5639 2.5
      vertex 10.7788 13.3402 2.5
    endloop
  endfacet
  facet normal -0.659346 -0.75184 -0
    outer loop
      vertex 11.664 12.5639 2.5
      vertex 10.7788 13.3402 0
      vertex 11.664 12.5639 0
    endloop
  endfacet
  facet normal -0.751845 -0.65934 1.67076e-17
    outer loop
      vertex 12.4402 11.6788 0
      vertex 11.664 12.5639 2.5
      vertex 11.664 12.5639 0
    endloop
  endfacet
  facet normal -0.751845 -0.65934 1.67076e-17
    outer loop
      vertex 11.664 12.5639 2.5
      vertex 12.4402 11.6788 0
      vertex 12.4402 11.6788 2.5
    endloop
  endfacet
  facet normal -0.831475 -0.555562 1.38721e-17
    outer loop
      vertex 13.0942 10.7 0
      vertex 12.4402 11.6788 2.5
      vertex 12.4402 11.6788 0
    endloop
  endfacet
  facet normal -0.831475 -0.555562 1.38721e-17
    outer loop
      vertex 12.4402 11.6788 2.5
      vertex 13.0942 10.7 0
      vertex 13.0942 10.7 2.5
    endloop
  endfacet
  facet normal -0.896869 -0.442297 1.6807e-17
    outer loop
      vertex 13.6149 9.64415 0
      vertex 13.0942 10.7 2.5
      vertex 13.0942 10.7 0
    endloop
  endfacet
  facet normal -0.896869 -0.442297 1.6807e-17
    outer loop
      vertex 13.0942 10.7 2.5
      vertex 13.6149 9.64415 0
      vertex 13.6149 9.64415 2.5
    endloop
  endfacet
  facet normal -0.946935 -0.321424 9.62812e-19
    outer loop
      vertex 13.9933 8.52936 0
      vertex 13.6149 9.64415 2.5
      vertex 13.6149 9.64415 0
    endloop
  endfacet
  facet normal -0.946935 -0.321424 9.62812e-19
    outer loop
      vertex 13.6149 9.64415 2.5
      vertex 13.9933 8.52936 0
      vertex 13.9933 8.52936 2.5
    endloop
  endfacet
  facet normal -0.98078 -0.195115 -8.49422e-18
    outer loop
      vertex 14.223 7.37473 0
      vertex 13.9933 8.52936 2.5
      vertex 13.9933 8.52936 0
    endloop
  endfacet
  facet normal -0.98078 -0.195115 -8.49422e-18
    outer loop
      vertex 13.9933 8.52936 2.5
      vertex 14.223 7.37473 0
      vertex 14.223 7.37473 2.5
    endloop
  endfacet
  facet normal -0.997859 -0.0654066 -2.222e-18
    outer loop
      vertex 14.3 6.2 0
      vertex 14.223 7.37473 2.5
      vertex 14.223 7.37473 0
    endloop
  endfacet
  facet normal -0.997859 -0.0654066 -2.222e-18
    outer loop
      vertex 14.223 7.37473 2.5
      vertex 14.3 6.2 0
      vertex 14.3 6.2 2.5
    endloop
  endfacet
  facet normal -0.997859 0.0654055 -2.19179e-18
    outer loop
      vertex 14.223 5.02525 0
      vertex 14.3 6.2 2.5
      vertex 14.3 6.2 0
    endloop
  endfacet
  facet normal -0.997859 0.0654055 -2.19179e-18
    outer loop
      vertex 14.3 6.2 2.5
      vertex 14.223 5.02525 0
      vertex 14.223 5.02525 2.5
    endloop
  endfacet
  facet normal -0.98078 0.195115 -1.1778e-18
    outer loop
      vertex 13.9933 3.87062 0
      vertex 14.223 5.02525 2.5
      vertex 14.223 5.02525 0
    endloop
  endfacet
  facet normal -0.98078 0.195115 -1.1778e-18
    outer loop
      vertex 14.223 5.02525 2.5
      vertex 13.9933 3.87062 0
      vertex 13.9933 3.87062 2.5
    endloop
  endfacet
  facet normal -0.946934 0.321427 -6.0903e-18
    outer loop
      vertex 13.6149 2.75584 0
      vertex 13.9933 3.87062 2.5
      vertex 13.9933 3.87062 0
    endloop
  endfacet
  facet normal -0.946934 0.321427 -6.0903e-18
    outer loop
      vertex 13.9933 3.87062 2.5
      vertex 13.6149 2.75584 0
      vertex 13.6149 2.75584 2.5
    endloop
  endfacet
  facet normal -0.896867 0.442301 -2.44898e-18
    outer loop
      vertex 13.0942 1.7 0
      vertex 13.6149 2.75584 2.5
      vertex 13.6149 2.75584 0
    endloop
  endfacet
  facet normal -0.896867 0.442301 -2.44898e-18
    outer loop
      vertex 13.6149 2.75584 2.5
      vertex 13.0942 1.7 0
      vertex 13.0942 1.7 2.5
    endloop
  endfacet
  facet normal -0.831489 0.555541 -1.68155e-17
    outer loop
      vertex 12.4402 0.721146 0
      vertex 13.0942 1.7 2.5
      vertex 13.0942 1.7 0
    endloop
  endfacet
  facet normal -0.831489 0.555541 -1.68155e-17
    outer loop
      vertex 13.0942 1.7 2.5
      vertex 12.4402 0.721146 0
      vertex 12.4402 0.721146 2.5
    endloop
  endfacet
  facet normal -0.751846 0.659339 1.31169e-17
    outer loop
      vertex 11.664 -0.163956 0
      vertex 12.4402 0.721146 2.5
      vertex 12.4402 0.721146 0
    endloop
  endfacet
  facet normal -0.751846 0.659339 1.31169e-17
    outer loop
      vertex 12.4402 0.721146 2.5
      vertex 11.664 -0.163956 0
      vertex 11.664 -0.163956 2.5
    endloop
  endfacet
  facet normal -0.659305 0.751876 0
    outer loop
      vertex 11.664 -0.163956 0
      vertex 10.7788 -0.94017 2.5
      vertex 11.664 -0.163956 2.5
    endloop
  endfacet
  facet normal -0.659305 0.751876 0
    outer loop
      vertex 10.7788 -0.94017 2.5
      vertex 11.664 -0.163956 0
      vertex 10.7788 -0.94017 0
    endloop
  endfacet
  facet normal -0.555587 0.831459 0
    outer loop
      vertex 10.7788 -0.94017 0
      vertex 10 -1.46057 2.5
      vertex 10.7788 -0.94017 2.5
    endloop
  endfacet
  facet normal -0.555587 0.831459 0
    outer loop
      vertex 10 -1.46057 2.5
      vertex 10.7788 -0.94017 0
      vertex 10 -1.46057 0
    endloop
  endfacet
  facet normal -1 0 0
    outer loop
      vertex 10 -43 0
      vertex 10 -1.46057 2.5
      vertex 10 -1.46057 0
    endloop
  endfacet
  facet normal -1 -0 0
    outer loop
      vertex 10 -1.46057 2.5
      vertex 10 -43 0
      vertex 10 -43 2.5
    endloop
  endfacet
  facet normal 0 -1 0
    outer loop
      vertex 10 -43 0
      vertex 13 -43 2.5
      vertex 10 -43 2.5
    endloop
  endfacet
  facet normal 0 -1 -0
    outer loop
      vertex 13 -43 2.5
      vertex 10 -43 0
      vertex 13 -43 0
    endloop
  endfacet
  facet normal -1 0 0
    outer loop
      vertex 13 -49.5 0
      vertex 13 -43 2.5
      vertex 13 -43 0
    endloop
  endfacet
  facet normal -1 -0 0
    outer loop
      vertex 13 -43 2.5
      vertex 13 -49.5 0
      vertex 13 -49.5 2.5
    endloop
  endfacet
  facet normal 0 -1 0
    outer loop
      vertex 13 -49.5 0
      vertex 26.5 -49.5 2.5
      vertex 13 -49.5 2.5
    endloop
  endfacet
  facet normal 0 -1 -0
    outer loop
      vertex 26.5 -49.5 2.5
      vertex 13 -49.5 0
      vertex 26.5 -49.5 0
    endloop
  endfacet
  facet normal 1 -0 0
    outer loop
      vertex 26.5 -49.5 2.5
      vertex 26.5 -41.5 0
      vertex 26.5 -41.5 2.5
    endloop
  endfacet
  facet normal 1 0 0
    outer loop
      vertex 26.5 -41.5 0
      vertex 26.5 -49.5 2.5
      vertex 26.5 -49.5 0
    endloop
  endfacet
  facet normal 0 -1 0
    outer loop
      vertex 26.5 -41.5 0
      vertex 32.5 -41.5 2.5
      vertex 26.5 -41.5 2.5
    endloop
  endfacet
  facet normal 0 -1 -0
    outer loop
      vertex 32.5 -41.5 2.5
      vertex 26.5 -41.5 0
      vertex 32.5 -41.5 0
    endloop
  endfacet
  facet normal -1 0 0
    outer loop
      vertex 32.5 -49.5 0
      vertex 32.5 -41.5 2.5
      vertex 32.5 -41.5 0
    endloop
  endfacet
  facet normal -1 -0 0
    outer loop
      vertex 32.5 -41.5 2.5
      vertex 32.5 -49.5 0
      vertex 32.5 -49.5 2.5
    endloop
  endfacet
  facet normal 0 -1 0
    outer loop
      vertex 32.5 -49.5 0
      vertex 82.5 -49.5 2.5
      vertex 32.5 -49.5 2.5
    endloop
  endfacet
  facet normal 0 -1 -0
    outer loop
      vertex 82.5 -49.5 2.5
      vertex 32.5 -49.5 0
      vertex 82.5 -49.5 0
    endloop
  endfacet
  facet normal 1 -0 0
    outer loop
      vertex 82.5 -49.5 2.5
      vertex 82.5 -6 0
      vertex 82.5 -6 2.5
    endloop
  endfacet
  facet normal 1 0 0
    outer loop
      vertex 82.5 -6 0
      vertex 82.5 -49.5 2.5
      vertex 82.5 -49.5 0
    endloop
  endfacet
  facet normal 1 -0 0
    outer loop
      vertex 37.8 -8.79999 2.5
      vertex 37.8 4.5 0
      vertex 37.8 4.5 2.5
    endloop
  endfacet
  facet normal 1 0 0
    outer loop
      vertex 37.8 4.5 0
      vertex 37.8 -8.79999 2.5
      vertex 37.8 -8.79999 0
    endloop
  endfacet
  facet normal 0 -1 0
    outer loop
      vertex 37.8 4.5 0
      vertex 47.8 4.5 2.5
      vertex 37.8 4.5 2.5
    endloop
  endfacet
  facet normal 0 -1 -0
    outer loop
      vertex 47.8 4.5 2.5
      vertex 37.8 4.5 0
      vertex 47.8 4.5 0
    endloop
  endfacet
  facet normal -1 0 0
    outer loop
      vertex 47.8 -8.79999 0
      vertex 47.8 4.5 2.5
      vertex 47.8 4.5 0
    endloop
  endfacet
  facet normal -1 -0 0
    outer loop
      vertex 47.8 4.5 2.5
      vertex 47.8 -8.79999 0
      vertex 47.8 -8.79999 2.5
    endloop
  endfacet
  facet normal 0 1 -0
    outer loop
      vertex 47.8 -8.79999 0
      vertex 37.8 -8.79999 2.5
      vertex 47.8 -8.79999 2.5
    endloop
  endfacet
  facet normal 0 1 0
    outer loop
      vertex 37.8 -8.79999 2.5
      vertex 47.8 -8.79999 0
      vertex 37.8 -8.79999 0
    endloop
  endfacet
  facet normal 1 -0 0
    outer loop
      vertex 65.1 -8.7 2.5
      vertex 65.1 4.29999 0
      vertex 65.1 4.29999 2.5
    endloop
  endfacet
  facet normal 1 0 0
    outer loop
      vertex 65.1 4.29999 0
      vertex 65.1 -8.7 2.5
      vertex 65.1 -8.7 0
    endloop
  endfacet
  facet normal 0 -1 0
    outer loop
      vertex 65.1 4.29999 0
      vertex 74.2 4.29999 2.5
      vertex 65.1 4.29999 2.5
    endloop
  endfacet
  facet normal 0 -1 -0
    outer loop
      vertex 74.2 4.29999 2.5
      vertex 65.1 4.29999 0
      vertex 74.2 4.29999 0
    endloop
  endfacet
  facet normal -1 0 0
    outer loop
      vertex 74.2 -8.7 0
      vertex 74.2 4.29999 2.5
      vertex 74.2 4.29999 0
    endloop
  endfacet
  facet normal -1 -0 0
    outer loop
      vertex 74.2 4.29999 2.5
      vertex 74.2 -8.7 0
      vertex 74.2 -8.7 2.5
    endloop
  endfacet
  facet normal 0 1 -0
    outer loop
      vertex 74.2 -8.7 0
      vertex 65.1 -8.7 2.5
      vertex 74.2 -8.7 2.5
    endloop
  endfacet
  facet normal 0 1 0
    outer loop
      vertex 65.1 -8.7 2.5
      vertex 74.2 -8.7 0
      vertex 65.1 -8.7 0
    endloop
  endfacet
  facet normal 1 -0 0
    outer loop
      vertex 64 0.5 24.8
      vertex 64 6.5 2.5
      vertex 64 6.5 24.8
    endloop
  endfacet
  facet normal 1 0 0
    outer loop
      vertex 64 6.5 2.5
      vertex 64 0.5 24.8
      vertex 64 0.5 2.5
    endloop
  endfacet
  facet normal 0 0 1
    outer loop
      vertex 64 6.5 24.8
      vertex 62.25 3.5 24.8
      vertex 64 0.5 24.8
    endloop
  endfacet
  facet normal 0 0 1
    outer loop
      vertex 64 6.5 24.8
      vertex 62.2393 3.66316 24.8
      vertex 62.25 3.5 24.8
    endloop
  endfacet
  facet normal 0 0 1
    outer loop
      vertex 64 6.5 24.8
      vertex 62.2074 3.82352 24.8
      vertex 62.2393 3.66316 24.8
    endloop
  endfacet
  facet normal 0 0 1
    outer loop
      vertex 64 6.5 24.8
      vertex 62.1549 3.97835 24.8
      vertex 62.2074 3.82352 24.8
    endloop
  endfacet
  facet normal 0 0 1
    outer loop
      vertex 64 6.5 24.8
      vertex 62.0825 4.125 24.8
      vertex 62.1549 3.97835 24.8
    endloop
  endfacet
  facet normal 0 0 1
    outer loop
      vertex 64 6.5 24.8
      vertex 61.9917 4.26095 24.8
      vertex 62.0825 4.125 24.8
    endloop
  endfacet
  facet normal 0 0 1
    outer loop
      vertex 64 6.5 24.8
      vertex 61.8839 4.38388 24.8
      vertex 61.9917 4.26095 24.8
    endloop
  endfacet
  facet normal 0 0 1
    outer loop
      vertex 64 6.5 24.8
      vertex 61.761 4.49169 24.8
      vertex 61.8839 4.38388 24.8
    endloop
  endfacet
  facet normal 0 0 1
    outer loop
      vertex 64 6.5 24.8
      vertex 61.625 4.58253 24.8
      vertex 61.761 4.49169 24.8
    endloop
  endfacet
  facet normal 0 0 1
    outer loop
      vertex 64 6.5 24.8
      vertex 61.4784 4.65485 24.8
      vertex 61.625 4.58253 24.8
    endloop
  endfacet
  facet normal 0 0 1
    outer loop
      vertex 64 6.5 24.8
      vertex 61.3235 4.70741 24.8
      vertex 61.4784 4.65485 24.8
    endloop
  endfacet
  facet normal 0 0 1
    outer loop
      vertex 64 6.5 24.8
      vertex 61.1632 4.73931 24.8
      vertex 61.3235 4.70741 24.8
    endloop
  endfacet
  facet normal 0 0 1
    outer loop
      vertex 64 6.5 24.8
      vertex 61 4.75 24.8
      vertex 61.1632 4.73931 24.8
    endloop
  endfacet
  facet normal -0 0 1
    outer loop
      vertex 58 6.5 24.8
      vertex 61 4.75 24.8
      vertex 64 6.5 24.8
    endloop
  endfacet
  facet normal 0 0 1
    outer loop
      vertex 61 4.75 24.8
      vertex 58 6.5 24.8
      vertex 60.8368 4.73931 24.8
    endloop
  endfacet
  facet normal 0 0 1
    outer loop
      vertex 60.8368 4.73931 24.8
      vertex 58 6.5 24.8
      vertex 60.6765 4.70741 24.8
    endloop
  endfacet
  facet normal 0 0 1
    outer loop
      vertex 60.6765 4.70741 24.8
      vertex 58 6.5 24.8
      vertex 60.5216 4.65485 24.8
    endloop
  endfacet
  facet normal 0 0 1
    outer loop
      vertex 59.7607 3.66316 24.8
      vertex 58 6.5 24.8
      vertex 59.75 3.5 24.8
    endloop
  endfacet
  facet normal 0 0 1
    outer loop
      vertex 59.7926 3.82352 24.8
      vertex 58 6.5 24.8
      vertex 59.7607 3.66316 24.8
    endloop
  endfacet
  facet normal 0 0 1
    outer loop
      vertex 59.8451 3.97835 24.8
      vertex 58 6.5 24.8
      vertex 59.7926 3.82352 24.8
    endloop
  endfacet
  facet normal 0 0 1
    outer loop
      vertex 59.9175 4.125 24.8
      vertex 58 6.5 24.8
      vertex 59.8451 3.97835 24.8
    endloop
  endfacet
  facet normal 0 0 1
    outer loop
      vertex 60.0083 4.26095 24.8
      vertex 58 6.5 24.8
      vertex 59.9175 4.125 24.8
    endloop
  endfacet
  facet normal 0 0 1
    outer loop
      vertex 60.1161 4.38388 24.8
      vertex 58 6.5 24.8
      vertex 60.0083 4.26095 24.8
    endloop
  endfacet
  facet normal 0 0 1
    outer loop
      vertex 60.239 4.49169 24.8
      vertex 58 6.5 24.8
      vertex 60.1161 4.38388 24.8
    endloop
  endfacet
  facet normal 0 0 1
    outer loop
      vertex 60.375 4.58253 24.8
      vertex 58 6.5 24.8
      vertex 60.239 4.49169 24.8
    endloop
  endfacet
  facet normal 0 0 1
    outer loop
      vertex 60.5216 4.65485 24.8
      vertex 58 6.5 24.8
      vertex 60.375 4.58253 24.8
    endloop
  endfacet
  facet normal -0 0 1
    outer loop
      vertex 62.2393 3.33684 24.8
      vertex 64 0.5 24.8
      vertex 62.25 3.5 24.8
    endloop
  endfacet
  facet normal -0 0 1
    outer loop
      vertex 62.2074 3.17648 24.8
      vertex 64 0.5 24.8
      vertex 62.2393 3.33684 24.8
    endloop
  endfacet
  facet normal -0 0 1
    outer loop
      vertex 62.1549 3.02165 24.8
      vertex 64 0.5 24.8
      vertex 62.2074 3.17648 24.8
    endloop
  endfacet
  facet normal -0 0 1
    outer loop
      vertex 62.0825 2.875 24.8
      vertex 64 0.5 24.8
      vertex 62.1549 3.02165 24.8
    endloop
  endfacet
  facet normal -0 0 1
    outer loop
      vertex 61.9917 2.73905 24.8
      vertex 64 0.5 24.8
      vertex 62.0825 2.875 24.8
    endloop
  endfacet
  facet normal -0 0 1
    outer loop
      vertex 61.8839 2.61612 24.8
      vertex 64 0.5 24.8
      vertex 61.9917 2.73905 24.8
    endloop
  endfacet
  facet normal -0 0 1
    outer loop
      vertex 61.761 2.50831 24.8
      vertex 64 0.5 24.8
      vertex 61.8839 2.61612 24.8
    endloop
  endfacet
  facet normal -0 0 1
    outer loop
      vertex 61.625 2.41747 24.8
      vertex 64 0.5 24.8
      vertex 61.761 2.50831 24.8
    endloop
  endfacet
  facet normal -0 0 1
    outer loop
      vertex 61.4784 2.34515 24.8
      vertex 64 0.5 24.8
      vertex 61.625 2.41747 24.8
    endloop
  endfacet
  facet normal -0 0 1
    outer loop
      vertex 61.3235 2.29259 24.8
      vertex 64 0.5 24.8
      vertex 61.4784 2.34515 24.8
    endloop
  endfacet
  facet normal -0 0 1
    outer loop
      vertex 61.1632 2.26069 24.8
      vertex 64 0.5 24.8
      vertex 61.3235 2.29259 24.8
    endloop
  endfacet
  facet normal -0 0 1
    outer loop
      vertex 61 2.25 24.8
      vertex 64 0.5 24.8
      vertex 61.1632 2.26069 24.8
    endloop
  endfacet
  facet normal 0 0 1
    outer loop
      vertex 58 0.5 24.8
      vertex 61 2.25 24.8
      vertex 60.8368 2.26069 24.8
    endloop
  endfacet
  facet normal 0 0 1
    outer loop
      vertex 58 0.5 24.8
      vertex 60.8368 2.26069 24.8
      vertex 60.6765 2.29259 24.8
    endloop
  endfacet
  facet normal 0 0 1
    outer loop
      vertex 58 0.5 24.8
      vertex 60.6765 2.29259 24.8
      vertex 60.5216 2.34515 24.8
    endloop
  endfacet
  facet normal 0 0 1
    outer loop
      vertex 58 0.5 24.8
      vertex 60.5216 2.34515 24.8
      vertex 60.375 2.41747 24.8
    endloop
  endfacet
  facet normal 0 0 1
    outer loop
      vertex 58 0.5 24.8
      vertex 59.75 3.5 24.8
      vertex 58 6.5 24.8
    endloop
  endfacet
  facet normal 0 0 1
    outer loop
      vertex 59.75 3.5 24.8
      vertex 58 0.5 24.8
      vertex 59.7607 3.33684 24.8
    endloop
  endfacet
  facet normal 0 0 1
    outer loop
      vertex 59.7607 3.33684 24.8
      vertex 58 0.5 24.8
      vertex 59.7926 3.17648 24.8
    endloop
  endfacet
  facet normal 0 0 1
    outer loop
      vertex 59.7926 3.17648 24.8
      vertex 58 0.5 24.8
      vertex 59.8451 3.02165 24.8
    endloop
  endfacet
  facet normal 0 0 1
    outer loop
      vertex 61 2.25 24.8
      vertex 58 0.5 24.8
      vertex 64 0.5 24.8
    endloop
  endfacet
  facet normal 0 0 1
    outer loop
      vertex 60.239 2.50831 24.8
      vertex 58 0.5 24.8
      vertex 60.375 2.41747 24.8
    endloop
  endfacet
  facet normal 0 0 1
    outer loop
      vertex 60.1161 2.61612 24.8
      vertex 58 0.5 24.8
      vertex 60.239 2.50831 24.8
    endloop
  endfacet
  facet normal 0 0 1
    outer loop
      vertex 60.0083 2.73905 24.8
      vertex 58 0.5 24.8
      vertex 60.1161 2.61612 24.8
    endloop
  endfacet
  facet normal 0 0 1
    outer loop
      vertex 59.9175 2.875 24.8
      vertex 58 0.5 24.8
      vertex 60.0083 2.73905 24.8
    endloop
  endfacet
  facet normal 0 0 1
    outer loop
      vertex 59.8451 3.02165 24.8
      vertex 58 0.5 24.8
      vertex 59.9175 2.875 24.8
    endloop
  endfacet
  facet normal -1 0 0
    outer loop
      vertex 58 0.5 2.5
      vertex 58 6.5 24.8
      vertex 58 6.5 2.5
    endloop
  endfacet
  facet normal -1 -0 0
    outer loop
      vertex 58 6.5 24.8
      vertex 58 0.5 2.5
      vertex 58 0.5 24.8
    endloop
  endfacet
  facet normal 0 1 -0
    outer loop
      vertex 64 6.5 2.5
      vertex 58 6.5 24.8
      vertex 64 6.5 24.8
    endloop
  endfacet
  facet normal 0 1 0
    outer loop
      vertex 58 6.5 24.8
      vertex 64 6.5 2.5
      vertex 58 6.5 2.5
    endloop
  endfacet
  facet normal 0 -1 0
    outer loop
      vertex 58 0.5 2.5
      vertex 64 0.5 24.8
      vertex 58 0.5 24.8
    endloop
  endfacet
  facet normal 0 -1 -0
    outer loop
      vertex 64 0.5 24.8
      vertex 58 0.5 2.5
      vertex 64 0.5 2.5
    endloop
  endfacet
  facet normal -0.195175 0.980768 0
    outer loop
      vertex 61.3235 2.29259 14.8
      vertex 61.1632 2.26069 24.8
      vertex 61.3235 2.29259 24.8
    endloop
  endfacet
  facet normal -0.195175 0.980768 0
    outer loop
      vertex 61.1632 2.26069 24.8
      vertex 61.3235 2.29259 14.8
      vertex 61.1632 2.26069 14.8
    endloop
  endfacet
  facet normal -0.980782 -0.195105 -1.63297e-19
    outer loop
      vertex 62.2393 3.66316 14.8
      vertex 62.2074 3.82352 24.8
      vertex 62.2074 3.82352 14.8
    endloop
  endfacet
  facet normal -0.980782 -0.195105 -1.63297e-19
    outer loop
      vertex 62.2074 3.82352 24.8
      vertex 62.2393 3.66316 14.8
      vertex 62.2393 3.66316 24.8
    endloop
  endfacet
  facet normal -0.997857 -0.0654392 -2.78893e-20
    outer loop
      vertex 62.25 3.5 14.8
      vertex 62.2393 3.66316 24.8
      vertex 62.2393 3.66316 14.8
    endloop
  endfacet
  facet normal -0.997857 -0.0654392 -2.78893e-20
    outer loop
      vertex 62.2393 3.66316 24.8
      vertex 62.25 3.5 14.8
      vertex 62.25 3.5 24.8
    endloop
  endfacet
  facet normal 0 0 1
    outer loop
      vertex 62.2393 3.66316 14.8
      vertex 62.2393 3.33684 14.8
      vertex 62.25 3.5 14.8
    endloop
  endfacet
  facet normal 0 0 1
    outer loop
      vertex 62.2074 3.82352 14.8
      vertex 62.2393 3.33684 14.8
      vertex 62.2393 3.66316 14.8
    endloop
  endfacet
  facet normal 0 0 1
    outer loop
      vertex 62.2074 3.82352 14.8
      vertex 62.2074 3.17648 14.8
      vertex 62.2393 3.33684 14.8
    endloop
  endfacet
  facet normal 0 0 1
    outer loop
      vertex 62.1549 3.97835 14.8
      vertex 62.2074 3.17648 14.8
      vertex 62.2074 3.82352 14.8
    endloop
  endfacet
  facet normal 0 0 1
    outer loop
      vertex 62.1549 3.97835 14.8
      vertex 62.1549 3.02165 14.8
      vertex 62.2074 3.17648 14.8
    endloop
  endfacet
  facet normal 0 0 1
    outer loop
      vertex 62.0825 4.125 14.8
      vertex 62.1549 3.02165 14.8
      vertex 62.1549 3.97835 14.8
    endloop
  endfacet
  facet normal 0 0 1
    outer loop
      vertex 62.0825 4.125 14.8
      vertex 62.0825 2.875 14.8
      vertex 62.1549 3.02165 14.8
    endloop
  endfacet
  facet normal 0 0 1
    outer loop
      vertex 61.9917 4.26095 14.8
      vertex 62.0825 2.875 14.8
      vertex 62.0825 4.125 14.8
    endloop
  endfacet
  facet normal 0 0 1
    outer loop
      vertex 61.9917 4.26095 14.8
      vertex 61.9917 2.73905 14.8
      vertex 62.0825 2.875 14.8
    endloop
  endfacet
  facet normal 0 0 1
    outer loop
      vertex 61.8839 4.38388 14.8
      vertex 61.9917 2.73905 14.8
      vertex 61.9917 4.26095 14.8
    endloop
  endfacet
  facet normal 0 0 1
    outer loop
      vertex 61.8839 4.38388 14.8
      vertex 61.8839 2.61612 14.8
      vertex 61.9917 2.73905 14.8
    endloop
  endfacet
  facet normal 0 0 1
    outer loop
      vertex 61.761 4.49169 14.8
      vertex 61.8839 2.61612 14.8
      vertex 61.8839 4.38388 14.8
    endloop
  endfacet
  facet normal 0 0 1
    outer loop
      vertex 61.761 4.49169 14.8
      vertex 61.761 2.50831 14.8
      vertex 61.8839 2.61612 14.8
    endloop
  endfacet
  facet normal 0 0 1
    outer loop
      vertex 61.625 4.58253 14.8
      vertex 61.761 2.50831 14.8
      vertex 61.761 4.49169 14.8
    endloop
  endfacet
  facet normal 0 0 1
    outer loop
      vertex 61.625 4.58253 14.8
      vertex 61.625 2.41747 14.8
      vertex 61.761 2.50831 14.8
    endloop
  endfacet
  facet normal 0 0 1
    outer loop
      vertex 61.4784 4.65485 14.8
      vertex 61.625 2.41747 14.8
      vertex 61.625 4.58253 14.8
    endloop
  endfacet
  facet normal 0 0 1
    outer loop
      vertex 61.4784 4.65485 14.8
      vertex 61.4784 2.34515 14.8
      vertex 61.625 2.41747 14.8
    endloop
  endfacet
  facet normal 0 0 1
    outer loop
      vertex 61.3235 4.70741 14.8
      vertex 61.4784 2.34515 14.8
      vertex 61.4784 4.65485 14.8
    endloop
  endfacet
  facet normal 0 0 1
    outer loop
      vertex 61.3235 4.70741 14.8
      vertex 61.3235 2.29259 14.8
      vertex 61.4784 2.34515 14.8
    endloop
  endfacet
  facet normal 0 0 1
    outer loop
      vertex 61.1632 4.73931 14.8
      vertex 61.3235 2.29259 14.8
      vertex 61.3235 4.70741 14.8
    endloop
  endfacet
  facet normal 0 0 1
    outer loop
      vertex 61.1632 4.73931 14.8
      vertex 61.1632 2.26069 14.8
      vertex 61.3235 2.29259 14.8
    endloop
  endfacet
  facet normal 0 0 1
    outer loop
      vertex 61 4.75 14.8
      vertex 61.1632 2.26069 14.8
      vertex 61.1632 4.73931 14.8
    endloop
  endfacet
  facet normal 0 0 1
    outer loop
      vertex 61 4.75 14.8
      vertex 61 2.25 14.8
      vertex 61.1632 2.26069 14.8
    endloop
  endfacet
  facet normal -0 0 1
    outer loop
      vertex 60.8368 4.73931 14.8
      vertex 61 2.25 14.8
      vertex 61 4.75 14.8
    endloop
  endfacet
  facet normal 0 0 1
    outer loop
      vertex 60.8368 4.73931 14.8
      vertex 60.8368 2.26069 14.8
      vertex 61 2.25 14.8
    endloop
  endfacet
  facet normal -0 0 1
    outer loop
      vertex 60.6765 4.70741 14.8
      vertex 60.8368 2.26069 14.8
      vertex 60.8368 4.73931 14.8
    endloop
  endfacet
  facet normal 0 0 1
    outer loop
      vertex 60.6765 4.70741 14.8
      vertex 60.6765 2.29259 14.8
      vertex 60.8368 2.26069 14.8
    endloop
  endfacet
  facet normal -0 0 1
    outer loop
      vertex 60.5216 4.65485 14.8
      vertex 60.6765 2.29259 14.8
      vertex 60.6765 4.70741 14.8
    endloop
  endfacet
  facet normal 0 0 1
    outer loop
      vertex 60.5216 4.65485 14.8
      vertex 60.5216 2.34515 14.8
      vertex 60.6765 2.29259 14.8
    endloop
  endfacet
  facet normal -0 0 1
    outer loop
      vertex 60.375 4.58253 14.8
      vertex 60.5216 2.34515 14.8
      vertex 60.5216 4.65485 14.8
    endloop
  endfacet
  facet normal 0 0 1
    outer loop
      vertex 60.375 4.58253 14.8
      vertex 60.375 2.41747 14.8
      vertex 60.5216 2.34515 14.8
    endloop
  endfacet
  facet normal -0 0 1
    outer loop
      vertex 60.239 4.49169 14.8
      vertex 60.375 2.41747 14.8
      vertex 60.375 4.58253 14.8
    endloop
  endfacet
  facet normal 0 0 1
    outer loop
      vertex 60.239 4.49169 14.8
      vertex 60.239 2.50831 14.8
      vertex 60.375 2.41747 14.8
    endloop
  endfacet
  facet normal -0 0 1
    outer loop
      vertex 60.1161 4.38388 14.8
      vertex 60.239 2.50831 14.8
      vertex 60.239 4.49169 14.8
    endloop
  endfacet
  facet normal 0 0 1
    outer loop
      vertex 60.1161 4.38388 14.8
      vertex 60.1161 2.61612 14.8
      vertex 60.239 2.50831 14.8
    endloop
  endfacet
  facet normal -0 0 1
    outer loop
      vertex 60.0083 4.26095 14.8
      vertex 60.1161 2.61612 14.8
      vertex 60.1161 4.38388 14.8
    endloop
  endfacet
  facet normal 0 0 1
    outer loop
      vertex 60.0083 4.26095 14.8
      vertex 60.0083 2.73905 14.8
      vertex 60.1161 2.61612 14.8
    endloop
  endfacet
  facet normal -0 0 1
    outer loop
      vertex 59.9175 4.125 14.8
      vertex 60.0083 2.73905 14.8
      vertex 60.0083 4.26095 14.8
    endloop
  endfacet
  facet normal 0 0 1
    outer loop
      vertex 59.9175 4.125 14.8
      vertex 59.9175 2.875 14.8
      vertex 60.0083 2.73905 14.8
    endloop
  endfacet
  facet normal -0 0 1
    outer loop
      vertex 59.8451 3.97835 14.8
      vertex 59.9175 2.875 14.8
      vertex 59.9175 4.125 14.8
    endloop
  endfacet
  facet normal 0 0 1
    outer loop
      vertex 59.8451 3.97835 14.8
      vertex 59.8451 3.02165 14.8
      vertex 59.9175 2.875 14.8
    endloop
  endfacet
  facet normal -0 0 1
    outer loop
      vertex 59.7926 3.82352 14.8
      vertex 59.8451 3.02165 14.8
      vertex 59.8451 3.97835 14.8
    endloop
  endfacet
  facet normal 0 0 1
    outer loop
      vertex 59.7926 3.82352 14.8
      vertex 59.7926 3.17648 14.8
      vertex 59.8451 3.02165 14.8
    endloop
  endfacet
  facet normal -0 0 1
    outer loop
      vertex 59.7607 3.66316 14.8
      vertex 59.7926 3.17648 14.8
      vertex 59.7926 3.82352 14.8
    endloop
  endfacet
  facet normal 0 0 1
    outer loop
      vertex 59.7607 3.66316 14.8
      vertex 59.7607 3.33684 14.8
      vertex 59.7926 3.17648 14.8
    endloop
  endfacet
  facet normal 0 -0 1
    outer loop
      vertex 59.7607 3.33684 14.8
      vertex 59.7607 3.66316 14.8
      vertex 59.75 3.5 14.8
    endloop
  endfacet
  facet normal -0.947038 0.321123 -1.57642e-19
    outer loop
      vertex 62.1549 3.02165 14.8
      vertex 62.2074 3.17648 24.8
      vertex 62.2074 3.17648 14.8
    endloop
  endfacet
  facet normal -0.947038 0.321123 -1.57642e-19
    outer loop
      vertex 62.2074 3.17648 24.8
      vertex 62.1549 3.02165 14.8
      vertex 62.1549 3.02165 24.8
    endloop
  endfacet
  facet normal 0.980782 0.195105 -1.63297e-19
    outer loop
      vertex 59.7926 3.17648 24.8
      vertex 59.7607 3.33684 14.8
      vertex 59.7607 3.33684 24.8
    endloop
  endfacet
  facet normal 0.980782 0.195105 -1.63297e-19
    outer loop
      vertex 59.7607 3.33684 14.8
      vertex 59.7926 3.17648 24.8
      vertex 59.7926 3.17648 14.8
    endloop
  endfacet
  facet normal 0.321322 0.94697 -0
    outer loop
      vertex 60.6765 2.29259 14.8
      vertex 60.5216 2.34515 24.8
      vertex 60.6765 2.29259 24.8
    endloop
  endfacet
  facet normal 0.321322 0.94697 0
    outer loop
      vertex 60.5216 2.34515 24.8
      vertex 60.6765 2.29259 14.8
      vertex 60.5216 2.34515 14.8
    endloop
  endfacet
  facet normal 0.75186 0.659323 4.14152e-19
    outer loop
      vertex 60.1161 2.61612 24.8
      vertex 60.0083 2.73905 14.8
      vertex 60.0083 2.73905 24.8
    endloop
  endfacet
  facet normal 0.75186 0.659323 4.14152e-19
    outer loop
      vertex 60.0083 2.73905 14.8
      vertex 60.1161 2.61612 24.8
      vertex 60.1161 2.61612 14.8
    endloop
  endfacet
  facet normal -0.947038 -0.321123 1.57642e-19
    outer loop
      vertex 62.2074 3.82352 14.8
      vertex 62.1549 3.97835 24.8
      vertex 62.1549 3.97835 14.8
    endloop
  endfacet
  facet normal -0.947038 -0.321123 1.57642e-19
    outer loop
      vertex 62.1549 3.97835 24.8
      vertex 62.2074 3.82352 14.8
      vertex 62.2074 3.82352 24.8
    endloop
  endfacet
  facet normal -0.831579 -0.555406 -1.9971e-20
    outer loop
      vertex 62.0825 4.125 14.8
      vertex 61.9917 4.26095 24.8
      vertex 61.9917 4.26095 14.8
    endloop
  endfacet
  facet normal -0.831579 -0.555406 -1.9971e-20
    outer loop
      vertex 61.9917 4.26095 24.8
      vertex 62.0825 4.125 14.8
      vertex 62.0825 4.125 24.8
    endloop
  endfacet
  facet normal 0.442411 -0.896812 0
    outer loop
      vertex 60.375 4.58253 14.8
      vertex 60.5216 4.65485 24.8
      vertex 60.375 4.58253 24.8
    endloop
  endfacet
  facet normal 0.442411 -0.896812 0
    outer loop
      vertex 60.5216 4.65485 24.8
      vertex 60.375 4.58253 14.8
      vertex 60.5216 4.65485 14.8
    endloop
  endfacet
  facet normal -0.321322 -0.94697 0
    outer loop
      vertex 61.3235 4.70741 14.8
      vertex 61.4784 4.65485 24.8
      vertex 61.3235 4.70741 24.8
    endloop
  endfacet
  facet normal -0.321322 -0.94697 -0
    outer loop
      vertex 61.4784 4.65485 24.8
      vertex 61.3235 4.70741 14.8
      vertex 61.4784 4.65485 14.8
    endloop
  endfacet
  facet normal -0.659448 -0.75175 0
    outer loop
      vertex 61.761 4.49169 14.8
      vertex 61.8839 4.38388 24.8
      vertex 61.761 4.49169 24.8
    endloop
  endfacet
  facet normal -0.659448 -0.75175 -0
    outer loop
      vertex 61.8839 4.38388 24.8
      vertex 61.761 4.49169 14.8
      vertex 61.8839 4.38388 14.8
    endloop
  endfacet
  facet normal -0.896678 0.442683 -2.34416e-20
    outer loop
      vertex 62.0825 2.875 14.8
      vertex 62.1549 3.02165 24.8
      vertex 62.1549 3.02165 14.8
    endloop
  endfacet
  facet normal -0.896678 0.442683 -2.34416e-20
    outer loop
      vertex 62.1549 3.02165 24.8
      vertex 62.0825 2.875 14.8
      vertex 62.0825 2.875 24.8
    endloop
  endfacet
  facet normal -0.997857 0.0654392 2.78893e-20
    outer loop
      vertex 62.2393 3.33684 14.8
      vertex 62.25 3.5 24.8
      vertex 62.25 3.5 14.8
    endloop
  endfacet
  facet normal -0.997857 0.0654392 2.78893e-20
    outer loop
      vertex 62.25 3.5 24.8
      vertex 62.2393 3.33684 14.8
      vertex 62.2393 3.33684 24.8
    endloop
  endfacet
  facet normal 0.75186 -0.659323 -4.14152e-19
    outer loop
      vertex 60.0083 4.26095 24.8
      vertex 60.1161 4.38388 14.8
      vertex 60.1161 4.38388 24.8
    endloop
  endfacet
  facet normal 0.75186 -0.659323 -4.14152e-19
    outer loop
      vertex 60.1161 4.38388 14.8
      vertex 60.0083 4.26095 24.8
      vertex 60.0083 4.26095 14.8
    endloop
  endfacet
  facet normal 0.442411 0.896812 -0
    outer loop
      vertex 60.5216 2.34515 14.8
      vertex 60.375 2.41747 24.8
      vertex 60.5216 2.34515 24.8
    endloop
  endfacet
  facet normal 0.442411 0.896812 0
    outer loop
      vertex 60.375 2.41747 24.8
      vertex 60.5216 2.34515 14.8
      vertex 60.375 2.41747 14.8
    endloop
  endfacet
  facet normal -0.659448 0.75175 0
    outer loop
      vertex 61.8839 2.61612 14.8
      vertex 61.761 2.50831 24.8
      vertex 61.8839 2.61612 24.8
    endloop
  endfacet
  facet normal -0.659448 0.75175 0
    outer loop
      vertex 61.761 2.50831 24.8
      vertex 61.8839 2.61612 14.8
      vertex 61.761 2.50831 14.8
    endloop
  endfacet
  facet normal 0.321322 -0.94697 0
    outer loop
      vertex 60.5216 4.65485 14.8
      vertex 60.6765 4.70741 24.8
      vertex 60.5216 4.65485 24.8
    endloop
  endfacet
  facet normal 0.321322 -0.94697 0
    outer loop
      vertex 60.6765 4.70741 24.8
      vertex 60.5216 4.65485 14.8
      vertex 60.6765 4.70741 14.8
    endloop
  endfacet
  facet normal -0.555434 0.831561 0
    outer loop
      vertex 61.761 2.50831 14.8
      vertex 61.625 2.41747 24.8
      vertex 61.761 2.50831 24.8
    endloop
  endfacet
  facet normal -0.555434 0.831561 0
    outer loop
      vertex 61.625 2.41747 24.8
      vertex 61.761 2.50831 14.8
      vertex 61.625 2.41747 14.8
    endloop
  endfacet
  facet normal -0.980782 0.195105 1.63297e-19
    outer loop
      vertex 62.2074 3.17648 14.8
      vertex 62.2393 3.33684 24.8
      vertex 62.2393 3.33684 14.8
    endloop
  endfacet
  facet normal -0.980782 0.195105 1.63297e-19
    outer loop
      vertex 62.2393 3.33684 24.8
      vertex 62.2074 3.17648 14.8
      vertex 62.2074 3.17648 24.8
    endloop
  endfacet
  facet normal -0.0653624 -0.997862 0
    outer loop
      vertex 61 4.75 14.8
      vertex 61.1632 4.73931 24.8
      vertex 61 4.75 24.8
    endloop
  endfacet
  facet normal -0.0653624 -0.997862 -0
    outer loop
      vertex 61.1632 4.73931 24.8
      vertex 61 4.75 14.8
      vertex 61.1632 4.73931 14.8
    endloop
  endfacet
  facet normal 0.997857 0.0654392 -2.78893e-20
    outer loop
      vertex 59.7607 3.33684 24.8
      vertex 59.75 3.5 14.8
      vertex 59.75 3.5 24.8
    endloop
  endfacet
  facet normal 0.997857 0.0654392 -2.78893e-20
    outer loop
      vertex 59.75 3.5 14.8
      vertex 59.7607 3.33684 24.8
      vertex 59.7607 3.33684 14.8
    endloop
  endfacet
  facet normal -0.321322 0.94697 0
    outer loop
      vertex 61.4784 2.34515 14.8
      vertex 61.3235 2.29259 24.8
      vertex 61.4784 2.34515 24.8
    endloop
  endfacet
  facet normal -0.321322 0.94697 0
    outer loop
      vertex 61.3235 2.29259 24.8
      vertex 61.4784 2.34515 14.8
      vertex 61.3235 2.29259 14.8
    endloop
  endfacet
  facet normal 0.896678 0.442683 2.34416e-20
    outer loop
      vertex 59.9175 2.875 24.8
      vertex 59.8451 3.02165 14.8
      vertex 59.8451 3.02165 24.8
    endloop
  endfacet
  facet normal 0.896678 0.442683 2.34416e-20
    outer loop
      vertex 59.8451 3.02165 14.8
      vertex 59.9175 2.875 24.8
      vertex 59.9175 2.875 14.8
    endloop
  endfacet
  facet normal -0.555434 -0.831561 0
    outer loop
      vertex 61.625 4.58253 14.8
      vertex 61.761 4.49169 24.8
      vertex 61.625 4.58253 24.8
    endloop
  endfacet
  facet normal -0.555434 -0.831561 -0
    outer loop
      vertex 61.761 4.49169 24.8
      vertex 61.625 4.58253 14.8
      vertex 61.761 4.49169 14.8
    endloop
  endfacet
  facet normal 0.195175 -0.980768 0
    outer loop
      vertex 60.6765 4.70741 14.8
      vertex 60.8368 4.73931 24.8
      vertex 60.6765 4.70741 24.8
    endloop
  endfacet
  facet normal 0.195175 -0.980768 0
    outer loop
      vertex 60.8368 4.73931 24.8
      vertex 60.6765 4.70741 14.8
      vertex 60.8368 4.73931 14.8
    endloop
  endfacet
  facet normal 0.831579 0.555406 2.39785e-19
    outer loop
      vertex 60.0083 2.73905 24.8
      vertex 59.9175 2.875 14.8
      vertex 59.9175 2.875 24.8
    endloop
  endfacet
  facet normal 0.831579 0.555406 2.39785e-19
    outer loop
      vertex 59.9175 2.875 14.8
      vertex 60.0083 2.73905 24.8
      vertex 60.0083 2.73905 14.8
    endloop
  endfacet
  facet normal 0.0653624 -0.997862 0
    outer loop
      vertex 60.8368 4.73931 14.8
      vertex 61 4.75 24.8
      vertex 60.8368 4.73931 24.8
    endloop
  endfacet
  facet normal 0.0653624 -0.997862 0
    outer loop
      vertex 61 4.75 24.8
      vertex 60.8368 4.73931 14.8
      vertex 61 4.75 14.8
    endloop
  endfacet
  facet normal -0.195175 -0.980768 0
    outer loop
      vertex 61.1632 4.73931 14.8
      vertex 61.3235 4.70741 24.8
      vertex 61.1632 4.73931 24.8
    endloop
  endfacet
  facet normal -0.195175 -0.980768 -0
    outer loop
      vertex 61.3235 4.70741 24.8
      vertex 61.1632 4.73931 14.8
      vertex 61.3235 4.70741 14.8
    endloop
  endfacet
  facet normal 0.659448 0.75175 -0
    outer loop
      vertex 60.239 2.50831 14.8
      vertex 60.1161 2.61612 24.8
      vertex 60.239 2.50831 24.8
    endloop
  endfacet
  facet normal 0.659448 0.75175 0
    outer loop
      vertex 60.1161 2.61612 24.8
      vertex 60.239 2.50831 14.8
      vertex 60.1161 2.61612 14.8
    endloop
  endfacet
  facet normal -0.75186 0.659323 -4.14152e-19
    outer loop
      vertex 61.8839 2.61612 14.8
      vertex 61.9917 2.73905 24.8
      vertex 61.9917 2.73905 14.8
    endloop
  endfacet
  facet normal -0.75186 0.659323 -4.14152e-19
    outer loop
      vertex 61.9917 2.73905 24.8
      vertex 61.8839 2.61612 14.8
      vertex 61.8839 2.61612 24.8
    endloop
  endfacet
  facet normal 0.555434 -0.831561 0
    outer loop
      vertex 60.239 4.49169 14.8
      vertex 60.375 4.58253 24.8
      vertex 60.239 4.49169 24.8
    endloop
  endfacet
  facet normal 0.555434 -0.831561 0
    outer loop
      vertex 60.375 4.58253 24.8
      vertex 60.239 4.49169 14.8
      vertex 60.375 4.58253 14.8
    endloop
  endfacet
  facet normal 0.947038 0.321123 1.57642e-19
    outer loop
      vertex 59.8451 3.02165 24.8
      vertex 59.7926 3.17648 14.8
      vertex 59.7926 3.17648 24.8
    endloop
  endfacet
  facet normal 0.947038 0.321123 1.57642e-19
    outer loop
      vertex 59.7926 3.17648 14.8
      vertex 59.8451 3.02165 24.8
      vertex 59.8451 3.02165 14.8
    endloop
  endfacet
  facet normal -0.831579 0.555406 -2.39785e-19
    outer loop
      vertex 61.9917 2.73905 14.8
      vertex 62.0825 2.875 24.8
      vertex 62.0825 2.875 14.8
    endloop
  endfacet
  facet normal -0.831579 0.555406 -2.39785e-19
    outer loop
      vertex 62.0825 2.875 24.8
      vertex 61.9917 2.73905 14.8
      vertex 61.9917 2.73905 24.8
    endloop
  endfacet
  facet normal 0.980782 -0.195105 1.63297e-19
    outer loop
      vertex 59.7607 3.66316 24.8
      vertex 59.7926 3.82352 14.8
      vertex 59.7926 3.82352 24.8
    endloop
  endfacet
  facet normal 0.980782 -0.195105 1.63297e-19
    outer loop
      vertex 59.7926 3.82352 14.8
      vertex 59.7607 3.66316 24.8
      vertex 59.7607 3.66316 14.8
    endloop
  endfacet
  facet normal -0.442411 -0.896812 0
    outer loop
      vertex 61.4784 4.65485 14.8
      vertex 61.625 4.58253 24.8
      vertex 61.4784 4.65485 24.8
    endloop
  endfacet
  facet normal -0.442411 -0.896812 -0
    outer loop
      vertex 61.625 4.58253 24.8
      vertex 61.4784 4.65485 14.8
      vertex 61.625 4.58253 14.8
    endloop
  endfacet
  facet normal -0.896678 -0.442683 2.34416e-20
    outer loop
      vertex 62.1549 3.97835 14.8
      vertex 62.0825 4.125 24.8
      vertex 62.0825 4.125 14.8
    endloop
  endfacet
  facet normal -0.896678 -0.442683 2.34416e-20
    outer loop
      vertex 62.0825 4.125 24.8
      vertex 62.1549 3.97835 14.8
      vertex 62.1549 3.97835 24.8
    endloop
  endfacet
  facet normal -0.75186 -0.659323 4.14152e-19
    outer loop
      vertex 61.9917 4.26095 14.8
      vertex 61.8839 4.38388 24.8
      vertex 61.8839 4.38388 14.8
    endloop
  endfacet
  facet normal -0.75186 -0.659323 4.14152e-19
    outer loop
      vertex 61.8839 4.38388 24.8
      vertex 61.9917 4.26095 14.8
      vertex 61.9917 4.26095 24.8
    endloop
  endfacet
  facet normal 0.997857 -0.0654392 2.78893e-20
    outer loop
      vertex 59.75 3.5 24.8
      vertex 59.7607 3.66316 14.8
      vertex 59.7607 3.66316 24.8
    endloop
  endfacet
  facet normal 0.997857 -0.0654392 2.78893e-20
    outer loop
      vertex 59.7607 3.66316 14.8
      vertex 59.75 3.5 24.8
      vertex 59.75 3.5 14.8
    endloop
  endfacet
  facet normal 0.831579 -0.555406 1.9971e-20
    outer loop
      vertex 59.9175 4.125 24.8
      vertex 60.0083 4.26095 14.8
      vertex 60.0083 4.26095 24.8
    endloop
  endfacet
  facet normal 0.831579 -0.555406 1.9971e-20
    outer loop
      vertex 60.0083 4.26095 14.8
      vertex 59.9175 4.125 24.8
      vertex 59.9175 4.125 14.8
    endloop
  endfacet
  facet normal -0.442411 0.896812 0
    outer loop
      vertex 61.625 2.41747 14.8
      vertex 61.4784 2.34515 24.8
      vertex 61.625 2.41747 24.8
    endloop
  endfacet
  facet normal -0.442411 0.896812 0
    outer loop
      vertex 61.4784 2.34515 24.8
      vertex 61.625 2.41747 14.8
      vertex 61.4784 2.34515 14.8
    endloop
  endfacet
  facet normal -0.0653624 0.997862 0
    outer loop
      vertex 61.1632 2.26069 14.8
      vertex 61 2.25 24.8
      vertex 61.1632 2.26069 24.8
    endloop
  endfacet
  facet normal -0.0653624 0.997862 0
    outer loop
      vertex 61 2.25 24.8
      vertex 61.1632 2.26069 14.8
      vertex 61 2.25 14.8
    endloop
  endfacet
  facet normal 0.195175 0.980768 -0
    outer loop
      vertex 60.8368 2.26069 14.8
      vertex 60.6765 2.29259 24.8
      vertex 60.8368 2.26069 24.8
    endloop
  endfacet
  facet normal 0.195175 0.980768 0
    outer loop
      vertex 60.6765 2.29259 24.8
      vertex 60.8368 2.26069 14.8
      vertex 60.6765 2.29259 14.8
    endloop
  endfacet
  facet normal 0.659448 -0.75175 0
    outer loop
      vertex 60.1161 4.38388 14.8
      vertex 60.239 4.49169 24.8
      vertex 60.1161 4.38388 24.8
    endloop
  endfacet
  facet normal 0.659448 -0.75175 0
    outer loop
      vertex 60.239 4.49169 24.8
      vertex 60.1161 4.38388 14.8
      vertex 60.239 4.49169 14.8
    endloop
  endfacet
  facet normal 0.896678 -0.442683 -2.34416e-20
    outer loop
      vertex 59.8451 3.97835 24.8
      vertex 59.9175 4.125 14.8
      vertex 59.9175 4.125 24.8
    endloop
  endfacet
  facet normal 0.896678 -0.442683 -2.34416e-20
    outer loop
      vertex 59.9175 4.125 14.8
      vertex 59.8451 3.97835 24.8
      vertex 59.8451 3.97835 14.8
    endloop
  endfacet
  facet normal 0.947038 -0.321123 -1.57642e-19
    outer loop
      vertex 59.7926 3.82352 24.8
      vertex 59.8451 3.97835 14.8
      vertex 59.8451 3.97835 24.8
    endloop
  endfacet
  facet normal 0.947038 -0.321123 -1.57642e-19
    outer loop
      vertex 59.8451 3.97835 14.8
      vertex 59.7926 3.82352 24.8
      vertex 59.7926 3.82352 14.8
    endloop
  endfacet
  facet normal 0.555434 0.831561 -0
    outer loop
      vertex 60.375 2.41747 14.8
      vertex 60.239 2.50831 24.8
      vertex 60.375 2.41747 24.8
    endloop
  endfacet
  facet normal 0.555434 0.831561 0
    outer loop
      vertex 60.239 2.50831 24.8
      vertex 60.375 2.41747 14.8
      vertex 60.239 2.50831 14.8
    endloop
  endfacet
  facet normal 0.0653624 0.997862 -0
    outer loop
      vertex 61 2.25 14.8
      vertex 60.8368 2.26069 24.8
      vertex 61 2.25 24.8
    endloop
  endfacet
  facet normal 0.0653624 0.997862 0
    outer loop
      vertex 60.8368 2.26069 24.8
      vertex 61 2.25 14.8
      vertex 60.8368 2.26069 14.8
    endloop
  endfacet
  facet normal 1 -0 0
    outer loop
      vertex 108 47.0276 24.8
      vertex 108 53.0276 2.5
      vertex 108 53.0276 24.8
    endloop
  endfacet
  facet normal 1 0 0
    outer loop
      vertex 108 53.0276 2.5
      vertex 108 47.0276 24.8
      vertex 108 47.0276 2.5
    endloop
  endfacet
  facet normal 0 0 1
    outer loop
      vertex 108 53.0276 24.8
      vertex 106.25 50.0276 24.8
      vertex 108 47.0276 24.8
    endloop
  endfacet
  facet normal 0 0 1
    outer loop
      vertex 108 53.0276 24.8
      vertex 106.239 50.1908 24.8
      vertex 106.25 50.0276 24.8
    endloop
  endfacet
  facet normal 0 0 1
    outer loop
      vertex 108 53.0276 24.8
      vertex 106.207 50.3511 24.8
      vertex 106.239 50.1908 24.8
    endloop
  endfacet
  facet normal 0 0 1
    outer loop
      vertex 108 53.0276 24.8
      vertex 106.155 50.5059 24.8
      vertex 106.207 50.3511 24.8
    endloop
  endfacet
  facet normal 0 0 1
    outer loop
      vertex 108 53.0276 24.8
      vertex 106.083 50.6526 24.8
      vertex 106.155 50.5059 24.8
    endloop
  endfacet
  facet normal 0 0 1
    outer loop
      vertex 108 53.0276 24.8
      vertex 105.992 50.7885 24.8
      vertex 106.083 50.6526 24.8
    endloop
  endfacet
  facet normal 0 0 1
    outer loop
      vertex 108 53.0276 24.8
      vertex 105.884 50.9115 24.8
      vertex 105.992 50.7885 24.8
    endloop
  endfacet
  facet normal 0 0 1
    outer loop
      vertex 108 53.0276 24.8
      vertex 105.761 51.0193 24.8
      vertex 105.884 50.9115 24.8
    endloop
  endfacet
  facet normal 0 0 1
    outer loop
      vertex 108 53.0276 24.8
      vertex 105.625 51.1101 24.8
      vertex 105.761 51.0193 24.8
    endloop
  endfacet
  facet normal 0 0 1
    outer loop
      vertex 108 53.0276 24.8
      vertex 105.478 51.1824 24.8
      vertex 105.625 51.1101 24.8
    endloop
  endfacet
  facet normal 0 0 1
    outer loop
      vertex 108 53.0276 24.8
      vertex 105.324 51.235 24.8
      vertex 105.478 51.1824 24.8
    endloop
  endfacet
  facet normal 0 0 1
    outer loop
      vertex 108 53.0276 24.8
      vertex 105.163 51.2669 24.8
      vertex 105.324 51.235 24.8
    endloop
  endfacet
  facet normal 0 0 1
    outer loop
      vertex 108 53.0276 24.8
      vertex 105 51.2776 24.8
      vertex 105.163 51.2669 24.8
    endloop
  endfacet
  facet normal -0 0 1
    outer loop
      vertex 102 53.0276 24.8
      vertex 105 51.2776 24.8
      vertex 108 53.0276 24.8
    endloop
  endfacet
  facet normal 0 0 1
    outer loop
      vertex 105 51.2776 24.8
      vertex 102 53.0276 24.8
      vertex 104.837 51.2669 24.8
    endloop
  endfacet
  facet normal 0 0 1
    outer loop
      vertex 104.837 51.2669 24.8
      vertex 102 53.0276 24.8
      vertex 104.676 51.235 24.8
    endloop
  endfacet
  facet normal 0 0 1
    outer loop
      vertex 104.676 51.235 24.8
      vertex 102 53.0276 24.8
      vertex 104.522 51.1824 24.8
    endloop
  endfacet
  facet normal 0 0 1
    outer loop
      vertex 103.761 50.1908 24.8
      vertex 102 53.0276 24.8
      vertex 103.75 50.0276 24.8
    endloop
  endfacet
  facet normal 0 0 1
    outer loop
      vertex 103.793 50.3511 24.8
      vertex 102 53.0276 24.8
      vertex 103.761 50.1908 24.8
    endloop
  endfacet
  facet normal 0 0 1
    outer loop
      vertex 103.845 50.5059 24.8
      vertex 102 53.0276 24.8
      vertex 103.793 50.3511 24.8
    endloop
  endfacet
  facet normal 0 0 1
    outer loop
      vertex 103.917 50.6526 24.8
      vertex 102 53.0276 24.8
      vertex 103.845 50.5059 24.8
    endloop
  endfacet
  facet normal 0 0 1
    outer loop
      vertex 104.008 50.7885 24.8
      vertex 102 53.0276 24.8
      vertex 103.917 50.6526 24.8
    endloop
  endfacet
  facet normal 0 0 1
    outer loop
      vertex 104.116 50.9115 24.8
      vertex 102 53.0276 24.8
      vertex 104.008 50.7885 24.8
    endloop
  endfacet
  facet normal 0 0 1
    outer loop
      vertex 104.239 51.0193 24.8
      vertex 102 53.0276 24.8
      vertex 104.116 50.9115 24.8
    endloop
  endfacet
  facet normal 0 0 1
    outer loop
      vertex 104.375 51.1101 24.8
      vertex 102 53.0276 24.8
      vertex 104.239 51.0193 24.8
    endloop
  endfacet
  facet normal 0 0 1
    outer loop
      vertex 104.522 51.1824 24.8
      vertex 102 53.0276 24.8
      vertex 104.375 51.1101 24.8
    endloop
  endfacet
  facet normal -0 0 1
    outer loop
      vertex 106.239 49.8644 24.8
      vertex 108 47.0276 24.8
      vertex 106.25 50.0276 24.8
    endloop
  endfacet
  facet normal -0 0 1
    outer loop
      vertex 106.207 49.7041 24.8
      vertex 108 47.0276 24.8
      vertex 106.239 49.8644 24.8
    endloop
  endfacet
  facet normal -0 0 1
    outer loop
      vertex 106.155 49.5492 24.8
      vertex 108 47.0276 24.8
      vertex 106.207 49.7041 24.8
    endloop
  endfacet
  facet normal -0 0 1
    outer loop
      vertex 106.083 49.4026 24.8
      vertex 108 47.0276 24.8
      vertex 106.155 49.5492 24.8
    endloop
  endfacet
  facet normal -0 0 1
    outer loop
      vertex 105.992 49.2666 24.8
      vertex 108 47.0276 24.8
      vertex 106.083 49.4026 24.8
    endloop
  endfacet
  facet normal -0 0 1
    outer loop
      vertex 105.884 49.1437 24.8
      vertex 108 47.0276 24.8
      vertex 105.992 49.2666 24.8
    endloop
  endfacet
  facet normal -0 0 1
    outer loop
      vertex 105.761 49.0359 24.8
      vertex 108 47.0276 24.8
      vertex 105.884 49.1437 24.8
    endloop
  endfacet
  facet normal -0 0 1
    outer loop
      vertex 105.625 48.9451 24.8
      vertex 108 47.0276 24.8
      vertex 105.761 49.0359 24.8
    endloop
  endfacet
  facet normal -0 0 1
    outer loop
      vertex 105.478 48.8727 24.8
      vertex 108 47.0276 24.8
      vertex 105.625 48.9451 24.8
    endloop
  endfacet
  facet normal -0 0 1
    outer loop
      vertex 105.324 48.8202 24.8
      vertex 108 47.0276 24.8
      vertex 105.478 48.8727 24.8
    endloop
  endfacet
  facet normal -0 0 1
    outer loop
      vertex 105.163 48.7883 24.8
      vertex 108 47.0276 24.8
      vertex 105.324 48.8202 24.8
    endloop
  endfacet
  facet normal -0 0 1
    outer loop
      vertex 105 48.7776 24.8
      vertex 108 47.0276 24.8
      vertex 105.163 48.7883 24.8
    endloop
  endfacet
  facet normal 0 0 1
    outer loop
      vertex 102 47.0276 24.8
      vertex 105 48.7776 24.8
      vertex 104.837 48.7883 24.8
    endloop
  endfacet
  facet normal 0 0 1
    outer loop
      vertex 102 47.0276 24.8
      vertex 104.837 48.7883 24.8
      vertex 104.676 48.8202 24.8
    endloop
  endfacet
  facet normal 0 0 1
    outer loop
      vertex 102 47.0276 24.8
      vertex 104.676 48.8202 24.8
      vertex 104.522 48.8727 24.8
    endloop
  endfacet
  facet normal 0 0 1
    outer loop
      vertex 102 47.0276 24.8
      vertex 104.522 48.8727 24.8
      vertex 104.375 48.9451 24.8
    endloop
  endfacet
  facet normal 0 0 1
    outer loop
      vertex 102 47.0276 24.8
      vertex 103.75 50.0276 24.8
      vertex 102 53.0276 24.8
    endloop
  endfacet
  facet normal 0 0 1
    outer loop
      vertex 103.75 50.0276 24.8
      vertex 102 47.0276 24.8
      vertex 103.761 49.8644 24.8
    endloop
  endfacet
  facet normal 0 0 1
    outer loop
      vertex 103.761 49.8644 24.8
      vertex 102 47.0276 24.8
      vertex 103.793 49.7041 24.8
    endloop
  endfacet
  facet normal 0 0 1
    outer loop
      vertex 103.793 49.7041 24.8
      vertex 102 47.0276 24.8
      vertex 103.845 49.5492 24.8
    endloop
  endfacet
  facet normal 0 0 1
    outer loop
      vertex 105 48.7776 24.8
      vertex 102 47.0276 24.8
      vertex 108 47.0276 24.8
    endloop
  endfacet
  facet normal 0 0 1
    outer loop
      vertex 104.239 49.0359 24.8
      vertex 102 47.0276 24.8
      vertex 104.375 48.9451 24.8
    endloop
  endfacet
  facet normal 0 0 1
    outer loop
      vertex 104.116 49.1437 24.8
      vertex 102 47.0276 24.8
      vertex 104.239 49.0359 24.8
    endloop
  endfacet
  facet normal 0 0 1
    outer loop
      vertex 104.008 49.2666 24.8
      vertex 102 47.0276 24.8
      vertex 104.116 49.1437 24.8
    endloop
  endfacet
  facet normal 0 0 1
    outer loop
      vertex 103.917 49.4026 24.8
      vertex 102 47.0276 24.8
      vertex 104.008 49.2666 24.8
    endloop
  endfacet
  facet normal 0 0 1
    outer loop
      vertex 103.845 49.5492 24.8
      vertex 102 47.0276 24.8
      vertex 103.917 49.4026 24.8
    endloop
  endfacet
  facet normal -1 0 0
    outer loop
      vertex 102 47.0276 2.5
      vertex 102 53.0276 24.8
      vertex 102 53.0276 2.5
    endloop
  endfacet
  facet normal -1 -0 0
    outer loop
      vertex 102 53.0276 24.8
      vertex 102 47.0276 2.5
      vertex 102 47.0276 24.8
    endloop
  endfacet
  facet normal 0 1 -0
    outer loop
      vertex 108 53.0276 2.5
      vertex 102 53.0276 24.8
      vertex 108 53.0276 24.8
    endloop
  endfacet
  facet normal 0 1 0
    outer loop
      vertex 102 53.0276 24.8
      vertex 108 53.0276 2.5
      vertex 102 53.0276 2.5
    endloop
  endfacet
  facet normal 0 -1 0
    outer loop
      vertex 102 47.0276 2.5
      vertex 108 47.0276 24.8
      vertex 102 47.0276 24.8
    endloop
  endfacet
  facet normal 0 -1 -0
    outer loop
      vertex 108 47.0276 24.8
      vertex 102 47.0276 2.5
      vertex 108 47.0276 2.5
    endloop
  endfacet
  facet normal -0.194358 0.980931 0
    outer loop
      vertex 105.324 48.8202 14.8
      vertex 105.163 48.7883 24.8
      vertex 105.324 48.8202 24.8
    endloop
  endfacet
  facet normal -0.194358 0.980931 0
    outer loop
      vertex 105.163 48.7883 24.8
      vertex 105.324 48.8202 14.8
      vertex 105.163 48.7883 14.8
    endloop
  endfacet
  facet normal -0.980651 -0.195763 1.51167e-19
    outer loop
      vertex 106.239 50.1908 14.8
      vertex 106.207 50.3511 24.8
      vertex 106.207 50.3511 14.8
    endloop
  endfacet
  facet normal -0.980651 -0.195763 1.51167e-19
    outer loop
      vertex 106.207 50.3511 24.8
      vertex 106.239 50.1908 14.8
      vertex 106.239 50.1908 24.8
    endloop
  endfacet
  facet normal -0.997736 -0.0672494 1.38481e-20
    outer loop
      vertex 106.25 50.0276 14.8
      vertex 106.239 50.1908 24.8
      vertex 106.239 50.1908 14.8
    endloop
  endfacet
  facet normal -0.997736 -0.0672494 1.38481e-20
    outer loop
      vertex 106.239 50.1908 24.8
      vertex 106.25 50.0276 14.8
      vertex 106.25 50.0276 24.8
    endloop
  endfacet
  facet normal 0 0 1
    outer loop
      vertex 106.239 50.1908 14.8
      vertex 106.239 49.8644 14.8
      vertex 106.25 50.0276 14.8
    endloop
  endfacet
  facet normal 0 0 1
    outer loop
      vertex 106.207 50.3511 14.8
      vertex 106.239 49.8644 14.8
      vertex 106.239 50.1908 14.8
    endloop
  endfacet
  facet normal 0 0 1
    outer loop
      vertex 106.207 50.3511 14.8
      vertex 106.207 49.7041 14.8
      vertex 106.239 49.8644 14.8
    endloop
  endfacet
  facet normal 0 0 1
    outer loop
      vertex 106.155 50.5059 14.8
      vertex 106.207 49.7041 14.8
      vertex 106.207 50.3511 14.8
    endloop
  endfacet
  facet normal 0 0 1
    outer loop
      vertex 106.155 50.5059 14.8
      vertex 106.155 49.5492 14.8
      vertex 106.207 49.7041 14.8
    endloop
  endfacet
  facet normal 0 0 1
    outer loop
      vertex 106.083 50.6526 14.8
      vertex 106.155 49.5492 14.8
      vertex 106.155 50.5059 14.8
    endloop
  endfacet
  facet normal 0 0 1
    outer loop
      vertex 106.083 50.6526 14.8
      vertex 106.083 49.4026 14.8
      vertex 106.155 49.5492 14.8
    endloop
  endfacet
  facet normal 0 0 1
    outer loop
      vertex 105.992 50.7885 14.8
      vertex 106.083 49.4026 14.8
      vertex 106.083 50.6526 14.8
    endloop
  endfacet
  facet normal 0 0 1
    outer loop
      vertex 105.992 50.7885 14.8
      vertex 105.992 49.2666 14.8
      vertex 106.083 49.4026 14.8
    endloop
  endfacet
  facet normal 0 0 1
    outer loop
      vertex 105.884 50.9115 14.8
      vertex 105.992 49.2666 14.8
      vertex 105.992 50.7885 14.8
    endloop
  endfacet
  facet normal 0 0 1
    outer loop
      vertex 105.884 50.9115 14.8
      vertex 105.884 49.1437 14.8
      vertex 105.992 49.2666 14.8
    endloop
  endfacet
  facet normal 0 0 1
    outer loop
      vertex 105.761 51.0193 14.8
      vertex 105.884 49.1437 14.8
      vertex 105.884 50.9115 14.8
    endloop
  endfacet
  facet normal 0 0 1
    outer loop
      vertex 105.761 51.0193 14.8
      vertex 105.761 49.0359 14.8
      vertex 105.884 49.1437 14.8
    endloop
  endfacet
  facet normal 0 0 1
    outer loop
      vertex 105.625 51.1101 14.8
      vertex 105.761 49.0359 14.8
      vertex 105.761 51.0193 14.8
    endloop
  endfacet
  facet normal 0 0 1
    outer loop
      vertex 105.625 51.1101 14.8
      vertex 105.625 48.9451 14.8
      vertex 105.761 49.0359 14.8
    endloop
  endfacet
  facet normal 0 0 1
    outer loop
      vertex 105.478 51.1824 14.8
      vertex 105.625 48.9451 14.8
      vertex 105.625 51.1101 14.8
    endloop
  endfacet
  facet normal 0 0 1
    outer loop
      vertex 105.478 51.1824 14.8
      vertex 105.478 48.8727 14.8
      vertex 105.625 48.9451 14.8
    endloop
  endfacet
  facet normal 0 0 1
    outer loop
      vertex 105.324 51.235 14.8
      vertex 105.478 48.8727 14.8
      vertex 105.478 51.1824 14.8
    endloop
  endfacet
  facet normal 0 0 1
    outer loop
      vertex 105.324 51.235 14.8
      vertex 105.324 48.8202 14.8
      vertex 105.478 48.8727 14.8
    endloop
  endfacet
  facet normal 0 0 1
    outer loop
      vertex 105.163 51.2669 14.8
      vertex 105.324 48.8202 14.8
      vertex 105.324 51.235 14.8
    endloop
  endfacet
  facet normal 0 0 1
    outer loop
      vertex 105.163 51.2669 14.8
      vertex 105.163 48.7883 14.8
      vertex 105.324 48.8202 14.8
    endloop
  endfacet
  facet normal 0 0 1
    outer loop
      vertex 105 51.2776 14.8
      vertex 105.163 48.7883 14.8
      vertex 105.163 51.2669 14.8
    endloop
  endfacet
  facet normal 0 0 1
    outer loop
      vertex 105 51.2776 14.8
      vertex 105 48.7776 14.8
      vertex 105.163 48.7883 14.8
    endloop
  endfacet
  facet normal -0 0 1
    outer loop
      vertex 104.837 51.2669 14.8
      vertex 105 48.7776 14.8
      vertex 105 51.2776 14.8
    endloop
  endfacet
  facet normal 0 0 1
    outer loop
      vertex 104.837 51.2669 14.8
      vertex 104.837 48.7883 14.8
      vertex 105 48.7776 14.8
    endloop
  endfacet
  facet normal -0 0 1
    outer loop
      vertex 104.676 51.235 14.8
      vertex 104.837 48.7883 14.8
      vertex 104.837 51.2669 14.8
    endloop
  endfacet
  facet normal 0 0 1
    outer loop
      vertex 104.676 51.235 14.8
      vertex 104.676 48.8202 14.8
      vertex 104.837 48.7883 14.8
    endloop
  endfacet
  facet normal -0 0 1
    outer loop
      vertex 104.522 51.1824 14.8
      vertex 104.676 48.8202 14.8
      vertex 104.676 51.235 14.8
    endloop
  endfacet
  facet normal 0 0 1
    outer loop
      vertex 104.522 51.1824 14.8
      vertex 104.522 48.8727 14.8
      vertex 104.676 48.8202 14.8
    endloop
  endfacet
  facet normal -0 0 1
    outer loop
      vertex 104.375 51.1101 14.8
      vertex 104.522 48.8727 14.8
      vertex 104.522 51.1824 14.8
    endloop
  endfacet
  facet normal 0 0 1
    outer loop
      vertex 104.375 51.1101 14.8
      vertex 104.375 48.9451 14.8
      vertex 104.522 48.8727 14.8
    endloop
  endfacet
  facet normal -0 0 1
    outer loop
      vertex 104.239 51.0193 14.8
      vertex 104.375 48.9451 14.8
      vertex 104.375 51.1101 14.8
    endloop
  endfacet
  facet normal 0 0 1
    outer loop
      vertex 104.239 51.0193 14.8
      vertex 104.239 49.0359 14.8
      vertex 104.375 48.9451 14.8
    endloop
  endfacet
  facet normal -0 0 1
    outer loop
      vertex 104.116 50.9115 14.8
      vertex 104.239 49.0359 14.8
      vertex 104.239 51.0193 14.8
    endloop
  endfacet
  facet normal 0 0 1
    outer loop
      vertex 104.116 50.9115 14.8
      vertex 104.116 49.1437 14.8
      vertex 104.239 49.0359 14.8
    endloop
  endfacet
  facet normal -0 0 1
    outer loop
      vertex 104.008 50.7885 14.8
      vertex 104.116 49.1437 14.8
      vertex 104.116 50.9115 14.8
    endloop
  endfacet
  facet normal 0 0 1
    outer loop
      vertex 104.008 50.7885 14.8
      vertex 104.008 49.2666 14.8
      vertex 104.116 49.1437 14.8
    endloop
  endfacet
  facet normal -0 0 1
    outer loop
      vertex 103.917 50.6526 14.8
      vertex 104.008 49.2666 14.8
      vertex 104.008 50.7885 14.8
    endloop
  endfacet
  facet normal 0 0 1
    outer loop
      vertex 103.917 50.6526 14.8
      vertex 103.917 49.4026 14.8
      vertex 104.008 49.2666 14.8
    endloop
  endfacet
  facet normal -0 0 1
    outer loop
      vertex 103.845 50.5059 14.8
      vertex 103.917 49.4026 14.8
      vertex 103.917 50.6526 14.8
    endloop
  endfacet
  facet normal 0 0 1
    outer loop
      vertex 103.845 50.5059 14.8
      vertex 103.845 49.5492 14.8
      vertex 103.917 49.4026 14.8
    endloop
  endfacet
  facet normal -0 0 1
    outer loop
      vertex 103.793 50.3511 14.8
      vertex 103.845 49.5492 14.8
      vertex 103.845 50.5059 14.8
    endloop
  endfacet
  facet normal 0 0 1
    outer loop
      vertex 103.793 50.3511 14.8
      vertex 103.793 49.7041 14.8
      vertex 103.845 49.5492 14.8
    endloop
  endfacet
  facet normal -0 0 1
    outer loop
      vertex 103.761 50.1908 14.8
      vertex 103.793 49.7041 14.8
      vertex 103.793 50.3511 14.8
    endloop
  endfacet
  facet normal 0 0 1
    outer loop
      vertex 103.761 50.1908 14.8
      vertex 103.761 49.8644 14.8
      vertex 103.793 49.7041 14.8
    endloop
  endfacet
  facet normal 0 -0 1
    outer loop
      vertex 103.761 49.8644 14.8
      vertex 103.761 50.1908 14.8
      vertex 103.75 50.0276 14.8
    endloop
  endfacet
  facet normal -0.948008 0.318247 8.41457e-20
    outer loop
      vertex 106.155 49.5492 14.8
      vertex 106.207 49.7041 24.8
      vertex 106.207 49.7041 14.8
    endloop
  endfacet
  facet normal -0.948008 0.318247 8.41457e-20
    outer loop
      vertex 106.207 49.7041 24.8
      vertex 106.155 49.5492 14.8
      vertex 106.155 49.5492 24.8
    endloop
  endfacet
  facet normal 0.980651 0.195763 7.47584e-20
    outer loop
      vertex 103.793 49.7041 24.8
      vertex 103.761 49.8644 14.8
      vertex 103.761 49.8644 24.8
    endloop
  endfacet
  facet normal 0.980651 0.195763 7.47584e-20
    outer loop
      vertex 103.761 49.8644 14.8
      vertex 103.793 49.7041 24.8
      vertex 103.793 49.7041 14.8
    endloop
  endfacet
  facet normal 0.322674 0.94651 -0
    outer loop
      vertex 104.676 48.8202 14.8
      vertex 104.522 48.8727 24.8
      vertex 104.676 48.8202 24.8
    endloop
  endfacet
  facet normal 0.322674 0.94651 0
    outer loop
      vertex 104.522 48.8727 24.8
      vertex 104.676 48.8202 14.8
      vertex 104.522 48.8727 14.8
    endloop
  endfacet
  facet normal 0.751174 0.660104 2.65622e-19
    outer loop
      vertex 104.116 49.1437 24.8
      vertex 104.008 49.2666 14.8
      vertex 104.008 49.2666 24.8
    endloop
  endfacet
  facet normal 0.751174 0.660104 2.65622e-19
    outer loop
      vertex 104.008 49.2666 14.8
      vertex 104.116 49.1437 24.8
      vertex 104.116 49.1437 14.8
    endloop
  endfacet
  facet normal -0.947946 -0.318431 -2.1224e-19
    outer loop
      vertex 106.207 50.3511 14.8
      vertex 106.155 50.5059 24.8
      vertex 106.155 50.5059 14.8
    endloop
  endfacet
  facet normal -0.947946 -0.318431 -2.1224e-19
    outer loop
      vertex 106.155 50.5059 24.8
      vertex 106.207 50.3511 14.8
      vertex 106.207 50.3511 24.8
    endloop
  endfacet
  facet normal -0.83092 -0.556392 1.40161e-19
    outer loop
      vertex 106.083 50.6526 14.8
      vertex 105.992 50.7885 24.8
      vertex 105.992 50.7885 14.8
    endloop
  endfacet
  facet normal -0.83092 -0.556392 1.40161e-19
    outer loop
      vertex 105.992 50.7885 24.8
      vertex 106.083 50.6526 14.8
      vertex 106.083 50.6526 24.8
    endloop
  endfacet
  facet normal 0.441344 -0.897338 0
    outer loop
      vertex 104.375 51.1101 14.8
      vertex 104.522 51.1824 24.8
      vertex 104.375 51.1101 24.8
    endloop
  endfacet
  facet normal 0.441344 -0.897338 0
    outer loop
      vertex 104.522 51.1824 24.8
      vertex 104.375 51.1101 14.8
      vertex 104.522 51.1824 14.8
    endloop
  endfacet
  facet normal -0.323224 -0.946322 0
    outer loop
      vertex 105.324 51.235 14.8
      vertex 105.478 51.1824 24.8
      vertex 105.324 51.235 24.8
    endloop
  endfacet
  facet normal -0.323224 -0.946322 -0
    outer loop
      vertex 105.478 51.1824 24.8
      vertex 105.324 51.235 14.8
      vertex 105.478 51.1824 14.8
    endloop
  endfacet
  facet normal -0.65911 -0.752046 0
    outer loop
      vertex 105.761 51.0193 14.8
      vertex 105.884 50.9115 24.8
      vertex 105.761 51.0193 24.8
    endloop
  endfacet
  facet normal -0.65911 -0.752046 -0
    outer loop
      vertex 105.884 50.9115 24.8
      vertex 105.761 51.0193 14.8
      vertex 105.884 50.9115 14.8
    endloop
  endfacet
  facet normal -0.897588 0.440835 1.84663e-19
    outer loop
      vertex 106.083 49.4026 14.8
      vertex 106.155 49.5492 24.8
      vertex 106.155 49.5492 14.8
    endloop
  endfacet
  facet normal -0.897588 0.440835 1.84663e-19
    outer loop
      vertex 106.155 49.5492 24.8
      vertex 106.083 49.4026 14.8
      vertex 106.083 49.4026 24.8
    endloop
  endfacet
  facet normal -0.997736 0.0672494 5.9329e-20
    outer loop
      vertex 106.239 49.8644 14.8
      vertex 106.25 50.0276 24.8
      vertex 106.25 50.0276 14.8
    endloop
  endfacet
  facet normal -0.997736 0.0672494 5.9329e-20
    outer loop
      vertex 106.25 50.0276 24.8
      vertex 106.239 49.8644 14.8
      vertex 106.239 49.8644 24.8
    endloop
  endfacet
  facet normal 0.75144 -0.659801 -3.8851e-19
    outer loop
      vertex 104.008 50.7885 24.8
      vertex 104.116 50.9115 14.8
      vertex 104.116 50.9115 24.8
    endloop
  endfacet
  facet normal 0.75144 -0.659801 -3.8851e-19
    outer loop
      vertex 104.116 50.9115 14.8
      vertex 104.008 50.7885 24.8
      vertex 104.008 50.7885 14.8
    endloop
  endfacet
  facet normal 0.441835 0.897096 -0
    outer loop
      vertex 104.522 48.8727 14.8
      vertex 104.375 48.9451 24.8
      vertex 104.522 48.8727 24.8
    endloop
  endfacet
  facet normal 0.441835 0.897096 0
    outer loop
      vertex 104.375 48.9451 24.8
      vertex 104.522 48.8727 14.8
      vertex 104.375 48.9451 14.8
    endloop
  endfacet
  facet normal -0.65911 0.752046 0
    outer loop
      vertex 105.884 49.1437 14.8
      vertex 105.761 49.0359 24.8
      vertex 105.884 49.1437 24.8
    endloop
  endfacet
  facet normal -0.65911 0.752046 0
    outer loop
      vertex 105.761 49.0359 24.8
      vertex 105.884 49.1437 14.8
      vertex 105.761 49.0359 14.8
    endloop
  endfacet
  facet normal 0.323224 -0.946322 0
    outer loop
      vertex 104.522 51.1824 14.8
      vertex 104.676 51.235 24.8
      vertex 104.522 51.1824 24.8
    endloop
  endfacet
  facet normal 0.323224 -0.946322 0
    outer loop
      vertex 104.676 51.235 24.8
      vertex 104.522 51.1824 14.8
      vertex 104.676 51.235 14.8
    endloop
  endfacet
  facet normal -0.555265 0.831674 0
    outer loop
      vertex 105.761 49.0359 14.8
      vertex 105.625 48.9451 24.8
      vertex 105.761 49.0359 24.8
    endloop
  endfacet
  facet normal -0.555265 0.831674 0
    outer loop
      vertex 105.625 48.9451 24.8
      vertex 105.761 49.0359 14.8
      vertex 105.625 48.9451 14.8
    endloop
  endfacet
  facet normal -0.980651 0.195763 -7.47584e-20
    outer loop
      vertex 106.207 49.7041 14.8
      vertex 106.239 49.8644 24.8
      vertex 106.239 49.8644 14.8
    endloop
  endfacet
  facet normal -0.980651 0.195763 -7.47584e-20
    outer loop
      vertex 106.239 49.8644 24.8
      vertex 106.207 49.7041 14.8
      vertex 106.207 49.7041 24.8
    endloop
  endfacet
  facet normal -0.0655032 -0.997852 0
    outer loop
      vertex 105 51.2776 14.8
      vertex 105.163 51.2669 24.8
      vertex 105 51.2776 24.8
    endloop
  endfacet
  facet normal -0.0655032 -0.997852 -0
    outer loop
      vertex 105.163 51.2669 24.8
      vertex 105 51.2776 14.8
      vertex 105.163 51.2669 14.8
    endloop
  endfacet
  facet normal 0.997736 0.0672494 -5.9329e-20
    outer loop
      vertex 103.761 49.8644 24.8
      vertex 103.75 50.0276 14.8
      vertex 103.75 50.0276 24.8
    endloop
  endfacet
  facet normal 0.997736 0.0672494 -5.9329e-20
    outer loop
      vertex 103.75 50.0276 14.8
      vertex 103.761 49.8644 24.8
      vertex 103.761 49.8644 14.8
    endloop
  endfacet
  facet normal -0.322674 0.94651 0
    outer loop
      vertex 105.478 48.8727 14.8
      vertex 105.324 48.8202 24.8
      vertex 105.478 48.8727 24.8
    endloop
  endfacet
  facet normal -0.322674 0.94651 0
    outer loop
      vertex 105.324 48.8202 24.8
      vertex 105.478 48.8727 14.8
      vertex 105.324 48.8202 14.8
    endloop
  endfacet
  facet normal 0.897588 0.440835 -1.84663e-19
    outer loop
      vertex 103.917 49.4026 24.8
      vertex 103.845 49.5492 14.8
      vertex 103.845 49.5492 24.8
    endloop
  endfacet
  facet normal 0.897588 0.440835 -1.84663e-19
    outer loop
      vertex 103.845 49.5492 14.8
      vertex 103.917 49.4026 24.8
      vertex 103.917 49.4026 14.8
    endloop
  endfacet
  facet normal -0.555265 -0.831674 0
    outer loop
      vertex 105.625 51.1101 14.8
      vertex 105.761 51.0193 24.8
      vertex 105.625 51.1101 24.8
    endloop
  endfacet
  facet normal -0.555265 -0.831674 -0
    outer loop
      vertex 105.761 51.0193 24.8
      vertex 105.625 51.1101 14.8
      vertex 105.761 51.0193 14.8
    endloop
  endfacet
  facet normal 0.194358 -0.980931 0
    outer loop
      vertex 104.676 51.235 14.8
      vertex 104.837 51.2669 24.8
      vertex 104.676 51.235 24.8
    endloop
  endfacet
  facet normal 0.194358 -0.980931 0
    outer loop
      vertex 104.837 51.2669 24.8
      vertex 104.676 51.235 14.8
      vertex 104.837 51.2669 14.8
    endloop
  endfacet
  facet normal 0.831109 0.55611 1.94517e-19
    outer loop
      vertex 104.008 49.2666 24.8
      vertex 103.917 49.4026 14.8
      vertex 103.917 49.4026 24.8
    endloop
  endfacet
  facet normal 0.831109 0.55611 1.94517e-19
    outer loop
      vertex 103.917 49.4026 14.8
      vertex 104.008 49.2666 24.8
      vertex 104.008 49.2666 14.8
    endloop
  endfacet
  facet normal 0.0655032 -0.997852 0
    outer loop
      vertex 104.837 51.2669 14.8
      vertex 105 51.2776 24.8
      vertex 104.837 51.2669 24.8
    endloop
  endfacet
  facet normal 0.0655032 -0.997852 0
    outer loop
      vertex 105 51.2776 24.8
      vertex 104.837 51.2669 14.8
      vertex 105 51.2776 14.8
    endloop
  endfacet
  facet normal -0.194358 -0.980931 0
    outer loop
      vertex 105.163 51.2669 14.8
      vertex 105.324 51.235 24.8
      vertex 105.163 51.2669 24.8
    endloop
  endfacet
  facet normal -0.194358 -0.980931 -0
    outer loop
      vertex 105.324 51.235 24.8
      vertex 105.163 51.2669 14.8
      vertex 105.324 51.235 14.8
    endloop
  endfacet
  facet normal 0.65911 0.752046 -0
    outer loop
      vertex 104.239 49.0359 14.8
      vertex 104.116 49.1437 24.8
      vertex 104.239 49.0359 24.8
    endloop
  endfacet
  facet normal 0.65911 0.752046 0
    outer loop
      vertex 104.116 49.1437 24.8
      vertex 104.239 49.0359 14.8
      vertex 104.116 49.1437 14.8
    endloop
  endfacet
  facet normal -0.751174 0.660104 -2.65622e-19
    outer loop
      vertex 105.884 49.1437 14.8
      vertex 105.992 49.2666 24.8
      vertex 105.992 49.2666 14.8
    endloop
  endfacet
  facet normal -0.751174 0.660104 -2.65622e-19
    outer loop
      vertex 105.992 49.2666 24.8
      vertex 105.884 49.1437 14.8
      vertex 105.884 49.1437 24.8
    endloop
  endfacet
  facet normal 0.555265 -0.831674 0
    outer loop
      vertex 104.239 51.0193 14.8
      vertex 104.375 51.1101 24.8
      vertex 104.239 51.0193 24.8
    endloop
  endfacet
  facet normal 0.555265 -0.831674 0
    outer loop
      vertex 104.375 51.1101 24.8
      vertex 104.239 51.0193 14.8
      vertex 104.375 51.1101 14.8
    endloop
  endfacet
  facet normal 0.948008 0.318247 -8.41457e-20
    outer loop
      vertex 103.845 49.5492 24.8
      vertex 103.793 49.7041 14.8
      vertex 103.793 49.7041 24.8
    endloop
  endfacet
  facet normal 0.948008 0.318247 -8.41457e-20
    outer loop
      vertex 103.793 49.7041 14.8
      vertex 103.845 49.5492 24.8
      vertex 103.845 49.5492 14.8
    endloop
  endfacet
  facet normal -0.831109 0.55611 -1.94517e-19
    outer loop
      vertex 105.992 49.2666 14.8
      vertex 106.083 49.4026 24.8
      vertex 106.083 49.4026 14.8
    endloop
  endfacet
  facet normal -0.831109 0.55611 -1.94517e-19
    outer loop
      vertex 106.083 49.4026 24.8
      vertex 105.992 49.2666 14.8
      vertex 105.992 49.2666 24.8
    endloop
  endfacet
  facet normal 0.980651 -0.195763 -1.51167e-19
    outer loop
      vertex 103.761 50.1908 24.8
      vertex 103.793 50.3511 14.8
      vertex 103.793 50.3511 24.8
    endloop
  endfacet
  facet normal 0.980651 -0.195763 -1.51167e-19
    outer loop
      vertex 103.793 50.3511 14.8
      vertex 103.761 50.1908 24.8
      vertex 103.761 50.1908 14.8
    endloop
  endfacet
  facet normal -0.441344 -0.897338 0
    outer loop
      vertex 105.478 51.1824 14.8
      vertex 105.625 51.1101 24.8
      vertex 105.478 51.1824 24.8
    endloop
  endfacet
  facet normal -0.441344 -0.897338 -0
    outer loop
      vertex 105.625 51.1101 24.8
      vertex 105.478 51.1824 14.8
      vertex 105.625 51.1101 14.8
    endloop
  endfacet
  facet normal -0.897707 -0.440592 2.51426e-19
    outer loop
      vertex 106.155 50.5059 14.8
      vertex 106.083 50.6526 24.8
      vertex 106.083 50.6526 14.8
    endloop
  endfacet
  facet normal -0.897707 -0.440592 2.51426e-19
    outer loop
      vertex 106.083 50.6526 24.8
      vertex 106.155 50.5059 14.8
      vertex 106.155 50.5059 24.8
    endloop
  endfacet
  facet normal -0.75144 -0.659801 3.8851e-19
    outer loop
      vertex 105.992 50.7885 14.8
      vertex 105.884 50.9115 24.8
      vertex 105.884 50.9115 14.8
    endloop
  endfacet
  facet normal -0.75144 -0.659801 3.8851e-19
    outer loop
      vertex 105.884 50.9115 24.8
      vertex 105.992 50.7885 14.8
      vertex 105.992 50.7885 24.8
    endloop
  endfacet
  facet normal 0.997736 -0.0672494 -1.38481e-20
    outer loop
      vertex 103.75 50.0276 24.8
      vertex 103.761 50.1908 14.8
      vertex 103.761 50.1908 24.8
    endloop
  endfacet
  facet normal 0.997736 -0.0672494 -1.38481e-20
    outer loop
      vertex 103.761 50.1908 14.8
      vertex 103.75 50.0276 24.8
      vertex 103.75 50.0276 14.8
    endloop
  endfacet
  facet normal 0.83092 -0.556392 -1.40161e-19
    outer loop
      vertex 103.917 50.6526 24.8
      vertex 104.008 50.7885 14.8
      vertex 104.008 50.7885 24.8
    endloop
  endfacet
  facet normal 0.83092 -0.556392 -1.40161e-19
    outer loop
      vertex 104.008 50.7885 14.8
      vertex 103.917 50.6526 24.8
      vertex 103.917 50.6526 14.8
    endloop
  endfacet
  facet normal -0.441835 0.897096 0
    outer loop
      vertex 105.625 48.9451 14.8
      vertex 105.478 48.8727 24.8
      vertex 105.625 48.9451 24.8
    endloop
  endfacet
  facet normal -0.441835 0.897096 0
    outer loop
      vertex 105.478 48.8727 24.8
      vertex 105.625 48.9451 14.8
      vertex 105.478 48.8727 14.8
    endloop
  endfacet
  facet normal -0.0655032 0.997852 0
    outer loop
      vertex 105.163 48.7883 14.8
      vertex 105 48.7776 24.8
      vertex 105.163 48.7883 24.8
    endloop
  endfacet
  facet normal -0.0655032 0.997852 0
    outer loop
      vertex 105 48.7776 24.8
      vertex 105.163 48.7883 14.8
      vertex 105 48.7776 14.8
    endloop
  endfacet
  facet normal 0.194358 0.980931 -0
    outer loop
      vertex 104.837 48.7883 14.8
      vertex 104.676 48.8202 24.8
      vertex 104.837 48.7883 24.8
    endloop
  endfacet
  facet normal 0.194358 0.980931 0
    outer loop
      vertex 104.676 48.8202 24.8
      vertex 104.837 48.7883 14.8
      vertex 104.676 48.8202 14.8
    endloop
  endfacet
  facet normal 0.65911 -0.752046 0
    outer loop
      vertex 104.116 50.9115 14.8
      vertex 104.239 51.0193 24.8
      vertex 104.116 50.9115 24.8
    endloop
  endfacet
  facet normal 0.65911 -0.752046 0
    outer loop
      vertex 104.239 51.0193 24.8
      vertex 104.116 50.9115 14.8
      vertex 104.239 51.0193 14.8
    endloop
  endfacet
  facet normal 0.897707 -0.440592 -2.51426e-19
    outer loop
      vertex 103.845 50.5059 24.8
      vertex 103.917 50.6526 14.8
      vertex 103.917 50.6526 24.8
    endloop
  endfacet
  facet normal 0.897707 -0.440592 -2.51426e-19
    outer loop
      vertex 103.917 50.6526 14.8
      vertex 103.845 50.5059 24.8
      vertex 103.845 50.5059 14.8
    endloop
  endfacet
  facet normal 0.947946 -0.318431 2.1224e-19
    outer loop
      vertex 103.793 50.3511 24.8
      vertex 103.845 50.5059 14.8
      vertex 103.845 50.5059 24.8
    endloop
  endfacet
  facet normal 0.947946 -0.318431 2.1224e-19
    outer loop
      vertex 103.845 50.5059 14.8
      vertex 103.793 50.3511 24.8
      vertex 103.793 50.3511 14.8
    endloop
  endfacet
  facet normal 0.555265 0.831674 -0
    outer loop
      vertex 104.375 48.9451 14.8
      vertex 104.239 49.0359 24.8
      vertex 104.375 48.9451 24.8
    endloop
  endfacet
  facet normal 0.555265 0.831674 0
    outer loop
      vertex 104.239 49.0359 24.8
      vertex 104.375 48.9451 14.8
      vertex 104.239 49.0359 14.8
    endloop
  endfacet
  facet normal 0.0655032 0.997852 -0
    outer loop
      vertex 105 48.7776 14.8
      vertex 104.837 48.7883 24.8
      vertex 105 48.7776 24.8
    endloop
  endfacet
  facet normal 0.0655032 0.997852 0
    outer loop
      vertex 104.837 48.7883 24.8
      vertex 105 48.7776 14.8
      vertex 104.837 48.7883 14.8
    endloop
  endfacet
  facet normal 1 -0 0
    outer loop
      vertex 76.5 76.5 24.8
      vertex 76.5 82.5 2.5
      vertex 76.5 82.5 24.8
    endloop
  endfacet
  facet normal 1 0 0
    outer loop
      vertex 76.5 82.5 2.5
      vertex 76.5 76.5 24.8
      vertex 76.5 76.5 2.5
    endloop
  endfacet
  facet normal 0 0 1
    outer loop
      vertex 76.5 82.5 24.8
      vertex 74.75 79.5 24.8
      vertex 76.5 76.5 24.8
    endloop
  endfacet
  facet normal 0 0 1
    outer loop
      vertex 76.5 82.5 24.8
      vertex 74.7393 79.6632 24.8
      vertex 74.75 79.5 24.8
    endloop
  endfacet
  facet normal 0 0 1
    outer loop
      vertex 76.5 82.5 24.8
      vertex 74.7074 79.8235 24.8
      vertex 74.7393 79.6632 24.8
    endloop
  endfacet
  facet normal 0 0 1
    outer loop
      vertex 76.5 82.5 24.8
      vertex 74.6548 79.9784 24.8
      vertex 74.7074 79.8235 24.8
    endloop
  endfacet
  facet normal 0 0 1
    outer loop
      vertex 76.5 82.5 24.8
      vertex 74.5825 80.125 24.8
      vertex 74.6548 79.9784 24.8
    endloop
  endfacet
  facet normal 0 0 1
    outer loop
      vertex 76.5 82.5 24.8
      vertex 74.4917 80.2609 24.8
      vertex 74.5825 80.125 24.8
    endloop
  endfacet
  facet normal 0 0 1
    outer loop
      vertex 76.5 82.5 24.8
      vertex 74.3839 80.3839 24.8
      vertex 74.4917 80.2609 24.8
    endloop
  endfacet
  facet normal 0 0 1
    outer loop
      vertex 76.5 82.5 24.8
      vertex 74.2609 80.4917 24.8
      vertex 74.3839 80.3839 24.8
    endloop
  endfacet
  facet normal 0 0 1
    outer loop
      vertex 76.5 82.5 24.8
      vertex 74.125 80.5825 24.8
      vertex 74.2609 80.4917 24.8
    endloop
  endfacet
  facet normal 0 0 1
    outer loop
      vertex 76.5 82.5 24.8
      vertex 73.9784 80.6548 24.8
      vertex 74.125 80.5825 24.8
    endloop
  endfacet
  facet normal 0 0 1
    outer loop
      vertex 76.5 82.5 24.8
      vertex 73.8235 80.7074 24.8
      vertex 73.9784 80.6548 24.8
    endloop
  endfacet
  facet normal 0 0 1
    outer loop
      vertex 76.5 82.5 24.8
      vertex 73.6632 80.7393 24.8
      vertex 73.8235 80.7074 24.8
    endloop
  endfacet
  facet normal 0 0 1
    outer loop
      vertex 76.5 82.5 24.8
      vertex 73.5 80.75 24.8
      vertex 73.6632 80.7393 24.8
    endloop
  endfacet
  facet normal -0 0 1
    outer loop
      vertex 70.5 82.5 24.8
      vertex 73.5 80.75 24.8
      vertex 76.5 82.5 24.8
    endloop
  endfacet
  facet normal 0 0 1
    outer loop
      vertex 73.5 80.75 24.8
      vertex 70.5 82.5 24.8
      vertex 73.3368 80.7393 24.8
    endloop
  endfacet
  facet normal 0 0 1
    outer loop
      vertex 73.3368 80.7393 24.8
      vertex 70.5 82.5 24.8
      vertex 73.1765 80.7074 24.8
    endloop
  endfacet
  facet normal 0 0 1
    outer loop
      vertex 73.1765 80.7074 24.8
      vertex 70.5 82.5 24.8
      vertex 73.0216 80.6548 24.8
    endloop
  endfacet
  facet normal 0 0 1
    outer loop
      vertex 72.2607 79.6632 24.8
      vertex 70.5 82.5 24.8
      vertex 72.25 79.5 24.8
    endloop
  endfacet
  facet normal 0 0 1
    outer loop
      vertex 72.2926 79.8235 24.8
      vertex 70.5 82.5 24.8
      vertex 72.2607 79.6632 24.8
    endloop
  endfacet
  facet normal 0 0 1
    outer loop
      vertex 72.3452 79.9784 24.8
      vertex 70.5 82.5 24.8
      vertex 72.2926 79.8235 24.8
    endloop
  endfacet
  facet normal 0 0 1
    outer loop
      vertex 72.4175 80.125 24.8
      vertex 70.5 82.5 24.8
      vertex 72.3452 79.9784 24.8
    endloop
  endfacet
  facet normal 0 0 1
    outer loop
      vertex 72.5083 80.2609 24.8
      vertex 70.5 82.5 24.8
      vertex 72.4175 80.125 24.8
    endloop
  endfacet
  facet normal 0 0 1
    outer loop
      vertex 72.6161 80.3839 24.8
      vertex 70.5 82.5 24.8
      vertex 72.5083 80.2609 24.8
    endloop
  endfacet
  facet normal 0 0 1
    outer loop
      vertex 72.739 80.4917 24.8
      vertex 70.5 82.5 24.8
      vertex 72.6161 80.3839 24.8
    endloop
  endfacet
  facet normal 0 0 1
    outer loop
      vertex 72.875 80.5825 24.8
      vertex 70.5 82.5 24.8
      vertex 72.739 80.4917 24.8
    endloop
  endfacet
  facet normal 0 0 1
    outer loop
      vertex 73.0216 80.6548 24.8
      vertex 70.5 82.5 24.8
      vertex 72.875 80.5825 24.8
    endloop
  endfacet
  facet normal -0 0 1
    outer loop
      vertex 74.7393 79.3368 24.8
      vertex 76.5 76.5 24.8
      vertex 74.75 79.5 24.8
    endloop
  endfacet
  facet normal -0 0 1
    outer loop
      vertex 74.7074 79.1765 24.8
      vertex 76.5 76.5 24.8
      vertex 74.7393 79.3368 24.8
    endloop
  endfacet
  facet normal -0 0 1
    outer loop
      vertex 74.6548 79.0216 24.8
      vertex 76.5 76.5 24.8
      vertex 74.7074 79.1765 24.8
    endloop
  endfacet
  facet normal -0 0 1
    outer loop
      vertex 74.5825 78.875 24.8
      vertex 76.5 76.5 24.8
      vertex 74.6548 79.0216 24.8
    endloop
  endfacet
  facet normal -0 0 1
    outer loop
      vertex 74.4917 78.739 24.8
      vertex 76.5 76.5 24.8
      vertex 74.5825 78.875 24.8
    endloop
  endfacet
  facet normal -0 0 1
    outer loop
      vertex 74.3839 78.6161 24.8
      vertex 76.5 76.5 24.8
      vertex 74.4917 78.739 24.8
    endloop
  endfacet
  facet normal -0 0 1
    outer loop
      vertex 74.2609 78.5083 24.8
      vertex 76.5 76.5 24.8
      vertex 74.3839 78.6161 24.8
    endloop
  endfacet
  facet normal -0 0 1
    outer loop
      vertex 74.125 78.4175 24.8
      vertex 76.5 76.5 24.8
      vertex 74.2609 78.5083 24.8
    endloop
  endfacet
  facet normal -0 0 1
    outer loop
      vertex 73.9784 78.3452 24.8
      vertex 76.5 76.5 24.8
      vertex 74.125 78.4175 24.8
    endloop
  endfacet
  facet normal -0 0 1
    outer loop
      vertex 73.8235 78.2926 24.8
      vertex 76.5 76.5 24.8
      vertex 73.9784 78.3452 24.8
    endloop
  endfacet
  facet normal -0 0 1
    outer loop
      vertex 73.6632 78.2607 24.8
      vertex 76.5 76.5 24.8
      vertex 73.8235 78.2926 24.8
    endloop
  endfacet
  facet normal -0 0 1
    outer loop
      vertex 73.5 78.25 24.8
      vertex 76.5 76.5 24.8
      vertex 73.6632 78.2607 24.8
    endloop
  endfacet
  facet normal 0 0 1
    outer loop
      vertex 70.5 76.5 24.8
      vertex 73.5 78.25 24.8
      vertex 73.3368 78.2607 24.8
    endloop
  endfacet
  facet normal 0 0 1
    outer loop
      vertex 70.5 76.5 24.8
      vertex 73.3368 78.2607 24.8
      vertex 73.1765 78.2926 24.8
    endloop
  endfacet
  facet normal 0 0 1
    outer loop
      vertex 70.5 76.5 24.8
      vertex 73.1765 78.2926 24.8
      vertex 73.0216 78.3452 24.8
    endloop
  endfacet
  facet normal 0 0 1
    outer loop
      vertex 70.5 76.5 24.8
      vertex 73.0216 78.3452 24.8
      vertex 72.875 78.4175 24.8
    endloop
  endfacet
  facet normal 0 0 1
    outer loop
      vertex 70.5 76.5 24.8
      vertex 72.25 79.5 24.8
      vertex 70.5 82.5 24.8
    endloop
  endfacet
  facet normal 0 0 1
    outer loop
      vertex 72.25 79.5 24.8
      vertex 70.5 76.5 24.8
      vertex 72.2607 79.3368 24.8
    endloop
  endfacet
  facet normal 0 0 1
    outer loop
      vertex 72.2607 79.3368 24.8
      vertex 70.5 76.5 24.8
      vertex 72.2926 79.1765 24.8
    endloop
  endfacet
  facet normal 0 0 1
    outer loop
      vertex 72.2926 79.1765 24.8
      vertex 70.5 76.5 24.8
      vertex 72.3452 79.0216 24.8
    endloop
  endfacet
  facet normal 0 0 1
    outer loop
      vertex 73.5 78.25 24.8
      vertex 70.5 76.5 24.8
      vertex 76.5 76.5 24.8
    endloop
  endfacet
  facet normal 0 0 1
    outer loop
      vertex 72.739 78.5083 24.8
      vertex 70.5 76.5 24.8
      vertex 72.875 78.4175 24.8
    endloop
  endfacet
  facet normal 0 0 1
    outer loop
      vertex 72.6161 78.6161 24.8
      vertex 70.5 76.5 24.8
      vertex 72.739 78.5083 24.8
    endloop
  endfacet
  facet normal 0 0 1
    outer loop
      vertex 72.5083 78.739 24.8
      vertex 70.5 76.5 24.8
      vertex 72.6161 78.6161 24.8
    endloop
  endfacet
  facet normal 0 0 1
    outer loop
      vertex 72.4175 78.875 24.8
      vertex 70.5 76.5 24.8
      vertex 72.5083 78.739 24.8
    endloop
  endfacet
  facet normal 0 0 1
    outer loop
      vertex 72.3452 79.0216 24.8
      vertex 70.5 76.5 24.8
      vertex 72.4175 78.875 24.8
    endloop
  endfacet
  facet normal -1 0 0
    outer loop
      vertex 70.5 76.5 2.5
      vertex 70.5 82.5 24.8
      vertex 70.5 82.5 2.5
    endloop
  endfacet
  facet normal -1 -0 0
    outer loop
      vertex 70.5 82.5 24.8
      vertex 70.5 76.5 2.5
      vertex 70.5 76.5 24.8
    endloop
  endfacet
  facet normal 0 1 -0
    outer loop
      vertex 76.5 82.5 2.5
      vertex 70.5 82.5 24.8
      vertex 76.5 82.5 24.8
    endloop
  endfacet
  facet normal 0 1 0
    outer loop
      vertex 70.5 82.5 24.8
      vertex 76.5 82.5 2.5
      vertex 70.5 82.5 2.5
    endloop
  endfacet
  facet normal 0 -1 0
    outer loop
      vertex 70.5 76.5 2.5
      vertex 76.5 76.5 24.8
      vertex 70.5 76.5 24.8
    endloop
  endfacet
  facet normal 0 -1 -0
    outer loop
      vertex 76.5 76.5 24.8
      vertex 70.5 76.5 2.5
      vertex 76.5 76.5 2.5
    endloop
  endfacet
  facet normal -0.195175 0.980768 0
    outer loop
      vertex 73.8235 78.2926 14.8
      vertex 73.6632 78.2607 24.8
      vertex 73.8235 78.2926 24.8
    endloop
  endfacet
  facet normal -0.195175 0.980768 0
    outer loop
      vertex 73.6632 78.2607 24.8
      vertex 73.8235 78.2926 14.8
      vertex 73.6632 78.2607 14.8
    endloop
  endfacet
  facet normal -0.980768 -0.195175 9.24787e-20
    outer loop
      vertex 74.7393 79.6632 14.8
      vertex 74.7074 79.8235 24.8
      vertex 74.7074 79.8235 14.8
    endloop
  endfacet
  facet normal -0.980768 -0.195175 9.24787e-20
    outer loop
      vertex 74.7074 79.8235 24.8
      vertex 74.7393 79.6632 14.8
      vertex 74.7393 79.6632 24.8
    endloop
  endfacet
  facet normal -0.997858 -0.0654233 -5.90949e-20
    outer loop
      vertex 74.75 79.5 14.8
      vertex 74.7393 79.6632 24.8
      vertex 74.7393 79.6632 14.8
    endloop
  endfacet
  facet normal -0.997858 -0.0654233 -5.90949e-20
    outer loop
      vertex 74.7393 79.6632 24.8
      vertex 74.75 79.5 14.8
      vertex 74.75 79.5 24.8
    endloop
  endfacet
  facet normal 0 0 1
    outer loop
      vertex 74.7393 79.6632 14.8
      vertex 74.7393 79.3368 14.8
      vertex 74.75 79.5 14.8
    endloop
  endfacet
  facet normal 0 0 1
    outer loop
      vertex 74.7074 79.8235 14.8
      vertex 74.7393 79.3368 14.8
      vertex 74.7393 79.6632 14.8
    endloop
  endfacet
  facet normal 0 0 1
    outer loop
      vertex 74.7074 79.8235 14.8
      vertex 74.7074 79.1765 14.8
      vertex 74.7393 79.3368 14.8
    endloop
  endfacet
  facet normal 0 0 1
    outer loop
      vertex 74.6548 79.9784 14.8
      vertex 74.7074 79.1765 14.8
      vertex 74.7074 79.8235 14.8
    endloop
  endfacet
  facet normal 0 0 1
    outer loop
      vertex 74.6548 79.9784 14.8
      vertex 74.6548 79.0216 14.8
      vertex 74.7074 79.1765 14.8
    endloop
  endfacet
  facet normal 0 0 1
    outer loop
      vertex 74.5825 80.125 14.8
      vertex 74.6548 79.0216 14.8
      vertex 74.6548 79.9784 14.8
    endloop
  endfacet
  facet normal 0 0 1
    outer loop
      vertex 74.5825 80.125 14.8
      vertex 74.5825 78.875 14.8
      vertex 74.6548 79.0216 14.8
    endloop
  endfacet
  facet normal 0 0 1
    outer loop
      vertex 74.4917 80.2609 14.8
      vertex 74.5825 78.875 14.8
      vertex 74.5825 80.125 14.8
    endloop
  endfacet
  facet normal 0 0 1
    outer loop
      vertex 74.4917 80.2609 14.8
      vertex 74.4917 78.739 14.8
      vertex 74.5825 78.875 14.8
    endloop
  endfacet
  facet normal 0 0 1
    outer loop
      vertex 74.3839 80.3839 14.8
      vertex 74.4917 78.739 14.8
      vertex 74.4917 80.2609 14.8
    endloop
  endfacet
  facet normal 0 0 1
    outer loop
      vertex 74.3839 80.3839 14.8
      vertex 74.3839 78.6161 14.8
      vertex 74.4917 78.739 14.8
    endloop
  endfacet
  facet normal 0 0 1
    outer loop
      vertex 74.2609 80.4917 14.8
      vertex 74.3839 78.6161 14.8
      vertex 74.3839 80.3839 14.8
    endloop
  endfacet
  facet normal 0 0 1
    outer loop
      vertex 74.2609 80.4917 14.8
      vertex 74.2609 78.5083 14.8
      vertex 74.3839 78.6161 14.8
    endloop
  endfacet
  facet normal 0 0 1
    outer loop
      vertex 74.125 80.5825 14.8
      vertex 74.2609 78.5083 14.8
      vertex 74.2609 80.4917 14.8
    endloop
  endfacet
  facet normal 0 0 1
    outer loop
      vertex 74.125 80.5825 14.8
      vertex 74.125 78.4175 14.8
      vertex 74.2609 78.5083 14.8
    endloop
  endfacet
  facet normal 0 0 1
    outer loop
      vertex 73.9784 80.6548 14.8
      vertex 74.125 78.4175 14.8
      vertex 74.125 80.5825 14.8
    endloop
  endfacet
  facet normal 0 0 1
    outer loop
      vertex 73.9784 80.6548 14.8
      vertex 73.9784 78.3452 14.8
      vertex 74.125 78.4175 14.8
    endloop
  endfacet
  facet normal 0 0 1
    outer loop
      vertex 73.8235 80.7074 14.8
      vertex 73.9784 78.3452 14.8
      vertex 73.9784 80.6548 14.8
    endloop
  endfacet
  facet normal 0 0 1
    outer loop
      vertex 73.8235 80.7074 14.8
      vertex 73.8235 78.2926 14.8
      vertex 73.9784 78.3452 14.8
    endloop
  endfacet
  facet normal 0 0 1
    outer loop
      vertex 73.6632 80.7393 14.8
      vertex 73.8235 78.2926 14.8
      vertex 73.8235 80.7074 14.8
    endloop
  endfacet
  facet normal 0 0 1
    outer loop
      vertex 73.6632 80.7393 14.8
      vertex 73.6632 78.2607 14.8
      vertex 73.8235 78.2926 14.8
    endloop
  endfacet
  facet normal 0 0 1
    outer loop
      vertex 73.5 80.75 14.8
      vertex 73.6632 78.2607 14.8
      vertex 73.6632 80.7393 14.8
    endloop
  endfacet
  facet normal 0 0 1
    outer loop
      vertex 73.5 80.75 14.8
      vertex 73.5 78.25 14.8
      vertex 73.6632 78.2607 14.8
    endloop
  endfacet
  facet normal -0 0 1
    outer loop
      vertex 73.3368 80.7393 14.8
      vertex 73.5 78.25 14.8
      vertex 73.5 80.75 14.8
    endloop
  endfacet
  facet normal 0 0 1
    outer loop
      vertex 73.3368 80.7393 14.8
      vertex 73.3368 78.2607 14.8
      vertex 73.5 78.25 14.8
    endloop
  endfacet
  facet normal -0 0 1
    outer loop
      vertex 73.1765 80.7074 14.8
      vertex 73.3368 78.2607 14.8
      vertex 73.3368 80.7393 14.8
    endloop
  endfacet
  facet normal 0 0 1
    outer loop
      vertex 73.1765 80.7074 14.8
      vertex 73.1765 78.2926 14.8
      vertex 73.3368 78.2607 14.8
    endloop
  endfacet
  facet normal -0 0 1
    outer loop
      vertex 73.0216 80.6548 14.8
      vertex 73.1765 78.2926 14.8
      vertex 73.1765 80.7074 14.8
    endloop
  endfacet
  facet normal 0 0 1
    outer loop
      vertex 73.0216 80.6548 14.8
      vertex 73.0216 78.3452 14.8
      vertex 73.1765 78.2926 14.8
    endloop
  endfacet
  facet normal -0 0 1
    outer loop
      vertex 72.875 80.5825 14.8
      vertex 73.0216 78.3452 14.8
      vertex 73.0216 80.6548 14.8
    endloop
  endfacet
  facet normal 0 0 1
    outer loop
      vertex 72.875 80.5825 14.8
      vertex 72.875 78.4175 14.8
      vertex 73.0216 78.3452 14.8
    endloop
  endfacet
  facet normal -0 0 1
    outer loop
      vertex 72.739 80.4917 14.8
      vertex 72.875 78.4175 14.8
      vertex 72.875 80.5825 14.8
    endloop
  endfacet
  facet normal 0 0 1
    outer loop
      vertex 72.739 80.4917 14.8
      vertex 72.739 78.5083 14.8
      vertex 72.875 78.4175 14.8
    endloop
  endfacet
  facet normal -0 0 1
    outer loop
      vertex 72.6161 80.3839 14.8
      vertex 72.739 78.5083 14.8
      vertex 72.739 80.4917 14.8
    endloop
  endfacet
  facet normal 0 0 1
    outer loop
      vertex 72.6161 80.3839 14.8
      vertex 72.6161 78.6161 14.8
      vertex 72.739 78.5083 14.8
    endloop
  endfacet
  facet normal -0 0 1
    outer loop
      vertex 72.5083 80.2609 14.8
      vertex 72.6161 78.6161 14.8
      vertex 72.6161 80.3839 14.8
    endloop
  endfacet
  facet normal 0 0 1
    outer loop
      vertex 72.5083 80.2609 14.8
      vertex 72.5083 78.739 14.8
      vertex 72.6161 78.6161 14.8
    endloop
  endfacet
  facet normal -0 0 1
    outer loop
      vertex 72.4175 80.125 14.8
      vertex 72.5083 78.739 14.8
      vertex 72.5083 80.2609 14.8
    endloop
  endfacet
  facet normal 0 0 1
    outer loop
      vertex 72.4175 80.125 14.8
      vertex 72.4175 78.875 14.8
      vertex 72.5083 78.739 14.8
    endloop
  endfacet
  facet normal -0 0 1
    outer loop
      vertex 72.3452 79.9784 14.8
      vertex 72.4175 78.875 14.8
      vertex 72.4175 80.125 14.8
    endloop
  endfacet
  facet normal 0 0 1
    outer loop
      vertex 72.3452 79.9784 14.8
      vertex 72.3452 79.0216 14.8
      vertex 72.4175 78.875 14.8
    endloop
  endfacet
  facet normal -0 0 1
    outer loop
      vertex 72.2926 79.8235 14.8
      vertex 72.3452 79.0216 14.8
      vertex 72.3452 79.9784 14.8
    endloop
  endfacet
  facet normal 0 0 1
    outer loop
      vertex 72.2926 79.8235 14.8
      vertex 72.2926 79.1765 14.8
      vertex 72.3452 79.0216 14.8
    endloop
  endfacet
  facet normal -0 0 1
    outer loop
      vertex 72.2607 79.6632 14.8
      vertex 72.2926 79.1765 14.8
      vertex 72.2926 79.8235 14.8
    endloop
  endfacet
  facet normal 0 0 1
    outer loop
      vertex 72.2607 79.6632 14.8
      vertex 72.2607 79.3368 14.8
      vertex 72.2926 79.1765 14.8
    endloop
  endfacet
  facet normal 0 -0 1
    outer loop
      vertex 72.2607 79.3368 14.8
      vertex 72.2607 79.6632 14.8
      vertex 72.25 79.5 14.8
    endloop
  endfacet
  facet normal -0.946896 0.321541 5.37455e-20
    outer loop
      vertex 74.6548 79.0216 14.8
      vertex 74.7074 79.1765 24.8
      vertex 74.7074 79.1765 14.8
    endloop
  endfacet
  facet normal -0.946896 0.321541 5.37455e-20
    outer loop
      vertex 74.7074 79.1765 24.8
      vertex 74.6548 79.0216 14.8
      vertex 74.6548 79.0216 24.8
    endloop
  endfacet
  facet normal 0.980768 0.195175 9.24787e-20
    outer loop
      vertex 72.2926 79.1765 24.8
      vertex 72.2607 79.3368 14.8
      vertex 72.2607 79.3368 24.8
    endloop
  endfacet
  facet normal 0.980768 0.195175 9.24787e-20
    outer loop
      vertex 72.2607 79.3368 14.8
      vertex 72.2926 79.1765 24.8
      vertex 72.2926 79.1765 14.8
    endloop
  endfacet
  facet normal 0.321541 0.946896 -0
    outer loop
      vertex 73.1765 78.2926 14.8
      vertex 73.0216 78.3452 24.8
      vertex 73.1765 78.2926 24.8
    endloop
  endfacet
  facet normal 0.321541 0.946896 0
    outer loop
      vertex 73.0216 78.3452 24.8
      vertex 73.1765 78.2926 14.8
      vertex 73.0216 78.3452 14.8
    endloop
  endfacet
  facet normal 0.75178 0.659414 -4.6479e-19
    outer loop
      vertex 72.6161 78.6161 24.8
      vertex 72.5083 78.739 14.8
      vertex 72.5083 78.739 24.8
    endloop
  endfacet
  facet normal 0.75178 0.659414 -4.6479e-19
    outer loop
      vertex 72.5083 78.739 14.8
      vertex 72.6161 78.6161 24.8
      vertex 72.6161 78.6161 14.8
    endloop
  endfacet
  facet normal -0.946896 -0.321541 -5.37455e-20
    outer loop
      vertex 74.7074 79.8235 14.8
      vertex 74.6548 79.9784 24.8
      vertex 74.6548 79.9784 14.8
    endloop
  endfacet
  facet normal -0.946896 -0.321541 -5.37455e-20
    outer loop
      vertex 74.6548 79.9784 24.8
      vertex 74.7074 79.8235 14.8
      vertex 74.7074 79.8235 24.8
    endloop
  endfacet
  facet normal -0.831485 -0.555547 4.4305e-20
    outer loop
      vertex 74.5825 80.125 14.8
      vertex 74.4917 80.2609 24.8
      vertex 74.4917 80.2609 14.8
    endloop
  endfacet
  facet normal -0.831485 -0.555547 4.4305e-20
    outer loop
      vertex 74.4917 80.2609 24.8
      vertex 74.5825 80.125 14.8
      vertex 74.5825 80.125 24.8
    endloop
  endfacet
  facet normal 0.442313 -0.896861 0
    outer loop
      vertex 72.875 80.5825 14.8
      vertex 73.0216 80.6548 24.8
      vertex 72.875 80.5825 24.8
    endloop
  endfacet
  facet normal 0.442313 -0.896861 0
    outer loop
      vertex 73.0216 80.6548 24.8
      vertex 72.875 80.5825 14.8
      vertex 73.0216 80.6548 14.8
    endloop
  endfacet
  facet normal -0.321541 -0.946896 0
    outer loop
      vertex 73.8235 80.7074 14.8
      vertex 73.9784 80.6548 24.8
      vertex 73.8235 80.7074 24.8
    endloop
  endfacet
  facet normal -0.321541 -0.946896 -0
    outer loop
      vertex 73.9784 80.6548 24.8
      vertex 73.8235 80.7074 14.8
      vertex 73.9784 80.6548 14.8
    endloop
  endfacet
  facet normal -0.65911 -0.752046 0
    outer loop
      vertex 74.2609 80.4917 14.8
      vertex 74.3839 80.3839 24.8
      vertex 74.2609 80.4917 24.8
    endloop
  endfacet
  facet normal -0.65911 -0.752046 -0
    outer loop
      vertex 74.3839 80.3839 24.8
      vertex 74.2609 80.4917 14.8
      vertex 74.3839 80.3839 14.8
    endloop
  endfacet
  facet normal -0.896861 0.442313 4.79753e-19
    outer loop
      vertex 74.5825 78.875 14.8
      vertex 74.6548 79.0216 24.8
      vertex 74.6548 79.0216 14.8
    endloop
  endfacet
  facet normal -0.896861 0.442313 4.79753e-19
    outer loop
      vertex 74.6548 79.0216 24.8
      vertex 74.5825 78.875 14.8
      vertex 74.5825 78.875 24.8
    endloop
  endfacet
  facet normal -0.997858 0.0654233 5.90949e-20
    outer loop
      vertex 74.7393 79.3368 14.8
      vertex 74.75 79.5 24.8
      vertex 74.75 79.5 14.8
    endloop
  endfacet
  facet normal -0.997858 0.0654233 5.90949e-20
    outer loop
      vertex 74.75 79.5 24.8
      vertex 74.7393 79.3368 14.8
      vertex 74.7393 79.3368 24.8
    endloop
  endfacet
  facet normal 0.752046 -0.65911 4.14089e-19
    outer loop
      vertex 72.5083 80.2609 24.8
      vertex 72.6161 80.3839 14.8
      vertex 72.6161 80.3839 24.8
    endloop
  endfacet
  facet normal 0.752046 -0.65911 4.14089e-19
    outer loop
      vertex 72.6161 80.3839 14.8
      vertex 72.5083 80.2609 24.8
      vertex 72.5083 80.2609 14.8
    endloop
  endfacet
  facet normal 0.442313 0.896861 -0
    outer loop
      vertex 73.0216 78.3452 14.8
      vertex 72.875 78.4175 24.8
      vertex 73.0216 78.3452 24.8
    endloop
  endfacet
  facet normal 0.442313 0.896861 0
    outer loop
      vertex 72.875 78.4175 24.8
      vertex 73.0216 78.3452 14.8
      vertex 72.875 78.4175 14.8
    endloop
  endfacet
  facet normal -0.65911 0.752046 0
    outer loop
      vertex 74.3839 78.6161 14.8
      vertex 74.2609 78.5083 24.8
      vertex 74.3839 78.6161 24.8
    endloop
  endfacet
  facet normal -0.65911 0.752046 0
    outer loop
      vertex 74.2609 78.5083 24.8
      vertex 74.3839 78.6161 14.8
      vertex 74.2609 78.5083 14.8
    endloop
  endfacet
  facet normal 0.321541 -0.946896 0
    outer loop
      vertex 73.0216 80.6548 14.8
      vertex 73.1765 80.7074 24.8
      vertex 73.0216 80.6548 24.8
    endloop
  endfacet
  facet normal 0.321541 -0.946896 0
    outer loop
      vertex 73.1765 80.7074 24.8
      vertex 73.0216 80.6548 14.8
      vertex 73.1765 80.7074 14.8
    endloop
  endfacet
  facet normal -0.555547 0.831485 0
    outer loop
      vertex 74.2609 78.5083 14.8
      vertex 74.125 78.4175 24.8
      vertex 74.2609 78.5083 24.8
    endloop
  endfacet
  facet normal -0.555547 0.831485 0
    outer loop
      vertex 74.125 78.4175 24.8
      vertex 74.2609 78.5083 14.8
      vertex 74.125 78.4175 14.8
    endloop
  endfacet
  facet normal -0.980768 0.195175 -9.24787e-20
    outer loop
      vertex 74.7074 79.1765 14.8
      vertex 74.7393 79.3368 24.8
      vertex 74.7393 79.3368 14.8
    endloop
  endfacet
  facet normal -0.980768 0.195175 -9.24787e-20
    outer loop
      vertex 74.7393 79.3368 24.8
      vertex 74.7074 79.1765 14.8
      vertex 74.7074 79.1765 24.8
    endloop
  endfacet
  facet normal -0.0654233 -0.997858 0
    outer loop
      vertex 73.5 80.75 14.8
      vertex 73.6632 80.7393 24.8
      vertex 73.5 80.75 24.8
    endloop
  endfacet
  facet normal -0.0654233 -0.997858 -0
    outer loop
      vertex 73.6632 80.7393 24.8
      vertex 73.5 80.75 14.8
      vertex 73.6632 80.7393 14.8
    endloop
  endfacet
  facet normal 0.997858 0.0654233 -5.90949e-20
    outer loop
      vertex 72.2607 79.3368 24.8
      vertex 72.25 79.5 14.8
      vertex 72.25 79.5 24.8
    endloop
  endfacet
  facet normal 0.997858 0.0654233 -5.90949e-20
    outer loop
      vertex 72.25 79.5 14.8
      vertex 72.2607 79.3368 24.8
      vertex 72.2607 79.3368 14.8
    endloop
  endfacet
  facet normal -0.321541 0.946896 0
    outer loop
      vertex 73.9784 78.3452 14.8
      vertex 73.8235 78.2926 24.8
      vertex 73.9784 78.3452 24.8
    endloop
  endfacet
  facet normal -0.321541 0.946896 0
    outer loop
      vertex 73.8235 78.2926 24.8
      vertex 73.9784 78.3452 14.8
      vertex 73.8235 78.2926 14.8
    endloop
  endfacet
  facet normal 0.896861 0.442313 -4.79753e-19
    outer loop
      vertex 72.4175 78.875 24.8
      vertex 72.3452 79.0216 14.8
      vertex 72.3452 79.0216 24.8
    endloop
  endfacet
  facet normal 0.896861 0.442313 -4.79753e-19
    outer loop
      vertex 72.3452 79.0216 14.8
      vertex 72.4175 78.875 24.8
      vertex 72.4175 78.875 14.8
    endloop
  endfacet
  facet normal -0.555547 -0.831485 0
    outer loop
      vertex 74.125 80.5825 14.8
      vertex 74.2609 80.4917 24.8
      vertex 74.125 80.5825 24.8
    endloop
  endfacet
  facet normal -0.555547 -0.831485 -0
    outer loop
      vertex 74.2609 80.4917 24.8
      vertex 74.125 80.5825 14.8
      vertex 74.2609 80.4917 14.8
    endloop
  endfacet
  facet normal 0.195175 -0.980768 0
    outer loop
      vertex 73.1765 80.7074 14.8
      vertex 73.3368 80.7393 24.8
      vertex 73.1765 80.7074 24.8
    endloop
  endfacet
  facet normal 0.195175 -0.980768 0
    outer loop
      vertex 73.3368 80.7393 24.8
      vertex 73.1765 80.7074 14.8
      vertex 73.3368 80.7393 14.8
    endloop
  endfacet
  facet normal 0.831674 0.555265 -6.21492e-20
    outer loop
      vertex 72.5083 78.739 24.8
      vertex 72.4175 78.875 14.8
      vertex 72.4175 78.875 24.8
    endloop
  endfacet
  facet normal 0.831674 0.555265 -6.21492e-20
    outer loop
      vertex 72.4175 78.875 14.8
      vertex 72.5083 78.739 24.8
      vertex 72.5083 78.739 14.8
    endloop
  endfacet
  facet normal 0.0654233 -0.997858 0
    outer loop
      vertex 73.3368 80.7393 14.8
      vertex 73.5 80.75 24.8
      vertex 73.3368 80.7393 24.8
    endloop
  endfacet
  facet normal 0.0654233 -0.997858 0
    outer loop
      vertex 73.5 80.75 24.8
      vertex 73.3368 80.7393 14.8
      vertex 73.5 80.75 14.8
    endloop
  endfacet
  facet normal -0.195175 -0.980768 0
    outer loop
      vertex 73.6632 80.7393 14.8
      vertex 73.8235 80.7074 24.8
      vertex 73.6632 80.7393 24.8
    endloop
  endfacet
  facet normal -0.195175 -0.980768 -0
    outer loop
      vertex 73.8235 80.7074 24.8
      vertex 73.6632 80.7393 14.8
      vertex 73.8235 80.7074 14.8
    endloop
  endfacet
  facet normal 0.659414 0.75178 -0
    outer loop
      vertex 72.739 78.5083 14.8
      vertex 72.6161 78.6161 24.8
      vertex 72.739 78.5083 24.8
    endloop
  endfacet
  facet normal 0.659414 0.75178 0
    outer loop
      vertex 72.6161 78.6161 24.8
      vertex 72.739 78.5083 14.8
      vertex 72.6161 78.6161 14.8
    endloop
  endfacet
  facet normal -0.75178 0.659414 4.6479e-19
    outer loop
      vertex 74.3839 78.6161 14.8
      vertex 74.4917 78.739 24.8
      vertex 74.4917 78.739 14.8
    endloop
  endfacet
  facet normal -0.75178 0.659414 4.6479e-19
    outer loop
      vertex 74.4917 78.739 24.8
      vertex 74.3839 78.6161 14.8
      vertex 74.3839 78.6161 24.8
    endloop
  endfacet
  facet normal 0.555265 -0.831674 0
    outer loop
      vertex 72.739 80.4917 14.8
      vertex 72.875 80.5825 24.8
      vertex 72.739 80.4917 24.8
    endloop
  endfacet
  facet normal 0.555265 -0.831674 0
    outer loop
      vertex 72.875 80.5825 24.8
      vertex 72.739 80.4917 14.8
      vertex 72.875 80.5825 14.8
    endloop
  endfacet
  facet normal 0.946896 0.321541 -5.37455e-20
    outer loop
      vertex 72.3452 79.0216 24.8
      vertex 72.2926 79.1765 14.8
      vertex 72.2926 79.1765 24.8
    endloop
  endfacet
  facet normal 0.946896 0.321541 -5.37455e-20
    outer loop
      vertex 72.2926 79.1765 14.8
      vertex 72.3452 79.0216 24.8
      vertex 72.3452 79.0216 14.8
    endloop
  endfacet
  facet normal -0.831674 0.555265 6.21492e-20
    outer loop
      vertex 74.4917 78.739 14.8
      vertex 74.5825 78.875 24.8
      vertex 74.5825 78.875 14.8
    endloop
  endfacet
  facet normal -0.831674 0.555265 6.21492e-20
    outer loop
      vertex 74.5825 78.875 24.8
      vertex 74.4917 78.739 14.8
      vertex 74.4917 78.739 24.8
    endloop
  endfacet
  facet normal 0.980768 -0.195175 -9.24787e-20
    outer loop
      vertex 72.2607 79.6632 24.8
      vertex 72.2926 79.8235 14.8
      vertex 72.2926 79.8235 24.8
    endloop
  endfacet
  facet normal 0.980768 -0.195175 -9.24787e-20
    outer loop
      vertex 72.2926 79.8235 14.8
      vertex 72.2607 79.6632 24.8
      vertex 72.2607 79.6632 14.8
    endloop
  endfacet
  facet normal -0.442313 -0.896861 0
    outer loop
      vertex 73.9784 80.6548 14.8
      vertex 74.125 80.5825 24.8
      vertex 73.9784 80.6548 24.8
    endloop
  endfacet
  facet normal -0.442313 -0.896861 -0
    outer loop
      vertex 74.125 80.5825 24.8
      vertex 73.9784 80.6548 14.8
      vertex 74.125 80.5825 14.8
    endloop
  endfacet
  facet normal -0.896861 -0.442313 -4.79753e-19
    outer loop
      vertex 74.6548 79.9784 14.8
      vertex 74.5825 80.125 24.8
      vertex 74.5825 80.125 14.8
    endloop
  endfacet
  facet normal -0.896861 -0.442313 -4.79753e-19
    outer loop
      vertex 74.5825 80.125 24.8
      vertex 74.6548 79.9784 14.8
      vertex 74.6548 79.9784 24.8
    endloop
  endfacet
  facet normal -0.752046 -0.65911 -4.14089e-19
    outer loop
      vertex 74.4917 80.2609 14.8
      vertex 74.3839 80.3839 24.8
      vertex 74.3839 80.3839 14.8
    endloop
  endfacet
  facet normal -0.752046 -0.65911 -4.14089e-19
    outer loop
      vertex 74.3839 80.3839 24.8
      vertex 74.4917 80.2609 14.8
      vertex 74.4917 80.2609 24.8
    endloop
  endfacet
  facet normal 0.997858 -0.0654233 5.90949e-20
    outer loop
      vertex 72.25 79.5 24.8
      vertex 72.2607 79.6632 14.8
      vertex 72.2607 79.6632 24.8
    endloop
  endfacet
  facet normal 0.997858 -0.0654233 5.90949e-20
    outer loop
      vertex 72.2607 79.6632 14.8
      vertex 72.25 79.5 24.8
      vertex 72.25 79.5 14.8
    endloop
  endfacet
  facet normal 0.831485 -0.555547 -4.4305e-20
    outer loop
      vertex 72.4175 80.125 24.8
      vertex 72.5083 80.2609 14.8
      vertex 72.5083 80.2609 24.8
    endloop
  endfacet
  facet normal 0.831485 -0.555547 -4.4305e-20
    outer loop
      vertex 72.5083 80.2609 14.8
      vertex 72.4175 80.125 24.8
      vertex 72.4175 80.125 14.8
    endloop
  endfacet
  facet normal -0.442313 0.896861 0
    outer loop
      vertex 74.125 78.4175 14.8
      vertex 73.9784 78.3452 24.8
      vertex 74.125 78.4175 24.8
    endloop
  endfacet
  facet normal -0.442313 0.896861 0
    outer loop
      vertex 73.9784 78.3452 24.8
      vertex 74.125 78.4175 14.8
      vertex 73.9784 78.3452 14.8
    endloop
  endfacet
  facet normal -0.0654233 0.997858 0
    outer loop
      vertex 73.6632 78.2607 14.8
      vertex 73.5 78.25 24.8
      vertex 73.6632 78.2607 24.8
    endloop
  endfacet
  facet normal -0.0654233 0.997858 0
    outer loop
      vertex 73.5 78.25 24.8
      vertex 73.6632 78.2607 14.8
      vertex 73.5 78.25 14.8
    endloop
  endfacet
  facet normal 0.195175 0.980768 -0
    outer loop
      vertex 73.3368 78.2607 14.8
      vertex 73.1765 78.2926 24.8
      vertex 73.3368 78.2607 24.8
    endloop
  endfacet
  facet normal 0.195175 0.980768 0
    outer loop
      vertex 73.1765 78.2926 24.8
      vertex 73.3368 78.2607 14.8
      vertex 73.1765 78.2926 14.8
    endloop
  endfacet
  facet normal 0.659414 -0.75178 0
    outer loop
      vertex 72.6161 80.3839 14.8
      vertex 72.739 80.4917 24.8
      vertex 72.6161 80.3839 24.8
    endloop
  endfacet
  facet normal 0.659414 -0.75178 0
    outer loop
      vertex 72.739 80.4917 24.8
      vertex 72.6161 80.3839 14.8
      vertex 72.739 80.4917 14.8
    endloop
  endfacet
  facet normal 0.896861 -0.442313 4.79753e-19
    outer loop
      vertex 72.3452 79.9784 24.8
      vertex 72.4175 80.125 14.8
      vertex 72.4175 80.125 24.8
    endloop
  endfacet
  facet normal 0.896861 -0.442313 4.79753e-19
    outer loop
      vertex 72.4175 80.125 14.8
      vertex 72.3452 79.9784 24.8
      vertex 72.3452 79.9784 14.8
    endloop
  endfacet
  facet normal 0.946896 -0.321541 5.37455e-20
    outer loop
      vertex 72.2926 79.8235 24.8
      vertex 72.3452 79.9784 14.8
      vertex 72.3452 79.9784 24.8
    endloop
  endfacet
  facet normal 0.946896 -0.321541 5.37455e-20
    outer loop
      vertex 72.3452 79.9784 14.8
      vertex 72.2926 79.8235 24.8
      vertex 72.2926 79.8235 14.8
    endloop
  endfacet
  facet normal 0.555265 0.831674 -0
    outer loop
      vertex 72.875 78.4175 14.8
      vertex 72.739 78.5083 24.8
      vertex 72.875 78.4175 24.8
    endloop
  endfacet
  facet normal 0.555265 0.831674 0
    outer loop
      vertex 72.739 78.5083 24.8
      vertex 72.875 78.4175 14.8
      vertex 72.739 78.5083 14.8
    endloop
  endfacet
  facet normal 0.0654233 0.997858 -0
    outer loop
      vertex 73.5 78.25 14.8
      vertex 73.3368 78.2607 24.8
      vertex 73.5 78.25 24.8
    endloop
  endfacet
  facet normal 0.0654233 0.997858 0
    outer loop
      vertex 73.3368 78.2607 24.8
      vertex 73.5 78.25 14.8
      vertex 73.3368 78.2607 14.8
    endloop
  endfacet
  facet normal 0.980815 0.19494 6.53026e-19
    outer loop
      vertex 21.9743 -40.6084 7.5
      vertex 21.8978 -40.2235 2.5
      vertex 21.8978 -40.2235 7.5
    endloop
  endfacet
  facet normal 0.980815 0.19494 6.53026e-19
    outer loop
      vertex 21.8978 -40.2235 2.5
      vertex 21.9743 -40.6084 7.5
      vertex 21.9743 -40.6084 2.5
    endloop
  endfacet
  facet normal 0.997853 0.0654873 -4.35269e-19
    outer loop
      vertex 22 -41 7.5
      vertex 21.9743 -40.6084 2.5
      vertex 21.9743 -40.6084 7.5
    endloop
  endfacet
  facet normal 0.997853 0.0654873 -4.35269e-19
    outer loop
      vertex 21.9743 -40.6084 2.5
      vertex 22 -41 7.5
      vertex 22 -41 2.5
    endloop
  endfacet
  facet normal 0.980815 -0.19494 -6.53026e-19
    outer loop
      vertex 21.8978 -41.7765 7.5
      vertex 21.9743 -41.3916 2.5
      vertex 21.9743 -41.3916 7.5
    endloop
  endfacet
  facet normal 0.980815 -0.19494 -6.53026e-19
    outer loop
      vertex 21.9743 -41.3916 2.5
      vertex 21.8978 -41.7765 7.5
      vertex 21.8978 -41.7765 2.5
    endloop
  endfacet
  facet normal 0 0 1
    outer loop
      vertex 20.1 -41 7.5
      vertex 22 -41 7.5
      vertex 21.9743 -40.6084 7.5
    endloop
  endfacet
  facet normal 0 0 1
    outer loop
      vertex 20.0906 -40.8564 7.5
      vertex 21.9743 -40.6084 7.5
      vertex 21.8978 -40.2235 7.5
    endloop
  endfacet
  facet normal 0 0 1
    outer loop
      vertex 22 -41 7.5
      vertex 20.1 -41 7.5
      vertex 21.9743 -41.3916 7.5
    endloop
  endfacet
  facet normal 0 0 1
    outer loop
      vertex 20.0625 -40.7153 7.5
      vertex 21.8978 -40.2235 7.5
      vertex 21.7716 -39.852 7.5
    endloop
  endfacet
  facet normal -0 0 1
    outer loop
      vertex 20.0906 -41.1436 7.5
      vertex 21.9743 -41.3916 7.5
      vertex 20.1 -41 7.5
    endloop
  endfacet
  facet normal 0 0 1
    outer loop
      vertex 20.0163 -40.579 7.5
      vertex 21.7716 -39.852 7.5
      vertex 21.5981 -39.5 7.5
    endloop
  endfacet
  facet normal 0 0 1
    outer loop
      vertex 21.9743 -41.3916 7.5
      vertex 20.0906 -41.1436 7.5
      vertex 21.8978 -41.7765 7.5
    endloop
  endfacet
  facet normal 0 0 1
    outer loop
      vertex 19.9526 -40.45 7.5
      vertex 21.5981 -39.5 7.5
      vertex 21.3801 -39.1737 7.5
    endloop
  endfacet
  facet normal -0 0 1
    outer loop
      vertex 20.0625 -41.2847 7.5
      vertex 21.8978 -41.7765 7.5
      vertex 20.0906 -41.1436 7.5
    endloop
  endfacet
  facet normal 0 0 1
    outer loop
      vertex 19.8727 -40.3304 7.5
      vertex 21.3801 -39.1737 7.5
      vertex 21.1213 -38.8787 7.5
    endloop
  endfacet
  facet normal 0 0 1
    outer loop
      vertex 21.8978 -41.7765 7.5
      vertex 20.0625 -41.2847 7.5
      vertex 21.7716 -42.148 7.5
    endloop
  endfacet
  facet normal 0 0 1
    outer loop
      vertex 19.7778 -40.2222 7.5
      vertex 21.1213 -38.8787 7.5
      vertex 20.8263 -38.6199 7.5
    endloop
  endfacet
  facet normal -0 0 1
    outer loop
      vertex 20.0163 -41.421 7.5
      vertex 21.7716 -42.148 7.5
      vertex 20.0625 -41.2847 7.5
    endloop
  endfacet
  facet normal 0 0 1
    outer loop
      vertex 19.6696 -40.1273 7.5
      vertex 20.8263 -38.6199 7.5
      vertex 20.5 -38.4019 7.5
    endloop
  endfacet
  facet normal 0 0 1
    outer loop
      vertex 21.7716 -42.148 7.5
      vertex 20.0163 -41.421 7.5
      vertex 21.5981 -42.5 7.5
    endloop
  endfacet
  facet normal 0 0 1
    outer loop
      vertex 19.55 -40.0474 7.5
      vertex 20.5 -38.4019 7.5
      vertex 20.148 -38.2284 7.5
    endloop
  endfacet
  facet normal -0 0 1
    outer loop
      vertex 19.9526 -41.55 7.5
      vertex 21.5981 -42.5 7.5
      vertex 20.0163 -41.421 7.5
    endloop
  endfacet
  facet normal 0 0 1
    outer loop
      vertex 21.5981 -42.5 7.5
      vertex 19.9526 -41.55 7.5
      vertex 21.3801 -42.8263 7.5
    endloop
  endfacet
  facet normal 0 0 1
    outer loop
      vertex 21.9743 -40.6084 7.5
      vertex 20.0906 -40.8564 7.5
      vertex 20.1 -41 7.5
    endloop
  endfacet
  facet normal 0 0 1
    outer loop
      vertex 21.8978 -40.2235 7.5
      vertex 20.0625 -40.7153 7.5
      vertex 20.0906 -40.8564 7.5
    endloop
  endfacet
  facet normal 0 0 1
    outer loop
      vertex 21.7716 -39.852 7.5
      vertex 20.0163 -40.579 7.5
      vertex 20.0625 -40.7153 7.5
    endloop
  endfacet
  facet normal 0 0 1
    outer loop
      vertex 21.5981 -39.5 7.5
      vertex 19.9526 -40.45 7.5
      vertex 20.0163 -40.579 7.5
    endloop
  endfacet
  facet normal 0 0 1
    outer loop
      vertex 21.3801 -39.1737 7.5
      vertex 19.8727 -40.3304 7.5
      vertex 19.9526 -40.45 7.5
    endloop
  endfacet
  facet normal 0 0 1
    outer loop
      vertex 21.1213 -38.8787 7.5
      vertex 19.7778 -40.2222 7.5
      vertex 19.8727 -40.3304 7.5
    endloop
  endfacet
  facet normal 0 0 1
    outer loop
      vertex 19.421 -39.9837 7.5
      vertex 20.148 -38.2284 7.5
      vertex 19.7765 -38.1022 7.5
    endloop
  endfacet
  facet normal 0 0 1
    outer loop
      vertex 20.8263 -38.6199 7.5
      vertex 19.6696 -40.1273 7.5
      vertex 19.7778 -40.2222 7.5
    endloop
  endfacet
  facet normal 0 0 1
    outer loop
      vertex 20.5 -38.4019 7.5
      vertex 19.55 -40.0474 7.5
      vertex 19.6696 -40.1273 7.5
    endloop
  endfacet
  facet normal 0 0 1
    outer loop
      vertex 20.148 -38.2284 7.5
      vertex 19.421 -39.9837 7.5
      vertex 19.55 -40.0474 7.5
    endloop
  endfacet
  facet normal 0 0 1
    outer loop
      vertex 19.2847 -39.9375 7.5
      vertex 19.7765 -38.1022 7.5
      vertex 19.3916 -38.0257 7.5
    endloop
  endfacet
  facet normal 0 0 1
    outer loop
      vertex 19.7765 -38.1022 7.5
      vertex 19.2847 -39.9375 7.5
      vertex 19.421 -39.9837 7.5
    endloop
  endfacet
  facet normal 0 0 1
    outer loop
      vertex 19.3916 -38.0257 7.5
      vertex 19.1436 -39.9094 7.5
      vertex 19.2847 -39.9375 7.5
    endloop
  endfacet
  facet normal 0 0 1
    outer loop
      vertex 19 -38 7.5
      vertex 19.1436 -39.9094 7.5
      vertex 19.3916 -38.0257 7.5
    endloop
  endfacet
  facet normal 0 0 1
    outer loop
      vertex 19 -38 7.5
      vertex 19 -39.9 7.5
      vertex 19.1436 -39.9094 7.5
    endloop
  endfacet
  facet normal 0 0 1
    outer loop
      vertex 19 -38 7.5
      vertex 18.8564 -39.9094 7.5
      vertex 19 -39.9 7.5
    endloop
  endfacet
  facet normal -0 0 1
    outer loop
      vertex 18.6084 -38.0257 7.5
      vertex 18.8564 -39.9094 7.5
      vertex 19 -38 7.5
    endloop
  endfacet
  facet normal 0 0 1
    outer loop
      vertex 18.8564 -39.9094 7.5
      vertex 18.6084 -38.0257 7.5
      vertex 18.7153 -39.9375 7.5
    endloop
  endfacet
  facet normal -0 0 1
    outer loop
      vertex 18.2235 -38.1022 7.5
      vertex 18.7153 -39.9375 7.5
      vertex 18.6084 -38.0257 7.5
    endloop
  endfacet
  facet normal 0 0 1
    outer loop
      vertex 18.7153 -39.9375 7.5
      vertex 18.2235 -38.1022 7.5
      vertex 18.579 -39.9837 7.5
    endloop
  endfacet
  facet normal -0 0 1
    outer loop
      vertex 17.852 -38.2284 7.5
      vertex 18.579 -39.9837 7.5
      vertex 18.2235 -38.1022 7.5
    endloop
  endfacet
  facet normal 0 0 1
    outer loop
      vertex 18.579 -39.9837 7.5
      vertex 17.852 -38.2284 7.5
      vertex 18.45 -40.0474 7.5
    endloop
  endfacet
  facet normal -0 0 1
    outer loop
      vertex 17.5 -38.4019 7.5
      vertex 18.45 -40.0474 7.5
      vertex 17.852 -38.2284 7.5
    endloop
  endfacet
  facet normal 0 0 1
    outer loop
      vertex 18.45 -40.0474 7.5
      vertex 17.5 -38.4019 7.5
      vertex 18.3304 -40.1273 7.5
    endloop
  endfacet
  facet normal -0 0 1
    outer loop
      vertex 17.1737 -38.6199 7.5
      vertex 18.3304 -40.1273 7.5
      vertex 17.5 -38.4019 7.5
    endloop
  endfacet
  facet normal 0 0 1
    outer loop
      vertex 18.3304 -40.1273 7.5
      vertex 17.1737 -38.6199 7.5
      vertex 18.2222 -40.2222 7.5
    endloop
  endfacet
  facet normal -0 0 1
    outer loop
      vertex 16.8787 -38.8787 7.5
      vertex 18.2222 -40.2222 7.5
      vertex 17.1737 -38.6199 7.5
    endloop
  endfacet
  facet normal 0 0 1
    outer loop
      vertex 18.2222 -40.2222 7.5
      vertex 16.8787 -38.8787 7.5
      vertex 18.1273 -40.3304 7.5
    endloop
  endfacet
  facet normal 0 0 1
    outer loop
      vertex 18.1273 -40.3304 7.5
      vertex 16.6199 -39.1737 7.5
      vertex 18.0474 -40.45 7.5
    endloop
  endfacet
  facet normal -0 0 1
    outer loop
      vertex 16.6199 -39.1737 7.5
      vertex 18.1273 -40.3304 7.5
      vertex 16.8787 -38.8787 7.5
    endloop
  endfacet
  facet normal -0 0 1
    outer loop
      vertex 19.8727 -41.6696 7.5
      vertex 21.3801 -42.8263 7.5
      vertex 19.9526 -41.55 7.5
    endloop
  endfacet
  facet normal 0 0 1
    outer loop
      vertex 21.3801 -42.8263 7.5
      vertex 19.8727 -41.6696 7.5
      vertex 21.1213 -43.1213 7.5
    endloop
  endfacet
  facet normal -0 0 1
    outer loop
      vertex 19.7778 -41.7778 7.5
      vertex 21.1213 -43.1213 7.5
      vertex 19.8727 -41.6696 7.5
    endloop
  endfacet
  facet normal 0 0 1
    outer loop
      vertex 21.1213 -43.1213 7.5
      vertex 19.7778 -41.7778 7.5
      vertex 20.8263 -43.3801 7.5
    endloop
  endfacet
  facet normal -0 0 1
    outer loop
      vertex 19.6696 -41.8727 7.5
      vertex 20.8263 -43.3801 7.5
      vertex 19.7778 -41.7778 7.5
    endloop
  endfacet
  facet normal 0 0 1
    outer loop
      vertex 20.8263 -43.3801 7.5
      vertex 19.6696 -41.8727 7.5
      vertex 20.5 -43.5981 7.5
    endloop
  endfacet
  facet normal -0 0 1
    outer loop
      vertex 19.55 -41.9526 7.5
      vertex 20.5 -43.5981 7.5
      vertex 19.6696 -41.8727 7.5
    endloop
  endfacet
  facet normal 0 0 1
    outer loop
      vertex 20.5 -43.5981 7.5
      vertex 19.55 -41.9526 7.5
      vertex 20.148 -43.7716 7.5
    endloop
  endfacet
  facet normal -0 0 1
    outer loop
      vertex 19.421 -42.0163 7.5
      vertex 20.148 -43.7716 7.5
      vertex 19.55 -41.9526 7.5
    endloop
  endfacet
  facet normal 0 0 1
    outer loop
      vertex 20.148 -43.7716 7.5
      vertex 19.421 -42.0163 7.5
      vertex 19.7765 -43.8978 7.5
    endloop
  endfacet
  facet normal -0 0 1
    outer loop
      vertex 19.2847 -42.0625 7.5
      vertex 19.7765 -43.8978 7.5
      vertex 19.421 -42.0163 7.5
    endloop
  endfacet
  facet normal 0 0 1
    outer loop
      vertex 19.7765 -43.8978 7.5
      vertex 19.2847 -42.0625 7.5
      vertex 19.3916 -43.9743 7.5
    endloop
  endfacet
  facet normal -0 0 1
    outer loop
      vertex 19.1436 -42.0906 7.5
      vertex 19.3916 -43.9743 7.5
      vertex 19.2847 -42.0625 7.5
    endloop
  endfacet
  facet normal -0 0 1
    outer loop
      vertex 19 -42.1 7.5
      vertex 19.3916 -43.9743 7.5
      vertex 19.1436 -42.0906 7.5
    endloop
  endfacet
  facet normal 0 0 1
    outer loop
      vertex 19 -42.1 7.5
      vertex 19 -44 7.5
      vertex 19.3916 -43.9743 7.5
    endloop
  endfacet
  facet normal 0 0 1
    outer loop
      vertex 18.8564 -42.0906 7.5
      vertex 19 -44 7.5
      vertex 19 -42.1 7.5
    endloop
  endfacet
  facet normal 0 0 1
    outer loop
      vertex 18.6084 -43.9743 7.5
      vertex 18.8564 -42.0906 7.5
      vertex 18.7153 -42.0625 7.5
    endloop
  endfacet
  facet normal 0 0 1
    outer loop
      vertex 18.8564 -42.0906 7.5
      vertex 18.6084 -43.9743 7.5
      vertex 19 -44 7.5
    endloop
  endfacet
  facet normal 0 0 1
    outer loop
      vertex 18.2235 -43.8978 7.5
      vertex 18.7153 -42.0625 7.5
      vertex 18.579 -42.0163 7.5
    endloop
  endfacet
  facet normal 0 0 1
    outer loop
      vertex 17.852 -43.7716 7.5
      vertex 18.579 -42.0163 7.5
      vertex 18.45 -41.9526 7.5
    endloop
  endfacet
  facet normal 0 0 1
    outer loop
      vertex 17.5 -43.5981 7.5
      vertex 18.45 -41.9526 7.5
      vertex 18.3304 -41.8727 7.5
    endloop
  endfacet
  facet normal 0 0 1
    outer loop
      vertex 18.7153 -42.0625 7.5
      vertex 18.2235 -43.8978 7.5
      vertex 18.6084 -43.9743 7.5
    endloop
  endfacet
  facet normal 0 0 1
    outer loop
      vertex 17.1737 -43.3801 7.5
      vertex 18.3304 -41.8727 7.5
      vertex 18.2222 -41.7778 7.5
    endloop
  endfacet
  facet normal 0 0 1
    outer loop
      vertex 16.8787 -43.1213 7.5
      vertex 18.2222 -41.7778 7.5
      vertex 18.1273 -41.6696 7.5
    endloop
  endfacet
  facet normal 0 0 1
    outer loop
      vertex 16.6199 -42.8263 7.5
      vertex 18.1273 -41.6696 7.5
      vertex 18.0474 -41.55 7.5
    endloop
  endfacet
  facet normal 0 0 1
    outer loop
      vertex 16.4019 -42.5 7.5
      vertex 18.0474 -41.55 7.5
      vertex 17.9837 -41.421 7.5
    endloop
  endfacet
  facet normal 0 0 1
    outer loop
      vertex 16.2284 -42.148 7.5
      vertex 17.9837 -41.421 7.5
      vertex 17.9375 -41.2847 7.5
    endloop
  endfacet
  facet normal 0 0 1
    outer loop
      vertex 16.1022 -41.7765 7.5
      vertex 17.9375 -41.2847 7.5
      vertex 17.9094 -41.1436 7.5
    endloop
  endfacet
  facet normal 0 0 1
    outer loop
      vertex 18.579 -42.0163 7.5
      vertex 17.852 -43.7716 7.5
      vertex 18.2235 -43.8978 7.5
    endloop
  endfacet
  facet normal 0 0 1
    outer loop
      vertex 16.0257 -41.3916 7.5
      vertex 17.9094 -41.1436 7.5
      vertex 17.9 -41 7.5
    endloop
  endfacet
  facet normal -0 0 1
    outer loop
      vertex 16.4019 -39.5 7.5
      vertex 18.0474 -40.45 7.5
      vertex 16.6199 -39.1737 7.5
    endloop
  endfacet
  facet normal 0 0 1
    outer loop
      vertex 18.0474 -40.45 7.5
      vertex 16.4019 -39.5 7.5
      vertex 17.9837 -40.579 7.5
    endloop
  endfacet
  facet normal 0 0 1
    outer loop
      vertex 18.45 -41.9526 7.5
      vertex 17.5 -43.5981 7.5
      vertex 17.852 -43.7716 7.5
    endloop
  endfacet
  facet normal -0 0 1
    outer loop
      vertex 16.2284 -39.852 7.5
      vertex 17.9837 -40.579 7.5
      vertex 16.4019 -39.5 7.5
    endloop
  endfacet
  facet normal 0 0 1
    outer loop
      vertex 18.3304 -41.8727 7.5
      vertex 17.1737 -43.3801 7.5
      vertex 17.5 -43.5981 7.5
    endloop
  endfacet
  facet normal 0 0 1
    outer loop
      vertex 17.9837 -40.579 7.5
      vertex 16.2284 -39.852 7.5
      vertex 17.9375 -40.7153 7.5
    endloop
  endfacet
  facet normal 0 0 1
    outer loop
      vertex 18.2222 -41.7778 7.5
      vertex 16.8787 -43.1213 7.5
      vertex 17.1737 -43.3801 7.5
    endloop
  endfacet
  facet normal -0 0 1
    outer loop
      vertex 16.1022 -40.2235 7.5
      vertex 17.9375 -40.7153 7.5
      vertex 16.2284 -39.852 7.5
    endloop
  endfacet
  facet normal 0 0 1
    outer loop
      vertex 18.1273 -41.6696 7.5
      vertex 16.6199 -42.8263 7.5
      vertex 16.8787 -43.1213 7.5
    endloop
  endfacet
  facet normal 0 0 1
    outer loop
      vertex 17.9375 -40.7153 7.5
      vertex 16.1022 -40.2235 7.5
      vertex 17.9094 -40.8564 7.5
    endloop
  endfacet
  facet normal 0 0 1
    outer loop
      vertex 18.0474 -41.55 7.5
      vertex 16.4019 -42.5 7.5
      vertex 16.6199 -42.8263 7.5
    endloop
  endfacet
  facet normal -0 0 1
    outer loop
      vertex 16.0257 -40.6084 7.5
      vertex 17.9094 -40.8564 7.5
      vertex 16.1022 -40.2235 7.5
    endloop
  endfacet
  facet normal 0 0 1
    outer loop
      vertex 17.9837 -41.421 7.5
      vertex 16.2284 -42.148 7.5
      vertex 16.4019 -42.5 7.5
    endloop
  endfacet
  facet normal 0 0 1
    outer loop
      vertex 17.9094 -40.8564 7.5
      vertex 16.0257 -40.6084 7.5
      vertex 17.9 -41 7.5
    endloop
  endfacet
  facet normal 0 0 1
    outer loop
      vertex 17.9375 -41.2847 7.5
      vertex 16.1022 -41.7765 7.5
      vertex 16.2284 -42.148 7.5
    endloop
  endfacet
  facet normal 0 0 1
    outer loop
      vertex 16 -41 7.5
      vertex 17.9 -41 7.5
      vertex 16.0257 -40.6084 7.5
    endloop
  endfacet
  facet normal 0 0 1
    outer loop
      vertex 17.9094 -41.1436 7.5
      vertex 16.0257 -41.3916 7.5
      vertex 16.1022 -41.7765 7.5
    endloop
  endfacet
  facet normal 0 0 1
    outer loop
      vertex 17.9 -41 7.5
      vertex 16 -41 7.5
      vertex 16.0257 -41.3916 7.5
    endloop
  endfacet
  facet normal 0.831501 0.555523 -1.66734e-18
    outer loop
      vertex 21.5981 -39.5 7.5
      vertex 21.3801 -39.1737 2.5
      vertex 21.3801 -39.1737 7.5
    endloop
  endfacet
  facet normal 0.831501 0.555523 -1.66734e-18
    outer loop
      vertex 21.3801 -39.1737 2.5
      vertex 21.5981 -39.5 7.5
      vertex 21.5981 -39.5 2.5
    endloop
  endfacet
  facet normal 0.555523 0.831501 -0
    outer loop
      vertex 20.8263 -38.6199 2.5
      vertex 20.5 -38.4019 7.5
      vertex 20.8263 -38.6199 7.5
    endloop
  endfacet
  facet normal 0.555523 0.831501 0
    outer loop
      vertex 20.5 -38.4019 7.5
      vertex 20.8263 -38.6199 2.5
      vertex 20.5 -38.4019 2.5
    endloop
  endfacet
  facet normal 0.896961 -0.44211 -1.37152e-19
    outer loop
      vertex 21.5981 -42.5 7.5
      vertex 21.7716 -42.148 2.5
      vertex 21.7716 -42.148 7.5
    endloop
  endfacet
  facet normal 0.896961 -0.44211 -1.37152e-19
    outer loop
      vertex 21.7716 -42.148 2.5
      vertex 21.5981 -42.5 7.5
      vertex 21.5981 -42.5 2.5
    endloop
  endfacet
  facet normal 0.997853 -0.0654873 4.35269e-19
    outer loop
      vertex 21.9743 -41.3916 7.5
      vertex 22 -41 2.5
      vertex 22 -41 7.5
    endloop
  endfacet
  facet normal 0.997853 -0.0654873 4.35269e-19
    outer loop
      vertex 22 -41 2.5
      vertex 21.9743 -41.3916 7.5
      vertex 21.9743 -41.3916 2.5
    endloop
  endfacet
  facet normal 0.321651 0.946858 -0
    outer loop
      vertex 20.148 -38.2284 2.5
      vertex 19.7765 -38.1022 7.5
      vertex 20.148 -38.2284 7.5
    endloop
  endfacet
  facet normal 0.321651 0.946858 0
    outer loop
      vertex 19.7765 -38.1022 7.5
      vertex 20.148 -38.2284 2.5
      vertex 19.7765 -38.1022 2.5
    endloop
  endfacet
  facet normal -0.896961 0.44211 -1.37152e-19
    outer loop
      vertex 16.2284 -39.852 2.5
      vertex 16.4019 -39.5 7.5
      vertex 16.4019 -39.5 2.5
    endloop
  endfacet
  facet normal -0.896961 0.44211 -1.37152e-19
    outer loop
      vertex 16.4019 -39.5 7.5
      vertex 16.2284 -39.852 2.5
      vertex 16.2284 -39.852 7.5
    endloop
  endfacet
  facet normal -0.659478 0.751724 0
    outer loop
      vertex 17.1737 -38.6199 2.5
      vertex 16.8787 -38.8787 7.5
      vertex 17.1737 -38.6199 7.5
    endloop
  endfacet
  facet normal -0.659478 0.751724 0
    outer loop
      vertex 16.8787 -38.8787 7.5
      vertex 17.1737 -38.6199 2.5
      vertex 16.8787 -38.8787 2.5
    endloop
  endfacet
  facet normal 0.321651 -0.946858 0
    outer loop
      vertex 19.7765 -43.8978 2.5
      vertex 20.148 -43.7716 7.5
      vertex 19.7765 -43.8978 7.5
    endloop
  endfacet
  facet normal 0.321651 -0.946858 0
    outer loop
      vertex 20.148 -43.7716 7.5
      vertex 19.7765 -43.8978 2.5
      vertex 20.148 -43.7716 2.5
    endloop
  endfacet
  facet normal -0.997853 -0.0654873 -4.35269e-19
    outer loop
      vertex 16.0257 -41.3916 2.5
      vertex 16 -41 7.5
      vertex 16 -41 2.5
    endloop
  endfacet
  facet normal -0.997853 -0.0654873 -4.35269e-19
    outer loop
      vertex 16 -41 7.5
      vertex 16.0257 -41.3916 2.5
      vertex 16.0257 -41.3916 7.5
    endloop
  endfacet
  facet normal -0.659478 -0.751724 0
    outer loop
      vertex 16.8787 -43.1213 2.5
      vertex 17.1737 -43.3801 7.5
      vertex 16.8787 -43.1213 7.5
    endloop
  endfacet
  facet normal -0.659478 -0.751724 -0
    outer loop
      vertex 17.1737 -43.3801 7.5
      vertex 16.8787 -43.1213 2.5
      vertex 17.1737 -43.3801 2.5
    endloop
  endfacet
  facet normal -0.321651 0.946858 0
    outer loop
      vertex 18.2235 -38.1022 2.5
      vertex 17.852 -38.2284 7.5
      vertex 18.2235 -38.1022 7.5
    endloop
  endfacet
  facet normal -0.321651 0.946858 0
    outer loop
      vertex 17.852 -38.2284 7.5
      vertex 18.2235 -38.1022 2.5
      vertex 17.852 -38.2284 2.5
    endloop
  endfacet
  facet normal -0.831501 -0.555523 -1.66734e-18
    outer loop
      vertex 16.6199 -42.8263 2.5
      vertex 16.4019 -42.5 7.5
      vertex 16.4019 -42.5 2.5
    endloop
  endfacet
  facet normal -0.831501 -0.555523 -1.66734e-18
    outer loop
      vertex 16.4019 -42.5 7.5
      vertex 16.6199 -42.8263 2.5
      vertex 16.6199 -42.8263 7.5
    endloop
  endfacet
  facet normal -0.555523 0.831501 0
    outer loop
      vertex 17.5 -38.4019 2.5
      vertex 17.1737 -38.6199 7.5
      vertex 17.5 -38.4019 7.5
    endloop
  endfacet
  facet normal -0.555523 0.831501 0
    outer loop
      vertex 17.1737 -38.6199 7.5
      vertex 17.5 -38.4019 2.5
      vertex 17.1737 -38.6199 2.5
    endloop
  endfacet
  facet normal 0.19494 0.980815 -0
    outer loop
      vertex 19.7765 -38.1022 2.5
      vertex 19.3916 -38.0257 7.5
      vertex 19.7765 -38.1022 7.5
    endloop
  endfacet
  facet normal 0.19494 0.980815 0
    outer loop
      vertex 19.3916 -38.0257 7.5
      vertex 19.7765 -38.1022 2.5
      vertex 19.3916 -38.0257 2.5
    endloop
  endfacet
  facet normal -0.44211 0.896961 0
    outer loop
      vertex 17.852 -38.2284 2.5
      vertex 17.5 -38.4019 7.5
      vertex 17.852 -38.2284 7.5
    endloop
  endfacet
  facet normal -0.44211 0.896961 0
    outer loop
      vertex 17.5 -38.4019 7.5
      vertex 17.852 -38.2284 2.5
      vertex 17.5 -38.4019 2.5
    endloop
  endfacet
  facet normal 0.0654873 -0.997853 0
    outer loop
      vertex 19 -44 2.5
      vertex 19.3916 -43.9743 7.5
      vertex 19 -44 7.5
    endloop
  endfacet
  facet normal 0.0654873 -0.997853 0
    outer loop
      vertex 19.3916 -43.9743 7.5
      vertex 19 -44 2.5
      vertex 19.3916 -43.9743 2.5
    endloop
  endfacet
  facet normal 0.659478 -0.751724 0
    outer loop
      vertex 20.8263 -43.3801 2.5
      vertex 21.1213 -43.1213 7.5
      vertex 20.8263 -43.3801 7.5
    endloop
  endfacet
  facet normal 0.659478 -0.751724 0
    outer loop
      vertex 21.1213 -43.1213 7.5
      vertex 20.8263 -43.3801 2.5
      vertex 21.1213 -43.1213 2.5
    endloop
  endfacet
  facet normal -0.946858 -0.321651 6.35748e-19
    outer loop
      vertex 16.2284 -42.148 2.5
      vertex 16.1022 -41.7765 7.5
      vertex 16.1022 -41.7765 2.5
    endloop
  endfacet
  facet normal -0.946858 -0.321651 6.35748e-19
    outer loop
      vertex 16.1022 -41.7765 7.5
      vertex 16.2284 -42.148 2.5
      vertex 16.2284 -42.148 7.5
    endloop
  endfacet
  facet normal 0.946858 -0.321651 -6.35748e-19
    outer loop
      vertex 21.7716 -42.148 7.5
      vertex 21.8978 -41.7765 2.5
      vertex 21.8978 -41.7765 7.5
    endloop
  endfacet
  facet normal 0.946858 -0.321651 -6.35748e-19
    outer loop
      vertex 21.8978 -41.7765 2.5
      vertex 21.7716 -42.148 7.5
      vertex 21.7716 -42.148 2.5
    endloop
  endfacet
  facet normal 0.44211 0.896961 -0
    outer loop
      vertex 20.5 -38.4019 2.5
      vertex 20.148 -38.2284 7.5
      vertex 20.5 -38.4019 7.5
    endloop
  endfacet
  facet normal 0.44211 0.896961 0
    outer loop
      vertex 20.148 -38.2284 7.5
      vertex 20.5 -38.4019 2.5
      vertex 20.148 -38.2284 2.5
    endloop
  endfacet
  facet normal -0.19494 0.980815 0
    outer loop
      vertex 18.6084 -38.0257 2.5
      vertex 18.2235 -38.1022 7.5
      vertex 18.6084 -38.0257 7.5
    endloop
  endfacet
  facet normal -0.19494 0.980815 0
    outer loop
      vertex 18.2235 -38.1022 7.5
      vertex 18.6084 -38.0257 2.5
      vertex 18.2235 -38.1022 2.5
    endloop
  endfacet
  facet normal 0.751724 0.659478 -9.60079e-19
    outer loop
      vertex 21.3801 -39.1737 7.5
      vertex 21.1213 -38.8787 2.5
      vertex 21.1213 -38.8787 7.5
    endloop
  endfacet
  facet normal 0.751724 0.659478 -9.60079e-19
    outer loop
      vertex 21.1213 -38.8787 2.5
      vertex 21.3801 -39.1737 7.5
      vertex 21.3801 -39.1737 2.5
    endloop
  endfacet
  facet normal 0.751724 -0.659478 9.60079e-19
    outer loop
      vertex 21.1213 -43.1213 7.5
      vertex 21.3801 -42.8263 2.5
      vertex 21.3801 -42.8263 7.5
    endloop
  endfacet
  facet normal 0.751724 -0.659478 9.60079e-19
    outer loop
      vertex 21.3801 -42.8263 2.5
      vertex 21.1213 -43.1213 7.5
      vertex 21.1213 -43.1213 2.5
    endloop
  endfacet
  facet normal -0.44211 -0.896961 0
    outer loop
      vertex 17.5 -43.5981 2.5
      vertex 17.852 -43.7716 7.5
      vertex 17.5 -43.5981 7.5
    endloop
  endfacet
  facet normal -0.44211 -0.896961 -0
    outer loop
      vertex 17.852 -43.7716 7.5
      vertex 17.5 -43.5981 2.5
      vertex 17.852 -43.7716 2.5
    endloop
  endfacet
  facet normal -0.946858 0.321651 -6.35748e-19
    outer loop
      vertex 16.1022 -40.2235 2.5
      vertex 16.2284 -39.852 7.5
      vertex 16.2284 -39.852 2.5
    endloop
  endfacet
  facet normal -0.946858 0.321651 -6.35748e-19
    outer loop
      vertex 16.2284 -39.852 7.5
      vertex 16.1022 -40.2235 2.5
      vertex 16.1022 -40.2235 7.5
    endloop
  endfacet
  facet normal 0.19494 -0.980815 0
    outer loop
      vertex 19.3916 -43.9743 2.5
      vertex 19.7765 -43.8978 7.5
      vertex 19.3916 -43.9743 7.5
    endloop
  endfacet
  facet normal 0.19494 -0.980815 0
    outer loop
      vertex 19.7765 -43.8978 7.5
      vertex 19.3916 -43.9743 2.5
      vertex 19.7765 -43.8978 2.5
    endloop
  endfacet
  facet normal 0.44211 -0.896961 0
    outer loop
      vertex 20.148 -43.7716 2.5
      vertex 20.5 -43.5981 7.5
      vertex 20.148 -43.7716 7.5
    endloop
  endfacet
  facet normal 0.44211 -0.896961 0
    outer loop
      vertex 20.5 -43.5981 7.5
      vertex 20.148 -43.7716 2.5
      vertex 20.5 -43.5981 2.5
    endloop
  endfacet
  facet normal -0.751724 0.659478 9.60079e-19
    outer loop
      vertex 16.6199 -39.1737 2.5
      vertex 16.8787 -38.8787 7.5
      vertex 16.8787 -38.8787 2.5
    endloop
  endfacet
  facet normal -0.751724 0.659478 9.60079e-19
    outer loop
      vertex 16.8787 -38.8787 7.5
      vertex 16.6199 -39.1737 2.5
      vertex 16.6199 -39.1737 7.5
    endloop
  endfacet
  facet normal 0.659478 0.751724 -0
    outer loop
      vertex 21.1213 -38.8787 2.5
      vertex 20.8263 -38.6199 7.5
      vertex 21.1213 -38.8787 7.5
    endloop
  endfacet
  facet normal 0.659478 0.751724 0
    outer loop
      vertex 20.8263 -38.6199 7.5
      vertex 21.1213 -38.8787 2.5
      vertex 20.8263 -38.6199 2.5
    endloop
  endfacet
  facet normal -0.896961 -0.44211 1.37152e-19
    outer loop
      vertex 16.4019 -42.5 2.5
      vertex 16.2284 -42.148 7.5
      vertex 16.2284 -42.148 2.5
    endloop
  endfacet
  facet normal -0.896961 -0.44211 1.37152e-19
    outer loop
      vertex 16.2284 -42.148 7.5
      vertex 16.4019 -42.5 2.5
      vertex 16.4019 -42.5 7.5
    endloop
  endfacet
  facet normal -0.997853 0.0654873 4.35269e-19
    outer loop
      vertex 16 -41 2.5
      vertex 16.0257 -40.6084 7.5
      vertex 16.0257 -40.6084 2.5
    endloop
  endfacet
  facet normal -0.997853 0.0654873 4.35269e-19
    outer loop
      vertex 16.0257 -40.6084 7.5
      vertex 16 -41 2.5
      vertex 16 -41 7.5
    endloop
  endfacet
  facet normal 0.831501 -0.555523 1.66734e-18
    outer loop
      vertex 21.3801 -42.8263 7.5
      vertex 21.5981 -42.5 2.5
      vertex 21.5981 -42.5 7.5
    endloop
  endfacet
  facet normal 0.831501 -0.555523 1.66734e-18
    outer loop
      vertex 21.5981 -42.5 2.5
      vertex 21.3801 -42.8263 7.5
      vertex 21.3801 -42.8263 2.5
    endloop
  endfacet
  facet normal 0.896961 0.44211 1.37152e-19
    outer loop
      vertex 21.7716 -39.852 7.5
      vertex 21.5981 -39.5 2.5
      vertex 21.5981 -39.5 7.5
    endloop
  endfacet
  facet normal 0.896961 0.44211 1.37152e-19
    outer loop
      vertex 21.5981 -39.5 2.5
      vertex 21.7716 -39.852 7.5
      vertex 21.7716 -39.852 2.5
    endloop
  endfacet
  facet normal -0.0654873 -0.997853 0
    outer loop
      vertex 18.6084 -43.9743 2.5
      vertex 19 -44 7.5
      vertex 18.6084 -43.9743 7.5
    endloop
  endfacet
  facet normal -0.0654873 -0.997853 -0
    outer loop
      vertex 19 -44 7.5
      vertex 18.6084 -43.9743 2.5
      vertex 19 -44 2.5
    endloop
  endfacet
  facet normal -0.555523 -0.831501 0
    outer loop
      vertex 17.1737 -43.3801 2.5
      vertex 17.5 -43.5981 7.5
      vertex 17.1737 -43.3801 7.5
    endloop
  endfacet
  facet normal -0.555523 -0.831501 -0
    outer loop
      vertex 17.5 -43.5981 7.5
      vertex 17.1737 -43.3801 2.5
      vertex 17.5 -43.5981 2.5
    endloop
  endfacet
  facet normal 0.555523 -0.831501 0
    outer loop
      vertex 20.5 -43.5981 2.5
      vertex 20.8263 -43.3801 7.5
      vertex 20.5 -43.5981 7.5
    endloop
  endfacet
  facet normal 0.555523 -0.831501 0
    outer loop
      vertex 20.8263 -43.3801 7.5
      vertex 20.5 -43.5981 2.5
      vertex 20.8263 -43.3801 2.5
    endloop
  endfacet
  facet normal 0.946858 0.321651 6.35748e-19
    outer loop
      vertex 21.8978 -40.2235 7.5
      vertex 21.7716 -39.852 2.5
      vertex 21.7716 -39.852 7.5
    endloop
  endfacet
  facet normal 0.946858 0.321651 6.35748e-19
    outer loop
      vertex 21.7716 -39.852 2.5
      vertex 21.8978 -40.2235 7.5
      vertex 21.8978 -40.2235 2.5
    endloop
  endfacet
  facet normal -0.980815 0.19494 -6.53026e-19
    outer loop
      vertex 16.0257 -40.6084 2.5
      vertex 16.1022 -40.2235 7.5
      vertex 16.1022 -40.2235 2.5
    endloop
  endfacet
  facet normal -0.980815 0.19494 -6.53026e-19
    outer loop
      vertex 16.1022 -40.2235 7.5
      vertex 16.0257 -40.6084 2.5
      vertex 16.0257 -40.6084 7.5
    endloop
  endfacet
  facet normal -0.0654873 0.997853 0
    outer loop
      vertex 19 -38 2.5
      vertex 18.6084 -38.0257 7.5
      vertex 19 -38 7.5
    endloop
  endfacet
  facet normal -0.0654873 0.997853 0
    outer loop
      vertex 18.6084 -38.0257 7.5
      vertex 19 -38 2.5
      vertex 18.6084 -38.0257 2.5
    endloop
  endfacet
  facet normal -0.321651 -0.946858 0
    outer loop
      vertex 17.852 -43.7716 2.5
      vertex 18.2235 -43.8978 7.5
      vertex 17.852 -43.7716 7.5
    endloop
  endfacet
  facet normal -0.321651 -0.946858 -0
    outer loop
      vertex 18.2235 -43.8978 7.5
      vertex 17.852 -43.7716 2.5
      vertex 18.2235 -43.8978 2.5
    endloop
  endfacet
  facet normal -0.980815 -0.19494 6.53026e-19
    outer loop
      vertex 16.1022 -41.7765 2.5
      vertex 16.0257 -41.3916 7.5
      vertex 16.0257 -41.3916 2.5
    endloop
  endfacet
  facet normal -0.980815 -0.19494 6.53026e-19
    outer loop
      vertex 16.0257 -41.3916 7.5
      vertex 16.1022 -41.7765 2.5
      vertex 16.1022 -41.7765 7.5
    endloop
  endfacet
  facet normal -0.751724 -0.659478 -9.60079e-19
    outer loop
      vertex 16.8787 -43.1213 2.5
      vertex 16.6199 -42.8263 7.5
      vertex 16.6199 -42.8263 2.5
    endloop
  endfacet
  facet normal -0.751724 -0.659478 -9.60079e-19
    outer loop
      vertex 16.6199 -42.8263 7.5
      vertex 16.8787 -43.1213 2.5
      vertex 16.8787 -43.1213 7.5
    endloop
  endfacet
  facet normal 0.0654873 0.997853 -0
    outer loop
      vertex 19.3916 -38.0257 2.5
      vertex 19 -38 7.5
      vertex 19.3916 -38.0257 7.5
    endloop
  endfacet
  facet normal 0.0654873 0.997853 0
    outer loop
      vertex 19 -38 7.5
      vertex 19.3916 -38.0257 2.5
      vertex 19 -38 2.5
    endloop
  endfacet
  facet normal -0.19494 -0.980815 0
    outer loop
      vertex 18.2235 -43.8978 2.5
      vertex 18.6084 -43.9743 7.5
      vertex 18.2235 -43.8978 7.5
    endloop
  endfacet
  facet normal -0.19494 -0.980815 -0
    outer loop
      vertex 18.6084 -43.9743 7.5
      vertex 18.2235 -43.8978 2.5
      vertex 18.6084 -43.9743 2.5
    endloop
  endfacet
  facet normal -0.831501 0.555523 1.66734e-18
    outer loop
      vertex 16.4019 -39.5 2.5
      vertex 16.6199 -39.1737 7.5
      vertex 16.6199 -39.1737 2.5
    endloop
  endfacet
  facet normal -0.831501 0.555523 1.66734e-18
    outer loop
      vertex 16.6199 -39.1737 7.5
      vertex 16.4019 -39.5 2.5
      vertex 16.4019 -39.5 7.5
    endloop
  endfacet
  facet normal -0.980741 -0.195314 5.9662e-19
    outer loop
      vertex 20.0906 -40.8564 2.5
      vertex 20.0625 -40.7153 7.5
      vertex 20.0625 -40.7153 2.5
    endloop
  endfacet
  facet normal -0.980741 -0.195314 5.9662e-19
    outer loop
      vertex 20.0625 -40.7153 7.5
      vertex 20.0906 -40.8564 2.5
      vertex 20.0906 -40.8564 7.5
    endloop
  endfacet
  facet normal -0.997864 -0.0653198 -1.46481e-19
    outer loop
      vertex 20.1 -41 2.5
      vertex 20.0906 -40.8564 7.5
      vertex 20.0906 -40.8564 2.5
    endloop
  endfacet
  facet normal -0.997864 -0.0653198 -1.46481e-19
    outer loop
      vertex 20.0906 -40.8564 7.5
      vertex 20.1 -41 2.5
      vertex 20.1 -41 7.5
    endloop
  endfacet
  facet normal -0.321018 -0.947073 0
    outer loop
      vertex 19.2847 -39.9375 2.5
      vertex 19.421 -39.9837 7.5
      vertex 19.2847 -39.9375 7.5
    endloop
  endfacet
  facet normal -0.321018 -0.947073 -0
    outer loop
      vertex 19.421 -39.9837 7.5
      vertex 19.2847 -39.9375 2.5
      vertex 19.421 -39.9837 2.5
    endloop
  endfacet
  facet normal -0.555502 0.831515 0
    outer loop
      vertex 19.6696 -41.8727 2.5
      vertex 19.55 -41.9526 7.5
      vertex 19.6696 -41.8727 7.5
    endloop
  endfacet
  facet normal -0.555502 0.831515 0
    outer loop
      vertex 19.55 -41.9526 7.5
      vertex 19.6696 -41.8727 2.5
      vertex 19.55 -41.9526 2.5
    endloop
  endfacet
  facet normal -0.65939 -0.751801 0
    outer loop
      vertex 19.6696 -40.1273 2.5
      vertex 19.7778 -40.2222 7.5
      vertex 19.6696 -40.1273 7.5
    endloop
  endfacet
  facet normal -0.65939 -0.751801 -0
    outer loop
      vertex 19.7778 -40.2222 7.5
      vertex 19.6696 -40.1273 2.5
      vertex 19.7778 -40.2222 2.5
    endloop
  endfacet
  facet normal 0.195314 0.980741 -0
    outer loop
      vertex 18.8564 -42.0906 2.5
      vertex 18.7153 -42.0625 7.5
      vertex 18.8564 -42.0906 7.5
    endloop
  endfacet
  facet normal 0.195314 0.980741 0
    outer loop
      vertex 18.7153 -42.0625 7.5
      vertex 18.8564 -42.0906 2.5
      vertex 18.7153 -42.0625 2.5
    endloop
  endfacet
  facet normal -0.751801 0.65939 7.35223e-19
    outer loop
      vertex 19.7778 -41.7778 2.5
      vertex 19.8727 -41.6696 7.5
      vertex 19.8727 -41.6696 2.5
    endloop
  endfacet
  facet normal -0.751801 0.65939 7.35223e-19
    outer loop
      vertex 19.8727 -41.6696 7.5
      vertex 19.7778 -41.7778 2.5
      vertex 19.7778 -41.7778 7.5
    endloop
  endfacet
  facet normal 0.947073 -0.321018 2.3783e-19
    outer loop
      vertex 17.9375 -40.7153 7.5
      vertex 17.9837 -40.579 2.5
      vertex 17.9837 -40.579 7.5
    endloop
  endfacet
  facet normal 0.947073 -0.321018 2.3783e-19
    outer loop
      vertex 17.9837 -40.579 2.5
      vertex 17.9375 -40.7153 7.5
      vertex 17.9375 -40.7153 2.5
    endloop
  endfacet
  facet normal -0.0653198 -0.997864 0
    outer loop
      vertex 19 -39.9 2.5
      vertex 19.1436 -39.9094 7.5
      vertex 19 -39.9 7.5
    endloop
  endfacet
  facet normal -0.0653198 -0.997864 -0
    outer loop
      vertex 19.1436 -39.9094 7.5
      vertex 19 -39.9 2.5
      vertex 19.1436 -39.9094 2.5
    endloop
  endfacet
  facet normal 0.321018 -0.947073 0
    outer loop
      vertex 18.579 -39.9837 2.5
      vertex 18.7153 -39.9375 7.5
      vertex 18.579 -39.9837 7.5
    endloop
  endfacet
  facet normal 0.321018 -0.947073 0
    outer loop
      vertex 18.7153 -39.9375 7.5
      vertex 18.579 -39.9837 2.5
      vertex 18.7153 -39.9375 2.5
    endloop
  endfacet
  facet normal 0.997864 0.0653198 -1.46481e-19
    outer loop
      vertex 17.9094 -41.1436 7.5
      vertex 17.9 -41 2.5
      vertex 17.9 -41 7.5
    endloop
  endfacet
  facet normal 0.997864 0.0653198 -1.46481e-19
    outer loop
      vertex 17.9 -41 2.5
      vertex 17.9094 -41.1436 7.5
      vertex 17.9094 -41.1436 2.5
    endloop
  endfacet
  facet normal 0.0653198 0.997864 -0
    outer loop
      vertex 19 -42.1 2.5
      vertex 18.8564 -42.0906 7.5
      vertex 19 -42.1 7.5
    endloop
  endfacet
  facet normal 0.0653198 0.997864 0
    outer loop
      vertex 18.8564 -42.0906 7.5
      vertex 19 -42.1 2.5
      vertex 18.8564 -42.0906 2.5
    endloop
  endfacet
  facet normal -0.997864 0.0653198 1.46481e-19
    outer loop
      vertex 20.0906 -41.1436 2.5
      vertex 20.1 -41 7.5
      vertex 20.1 -41 2.5
    endloop
  endfacet
  facet normal -0.997864 0.0653198 1.46481e-19
    outer loop
      vertex 20.1 -41 7.5
      vertex 20.0906 -41.1436 2.5
      vertex 20.0906 -41.1436 7.5
    endloop
  endfacet
  facet normal -0.751801 -0.65939 -7.35223e-19
    outer loop
      vertex 19.8727 -40.3304 2.5
      vertex 19.7778 -40.2222 7.5
      vertex 19.7778 -40.2222 2.5
    endloop
  endfacet
  facet normal -0.751801 -0.65939 -7.35223e-19
    outer loop
      vertex 19.7778 -40.2222 7.5
      vertex 19.8727 -40.3304 2.5
      vertex 19.8727 -40.3304 7.5
    endloop
  endfacet
  facet normal 0.947073 0.321018 -2.3783e-19
    outer loop
      vertex 17.9837 -41.421 7.5
      vertex 17.9375 -41.2847 2.5
      vertex 17.9375 -41.2847 7.5
    endloop
  endfacet
  facet normal 0.947073 0.321018 -2.3783e-19
    outer loop
      vertex 17.9375 -41.2847 2.5
      vertex 17.9837 -41.421 7.5
      vertex 17.9837 -41.421 2.5
    endloop
  endfacet
  facet normal 0.980741 0.195314 5.9662e-19
    outer loop
      vertex 17.9375 -41.2847 7.5
      vertex 17.9094 -41.1436 2.5
      vertex 17.9094 -41.1436 7.5
    endloop
  endfacet
  facet normal 0.980741 0.195314 5.9662e-19
    outer loop
      vertex 17.9094 -41.1436 2.5
      vertex 17.9375 -41.2847 7.5
      vertex 17.9375 -41.2847 2.5
    endloop
  endfacet
  facet normal -0.195314 -0.980741 0
    outer loop
      vertex 19.1436 -39.9094 2.5
      vertex 19.2847 -39.9375 7.5
      vertex 19.1436 -39.9094 7.5
    endloop
  endfacet
  facet normal -0.195314 -0.980741 -0
    outer loop
      vertex 19.2847 -39.9375 7.5
      vertex 19.1436 -39.9094 2.5
      vertex 19.2847 -39.9375 2.5
    endloop
  endfacet
  facet normal 0.751801 0.65939 -7.35223e-19
    outer loop
      vertex 18.2222 -41.7778 7.5
      vertex 18.1273 -41.6696 2.5
      vertex 18.1273 -41.6696 7.5
    endloop
  endfacet
  facet normal 0.751801 0.65939 -7.35223e-19
    outer loop
      vertex 18.1273 -41.6696 2.5
      vertex 18.2222 -41.7778 7.5
      vertex 18.2222 -41.7778 2.5
    endloop
  endfacet
  facet normal 0.65939 -0.751801 0
    outer loop
      vertex 18.2222 -40.2222 2.5
      vertex 18.3304 -40.1273 7.5
      vertex 18.2222 -40.2222 7.5
    endloop
  endfacet
  facet normal 0.65939 -0.751801 0
    outer loop
      vertex 18.3304 -40.1273 7.5
      vertex 18.2222 -40.2222 2.5
      vertex 18.3304 -40.1273 2.5
    endloop
  endfacet
  facet normal 0.89664 -0.44276 -8.62217e-19
    outer loop
      vertex 17.9837 -40.579 7.5
      vertex 18.0474 -40.45 2.5
      vertex 18.0474 -40.45 7.5
    endloop
  endfacet
  facet normal 0.89664 -0.44276 -8.62217e-19
    outer loop
      vertex 18.0474 -40.45 2.5
      vertex 17.9837 -40.579 7.5
      vertex 17.9837 -40.579 2.5
    endloop
  endfacet
  facet normal -0.831515 0.555502 -4.42546e-19
    outer loop
      vertex 19.8727 -41.6696 2.5
      vertex 19.9526 -41.55 7.5
      vertex 19.9526 -41.55 2.5
    endloop
  endfacet
  facet normal -0.831515 0.555502 -4.42546e-19
    outer loop
      vertex 19.9526 -41.55 7.5
      vertex 19.8727 -41.6696 2.5
      vertex 19.8727 -41.6696 7.5
    endloop
  endfacet
  facet normal -0.831515 -0.555502 4.42546e-19
    outer loop
      vertex 19.9526 -40.45 2.5
      vertex 19.8727 -40.3304 7.5
      vertex 19.8727 -40.3304 2.5
    endloop
  endfacet
  facet normal -0.831515 -0.555502 4.42546e-19
    outer loop
      vertex 19.8727 -40.3304 7.5
      vertex 19.9526 -40.45 2.5
      vertex 19.9526 -40.45 7.5
    endloop
  endfacet
  facet normal 0.751801 -0.65939 7.35223e-19
    outer loop
      vertex 18.1273 -40.3304 7.5
      vertex 18.2222 -40.2222 2.5
      vertex 18.2222 -40.2222 7.5
    endloop
  endfacet
  facet normal 0.751801 -0.65939 7.35223e-19
    outer loop
      vertex 18.2222 -40.2222 2.5
      vertex 18.1273 -40.3304 7.5
      vertex 18.1273 -40.3304 2.5
    endloop
  endfacet
  facet normal -0.65939 0.751801 0
    outer loop
      vertex 19.7778 -41.7778 2.5
      vertex 19.6696 -41.8727 7.5
      vertex 19.7778 -41.7778 7.5
    endloop
  endfacet
  facet normal -0.65939 0.751801 0
    outer loop
      vertex 19.6696 -41.8727 7.5
      vertex 19.7778 -41.7778 2.5
      vertex 19.6696 -41.8727 2.5
    endloop
  endfacet
  facet normal 0.831515 0.555502 4.42546e-19
    outer loop
      vertex 18.1273 -41.6696 7.5
      vertex 18.0474 -41.55 2.5
      vertex 18.0474 -41.55 7.5
    endloop
  endfacet
  facet normal 0.831515 0.555502 4.42546e-19
    outer loop
      vertex 18.0474 -41.55 2.5
      vertex 18.1273 -41.6696 7.5
      vertex 18.1273 -41.6696 2.5
    endloop
  endfacet
  facet normal 0.195314 -0.980741 0
    outer loop
      vertex 18.7153 -39.9375 2.5
      vertex 18.8564 -39.9094 7.5
      vertex 18.7153 -39.9375 7.5
    endloop
  endfacet
  facet normal 0.195314 -0.980741 0
    outer loop
      vertex 18.8564 -39.9094 7.5
      vertex 18.7153 -39.9375 2.5
      vertex 18.8564 -39.9094 2.5
    endloop
  endfacet
  facet normal -0.947073 0.321018 2.3783e-19
    outer loop
      vertex 20.0163 -41.421 2.5
      vertex 20.0625 -41.2847 7.5
      vertex 20.0625 -41.2847 2.5
    endloop
  endfacet
  facet normal -0.947073 0.321018 2.3783e-19
    outer loop
      vertex 20.0625 -41.2847 7.5
      vertex 20.0163 -41.421 2.5
      vertex 20.0163 -41.421 7.5
    endloop
  endfacet
  facet normal -0.44276 -0.89664 0
    outer loop
      vertex 19.421 -39.9837 2.5
      vertex 19.55 -40.0474 7.5
      vertex 19.421 -39.9837 7.5
    endloop
  endfacet
  facet normal -0.44276 -0.89664 -0
    outer loop
      vertex 19.55 -40.0474 7.5
      vertex 19.421 -39.9837 2.5
      vertex 19.55 -40.0474 2.5
    endloop
  endfacet
  facet normal 0.0653198 -0.997864 0
    outer loop
      vertex 18.8564 -39.9094 2.5
      vertex 19 -39.9 7.5
      vertex 18.8564 -39.9094 7.5
    endloop
  endfacet
  facet normal 0.0653198 -0.997864 0
    outer loop
      vertex 19 -39.9 7.5
      vertex 18.8564 -39.9094 2.5
      vertex 19 -39.9 2.5
    endloop
  endfacet
  facet normal -0.0653198 0.997864 0
    outer loop
      vertex 19.1436 -42.0906 2.5
      vertex 19 -42.1 7.5
      vertex 19.1436 -42.0906 7.5
    endloop
  endfacet
  facet normal -0.0653198 0.997864 0
    outer loop
      vertex 19 -42.1 7.5
      vertex 19.1436 -42.0906 2.5
      vertex 19 -42.1 2.5
    endloop
  endfacet
  facet normal -0.555502 -0.831515 0
    outer loop
      vertex 19.55 -40.0474 2.5
      vertex 19.6696 -40.1273 7.5
      vertex 19.55 -40.0474 7.5
    endloop
  endfacet
  facet normal -0.555502 -0.831515 -0
    outer loop
      vertex 19.6696 -40.1273 7.5
      vertex 19.55 -40.0474 2.5
      vertex 19.6696 -40.1273 2.5
    endloop
  endfacet
  facet normal 0.89664 0.44276 8.62217e-19
    outer loop
      vertex 18.0474 -41.55 7.5
      vertex 17.9837 -41.421 2.5
      vertex 17.9837 -41.421 7.5
    endloop
  endfacet
  facet normal 0.89664 0.44276 8.62217e-19
    outer loop
      vertex 17.9837 -41.421 2.5
      vertex 18.0474 -41.55 7.5
      vertex 18.0474 -41.55 2.5
    endloop
  endfacet
  facet normal 0.65939 0.751801 -0
    outer loop
      vertex 18.3304 -41.8727 2.5
      vertex 18.2222 -41.7778 7.5
      vertex 18.3304 -41.8727 7.5
    endloop
  endfacet
  facet normal 0.65939 0.751801 0
    outer loop
      vertex 18.2222 -41.7778 7.5
      vertex 18.3304 -41.8727 2.5
      vertex 18.2222 -41.7778 2.5
    endloop
  endfacet
  facet normal 0.980741 -0.195314 -5.9662e-19
    outer loop
      vertex 17.9094 -40.8564 7.5
      vertex 17.9375 -40.7153 2.5
      vertex 17.9375 -40.7153 7.5
    endloop
  endfacet
  facet normal 0.980741 -0.195314 -5.9662e-19
    outer loop
      vertex 17.9375 -40.7153 2.5
      vertex 17.9094 -40.8564 7.5
      vertex 17.9094 -40.8564 2.5
    endloop
  endfacet
  facet normal -0.89664 -0.44276 8.62217e-19
    outer loop
      vertex 20.0163 -40.579 2.5
      vertex 19.9526 -40.45 7.5
      vertex 19.9526 -40.45 2.5
    endloop
  endfacet
  facet normal -0.89664 -0.44276 8.62217e-19
    outer loop
      vertex 19.9526 -40.45 7.5
      vertex 20.0163 -40.579 2.5
      vertex 20.0163 -40.579 7.5
    endloop
  endfacet
  facet normal -0.195314 0.980741 0
    outer loop
      vertex 19.2847 -42.0625 2.5
      vertex 19.1436 -42.0906 7.5
      vertex 19.2847 -42.0625 7.5
    endloop
  endfacet
  facet normal -0.195314 0.980741 0
    outer loop
      vertex 19.1436 -42.0906 7.5
      vertex 19.2847 -42.0625 2.5
      vertex 19.1436 -42.0906 2.5
    endloop
  endfacet
  facet normal -0.89664 0.44276 -8.62217e-19
    outer loop
      vertex 19.9526 -41.55 2.5
      vertex 20.0163 -41.421 7.5
      vertex 20.0163 -41.421 2.5
    endloop
  endfacet
  facet normal -0.89664 0.44276 -8.62217e-19
    outer loop
      vertex 20.0163 -41.421 7.5
      vertex 19.9526 -41.55 2.5
      vertex 19.9526 -41.55 7.5
    endloop
  endfacet
  facet normal -0.980741 0.195314 -5.9662e-19
    outer loop
      vertex 20.0625 -41.2847 2.5
      vertex 20.0906 -41.1436 7.5
      vertex 20.0906 -41.1436 2.5
    endloop
  endfacet
  facet normal -0.980741 0.195314 -5.9662e-19
    outer loop
      vertex 20.0906 -41.1436 7.5
      vertex 20.0625 -41.2847 2.5
      vertex 20.0625 -41.2847 7.5
    endloop
  endfacet
  facet normal 0.555502 -0.831515 0
    outer loop
      vertex 18.3304 -40.1273 2.5
      vertex 18.45 -40.0474 7.5
      vertex 18.3304 -40.1273 7.5
    endloop
  endfacet
  facet normal 0.555502 -0.831515 0
    outer loop
      vertex 18.45 -40.0474 7.5
      vertex 18.3304 -40.1273 2.5
      vertex 18.45 -40.0474 2.5
    endloop
  endfacet
  facet normal -0.947073 -0.321018 -2.3783e-19
    outer loop
      vertex 20.0625 -40.7153 2.5
      vertex 20.0163 -40.579 7.5
      vertex 20.0163 -40.579 2.5
    endloop
  endfacet
  facet normal -0.947073 -0.321018 -2.3783e-19
    outer loop
      vertex 20.0163 -40.579 7.5
      vertex 20.0625 -40.7153 2.5
      vertex 20.0625 -40.7153 7.5
    endloop
  endfacet
  facet normal -0.321018 0.947073 0
    outer loop
      vertex 19.421 -42.0163 2.5
      vertex 19.2847 -42.0625 7.5
      vertex 19.421 -42.0163 7.5
    endloop
  endfacet
  facet normal -0.321018 0.947073 0
    outer loop
      vertex 19.2847 -42.0625 7.5
      vertex 19.421 -42.0163 2.5
      vertex 19.2847 -42.0625 2.5
    endloop
  endfacet
  facet normal -0.44276 0.89664 0
    outer loop
      vertex 19.55 -41.9526 2.5
      vertex 19.421 -42.0163 7.5
      vertex 19.55 -41.9526 7.5
    endloop
  endfacet
  facet normal -0.44276 0.89664 0
    outer loop
      vertex 19.421 -42.0163 7.5
      vertex 19.55 -41.9526 2.5
      vertex 19.421 -42.0163 2.5
    endloop
  endfacet
  facet normal 0.997864 -0.0653198 1.46481e-19
    outer loop
      vertex 17.9 -41 7.5
      vertex 17.9094 -40.8564 2.5
      vertex 17.9094 -40.8564 7.5
    endloop
  endfacet
  facet normal 0.997864 -0.0653198 1.46481e-19
    outer loop
      vertex 17.9094 -40.8564 2.5
      vertex 17.9 -41 7.5
      vertex 17.9 -41 2.5
    endloop
  endfacet
  facet normal 0.321018 0.947073 -0
    outer loop
      vertex 18.7153 -42.0625 2.5
      vertex 18.579 -42.0163 7.5
      vertex 18.7153 -42.0625 7.5
    endloop
  endfacet
  facet normal 0.321018 0.947073 0
    outer loop
      vertex 18.579 -42.0163 7.5
      vertex 18.7153 -42.0625 2.5
      vertex 18.579 -42.0163 2.5
    endloop
  endfacet
  facet normal 0.44276 -0.89664 0
    outer loop
      vertex 18.45 -40.0474 2.5
      vertex 18.579 -39.9837 7.5
      vertex 18.45 -40.0474 7.5
    endloop
  endfacet
  facet normal 0.44276 -0.89664 0
    outer loop
      vertex 18.579 -39.9837 7.5
      vertex 18.45 -40.0474 2.5
      vertex 18.579 -39.9837 2.5
    endloop
  endfacet
  facet normal 0.831515 -0.555502 -4.42546e-19
    outer loop
      vertex 18.0474 -40.45 7.5
      vertex 18.1273 -40.3304 2.5
      vertex 18.1273 -40.3304 7.5
    endloop
  endfacet
  facet normal 0.831515 -0.555502 -4.42546e-19
    outer loop
      vertex 18.1273 -40.3304 2.5
      vertex 18.0474 -40.45 7.5
      vertex 18.0474 -40.45 2.5
    endloop
  endfacet
  facet normal 0.44276 0.89664 -0
    outer loop
      vertex 18.579 -42.0163 2.5
      vertex 18.45 -41.9526 7.5
      vertex 18.579 -42.0163 7.5
    endloop
  endfacet
  facet normal 0.44276 0.89664 0
    outer loop
      vertex 18.45 -41.9526 7.5
      vertex 18.579 -42.0163 2.5
      vertex 18.45 -41.9526 2.5
    endloop
  endfacet
  facet normal 0.555502 0.831515 -0
    outer loop
      vertex 18.45 -41.9526 2.5
      vertex 18.3304 -41.8727 7.5
      vertex 18.45 -41.9526 7.5
    endloop
  endfacet
  facet normal 0.555502 0.831515 0
    outer loop
      vertex 18.3304 -41.8727 7.5
      vertex 18.45 -41.9526 2.5
      vertex 18.3304 -41.8727 2.5
    endloop
  endfacet
  facet normal 0.980815 0.19494 -8.71863e-19
    outer loop
      vertex 79.9743 -40.6084 7.5
      vertex 79.8978 -40.2235 2.5
      vertex 79.8978 -40.2235 7.5
    endloop
  endfacet
  facet normal 0.980815 0.19494 -8.71863e-19
    outer loop
      vertex 79.8978 -40.2235 2.5
      vertex 79.9743 -40.6084 7.5
      vertex 79.9743 -40.6084 2.5
    endloop
  endfacet
  facet normal 0.997853 0.0654873 -4.35269e-19
    outer loop
      vertex 80 -41 7.5
      vertex 79.9743 -40.6084 2.5
      vertex 79.9743 -40.6084 7.5
    endloop
  endfacet
  facet normal 0.997853 0.0654873 -4.35269e-19
    outer loop
      vertex 79.9743 -40.6084 2.5
      vertex 80 -41 7.5
      vertex 80 -41 2.5
    endloop
  endfacet
  facet normal 0.980815 -0.19494 8.71863e-19
    outer loop
      vertex 79.8978 -41.7765 7.5
      vertex 79.9743 -41.3916 2.5
      vertex 79.9743 -41.3916 7.5
    endloop
  endfacet
  facet normal 0.980815 -0.19494 8.71863e-19
    outer loop
      vertex 79.9743 -41.3916 2.5
      vertex 79.8978 -41.7765 7.5
      vertex 79.8978 -41.7765 2.5
    endloop
  endfacet
  facet normal 0 0 1
    outer loop
      vertex 78.1 -41 7.5
      vertex 80 -41 7.5
      vertex 79.9743 -40.6084 7.5
    endloop
  endfacet
  facet normal 0 0 1
    outer loop
      vertex 78.0906 -40.8564 7.5
      vertex 79.9743 -40.6084 7.5
      vertex 79.8978 -40.2235 7.5
    endloop
  endfacet
  facet normal 0 0 1
    outer loop
      vertex 80 -41 7.5
      vertex 78.1 -41 7.5
      vertex 79.9743 -41.3916 7.5
    endloop
  endfacet
  facet normal 0 0 1
    outer loop
      vertex 78.0625 -40.7153 7.5
      vertex 79.8978 -40.2235 7.5
      vertex 79.7716 -39.852 7.5
    endloop
  endfacet
  facet normal -0 0 1
    outer loop
      vertex 78.0906 -41.1436 7.5
      vertex 79.9743 -41.3916 7.5
      vertex 78.1 -41 7.5
    endloop
  endfacet
  facet normal 0 0 1
    outer loop
      vertex 78.0163 -40.579 7.5
      vertex 79.7716 -39.852 7.5
      vertex 79.5981 -39.5 7.5
    endloop
  endfacet
  facet normal 0 0 1
    outer loop
      vertex 79.9743 -41.3916 7.5
      vertex 78.0906 -41.1436 7.5
      vertex 79.8978 -41.7765 7.5
    endloop
  endfacet
  facet normal 0 0 1
    outer loop
      vertex 77.9526 -40.45 7.5
      vertex 79.5981 -39.5 7.5
      vertex 79.3801 -39.1737 7.5
    endloop
  endfacet
  facet normal -0 0 1
    outer loop
      vertex 78.0625 -41.2847 7.5
      vertex 79.8978 -41.7765 7.5
      vertex 78.0906 -41.1436 7.5
    endloop
  endfacet
  facet normal 0 0 1
    outer loop
      vertex 77.8727 -40.3304 7.5
      vertex 79.3801 -39.1737 7.5
      vertex 79.1213 -38.8787 7.5
    endloop
  endfacet
  facet normal 0 0 1
    outer loop
      vertex 79.8978 -41.7765 7.5
      vertex 78.0625 -41.2847 7.5
      vertex 79.7716 -42.148 7.5
    endloop
  endfacet
  facet normal 0 0 1
    outer loop
      vertex 77.7778 -40.2222 7.5
      vertex 79.1213 -38.8787 7.5
      vertex 78.8263 -38.6199 7.5
    endloop
  endfacet
  facet normal -0 0 1
    outer loop
      vertex 78.0163 -41.421 7.5
      vertex 79.7716 -42.148 7.5
      vertex 78.0625 -41.2847 7.5
    endloop
  endfacet
  facet normal 0 0 1
    outer loop
      vertex 77.6696 -40.1273 7.5
      vertex 78.8263 -38.6199 7.5
      vertex 78.5 -38.4019 7.5
    endloop
  endfacet
  facet normal 0 0 1
    outer loop
      vertex 79.7716 -42.148 7.5
      vertex 78.0163 -41.421 7.5
      vertex 79.5981 -42.5 7.5
    endloop
  endfacet
  facet normal 0 0 1
    outer loop
      vertex 77.55 -40.0474 7.5
      vertex 78.5 -38.4019 7.5
      vertex 78.148 -38.2284 7.5
    endloop
  endfacet
  facet normal -0 0 1
    outer loop
      vertex 77.9526 -41.55 7.5
      vertex 79.5981 -42.5 7.5
      vertex 78.0163 -41.421 7.5
    endloop
  endfacet
  facet normal 0 0 1
    outer loop
      vertex 79.5981 -42.5 7.5
      vertex 77.9526 -41.55 7.5
      vertex 79.3801 -42.8263 7.5
    endloop
  endfacet
  facet normal 0 0 1
    outer loop
      vertex 79.9743 -40.6084 7.5
      vertex 78.0906 -40.8564 7.5
      vertex 78.1 -41 7.5
    endloop
  endfacet
  facet normal 0 0 1
    outer loop
      vertex 79.8978 -40.2235 7.5
      vertex 78.0625 -40.7153 7.5
      vertex 78.0906 -40.8564 7.5
    endloop
  endfacet
  facet normal 0 0 1
    outer loop
      vertex 79.7716 -39.852 7.5
      vertex 78.0163 -40.579 7.5
      vertex 78.0625 -40.7153 7.5
    endloop
  endfacet
  facet normal 0 0 1
    outer loop
      vertex 79.5981 -39.5 7.5
      vertex 77.9526 -40.45 7.5
      vertex 78.0163 -40.579 7.5
    endloop
  endfacet
  facet normal 0 0 1
    outer loop
      vertex 79.3801 -39.1737 7.5
      vertex 77.8727 -40.3304 7.5
      vertex 77.9526 -40.45 7.5
    endloop
  endfacet
  facet normal 0 0 1
    outer loop
      vertex 79.1213 -38.8787 7.5
      vertex 77.7778 -40.2222 7.5
      vertex 77.8727 -40.3304 7.5
    endloop
  endfacet
  facet normal 0 0 1
    outer loop
      vertex 77.421 -39.9837 7.5
      vertex 78.148 -38.2284 7.5
      vertex 77.7765 -38.1022 7.5
    endloop
  endfacet
  facet normal 0 0 1
    outer loop
      vertex 78.8263 -38.6199 7.5
      vertex 77.6696 -40.1273 7.5
      vertex 77.7778 -40.2222 7.5
    endloop
  endfacet
  facet normal 0 0 1
    outer loop
      vertex 78.5 -38.4019 7.5
      vertex 77.55 -40.0474 7.5
      vertex 77.6696 -40.1273 7.5
    endloop
  endfacet
  facet normal 0 0 1
    outer loop
      vertex 78.148 -38.2284 7.5
      vertex 77.421 -39.9837 7.5
      vertex 77.55 -40.0474 7.5
    endloop
  endfacet
  facet normal 0 0 1
    outer loop
      vertex 77.2847 -39.9375 7.5
      vertex 77.7765 -38.1022 7.5
      vertex 77.3916 -38.0257 7.5
    endloop
  endfacet
  facet normal 0 0 1
    outer loop
      vertex 77.7765 -38.1022 7.5
      vertex 77.2847 -39.9375 7.5
      vertex 77.421 -39.9837 7.5
    endloop
  endfacet
  facet normal 0 0 1
    outer loop
      vertex 77.3916 -38.0257 7.5
      vertex 77.1436 -39.9094 7.5
      vertex 77.2847 -39.9375 7.5
    endloop
  endfacet
  facet normal 0 0 1
    outer loop
      vertex 77 -38 7.5
      vertex 77.1436 -39.9094 7.5
      vertex 77.3916 -38.0257 7.5
    endloop
  endfacet
  facet normal 0 0 1
    outer loop
      vertex 77 -38 7.5
      vertex 77 -39.9 7.5
      vertex 77.1436 -39.9094 7.5
    endloop
  endfacet
  facet normal 0 0 1
    outer loop
      vertex 77 -38 7.5
      vertex 76.8564 -39.9094 7.5
      vertex 77 -39.9 7.5
    endloop
  endfacet
  facet normal -0 0 1
    outer loop
      vertex 76.6084 -38.0257 7.5
      vertex 76.8564 -39.9094 7.5
      vertex 77 -38 7.5
    endloop
  endfacet
  facet normal 0 0 1
    outer loop
      vertex 76.8564 -39.9094 7.5
      vertex 76.6084 -38.0257 7.5
      vertex 76.7153 -39.9375 7.5
    endloop
  endfacet
  facet normal -0 0 1
    outer loop
      vertex 76.2235 -38.1022 7.5
      vertex 76.7153 -39.9375 7.5
      vertex 76.6084 -38.0257 7.5
    endloop
  endfacet
  facet normal 0 0 1
    outer loop
      vertex 76.7153 -39.9375 7.5
      vertex 76.2235 -38.1022 7.5
      vertex 76.579 -39.9837 7.5
    endloop
  endfacet
  facet normal -0 0 1
    outer loop
      vertex 75.852 -38.2284 7.5
      vertex 76.579 -39.9837 7.5
      vertex 76.2235 -38.1022 7.5
    endloop
  endfacet
  facet normal 0 0 1
    outer loop
      vertex 76.579 -39.9837 7.5
      vertex 75.852 -38.2284 7.5
      vertex 76.45 -40.0474 7.5
    endloop
  endfacet
  facet normal -0 0 1
    outer loop
      vertex 75.5 -38.4019 7.5
      vertex 76.45 -40.0474 7.5
      vertex 75.852 -38.2284 7.5
    endloop
  endfacet
  facet normal 0 0 1
    outer loop
      vertex 76.45 -40.0474 7.5
      vertex 75.5 -38.4019 7.5
      vertex 76.3304 -40.1273 7.5
    endloop
  endfacet
  facet normal -0 0 1
    outer loop
      vertex 75.1737 -38.6199 7.5
      vertex 76.3304 -40.1273 7.5
      vertex 75.5 -38.4019 7.5
    endloop
  endfacet
  facet normal 0 0 1
    outer loop
      vertex 76.3304 -40.1273 7.5
      vertex 75.1737 -38.6199 7.5
      vertex 76.2222 -40.2222 7.5
    endloop
  endfacet
  facet normal -0 0 1
    outer loop
      vertex 74.8787 -38.8787 7.5
      vertex 76.2222 -40.2222 7.5
      vertex 75.1737 -38.6199 7.5
    endloop
  endfacet
  facet normal 0 0 1
    outer loop
      vertex 76.2222 -40.2222 7.5
      vertex 74.8787 -38.8787 7.5
      vertex 76.1273 -40.3304 7.5
    endloop
  endfacet
  facet normal 0 0 1
    outer loop
      vertex 76.1273 -40.3304 7.5
      vertex 74.6199 -39.1737 7.5
      vertex 76.0474 -40.45 7.5
    endloop
  endfacet
  facet normal -0 0 1
    outer loop
      vertex 74.6199 -39.1737 7.5
      vertex 76.1273 -40.3304 7.5
      vertex 74.8787 -38.8787 7.5
    endloop
  endfacet
  facet normal -0 0 1
    outer loop
      vertex 77.8727 -41.6696 7.5
      vertex 79.3801 -42.8263 7.5
      vertex 77.9526 -41.55 7.5
    endloop
  endfacet
  facet normal 0 0 1
    outer loop
      vertex 79.3801 -42.8263 7.5
      vertex 77.8727 -41.6696 7.5
      vertex 79.1213 -43.1213 7.5
    endloop
  endfacet
  facet normal -0 0 1
    outer loop
      vertex 77.7778 -41.7778 7.5
      vertex 79.1213 -43.1213 7.5
      vertex 77.8727 -41.6696 7.5
    endloop
  endfacet
  facet normal 0 0 1
    outer loop
      vertex 79.1213 -43.1213 7.5
      vertex 77.7778 -41.7778 7.5
      vertex 78.8263 -43.3801 7.5
    endloop
  endfacet
  facet normal -0 0 1
    outer loop
      vertex 77.6696 -41.8727 7.5
      vertex 78.8263 -43.3801 7.5
      vertex 77.7778 -41.7778 7.5
    endloop
  endfacet
  facet normal 0 0 1
    outer loop
      vertex 78.8263 -43.3801 7.5
      vertex 77.6696 -41.8727 7.5
      vertex 78.5 -43.5981 7.5
    endloop
  endfacet
  facet normal -0 0 1
    outer loop
      vertex 77.55 -41.9526 7.5
      vertex 78.5 -43.5981 7.5
      vertex 77.6696 -41.8727 7.5
    endloop
  endfacet
  facet normal 0 0 1
    outer loop
      vertex 78.5 -43.5981 7.5
      vertex 77.55 -41.9526 7.5
      vertex 78.148 -43.7716 7.5
    endloop
  endfacet
  facet normal -0 0 1
    outer loop
      vertex 77.421 -42.0163 7.5
      vertex 78.148 -43.7716 7.5
      vertex 77.55 -41.9526 7.5
    endloop
  endfacet
  facet normal 0 0 1
    outer loop
      vertex 78.148 -43.7716 7.5
      vertex 77.421 -42.0163 7.5
      vertex 77.7765 -43.8978 7.5
    endloop
  endfacet
  facet normal -0 0 1
    outer loop
      vertex 77.2847 -42.0625 7.5
      vertex 77.7765 -43.8978 7.5
      vertex 77.421 -42.0163 7.5
    endloop
  endfacet
  facet normal 0 0 1
    outer loop
      vertex 77.7765 -43.8978 7.5
      vertex 77.2847 -42.0625 7.5
      vertex 77.3916 -43.9743 7.5
    endloop
  endfacet
  facet normal -0 0 1
    outer loop
      vertex 77.1436 -42.0906 7.5
      vertex 77.3916 -43.9743 7.5
      vertex 77.2847 -42.0625 7.5
    endloop
  endfacet
  facet normal -0 0 1
    outer loop
      vertex 77 -42.1 7.5
      vertex 77.3916 -43.9743 7.5
      vertex 77.1436 -42.0906 7.5
    endloop
  endfacet
  facet normal 0 0 1
    outer loop
      vertex 77 -42.1 7.5
      vertex 77 -44 7.5
      vertex 77.3916 -43.9743 7.5
    endloop
  endfacet
  facet normal 0 0 1
    outer loop
      vertex 76.8564 -42.0906 7.5
      vertex 77 -44 7.5
      vertex 77 -42.1 7.5
    endloop
  endfacet
  facet normal 0 0 1
    outer loop
      vertex 76.6084 -43.9743 7.5
      vertex 76.8564 -42.0906 7.5
      vertex 76.7153 -42.0625 7.5
    endloop
  endfacet
  facet normal 0 0 1
    outer loop
      vertex 76.8564 -42.0906 7.5
      vertex 76.6084 -43.9743 7.5
      vertex 77 -44 7.5
    endloop
  endfacet
  facet normal 0 0 1
    outer loop
      vertex 76.2235 -43.8978 7.5
      vertex 76.7153 -42.0625 7.5
      vertex 76.579 -42.0163 7.5
    endloop
  endfacet
  facet normal 0 0 1
    outer loop
      vertex 75.852 -43.7716 7.5
      vertex 76.579 -42.0163 7.5
      vertex 76.45 -41.9526 7.5
    endloop
  endfacet
  facet normal 0 0 1
    outer loop
      vertex 75.5 -43.5981 7.5
      vertex 76.45 -41.9526 7.5
      vertex 76.3304 -41.8727 7.5
    endloop
  endfacet
  facet normal 0 0 1
    outer loop
      vertex 76.7153 -42.0625 7.5
      vertex 76.2235 -43.8978 7.5
      vertex 76.6084 -43.9743 7.5
    endloop
  endfacet
  facet normal 0 0 1
    outer loop
      vertex 75.1737 -43.3801 7.5
      vertex 76.3304 -41.8727 7.5
      vertex 76.2222 -41.7778 7.5
    endloop
  endfacet
  facet normal 0 0 1
    outer loop
      vertex 74.8787 -43.1213 7.5
      vertex 76.2222 -41.7778 7.5
      vertex 76.1273 -41.6696 7.5
    endloop
  endfacet
  facet normal 0 0 1
    outer loop
      vertex 74.6199 -42.8263 7.5
      vertex 76.1273 -41.6696 7.5
      vertex 76.0474 -41.55 7.5
    endloop
  endfacet
  facet normal 0 0 1
    outer loop
      vertex 74.4019 -42.5 7.5
      vertex 76.0474 -41.55 7.5
      vertex 75.9837 -41.421 7.5
    endloop
  endfacet
  facet normal 0 0 1
    outer loop
      vertex 74.2284 -42.148 7.5
      vertex 75.9837 -41.421 7.5
      vertex 75.9375 -41.2847 7.5
    endloop
  endfacet
  facet normal 0 0 1
    outer loop
      vertex 74.1022 -41.7765 7.5
      vertex 75.9375 -41.2847 7.5
      vertex 75.9094 -41.1436 7.5
    endloop
  endfacet
  facet normal 0 0 1
    outer loop
      vertex 76.579 -42.0163 7.5
      vertex 75.852 -43.7716 7.5
      vertex 76.2235 -43.8978 7.5
    endloop
  endfacet
  facet normal 0 0 1
    outer loop
      vertex 74.0257 -41.3916 7.5
      vertex 75.9094 -41.1436 7.5
      vertex 75.9 -41 7.5
    endloop
  endfacet
  facet normal -0 0 1
    outer loop
      vertex 74.4019 -39.5 7.5
      vertex 76.0474 -40.45 7.5
      vertex 74.6199 -39.1737 7.5
    endloop
  endfacet
  facet normal 0 0 1
    outer loop
      vertex 76.0474 -40.45 7.5
      vertex 74.4019 -39.5 7.5
      vertex 75.9837 -40.579 7.5
    endloop
  endfacet
  facet normal 0 0 1
    outer loop
      vertex 76.45 -41.9526 7.5
      vertex 75.5 -43.5981 7.5
      vertex 75.852 -43.7716 7.5
    endloop
  endfacet
  facet normal -0 0 1
    outer loop
      vertex 74.2284 -39.852 7.5
      vertex 75.9837 -40.579 7.5
      vertex 74.4019 -39.5 7.5
    endloop
  endfacet
  facet normal 0 0 1
    outer loop
      vertex 76.3304 -41.8727 7.5
      vertex 75.1737 -43.3801 7.5
      vertex 75.5 -43.5981 7.5
    endloop
  endfacet
  facet normal 0 0 1
    outer loop
      vertex 75.9837 -40.579 7.5
      vertex 74.2284 -39.852 7.5
      vertex 75.9375 -40.7153 7.5
    endloop
  endfacet
  facet normal 0 0 1
    outer loop
      vertex 76.2222 -41.7778 7.5
      vertex 74.8787 -43.1213 7.5
      vertex 75.1737 -43.3801 7.5
    endloop
  endfacet
  facet normal -0 0 1
    outer loop
      vertex 74.1022 -40.2235 7.5
      vertex 75.9375 -40.7153 7.5
      vertex 74.2284 -39.852 7.5
    endloop
  endfacet
  facet normal 0 0 1
    outer loop
      vertex 76.1273 -41.6696 7.5
      vertex 74.6199 -42.8263 7.5
      vertex 74.8787 -43.1213 7.5
    endloop
  endfacet
  facet normal 0 0 1
    outer loop
      vertex 75.9375 -40.7153 7.5
      vertex 74.1022 -40.2235 7.5
      vertex 75.9094 -40.8564 7.5
    endloop
  endfacet
  facet normal 0 0 1
    outer loop
      vertex 76.0474 -41.55 7.5
      vertex 74.4019 -42.5 7.5
      vertex 74.6199 -42.8263 7.5
    endloop
  endfacet
  facet normal -0 0 1
    outer loop
      vertex 74.0257 -40.6084 7.5
      vertex 75.9094 -40.8564 7.5
      vertex 74.1022 -40.2235 7.5
    endloop
  endfacet
  facet normal 0 0 1
    outer loop
      vertex 75.9837 -41.421 7.5
      vertex 74.2284 -42.148 7.5
      vertex 74.4019 -42.5 7.5
    endloop
  endfacet
  facet normal 0 0 1
    outer loop
      vertex 75.9094 -40.8564 7.5
      vertex 74.0257 -40.6084 7.5
      vertex 75.9 -41 7.5
    endloop
  endfacet
  facet normal 0 0 1
    outer loop
      vertex 75.9375 -41.2847 7.5
      vertex 74.1022 -41.7765 7.5
      vertex 74.2284 -42.148 7.5
    endloop
  endfacet
  facet normal 0 0 1
    outer loop
      vertex 74 -41 7.5
      vertex 75.9 -41 7.5
      vertex 74.0257 -40.6084 7.5
    endloop
  endfacet
  facet normal 0 0 1
    outer loop
      vertex 75.9094 -41.1436 7.5
      vertex 74.0257 -41.3916 7.5
      vertex 74.1022 -41.7765 7.5
    endloop
  endfacet
  facet normal 0 0 1
    outer loop
      vertex 75.9 -41 7.5
      vertex 74 -41 7.5
      vertex 74.0257 -41.3916 7.5
    endloop
  endfacet
  facet normal 0.831501 0.555523 1.6371e-18
    outer loop
      vertex 79.5981 -39.5 7.5
      vertex 79.3801 -39.1737 2.5
      vertex 79.3801 -39.1737 7.5
    endloop
  endfacet
  facet normal 0.831501 0.555523 1.6371e-18
    outer loop
      vertex 79.3801 -39.1737 2.5
      vertex 79.5981 -39.5 7.5
      vertex 79.5981 -39.5 2.5
    endloop
  endfacet
  facet normal 0.555523 0.831501 -0
    outer loop
      vertex 78.8263 -38.6199 2.5
      vertex 78.5 -38.4019 7.5
      vertex 78.8263 -38.6199 7.5
    endloop
  endfacet
  facet normal 0.555523 0.831501 0
    outer loop
      vertex 78.5 -38.4019 7.5
      vertex 78.8263 -38.6199 2.5
      vertex 78.5 -38.4019 2.5
    endloop
  endfacet
  facet normal 0.896961 -0.44211 6.54982e-19
    outer loop
      vertex 79.5981 -42.5 7.5
      vertex 79.7716 -42.148 2.5
      vertex 79.7716 -42.148 7.5
    endloop
  endfacet
  facet normal 0.896961 -0.44211 6.54982e-19
    outer loop
      vertex 79.7716 -42.148 2.5
      vertex 79.5981 -42.5 7.5
      vertex 79.5981 -42.5 2.5
    endloop
  endfacet
  facet normal 0.997853 -0.0654873 4.35269e-19
    outer loop
      vertex 79.9743 -41.3916 7.5
      vertex 80 -41 2.5
      vertex 80 -41 7.5
    endloop
  endfacet
  facet normal 0.997853 -0.0654873 4.35269e-19
    outer loop
      vertex 80 -41 2.5
      vertex 79.9743 -41.3916 7.5
      vertex 79.9743 -41.3916 2.5
    endloop
  endfacet
  facet normal 0.321651 0.946858 -0
    outer loop
      vertex 78.148 -38.2284 2.5
      vertex 77.7765 -38.1022 7.5
      vertex 78.148 -38.2284 7.5
    endloop
  endfacet
  facet normal 0.321651 0.946858 0
    outer loop
      vertex 77.7765 -38.1022 7.5
      vertex 78.148 -38.2284 2.5
      vertex 77.7765 -38.1022 2.5
    endloop
  endfacet
  facet normal -0.896961 0.44211 6.54982e-19
    outer loop
      vertex 74.2284 -39.852 2.5
      vertex 74.4019 -39.5 7.5
      vertex 74.4019 -39.5 2.5
    endloop
  endfacet
  facet normal -0.896961 0.44211 6.54982e-19
    outer loop
      vertex 74.4019 -39.5 7.5
      vertex 74.2284 -39.852 2.5
      vertex 74.2284 -39.852 7.5
    endloop
  endfacet
  facet normal -0.659478 0.751724 0
    outer loop
      vertex 75.1737 -38.6199 2.5
      vertex 74.8787 -38.8787 7.5
      vertex 75.1737 -38.6199 7.5
    endloop
  endfacet
  facet normal -0.659478 0.751724 0
    outer loop
      vertex 74.8787 -38.8787 7.5
      vertex 75.1737 -38.6199 2.5
      vertex 74.8787 -38.8787 2.5
    endloop
  endfacet
  facet normal 0.321651 -0.946858 0
    outer loop
      vertex 77.7765 -43.8978 2.5
      vertex 78.148 -43.7716 7.5
      vertex 77.7765 -43.8978 7.5
    endloop
  endfacet
  facet normal 0.321651 -0.946858 0
    outer loop
      vertex 78.148 -43.7716 7.5
      vertex 77.7765 -43.8978 2.5
      vertex 78.148 -43.7716 2.5
    endloop
  endfacet
  facet normal -0.997853 -0.0654873 -4.35269e-19
    outer loop
      vertex 74.0257 -41.3916 2.5
      vertex 74 -41 7.5
      vertex 74 -41 2.5
    endloop
  endfacet
  facet normal -0.997853 -0.0654873 -4.35269e-19
    outer loop
      vertex 74 -41 7.5
      vertex 74.0257 -41.3916 2.5
      vertex 74.0257 -41.3916 7.5
    endloop
  endfacet
  facet normal -0.659478 -0.751724 0
    outer loop
      vertex 74.8787 -43.1213 2.5
      vertex 75.1737 -43.3801 7.5
      vertex 74.8787 -43.1213 7.5
    endloop
  endfacet
  facet normal -0.659478 -0.751724 -0
    outer loop
      vertex 75.1737 -43.3801 7.5
      vertex 74.8787 -43.1213 2.5
      vertex 75.1737 -43.3801 2.5
    endloop
  endfacet
  facet normal -0.321651 0.946858 0
    outer loop
      vertex 76.2235 -38.1022 2.5
      vertex 75.852 -38.2284 7.5
      vertex 76.2235 -38.1022 7.5
    endloop
  endfacet
  facet normal -0.321651 0.946858 0
    outer loop
      vertex 75.852 -38.2284 7.5
      vertex 76.2235 -38.1022 2.5
      vertex 75.852 -38.2284 2.5
    endloop
  endfacet
  facet normal -0.831501 -0.555523 1.6371e-18
    outer loop
      vertex 74.6199 -42.8263 2.5
      vertex 74.4019 -42.5 7.5
      vertex 74.4019 -42.5 2.5
    endloop
  endfacet
  facet normal -0.831501 -0.555523 1.6371e-18
    outer loop
      vertex 74.4019 -42.5 7.5
      vertex 74.6199 -42.8263 2.5
      vertex 74.6199 -42.8263 7.5
    endloop
  endfacet
  facet normal -0.555523 0.831501 0
    outer loop
      vertex 75.5 -38.4019 2.5
      vertex 75.1737 -38.6199 7.5
      vertex 75.5 -38.4019 7.5
    endloop
  endfacet
  facet normal -0.555523 0.831501 0
    outer loop
      vertex 75.1737 -38.6199 7.5
      vertex 75.5 -38.4019 2.5
      vertex 75.1737 -38.6199 2.5
    endloop
  endfacet
  facet normal 0.19494 0.980815 -0
    outer loop
      vertex 77.7765 -38.1022 2.5
      vertex 77.3916 -38.0257 7.5
      vertex 77.7765 -38.1022 7.5
    endloop
  endfacet
  facet normal 0.19494 0.980815 0
    outer loop
      vertex 77.3916 -38.0257 7.5
      vertex 77.7765 -38.1022 2.5
      vertex 77.3916 -38.0257 2.5
    endloop
  endfacet
  facet normal -0.44211 0.896961 0
    outer loop
      vertex 75.852 -38.2284 2.5
      vertex 75.5 -38.4019 7.5
      vertex 75.852 -38.2284 7.5
    endloop
  endfacet
  facet normal -0.44211 0.896961 0
    outer loop
      vertex 75.5 -38.4019 7.5
      vertex 75.852 -38.2284 2.5
      vertex 75.5 -38.4019 2.5
    endloop
  endfacet
  facet normal 0.0654873 -0.997853 0
    outer loop
      vertex 77 -44 2.5
      vertex 77.3916 -43.9743 7.5
      vertex 77 -44 7.5
    endloop
  endfacet
  facet normal 0.0654873 -0.997853 0
    outer loop
      vertex 77.3916 -43.9743 7.5
      vertex 77 -44 2.5
      vertex 77.3916 -43.9743 2.5
    endloop
  endfacet
  facet normal 0.659478 -0.751724 0
    outer loop
      vertex 78.8263 -43.3801 2.5
      vertex 79.1213 -43.1213 7.5
      vertex 78.8263 -43.3801 7.5
    endloop
  endfacet
  facet normal 0.659478 -0.751724 0
    outer loop
      vertex 79.1213 -43.1213 7.5
      vertex 78.8263 -43.3801 2.5
      vertex 79.1213 -43.1213 2.5
    endloop
  endfacet
  facet normal -0.946858 -0.321651 1.37146e-18
    outer loop
      vertex 74.2284 -42.148 2.5
      vertex 74.1022 -41.7765 7.5
      vertex 74.1022 -41.7765 2.5
    endloop
  endfacet
  facet normal -0.946858 -0.321651 1.37146e-18
    outer loop
      vertex 74.1022 -41.7765 7.5
      vertex 74.2284 -42.148 2.5
      vertex 74.2284 -42.148 7.5
    endloop
  endfacet
  facet normal 0.946858 -0.321651 -1.37146e-18
    outer loop
      vertex 79.7716 -42.148 7.5
      vertex 79.8978 -41.7765 2.5
      vertex 79.8978 -41.7765 7.5
    endloop
  endfacet
  facet normal 0.946858 -0.321651 -1.37146e-18
    outer loop
      vertex 79.8978 -41.7765 2.5
      vertex 79.7716 -42.148 7.5
      vertex 79.7716 -42.148 2.5
    endloop
  endfacet
  facet normal 0.44211 0.896961 -0
    outer loop
      vertex 78.5 -38.4019 2.5
      vertex 78.148 -38.2284 7.5
      vertex 78.5 -38.4019 7.5
    endloop
  endfacet
  facet normal 0.44211 0.896961 0
    outer loop
      vertex 78.148 -38.2284 7.5
      vertex 78.5 -38.4019 2.5
      vertex 78.148 -38.2284 2.5
    endloop
  endfacet
  facet normal -0.19494 0.980815 0
    outer loop
      vertex 76.6084 -38.0257 2.5
      vertex 76.2235 -38.1022 7.5
      vertex 76.6084 -38.0257 7.5
    endloop
  endfacet
  facet normal -0.19494 0.980815 0
    outer loop
      vertex 76.2235 -38.1022 7.5
      vertex 76.6084 -38.0257 2.5
      vertex 76.2235 -38.1022 2.5
    endloop
  endfacet
  facet normal 0.751724 0.659478 2.71773e-18
    outer loop
      vertex 79.3801 -39.1737 7.5
      vertex 79.1213 -38.8787 2.5
      vertex 79.1213 -38.8787 7.5
    endloop
  endfacet
  facet normal 0.751724 0.659478 2.71773e-18
    outer loop
      vertex 79.1213 -38.8787 2.5
      vertex 79.3801 -39.1737 7.5
      vertex 79.3801 -39.1737 2.5
    endloop
  endfacet
  facet normal 0.751724 -0.659478 -2.71773e-18
    outer loop
      vertex 79.1213 -43.1213 7.5
      vertex 79.3801 -42.8263 2.5
      vertex 79.3801 -42.8263 7.5
    endloop
  endfacet
  facet normal 0.751724 -0.659478 -2.71773e-18
    outer loop
      vertex 79.3801 -42.8263 2.5
      vertex 79.1213 -43.1213 7.5
      vertex 79.1213 -43.1213 2.5
    endloop
  endfacet
  facet normal -0.44211 -0.896961 0
    outer loop
      vertex 75.5 -43.5981 2.5
      vertex 75.852 -43.7716 7.5
      vertex 75.5 -43.5981 7.5
    endloop
  endfacet
  facet normal -0.44211 -0.896961 -0
    outer loop
      vertex 75.852 -43.7716 7.5
      vertex 75.5 -43.5981 2.5
      vertex 75.852 -43.7716 2.5
    endloop
  endfacet
  facet normal -0.946858 0.321651 -1.37146e-18
    outer loop
      vertex 74.1022 -40.2235 2.5
      vertex 74.2284 -39.852 7.5
      vertex 74.2284 -39.852 2.5
    endloop
  endfacet
  facet normal -0.946858 0.321651 -1.37146e-18
    outer loop
      vertex 74.2284 -39.852 7.5
      vertex 74.1022 -40.2235 2.5
      vertex 74.1022 -40.2235 7.5
    endloop
  endfacet
  facet normal 0.19494 -0.980815 0
    outer loop
      vertex 77.3916 -43.9743 2.5
      vertex 77.7765 -43.8978 7.5
      vertex 77.3916 -43.9743 7.5
    endloop
  endfacet
  facet normal 0.19494 -0.980815 0
    outer loop
      vertex 77.7765 -43.8978 7.5
      vertex 77.3916 -43.9743 2.5
      vertex 77.7765 -43.8978 2.5
    endloop
  endfacet
  facet normal 0.44211 -0.896961 0
    outer loop
      vertex 78.148 -43.7716 2.5
      vertex 78.5 -43.5981 7.5
      vertex 78.148 -43.7716 7.5
    endloop
  endfacet
  facet normal 0.44211 -0.896961 0
    outer loop
      vertex 78.5 -43.5981 7.5
      vertex 78.148 -43.7716 2.5
      vertex 78.5 -43.5981 2.5
    endloop
  endfacet
  facet normal -0.751724 0.659478 -2.71773e-18
    outer loop
      vertex 74.6199 -39.1737 2.5
      vertex 74.8787 -38.8787 7.5
      vertex 74.8787 -38.8787 2.5
    endloop
  endfacet
  facet normal -0.751724 0.659478 -2.71773e-18
    outer loop
      vertex 74.8787 -38.8787 7.5
      vertex 74.6199 -39.1737 2.5
      vertex 74.6199 -39.1737 7.5
    endloop
  endfacet
  facet normal 0.659478 0.751724 -0
    outer loop
      vertex 79.1213 -38.8787 2.5
      vertex 78.8263 -38.6199 7.5
      vertex 79.1213 -38.8787 7.5
    endloop
  endfacet
  facet normal 0.659478 0.751724 0
    outer loop
      vertex 78.8263 -38.6199 7.5
      vertex 79.1213 -38.8787 2.5
      vertex 78.8263 -38.6199 2.5
    endloop
  endfacet
  facet normal -0.896961 -0.44211 -6.54982e-19
    outer loop
      vertex 74.4019 -42.5 2.5
      vertex 74.2284 -42.148 7.5
      vertex 74.2284 -42.148 2.5
    endloop
  endfacet
  facet normal -0.896961 -0.44211 -6.54982e-19
    outer loop
      vertex 74.2284 -42.148 7.5
      vertex 74.4019 -42.5 2.5
      vertex 74.4019 -42.5 7.5
    endloop
  endfacet
  facet normal -0.997853 0.0654873 4.35269e-19
    outer loop
      vertex 74 -41 2.5
      vertex 74.0257 -40.6084 7.5
      vertex 74.0257 -40.6084 2.5
    endloop
  endfacet
  facet normal -0.997853 0.0654873 4.35269e-19
    outer loop
      vertex 74.0257 -40.6084 7.5
      vertex 74 -41 2.5
      vertex 74 -41 7.5
    endloop
  endfacet
  facet normal 0.831501 -0.555523 -1.6371e-18
    outer loop
      vertex 79.3801 -42.8263 7.5
      vertex 79.5981 -42.5 2.5
      vertex 79.5981 -42.5 7.5
    endloop
  endfacet
  facet normal 0.831501 -0.555523 -1.6371e-18
    outer loop
      vertex 79.5981 -42.5 2.5
      vertex 79.3801 -42.8263 7.5
      vertex 79.3801 -42.8263 2.5
    endloop
  endfacet
  facet normal 0.896961 0.44211 -6.54982e-19
    outer loop
      vertex 79.7716 -39.852 7.5
      vertex 79.5981 -39.5 2.5
      vertex 79.5981 -39.5 7.5
    endloop
  endfacet
  facet normal 0.896961 0.44211 -6.54982e-19
    outer loop
      vertex 79.5981 -39.5 2.5
      vertex 79.7716 -39.852 7.5
      vertex 79.7716 -39.852 2.5
    endloop
  endfacet
  facet normal -0.0654873 -0.997853 0
    outer loop
      vertex 76.6084 -43.9743 2.5
      vertex 77 -44 7.5
      vertex 76.6084 -43.9743 7.5
    endloop
  endfacet
  facet normal -0.0654873 -0.997853 -0
    outer loop
      vertex 77 -44 7.5
      vertex 76.6084 -43.9743 2.5
      vertex 77 -44 2.5
    endloop
  endfacet
  facet normal -0.555523 -0.831501 0
    outer loop
      vertex 75.1737 -43.3801 2.5
      vertex 75.5 -43.5981 7.5
      vertex 75.1737 -43.3801 7.5
    endloop
  endfacet
  facet normal -0.555523 -0.831501 -0
    outer loop
      vertex 75.5 -43.5981 7.5
      vertex 75.1737 -43.3801 2.5
      vertex 75.5 -43.5981 2.5
    endloop
  endfacet
  facet normal 0.555523 -0.831501 0
    outer loop
      vertex 78.5 -43.5981 2.5
      vertex 78.8263 -43.3801 7.5
      vertex 78.5 -43.5981 7.5
    endloop
  endfacet
  facet normal 0.555523 -0.831501 0
    outer loop
      vertex 78.8263 -43.3801 7.5
      vertex 78.5 -43.5981 2.5
      vertex 78.8263 -43.3801 2.5
    endloop
  endfacet
  facet normal 0.946858 0.321651 1.37146e-18
    outer loop
      vertex 79.8978 -40.2235 7.5
      vertex 79.7716 -39.852 2.5
      vertex 79.7716 -39.852 7.5
    endloop
  endfacet
  facet normal 0.946858 0.321651 1.37146e-18
    outer loop
      vertex 79.7716 -39.852 2.5
      vertex 79.8978 -40.2235 7.5
      vertex 79.8978 -40.2235 2.5
    endloop
  endfacet
  facet normal -0.980815 0.19494 8.71863e-19
    outer loop
      vertex 74.0257 -40.6084 2.5
      vertex 74.1022 -40.2235 7.5
      vertex 74.1022 -40.2235 2.5
    endloop
  endfacet
  facet normal -0.980815 0.19494 8.71863e-19
    outer loop
      vertex 74.1022 -40.2235 7.5
      vertex 74.0257 -40.6084 2.5
      vertex 74.0257 -40.6084 7.5
    endloop
  endfacet
  facet normal -0.0654873 0.997853 0
    outer loop
      vertex 77 -38 2.5
      vertex 76.6084 -38.0257 7.5
      vertex 77 -38 7.5
    endloop
  endfacet
  facet normal -0.0654873 0.997853 0
    outer loop
      vertex 76.6084 -38.0257 7.5
      vertex 77 -38 2.5
      vertex 76.6084 -38.0257 2.5
    endloop
  endfacet
  facet normal -0.321651 -0.946858 0
    outer loop
      vertex 75.852 -43.7716 2.5
      vertex 76.2235 -43.8978 7.5
      vertex 75.852 -43.7716 7.5
    endloop
  endfacet
  facet normal -0.321651 -0.946858 -0
    outer loop
      vertex 76.2235 -43.8978 7.5
      vertex 75.852 -43.7716 2.5
      vertex 76.2235 -43.8978 2.5
    endloop
  endfacet
  facet normal -0.980815 -0.19494 -8.71863e-19
    outer loop
      vertex 74.1022 -41.7765 2.5
      vertex 74.0257 -41.3916 7.5
      vertex 74.0257 -41.3916 2.5
    endloop
  endfacet
  facet normal -0.980815 -0.19494 -8.71863e-19
    outer loop
      vertex 74.0257 -41.3916 7.5
      vertex 74.1022 -41.7765 2.5
      vertex 74.1022 -41.7765 7.5
    endloop
  endfacet
  facet normal -0.751724 -0.659478 2.71773e-18
    outer loop
      vertex 74.8787 -43.1213 2.5
      vertex 74.6199 -42.8263 7.5
      vertex 74.6199 -42.8263 2.5
    endloop
  endfacet
  facet normal -0.751724 -0.659478 2.71773e-18
    outer loop
      vertex 74.6199 -42.8263 7.5
      vertex 74.8787 -43.1213 2.5
      vertex 74.8787 -43.1213 7.5
    endloop
  endfacet
  facet normal 0.0654873 0.997853 -0
    outer loop
      vertex 77.3916 -38.0257 2.5
      vertex 77 -38 7.5
      vertex 77.3916 -38.0257 7.5
    endloop
  endfacet
  facet normal 0.0654873 0.997853 0
    outer loop
      vertex 77 -38 7.5
      vertex 77.3916 -38.0257 2.5
      vertex 77 -38 2.5
    endloop
  endfacet
  facet normal -0.19494 -0.980815 0
    outer loop
      vertex 76.2235 -43.8978 2.5
      vertex 76.6084 -43.9743 7.5
      vertex 76.2235 -43.8978 7.5
    endloop
  endfacet
  facet normal -0.19494 -0.980815 -0
    outer loop
      vertex 76.6084 -43.9743 7.5
      vertex 76.2235 -43.8978 2.5
      vertex 76.6084 -43.9743 2.5
    endloop
  endfacet
  facet normal -0.831501 0.555523 -1.6371e-18
    outer loop
      vertex 74.4019 -39.5 2.5
      vertex 74.6199 -39.1737 7.5
      vertex 74.6199 -39.1737 2.5
    endloop
  endfacet
  facet normal -0.831501 0.555523 -1.6371e-18
    outer loop
      vertex 74.6199 -39.1737 7.5
      vertex 74.4019 -39.5 2.5
      vertex 74.4019 -39.5 7.5
    endloop
  endfacet
  facet normal -0.980741 -0.195314 5.31027e-19
    outer loop
      vertex 78.0906 -40.8564 2.5
      vertex 78.0625 -40.7153 7.5
      vertex 78.0625 -40.7153 2.5
    endloop
  endfacet
  facet normal -0.980741 -0.195314 5.31027e-19
    outer loop
      vertex 78.0625 -40.7153 7.5
      vertex 78.0906 -40.8564 2.5
      vertex 78.0906 -40.8564 7.5
    endloop
  endfacet
  facet normal -0.997864 -0.0653198 7.72495e-20
    outer loop
      vertex 78.1 -41 2.5
      vertex 78.0906 -40.8564 7.5
      vertex 78.0906 -40.8564 2.5
    endloop
  endfacet
  facet normal -0.997864 -0.0653198 7.72495e-20
    outer loop
      vertex 78.0906 -40.8564 7.5
      vertex 78.1 -41 2.5
      vertex 78.1 -41 7.5
    endloop
  endfacet
  facet normal -0.321018 -0.947073 0
    outer loop
      vertex 77.2847 -39.9375 2.5
      vertex 77.421 -39.9837 7.5
      vertex 77.2847 -39.9375 7.5
    endloop
  endfacet
  facet normal -0.321018 -0.947073 -0
    outer loop
      vertex 77.421 -39.9837 7.5
      vertex 77.2847 -39.9375 2.5
      vertex 77.421 -39.9837 2.5
    endloop
  endfacet
  facet normal -0.555502 0.831515 0
    outer loop
      vertex 77.6696 -41.8727 2.5
      vertex 77.55 -41.9526 7.5
      vertex 77.6696 -41.8727 7.5
    endloop
  endfacet
  facet normal -0.555502 0.831515 0
    outer loop
      vertex 77.55 -41.9526 7.5
      vertex 77.6696 -41.8727 2.5
      vertex 77.55 -41.9526 2.5
    endloop
  endfacet
  facet normal -0.65939 -0.751801 0
    outer loop
      vertex 77.6696 -40.1273 2.5
      vertex 77.7778 -40.2222 7.5
      vertex 77.6696 -40.1273 7.5
    endloop
  endfacet
  facet normal -0.65939 -0.751801 -0
    outer loop
      vertex 77.7778 -40.2222 7.5
      vertex 77.6696 -40.1273 2.5
      vertex 77.7778 -40.2222 2.5
    endloop
  endfacet
  facet normal 0.195314 0.980741 -0
    outer loop
      vertex 76.8564 -42.0906 2.5
      vertex 76.7153 -42.0625 7.5
      vertex 76.8564 -42.0906 7.5
    endloop
  endfacet
  facet normal 0.195314 0.980741 0
    outer loop
      vertex 76.7153 -42.0625 7.5
      vertex 76.8564 -42.0906 2.5
      vertex 76.7153 -42.0625 2.5
    endloop
  endfacet
  facet normal -0.751801 0.65939 -6.95745e-19
    outer loop
      vertex 77.7778 -41.7778 2.5
      vertex 77.8727 -41.6696 7.5
      vertex 77.8727 -41.6696 2.5
    endloop
  endfacet
  facet normal -0.751801 0.65939 -6.95745e-19
    outer loop
      vertex 77.8727 -41.6696 7.5
      vertex 77.7778 -41.7778 2.5
      vertex 77.7778 -41.7778 7.5
    endloop
  endfacet
  facet normal 0.947073 -0.321018 2.3783e-19
    outer loop
      vertex 75.9375 -40.7153 7.5
      vertex 75.9837 -40.579 2.5
      vertex 75.9837 -40.579 7.5
    endloop
  endfacet
  facet normal 0.947073 -0.321018 2.3783e-19
    outer loop
      vertex 75.9837 -40.579 2.5
      vertex 75.9375 -40.7153 7.5
      vertex 75.9375 -40.7153 2.5
    endloop
  endfacet
  facet normal -0.0653198 -0.997864 0
    outer loop
      vertex 77 -39.9 2.5
      vertex 77.1436 -39.9094 7.5
      vertex 77 -39.9 7.5
    endloop
  endfacet
  facet normal -0.0653198 -0.997864 -0
    outer loop
      vertex 77.1436 -39.9094 7.5
      vertex 77 -39.9 2.5
      vertex 77.1436 -39.9094 2.5
    endloop
  endfacet
  facet normal 0.321018 -0.947073 0
    outer loop
      vertex 76.579 -39.9837 2.5
      vertex 76.7153 -39.9375 7.5
      vertex 76.579 -39.9837 7.5
    endloop
  endfacet
  facet normal 0.321018 -0.947073 0
    outer loop
      vertex 76.7153 -39.9375 7.5
      vertex 76.579 -39.9837 2.5
      vertex 76.7153 -39.9375 2.5
    endloop
  endfacet
  facet normal 0.997864 0.0653198 7.72495e-20
    outer loop
      vertex 75.9094 -41.1436 7.5
      vertex 75.9 -41 2.5
      vertex 75.9 -41 7.5
    endloop
  endfacet
  facet normal 0.997864 0.0653198 7.72495e-20
    outer loop
      vertex 75.9 -41 2.5
      vertex 75.9094 -41.1436 7.5
      vertex 75.9094 -41.1436 2.5
    endloop
  endfacet
  facet normal 0.0653198 0.997864 -0
    outer loop
      vertex 77 -42.1 2.5
      vertex 76.8564 -42.0906 7.5
      vertex 77 -42.1 7.5
    endloop
  endfacet
  facet normal 0.0653198 0.997864 0
    outer loop
      vertex 76.8564 -42.0906 7.5
      vertex 77 -42.1 2.5
      vertex 76.8564 -42.0906 2.5
    endloop
  endfacet
  facet normal -0.997864 0.0653198 -7.72495e-20
    outer loop
      vertex 78.0906 -41.1436 2.5
      vertex 78.1 -41 7.5
      vertex 78.1 -41 2.5
    endloop
  endfacet
  facet normal -0.997864 0.0653198 -7.72495e-20
    outer loop
      vertex 78.1 -41 7.5
      vertex 78.0906 -41.1436 2.5
      vertex 78.0906 -41.1436 7.5
    endloop
  endfacet
  facet normal -0.751801 -0.65939 6.95745e-19
    outer loop
      vertex 77.8727 -40.3304 2.5
      vertex 77.7778 -40.2222 7.5
      vertex 77.7778 -40.2222 2.5
    endloop
  endfacet
  facet normal -0.751801 -0.65939 6.95745e-19
    outer loop
      vertex 77.7778 -40.2222 7.5
      vertex 77.8727 -40.3304 2.5
      vertex 77.8727 -40.3304 7.5
    endloop
  endfacet
  facet normal 0.947073 0.321018 -2.3783e-19
    outer loop
      vertex 75.9837 -41.421 7.5
      vertex 75.9375 -41.2847 2.5
      vertex 75.9375 -41.2847 7.5
    endloop
  endfacet
  facet normal 0.947073 0.321018 -2.3783e-19
    outer loop
      vertex 75.9375 -41.2847 2.5
      vertex 75.9837 -41.421 7.5
      vertex 75.9837 -41.421 2.5
    endloop
  endfacet
  facet normal 0.980741 0.195314 5.31027e-19
    outer loop
      vertex 75.9375 -41.2847 7.5
      vertex 75.9094 -41.1436 2.5
      vertex 75.9094 -41.1436 7.5
    endloop
  endfacet
  facet normal 0.980741 0.195314 5.31027e-19
    outer loop
      vertex 75.9094 -41.1436 2.5
      vertex 75.9375 -41.2847 7.5
      vertex 75.9375 -41.2847 2.5
    endloop
  endfacet
  facet normal -0.195314 -0.980741 0
    outer loop
      vertex 77.1436 -39.9094 2.5
      vertex 77.2847 -39.9375 7.5
      vertex 77.1436 -39.9094 7.5
    endloop
  endfacet
  facet normal -0.195314 -0.980741 -0
    outer loop
      vertex 77.2847 -39.9375 7.5
      vertex 77.1436 -39.9094 2.5
      vertex 77.2847 -39.9375 2.5
    endloop
  endfacet
  facet normal 0.751801 0.65939 6.95745e-19
    outer loop
      vertex 76.2222 -41.7778 7.5
      vertex 76.1273 -41.6696 2.5
      vertex 76.1273 -41.6696 7.5
    endloop
  endfacet
  facet normal 0.751801 0.65939 6.95745e-19
    outer loop
      vertex 76.1273 -41.6696 2.5
      vertex 76.2222 -41.7778 7.5
      vertex 76.2222 -41.7778 2.5
    endloop
  endfacet
  facet normal 0.65939 -0.751801 0
    outer loop
      vertex 76.2222 -40.2222 2.5
      vertex 76.3304 -40.1273 7.5
      vertex 76.2222 -40.2222 7.5
    endloop
  endfacet
  facet normal 0.65939 -0.751801 0
    outer loop
      vertex 76.3304 -40.1273 7.5
      vertex 76.2222 -40.2222 2.5
      vertex 76.3304 -40.1273 2.5
    endloop
  endfacet
  facet normal 0.89664 -0.44276 1.08628e-18
    outer loop
      vertex 75.9837 -40.579 7.5
      vertex 76.0474 -40.45 2.5
      vertex 76.0474 -40.45 7.5
    endloop
  endfacet
  facet normal 0.89664 -0.44276 1.08628e-18
    outer loop
      vertex 76.0474 -40.45 2.5
      vertex 75.9837 -40.579 7.5
      vertex 75.9837 -40.579 2.5
    endloop
  endfacet
  facet normal -0.831515 0.555502 -7.28141e-19
    outer loop
      vertex 77.8727 -41.6696 2.5
      vertex 77.9526 -41.55 7.5
      vertex 77.9526 -41.55 2.5
    endloop
  endfacet
  facet normal -0.831515 0.555502 -7.28141e-19
    outer loop
      vertex 77.9526 -41.55 7.5
      vertex 77.8727 -41.6696 2.5
      vertex 77.8727 -41.6696 7.5
    endloop
  endfacet
  facet normal -0.831515 -0.555502 7.28141e-19
    outer loop
      vertex 77.9526 -40.45 2.5
      vertex 77.8727 -40.3304 7.5
      vertex 77.8727 -40.3304 2.5
    endloop
  endfacet
  facet normal -0.831515 -0.555502 7.28141e-19
    outer loop
      vertex 77.8727 -40.3304 7.5
      vertex 77.9526 -40.45 2.5
      vertex 77.9526 -40.45 7.5
    endloop
  endfacet
  facet normal 0.751801 -0.65939 -6.95745e-19
    outer loop
      vertex 76.1273 -40.3304 7.5
      vertex 76.2222 -40.2222 2.5
      vertex 76.2222 -40.2222 7.5
    endloop
  endfacet
  facet normal 0.751801 -0.65939 -6.95745e-19
    outer loop
      vertex 76.2222 -40.2222 2.5
      vertex 76.1273 -40.3304 7.5
      vertex 76.1273 -40.3304 2.5
    endloop
  endfacet
  facet normal -0.65939 0.751801 0
    outer loop
      vertex 77.7778 -41.7778 2.5
      vertex 77.6696 -41.8727 7.5
      vertex 77.7778 -41.7778 7.5
    endloop
  endfacet
  facet normal -0.65939 0.751801 0
    outer loop
      vertex 77.6696 -41.8727 7.5
      vertex 77.7778 -41.7778 2.5
      vertex 77.6696 -41.8727 2.5
    endloop
  endfacet
  facet normal 0.831515 0.555502 7.28141e-19
    outer loop
      vertex 76.1273 -41.6696 7.5
      vertex 76.0474 -41.55 2.5
      vertex 76.0474 -41.55 7.5
    endloop
  endfacet
  facet normal 0.831515 0.555502 7.28141e-19
    outer loop
      vertex 76.0474 -41.55 2.5
      vertex 76.1273 -41.6696 7.5
      vertex 76.1273 -41.6696 2.5
    endloop
  endfacet
  facet normal 0.195314 -0.980741 0
    outer loop
      vertex 76.7153 -39.9375 2.5
      vertex 76.8564 -39.9094 7.5
      vertex 76.7153 -39.9375 7.5
    endloop
  endfacet
  facet normal 0.195314 -0.980741 0
    outer loop
      vertex 76.8564 -39.9094 7.5
      vertex 76.7153 -39.9375 2.5
      vertex 76.8564 -39.9094 2.5
    endloop
  endfacet
  facet normal -0.947073 0.321018 2.3783e-19
    outer loop
      vertex 78.0163 -41.421 2.5
      vertex 78.0625 -41.2847 7.5
      vertex 78.0625 -41.2847 2.5
    endloop
  endfacet
  facet normal -0.947073 0.321018 2.3783e-19
    outer loop
      vertex 78.0625 -41.2847 7.5
      vertex 78.0163 -41.421 2.5
      vertex 78.0163 -41.421 7.5
    endloop
  endfacet
  facet normal -0.44276 -0.89664 0
    outer loop
      vertex 77.421 -39.9837 2.5
      vertex 77.55 -40.0474 7.5
      vertex 77.421 -39.9837 7.5
    endloop
  endfacet
  facet normal -0.44276 -0.89664 -0
    outer loop
      vertex 77.55 -40.0474 7.5
      vertex 77.421 -39.9837 2.5
      vertex 77.55 -40.0474 2.5
    endloop
  endfacet
  facet normal 0.0653198 -0.997864 0
    outer loop
      vertex 76.8564 -39.9094 2.5
      vertex 77 -39.9 7.5
      vertex 76.8564 -39.9094 7.5
    endloop
  endfacet
  facet normal 0.0653198 -0.997864 0
    outer loop
      vertex 77 -39.9 7.5
      vertex 76.8564 -39.9094 2.5
      vertex 77 -39.9 2.5
    endloop
  endfacet
  facet normal -0.0653198 0.997864 0
    outer loop
      vertex 77.1436 -42.0906 2.5
      vertex 77 -42.1 7.5
      vertex 77.1436 -42.0906 7.5
    endloop
  endfacet
  facet normal -0.0653198 0.997864 0
    outer loop
      vertex 77 -42.1 7.5
      vertex 77.1436 -42.0906 2.5
      vertex 77 -42.1 2.5
    endloop
  endfacet
  facet normal -0.555502 -0.831515 0
    outer loop
      vertex 77.55 -40.0474 2.5
      vertex 77.6696 -40.1273 7.5
      vertex 77.55 -40.0474 7.5
    endloop
  endfacet
  facet normal -0.555502 -0.831515 -0
    outer loop
      vertex 77.6696 -40.1273 7.5
      vertex 77.55 -40.0474 2.5
      vertex 77.6696 -40.1273 2.5
    endloop
  endfacet
  facet normal 0.89664 0.44276 -1.08628e-18
    outer loop
      vertex 76.0474 -41.55 7.5
      vertex 75.9837 -41.421 2.5
      vertex 75.9837 -41.421 7.5
    endloop
  endfacet
  facet normal 0.89664 0.44276 -1.08628e-18
    outer loop
      vertex 75.9837 -41.421 2.5
      vertex 76.0474 -41.55 7.5
      vertex 76.0474 -41.55 2.5
    endloop
  endfacet
  facet normal 0.65939 0.751801 -0
    outer loop
      vertex 76.3304 -41.8727 2.5
      vertex 76.2222 -41.7778 7.5
      vertex 76.3304 -41.8727 7.5
    endloop
  endfacet
  facet normal 0.65939 0.751801 0
    outer loop
      vertex 76.2222 -41.7778 7.5
      vertex 76.3304 -41.8727 2.5
      vertex 76.2222 -41.7778 2.5
    endloop
  endfacet
  facet normal 0.980741 -0.195314 -5.31027e-19
    outer loop
      vertex 75.9094 -40.8564 7.5
      vertex 75.9375 -40.7153 2.5
      vertex 75.9375 -40.7153 7.5
    endloop
  endfacet
  facet normal 0.980741 -0.195314 -5.31027e-19
    outer loop
      vertex 75.9375 -40.7153 2.5
      vertex 75.9094 -40.8564 7.5
      vertex 75.9094 -40.8564 2.5
    endloop
  endfacet
  facet normal -0.89664 -0.44276 -1.08628e-18
    outer loop
      vertex 78.0163 -40.579 2.5
      vertex 77.9526 -40.45 7.5
      vertex 77.9526 -40.45 2.5
    endloop
  endfacet
  facet normal -0.89664 -0.44276 -1.08628e-18
    outer loop
      vertex 77.9526 -40.45 7.5
      vertex 78.0163 -40.579 2.5
      vertex 78.0163 -40.579 7.5
    endloop
  endfacet
  facet normal -0.195314 0.980741 0
    outer loop
      vertex 77.2847 -42.0625 2.5
      vertex 77.1436 -42.0906 7.5
      vertex 77.2847 -42.0625 7.5
    endloop
  endfacet
  facet normal -0.195314 0.980741 0
    outer loop
      vertex 77.1436 -42.0906 7.5
      vertex 77.2847 -42.0625 2.5
      vertex 77.1436 -42.0906 2.5
    endloop
  endfacet
  facet normal -0.89664 0.44276 1.08628e-18
    outer loop
      vertex 77.9526 -41.55 2.5
      vertex 78.0163 -41.421 7.5
      vertex 78.0163 -41.421 2.5
    endloop
  endfacet
  facet normal -0.89664 0.44276 1.08628e-18
    outer loop
      vertex 78.0163 -41.421 7.5
      vertex 77.9526 -41.55 2.5
      vertex 77.9526 -41.55 7.5
    endloop
  endfacet
  facet normal -0.980741 0.195314 -5.31027e-19
    outer loop
      vertex 78.0625 -41.2847 2.5
      vertex 78.0906 -41.1436 7.5
      vertex 78.0906 -41.1436 2.5
    endloop
  endfacet
  facet normal -0.980741 0.195314 -5.31027e-19
    outer loop
      vertex 78.0906 -41.1436 7.5
      vertex 78.0625 -41.2847 2.5
      vertex 78.0625 -41.2847 7.5
    endloop
  endfacet
  facet normal 0.555502 -0.831515 0
    outer loop
      vertex 76.3304 -40.1273 2.5
      vertex 76.45 -40.0474 7.5
      vertex 76.3304 -40.1273 7.5
    endloop
  endfacet
  facet normal 0.555502 -0.831515 0
    outer loop
      vertex 76.45 -40.0474 7.5
      vertex 76.3304 -40.1273 2.5
      vertex 76.45 -40.0474 2.5
    endloop
  endfacet
  facet normal -0.947073 -0.321018 -2.3783e-19
    outer loop
      vertex 78.0625 -40.7153 2.5
      vertex 78.0163 -40.579 7.5
      vertex 78.0163 -40.579 2.5
    endloop
  endfacet
  facet normal -0.947073 -0.321018 -2.3783e-19
    outer loop
      vertex 78.0163 -40.579 7.5
      vertex 78.0625 -40.7153 2.5
      vertex 78.0625 -40.7153 7.5
    endloop
  endfacet
  facet normal -0.321018 0.947073 0
    outer loop
      vertex 77.421 -42.0163 2.5
      vertex 77.2847 -42.0625 7.5
      vertex 77.421 -42.0163 7.5
    endloop
  endfacet
  facet normal -0.321018 0.947073 0
    outer loop
      vertex 77.2847 -42.0625 7.5
      vertex 77.421 -42.0163 2.5
      vertex 77.2847 -42.0625 2.5
    endloop
  endfacet
  facet normal -0.44276 0.89664 0
    outer loop
      vertex 77.55 -41.9526 2.5
      vertex 77.421 -42.0163 7.5
      vertex 77.55 -41.9526 7.5
    endloop
  endfacet
  facet normal -0.44276 0.89664 0
    outer loop
      vertex 77.421 -42.0163 7.5
      vertex 77.55 -41.9526 2.5
      vertex 77.421 -42.0163 2.5
    endloop
  endfacet
  facet normal 0.997864 -0.0653198 -7.72495e-20
    outer loop
      vertex 75.9 -41 7.5
      vertex 75.9094 -40.8564 2.5
      vertex 75.9094 -40.8564 7.5
    endloop
  endfacet
  facet normal 0.997864 -0.0653198 -7.72495e-20
    outer loop
      vertex 75.9094 -40.8564 2.5
      vertex 75.9 -41 7.5
      vertex 75.9 -41 2.5
    endloop
  endfacet
  facet normal 0.321018 0.947073 -0
    outer loop
      vertex 76.7153 -42.0625 2.5
      vertex 76.579 -42.0163 7.5
      vertex 76.7153 -42.0625 7.5
    endloop
  endfacet
  facet normal 0.321018 0.947073 0
    outer loop
      vertex 76.579 -42.0163 7.5
      vertex 76.7153 -42.0625 2.5
      vertex 76.579 -42.0163 2.5
    endloop
  endfacet
  facet normal 0.44276 -0.89664 0
    outer loop
      vertex 76.45 -40.0474 2.5
      vertex 76.579 -39.9837 7.5
      vertex 76.45 -40.0474 7.5
    endloop
  endfacet
  facet normal 0.44276 -0.89664 0
    outer loop
      vertex 76.579 -39.9837 7.5
      vertex 76.45 -40.0474 2.5
      vertex 76.579 -39.9837 2.5
    endloop
  endfacet
  facet normal 0.831515 -0.555502 -7.28141e-19
    outer loop
      vertex 76.0474 -40.45 7.5
      vertex 76.1273 -40.3304 2.5
      vertex 76.1273 -40.3304 7.5
    endloop
  endfacet
  facet normal 0.831515 -0.555502 -7.28141e-19
    outer loop
      vertex 76.1273 -40.3304 2.5
      vertex 76.0474 -40.45 7.5
      vertex 76.0474 -40.45 2.5
    endloop
  endfacet
  facet normal 0.44276 0.89664 -0
    outer loop
      vertex 76.579 -42.0163 2.5
      vertex 76.45 -41.9526 7.5
      vertex 76.579 -42.0163 7.5
    endloop
  endfacet
  facet normal 0.44276 0.89664 0
    outer loop
      vertex 76.45 -41.9526 7.5
      vertex 76.579 -42.0163 2.5
      vertex 76.45 -41.9526 2.5
    endloop
  endfacet
  facet normal 0.555502 0.831515 -0
    outer loop
      vertex 76.45 -41.9526 2.5
      vertex 76.3304 -41.8727 7.5
      vertex 76.45 -41.9526 7.5
    endloop
  endfacet
  facet normal 0.555502 0.831515 0
    outer loop
      vertex 76.3304 -41.8727 7.5
      vertex 76.45 -41.9526 2.5
      vertex 76.3304 -41.8727 2.5
    endloop
  endfacet
  facet normal 0.980815 0.19494 -5.21054e-19
    outer loop
      vertex 21.9743 -17.6084 7.5
      vertex 21.8978 -17.2235 2.5
      vertex 21.8978 -17.2235 7.5
    endloop
  endfacet
  facet normal 0.980815 0.19494 -5.21054e-19
    outer loop
      vertex 21.8978 -17.2235 2.5
      vertex 21.9743 -17.6084 7.5
      vertex 21.9743 -17.6084 2.5
    endloop
  endfacet
  facet normal 0.997853 0.0654873 -1.11348e-19
    outer loop
      vertex 22 -18 7.5
      vertex 21.9743 -17.6084 2.5
      vertex 21.9743 -17.6084 7.5
    endloop
  endfacet
  facet normal 0.997853 0.0654873 -1.11348e-19
    outer loop
      vertex 21.9743 -17.6084 2.5
      vertex 22 -18 7.5
      vertex 22 -18 2.5
    endloop
  endfacet
  facet normal 0.980815 -0.19494 5.21054e-19
    outer loop
      vertex 21.8978 -18.7765 7.5
      vertex 21.9743 -18.3916 2.5
      vertex 21.9743 -18.3916 7.5
    endloop
  endfacet
  facet normal 0.980815 -0.19494 5.21054e-19
    outer loop
      vertex 21.9743 -18.3916 2.5
      vertex 21.8978 -18.7765 7.5
      vertex 21.8978 -18.7765 2.5
    endloop
  endfacet
  facet normal 0 0 1
    outer loop
      vertex 20.1 -18 7.5
      vertex 22 -18 7.5
      vertex 21.9743 -17.6084 7.5
    endloop
  endfacet
  facet normal 0 0 1
    outer loop
      vertex 20.0906 -17.8564 7.5
      vertex 21.9743 -17.6084 7.5
      vertex 21.8978 -17.2235 7.5
    endloop
  endfacet
  facet normal 0 0 1
    outer loop
      vertex 22 -18 7.5
      vertex 20.1 -18 7.5
      vertex 21.9743 -18.3916 7.5
    endloop
  endfacet
  facet normal 0 0 1
    outer loop
      vertex 20.0625 -17.7153 7.5
      vertex 21.8978 -17.2235 7.5
      vertex 21.7716 -16.852 7.5
    endloop
  endfacet
  facet normal -0 0 1
    outer loop
      vertex 20.0906 -18.1436 7.5
      vertex 21.9743 -18.3916 7.5
      vertex 20.1 -18 7.5
    endloop
  endfacet
  facet normal 0 0 1
    outer loop
      vertex 20.0163 -17.579 7.5
      vertex 21.7716 -16.852 7.5
      vertex 21.5981 -16.5 7.5
    endloop
  endfacet
  facet normal 0 0 1
    outer loop
      vertex 21.9743 -18.3916 7.5
      vertex 20.0906 -18.1436 7.5
      vertex 21.8978 -18.7765 7.5
    endloop
  endfacet
  facet normal 0 0 1
    outer loop
      vertex 19.9526 -17.45 7.5
      vertex 21.5981 -16.5 7.5
      vertex 21.3801 -16.1737 7.5
    endloop
  endfacet
  facet normal -0 0 1
    outer loop
      vertex 20.0625 -18.2847 7.5
      vertex 21.8978 -18.7765 7.5
      vertex 20.0906 -18.1436 7.5
    endloop
  endfacet
  facet normal 0 0 1
    outer loop
      vertex 19.8727 -17.3304 7.5
      vertex 21.3801 -16.1737 7.5
      vertex 21.1213 -15.8787 7.5
    endloop
  endfacet
  facet normal 0 0 1
    outer loop
      vertex 21.8978 -18.7765 7.5
      vertex 20.0625 -18.2847 7.5
      vertex 21.7716 -19.148 7.5
    endloop
  endfacet
  facet normal 0 0 1
    outer loop
      vertex 19.7778 -17.2222 7.5
      vertex 21.1213 -15.8787 7.5
      vertex 20.8263 -15.6199 7.5
    endloop
  endfacet
  facet normal -0 0 1
    outer loop
      vertex 20.0163 -18.421 7.5
      vertex 21.7716 -19.148 7.5
      vertex 20.0625 -18.2847 7.5
    endloop
  endfacet
  facet normal 0 0 1
    outer loop
      vertex 19.6696 -17.1273 7.5
      vertex 20.8263 -15.6199 7.5
      vertex 20.5 -15.4019 7.5
    endloop
  endfacet
  facet normal 0 0 1
    outer loop
      vertex 21.7716 -19.148 7.5
      vertex 20.0163 -18.421 7.5
      vertex 21.5981 -19.5 7.5
    endloop
  endfacet
  facet normal 0 0 1
    outer loop
      vertex 19.55 -17.0474 7.5
      vertex 20.5 -15.4019 7.5
      vertex 20.148 -15.2284 7.5
    endloop
  endfacet
  facet normal -0 0 1
    outer loop
      vertex 19.9526 -18.55 7.5
      vertex 21.5981 -19.5 7.5
      vertex 20.0163 -18.421 7.5
    endloop
  endfacet
  facet normal 0 0 1
    outer loop
      vertex 21.5981 -19.5 7.5
      vertex 19.9526 -18.55 7.5
      vertex 21.3801 -19.8263 7.5
    endloop
  endfacet
  facet normal 0 0 1
    outer loop
      vertex 21.9743 -17.6084 7.5
      vertex 20.0906 -17.8564 7.5
      vertex 20.1 -18 7.5
    endloop
  endfacet
  facet normal 0 0 1
    outer loop
      vertex 21.8978 -17.2235 7.5
      vertex 20.0625 -17.7153 7.5
      vertex 20.0906 -17.8564 7.5
    endloop
  endfacet
  facet normal 0 0 1
    outer loop
      vertex 21.7716 -16.852 7.5
      vertex 20.0163 -17.579 7.5
      vertex 20.0625 -17.7153 7.5
    endloop
  endfacet
  facet normal 0 0 1
    outer loop
      vertex 21.5981 -16.5 7.5
      vertex 19.9526 -17.45 7.5
      vertex 20.0163 -17.579 7.5
    endloop
  endfacet
  facet normal 0 0 1
    outer loop
      vertex 21.3801 -16.1737 7.5
      vertex 19.8727 -17.3304 7.5
      vertex 19.9526 -17.45 7.5
    endloop
  endfacet
  facet normal 0 0 1
    outer loop
      vertex 21.1213 -15.8787 7.5
      vertex 19.7778 -17.2222 7.5
      vertex 19.8727 -17.3304 7.5
    endloop
  endfacet
  facet normal 0 0 1
    outer loop
      vertex 19.421 -16.9837 7.5
      vertex 20.148 -15.2284 7.5
      vertex 19.7765 -15.1022 7.5
    endloop
  endfacet
  facet normal 0 0 1
    outer loop
      vertex 20.8263 -15.6199 7.5
      vertex 19.6696 -17.1273 7.5
      vertex 19.7778 -17.2222 7.5
    endloop
  endfacet
  facet normal 0 0 1
    outer loop
      vertex 20.5 -15.4019 7.5
      vertex 19.55 -17.0474 7.5
      vertex 19.6696 -17.1273 7.5
    endloop
  endfacet
  facet normal 0 0 1
    outer loop
      vertex 20.148 -15.2284 7.5
      vertex 19.421 -16.9837 7.5
      vertex 19.55 -17.0474 7.5
    endloop
  endfacet
  facet normal 0 0 1
    outer loop
      vertex 19.2847 -16.9375 7.5
      vertex 19.7765 -15.1022 7.5
      vertex 19.3916 -15.0257 7.5
    endloop
  endfacet
  facet normal 0 0 1
    outer loop
      vertex 19.7765 -15.1022 7.5
      vertex 19.2847 -16.9375 7.5
      vertex 19.421 -16.9837 7.5
    endloop
  endfacet
  facet normal 0 0 1
    outer loop
      vertex 19.3916 -15.0257 7.5
      vertex 19.1436 -16.9094 7.5
      vertex 19.2847 -16.9375 7.5
    endloop
  endfacet
  facet normal 0 0 1
    outer loop
      vertex 19 -15 7.5
      vertex 19.1436 -16.9094 7.5
      vertex 19.3916 -15.0257 7.5
    endloop
  endfacet
  facet normal 0 0 1
    outer loop
      vertex 19 -15 7.5
      vertex 19 -16.9 7.5
      vertex 19.1436 -16.9094 7.5
    endloop
  endfacet
  facet normal 0 0 1
    outer loop
      vertex 19 -15 7.5
      vertex 18.8564 -16.9094 7.5
      vertex 19 -16.9 7.5
    endloop
  endfacet
  facet normal -0 0 1
    outer loop
      vertex 18.6084 -15.0257 7.5
      vertex 18.8564 -16.9094 7.5
      vertex 19 -15 7.5
    endloop
  endfacet
  facet normal 0 0 1
    outer loop
      vertex 18.8564 -16.9094 7.5
      vertex 18.6084 -15.0257 7.5
      vertex 18.7153 -16.9375 7.5
    endloop
  endfacet
  facet normal -0 0 1
    outer loop
      vertex 18.2235 -15.1022 7.5
      vertex 18.7153 -16.9375 7.5
      vertex 18.6084 -15.0257 7.5
    endloop
  endfacet
  facet normal 0 0 1
    outer loop
      vertex 18.7153 -16.9375 7.5
      vertex 18.2235 -15.1022 7.5
      vertex 18.579 -16.9837 7.5
    endloop
  endfacet
  facet normal -0 0 1
    outer loop
      vertex 17.852 -15.2284 7.5
      vertex 18.579 -16.9837 7.5
      vertex 18.2235 -15.1022 7.5
    endloop
  endfacet
  facet normal 0 0 1
    outer loop
      vertex 18.579 -16.9837 7.5
      vertex 17.852 -15.2284 7.5
      vertex 18.45 -17.0474 7.5
    endloop
  endfacet
  facet normal -0 0 1
    outer loop
      vertex 17.5 -15.4019 7.5
      vertex 18.45 -17.0474 7.5
      vertex 17.852 -15.2284 7.5
    endloop
  endfacet
  facet normal 0 0 1
    outer loop
      vertex 18.45 -17.0474 7.5
      vertex 17.5 -15.4019 7.5
      vertex 18.3304 -17.1273 7.5
    endloop
  endfacet
  facet normal -0 0 1
    outer loop
      vertex 17.1737 -15.6199 7.5
      vertex 18.3304 -17.1273 7.5
      vertex 17.5 -15.4019 7.5
    endloop
  endfacet
  facet normal 0 0 1
    outer loop
      vertex 18.3304 -17.1273 7.5
      vertex 17.1737 -15.6199 7.5
      vertex 18.2222 -17.2222 7.5
    endloop
  endfacet
  facet normal -0 0 1
    outer loop
      vertex 16.8787 -15.8787 7.5
      vertex 18.2222 -17.2222 7.5
      vertex 17.1737 -15.6199 7.5
    endloop
  endfacet
  facet normal 0 0 1
    outer loop
      vertex 18.2222 -17.2222 7.5
      vertex 16.8787 -15.8787 7.5
      vertex 18.1273 -17.3304 7.5
    endloop
  endfacet
  facet normal 0 0 1
    outer loop
      vertex 18.1273 -17.3304 7.5
      vertex 16.6199 -16.1737 7.5
      vertex 18.0474 -17.45 7.5
    endloop
  endfacet
  facet normal -0 0 1
    outer loop
      vertex 16.6199 -16.1737 7.5
      vertex 18.1273 -17.3304 7.5
      vertex 16.8787 -15.8787 7.5
    endloop
  endfacet
  facet normal -0 0 1
    outer loop
      vertex 19.8727 -18.6696 7.5
      vertex 21.3801 -19.8263 7.5
      vertex 19.9526 -18.55 7.5
    endloop
  endfacet
  facet normal 0 0 1
    outer loop
      vertex 21.3801 -19.8263 7.5
      vertex 19.8727 -18.6696 7.5
      vertex 21.1213 -20.1213 7.5
    endloop
  endfacet
  facet normal -0 0 1
    outer loop
      vertex 19.7778 -18.7778 7.5
      vertex 21.1213 -20.1213 7.5
      vertex 19.8727 -18.6696 7.5
    endloop
  endfacet
  facet normal 0 0 1
    outer loop
      vertex 21.1213 -20.1213 7.5
      vertex 19.7778 -18.7778 7.5
      vertex 20.8263 -20.3801 7.5
    endloop
  endfacet
  facet normal -0 0 1
    outer loop
      vertex 19.6696 -18.8727 7.5
      vertex 20.8263 -20.3801 7.5
      vertex 19.7778 -18.7778 7.5
    endloop
  endfacet
  facet normal 0 0 1
    outer loop
      vertex 20.8263 -20.3801 7.5
      vertex 19.6696 -18.8727 7.5
      vertex 20.5 -20.5981 7.5
    endloop
  endfacet
  facet normal -0 0 1
    outer loop
      vertex 19.55 -18.9526 7.5
      vertex 20.5 -20.5981 7.5
      vertex 19.6696 -18.8727 7.5
    endloop
  endfacet
  facet normal 0 0 1
    outer loop
      vertex 20.5 -20.5981 7.5
      vertex 19.55 -18.9526 7.5
      vertex 20.148 -20.7716 7.5
    endloop
  endfacet
  facet normal -0 0 1
    outer loop
      vertex 19.421 -19.0163 7.5
      vertex 20.148 -20.7716 7.5
      vertex 19.55 -18.9526 7.5
    endloop
  endfacet
  facet normal 0 0 1
    outer loop
      vertex 20.148 -20.7716 7.5
      vertex 19.421 -19.0163 7.5
      vertex 19.7765 -20.8978 7.5
    endloop
  endfacet
  facet normal -0 0 1
    outer loop
      vertex 19.2847 -19.0625 7.5
      vertex 19.7765 -20.8978 7.5
      vertex 19.421 -19.0163 7.5
    endloop
  endfacet
  facet normal 0 0 1
    outer loop
      vertex 19.7765 -20.8978 7.5
      vertex 19.2847 -19.0625 7.5
      vertex 19.3916 -20.9743 7.5
    endloop
  endfacet
  facet normal -0 0 1
    outer loop
      vertex 19.1436 -19.0906 7.5
      vertex 19.3916 -20.9743 7.5
      vertex 19.2847 -19.0625 7.5
    endloop
  endfacet
  facet normal -0 0 1
    outer loop
      vertex 19 -19.1 7.5
      vertex 19.3916 -20.9743 7.5
      vertex 19.1436 -19.0906 7.5
    endloop
  endfacet
  facet normal 0 0 1
    outer loop
      vertex 19 -19.1 7.5
      vertex 19 -21 7.5
      vertex 19.3916 -20.9743 7.5
    endloop
  endfacet
  facet normal 0 0 1
    outer loop
      vertex 18.8564 -19.0906 7.5
      vertex 19 -21 7.5
      vertex 19 -19.1 7.5
    endloop
  endfacet
  facet normal 0 0 1
    outer loop
      vertex 18.6084 -20.9743 7.5
      vertex 18.8564 -19.0906 7.5
      vertex 18.7153 -19.0625 7.5
    endloop
  endfacet
  facet normal 0 0 1
    outer loop
      vertex 18.8564 -19.0906 7.5
      vertex 18.6084 -20.9743 7.5
      vertex 19 -21 7.5
    endloop
  endfacet
  facet normal 0 0 1
    outer loop
      vertex 18.2235 -20.8978 7.5
      vertex 18.7153 -19.0625 7.5
      vertex 18.579 -19.0163 7.5
    endloop
  endfacet
  facet normal 0 0 1
    outer loop
      vertex 17.852 -20.7716 7.5
      vertex 18.579 -19.0163 7.5
      vertex 18.45 -18.9526 7.5
    endloop
  endfacet
  facet normal 0 0 1
    outer loop
      vertex 17.5 -20.5981 7.5
      vertex 18.45 -18.9526 7.5
      vertex 18.3304 -18.8727 7.5
    endloop
  endfacet
  facet normal 0 0 1
    outer loop
      vertex 18.7153 -19.0625 7.5
      vertex 18.2235 -20.8978 7.5
      vertex 18.6084 -20.9743 7.5
    endloop
  endfacet
  facet normal 0 0 1
    outer loop
      vertex 17.1737 -20.3801 7.5
      vertex 18.3304 -18.8727 7.5
      vertex 18.2222 -18.7778 7.5
    endloop
  endfacet
  facet normal 0 0 1
    outer loop
      vertex 16.8787 -20.1213 7.5
      vertex 18.2222 -18.7778 7.5
      vertex 18.1273 -18.6696 7.5
    endloop
  endfacet
  facet normal 0 0 1
    outer loop
      vertex 16.6199 -19.8263 7.5
      vertex 18.1273 -18.6696 7.5
      vertex 18.0474 -18.55 7.5
    endloop
  endfacet
  facet normal 0 0 1
    outer loop
      vertex 16.4019 -19.5 7.5
      vertex 18.0474 -18.55 7.5
      vertex 17.9837 -18.421 7.5
    endloop
  endfacet
  facet normal 0 0 1
    outer loop
      vertex 16.2284 -19.148 7.5
      vertex 17.9837 -18.421 7.5
      vertex 17.9375 -18.2847 7.5
    endloop
  endfacet
  facet normal 0 0 1
    outer loop
      vertex 16.1022 -18.7765 7.5
      vertex 17.9375 -18.2847 7.5
      vertex 17.9094 -18.1436 7.5
    endloop
  endfacet
  facet normal 0 0 1
    outer loop
      vertex 18.579 -19.0163 7.5
      vertex 17.852 -20.7716 7.5
      vertex 18.2235 -20.8978 7.5
    endloop
  endfacet
  facet normal 0 0 1
    outer loop
      vertex 16.0257 -18.3916 7.5
      vertex 17.9094 -18.1436 7.5
      vertex 17.9 -18 7.5
    endloop
  endfacet
  facet normal -0 0 1
    outer loop
      vertex 16.4019 -16.5 7.5
      vertex 18.0474 -17.45 7.5
      vertex 16.6199 -16.1737 7.5
    endloop
  endfacet
  facet normal 0 0 1
    outer loop
      vertex 18.0474 -17.45 7.5
      vertex 16.4019 -16.5 7.5
      vertex 17.9837 -17.579 7.5
    endloop
  endfacet
  facet normal 0 0 1
    outer loop
      vertex 18.45 -18.9526 7.5
      vertex 17.5 -20.5981 7.5
      vertex 17.852 -20.7716 7.5
    endloop
  endfacet
  facet normal -0 0 1
    outer loop
      vertex 16.2284 -16.852 7.5
      vertex 17.9837 -17.579 7.5
      vertex 16.4019 -16.5 7.5
    endloop
  endfacet
  facet normal 0 0 1
    outer loop
      vertex 18.3304 -18.8727 7.5
      vertex 17.1737 -20.3801 7.5
      vertex 17.5 -20.5981 7.5
    endloop
  endfacet
  facet normal 0 0 1
    outer loop
      vertex 17.9837 -17.579 7.5
      vertex 16.2284 -16.852 7.5
      vertex 17.9375 -17.7153 7.5
    endloop
  endfacet
  facet normal 0 0 1
    outer loop
      vertex 18.2222 -18.7778 7.5
      vertex 16.8787 -20.1213 7.5
      vertex 17.1737 -20.3801 7.5
    endloop
  endfacet
  facet normal -0 0 1
    outer loop
      vertex 16.1022 -17.2235 7.5
      vertex 17.9375 -17.7153 7.5
      vertex 16.2284 -16.852 7.5
    endloop
  endfacet
  facet normal 0 0 1
    outer loop
      vertex 18.1273 -18.6696 7.5
      vertex 16.6199 -19.8263 7.5
      vertex 16.8787 -20.1213 7.5
    endloop
  endfacet
  facet normal 0 0 1
    outer loop
      vertex 17.9375 -17.7153 7.5
      vertex 16.1022 -17.2235 7.5
      vertex 17.9094 -17.8564 7.5
    endloop
  endfacet
  facet normal 0 0 1
    outer loop
      vertex 18.0474 -18.55 7.5
      vertex 16.4019 -19.5 7.5
      vertex 16.6199 -19.8263 7.5
    endloop
  endfacet
  facet normal -0 0 1
    outer loop
      vertex 16.0257 -17.6084 7.5
      vertex 17.9094 -17.8564 7.5
      vertex 16.1022 -17.2235 7.5
    endloop
  endfacet
  facet normal 0 0 1
    outer loop
      vertex 17.9837 -18.421 7.5
      vertex 16.2284 -19.148 7.5
      vertex 16.4019 -19.5 7.5
    endloop
  endfacet
  facet normal 0 0 1
    outer loop
      vertex 17.9094 -17.8564 7.5
      vertex 16.0257 -17.6084 7.5
      vertex 17.9 -18 7.5
    endloop
  endfacet
  facet normal 0 0 1
    outer loop
      vertex 17.9375 -18.2847 7.5
      vertex 16.1022 -18.7765 7.5
      vertex 16.2284 -19.148 7.5
    endloop
  endfacet
  facet normal 0 0 1
    outer loop
      vertex 16 -18 7.5
      vertex 17.9 -18 7.5
      vertex 16.0257 -17.6084 7.5
    endloop
  endfacet
  facet normal 0 0 1
    outer loop
      vertex 17.9094 -18.1436 7.5
      vertex 16.0257 -18.3916 7.5
      vertex 16.1022 -18.7765 7.5
    endloop
  endfacet
  facet normal 0 0 1
    outer loop
      vertex 17.9 -18 7.5
      vertex 16 -18 7.5
      vertex 16.0257 -18.3916 7.5
    endloop
  endfacet
  facet normal 0.831501 0.555523 -3.02533e-18
    outer loop
      vertex 21.5981 -16.5 7.5
      vertex 21.3801 -16.1737 2.5
      vertex 21.3801 -16.1737 7.5
    endloop
  endfacet
  facet normal 0.831501 0.555523 -3.02533e-18
    outer loop
      vertex 21.3801 -16.1737 2.5
      vertex 21.5981 -16.5 7.5
      vertex 21.5981 -16.5 2.5
    endloop
  endfacet
  facet normal 0.555523 0.831501 -0
    outer loop
      vertex 20.8263 -15.6199 2.5
      vertex 20.5 -15.4019 7.5
      vertex 20.8263 -15.6199 7.5
    endloop
  endfacet
  facet normal 0.555523 0.831501 0
    outer loop
      vertex 20.5 -15.4019 7.5
      vertex 20.8263 -15.6199 2.5
      vertex 20.5 -15.4019 2.5
    endloop
  endfacet
  facet normal 0.896961 -0.44211 -7.31254e-19
    outer loop
      vertex 21.5981 -19.5 7.5
      vertex 21.7716 -19.148 2.5
      vertex 21.7716 -19.148 7.5
    endloop
  endfacet
  facet normal 0.896961 -0.44211 -7.31254e-19
    outer loop
      vertex 21.7716 -19.148 2.5
      vertex 21.5981 -19.5 7.5
      vertex 21.5981 -19.5 2.5
    endloop
  endfacet
  facet normal 0.997853 -0.0654873 1.11348e-19
    outer loop
      vertex 21.9743 -18.3916 7.5
      vertex 22 -18 2.5
      vertex 22 -18 7.5
    endloop
  endfacet
  facet normal 0.997853 -0.0654873 1.11348e-19
    outer loop
      vertex 22 -18 2.5
      vertex 21.9743 -18.3916 7.5
      vertex 21.9743 -18.3916 2.5
    endloop
  endfacet
  facet normal 0.321651 0.946858 -0
    outer loop
      vertex 20.148 -15.2284 2.5
      vertex 19.7765 -15.1022 7.5
      vertex 20.148 -15.2284 7.5
    endloop
  endfacet
  facet normal 0.321651 0.946858 0
    outer loop
      vertex 19.7765 -15.1022 7.5
      vertex 20.148 -15.2284 2.5
      vertex 19.7765 -15.1022 2.5
    endloop
  endfacet
  facet normal -0.896961 0.44211 -7.31254e-19
    outer loop
      vertex 16.2284 -16.852 2.5
      vertex 16.4019 -16.5 7.5
      vertex 16.4019 -16.5 2.5
    endloop
  endfacet
  facet normal -0.896961 0.44211 -7.31254e-19
    outer loop
      vertex 16.4019 -16.5 7.5
      vertex 16.2284 -16.852 2.5
      vertex 16.2284 -16.852 7.5
    endloop
  endfacet
  facet normal -0.659478 0.751724 0
    outer loop
      vertex 17.1737 -15.6199 2.5
      vertex 16.8787 -15.8787 7.5
      vertex 17.1737 -15.6199 7.5
    endloop
  endfacet
  facet normal -0.659478 0.751724 0
    outer loop
      vertex 16.8787 -15.8787 7.5
      vertex 17.1737 -15.6199 2.5
      vertex 16.8787 -15.8787 2.5
    endloop
  endfacet
  facet normal 0.321651 -0.946858 0
    outer loop
      vertex 19.7765 -20.8978 2.5
      vertex 20.148 -20.7716 7.5
      vertex 19.7765 -20.8978 7.5
    endloop
  endfacet
  facet normal 0.321651 -0.946858 0
    outer loop
      vertex 20.148 -20.7716 7.5
      vertex 19.7765 -20.8978 2.5
      vertex 20.148 -20.7716 2.5
    endloop
  endfacet
  facet normal -0.997853 -0.0654873 -1.11348e-19
    outer loop
      vertex 16.0257 -18.3916 2.5
      vertex 16 -18 7.5
      vertex 16 -18 2.5
    endloop
  endfacet
  facet normal -0.997853 -0.0654873 -1.11348e-19
    outer loop
      vertex 16 -18 7.5
      vertex 16.0257 -18.3916 2.5
      vertex 16.0257 -18.3916 7.5
    endloop
  endfacet
  facet normal -0.659478 -0.751724 0
    outer loop
      vertex 16.8787 -20.1213 2.5
      vertex 17.1737 -20.3801 7.5
      vertex 16.8787 -20.1213 7.5
    endloop
  endfacet
  facet normal -0.659478 -0.751724 -0
    outer loop
      vertex 17.1737 -20.3801 7.5
      vertex 16.8787 -20.1213 2.5
      vertex 17.1737 -20.3801 2.5
    endloop
  endfacet
  facet normal -0.321651 0.946858 0
    outer loop
      vertex 18.2235 -15.1022 2.5
      vertex 17.852 -15.2284 7.5
      vertex 18.2235 -15.1022 7.5
    endloop
  endfacet
  facet normal -0.321651 0.946858 0
    outer loop
      vertex 17.852 -15.2284 7.5
      vertex 18.2235 -15.1022 2.5
      vertex 17.852 -15.2284 2.5
    endloop
  endfacet
  facet normal -0.831501 -0.555523 -3.02533e-18
    outer loop
      vertex 16.6199 -19.8263 2.5
      vertex 16.4019 -19.5 7.5
      vertex 16.4019 -19.5 2.5
    endloop
  endfacet
  facet normal -0.831501 -0.555523 -3.02533e-18
    outer loop
      vertex 16.4019 -19.5 7.5
      vertex 16.6199 -19.8263 2.5
      vertex 16.6199 -19.8263 7.5
    endloop
  endfacet
  facet normal -0.555523 0.831501 0
    outer loop
      vertex 17.5 -15.4019 2.5
      vertex 17.1737 -15.6199 7.5
      vertex 17.5 -15.4019 7.5
    endloop
  endfacet
  facet normal -0.555523 0.831501 0
    outer loop
      vertex 17.1737 -15.6199 7.5
      vertex 17.5 -15.4019 2.5
      vertex 17.1737 -15.6199 2.5
    endloop
  endfacet
  facet normal 0.19494 0.980815 -0
    outer loop
      vertex 19.7765 -15.1022 2.5
      vertex 19.3916 -15.0257 7.5
      vertex 19.7765 -15.1022 7.5
    endloop
  endfacet
  facet normal 0.19494 0.980815 0
    outer loop
      vertex 19.3916 -15.0257 7.5
      vertex 19.7765 -15.1022 2.5
      vertex 19.3916 -15.0257 2.5
    endloop
  endfacet
  facet normal -0.44211 0.896961 0
    outer loop
      vertex 17.852 -15.2284 2.5
      vertex 17.5 -15.4019 7.5
      vertex 17.852 -15.2284 7.5
    endloop
  endfacet
  facet normal -0.44211 0.896961 0
    outer loop
      vertex 17.5 -15.4019 7.5
      vertex 17.852 -15.2284 2.5
      vertex 17.5 -15.4019 2.5
    endloop
  endfacet
  facet normal 0.0654873 -0.997853 0
    outer loop
      vertex 19 -21 2.5
      vertex 19.3916 -20.9743 7.5
      vertex 19 -21 7.5
    endloop
  endfacet
  facet normal 0.0654873 -0.997853 0
    outer loop
      vertex 19.3916 -20.9743 7.5
      vertex 19 -21 2.5
      vertex 19.3916 -20.9743 2.5
    endloop
  endfacet
  facet normal 0.659478 -0.751724 0
    outer loop
      vertex 20.8263 -20.3801 2.5
      vertex 21.1213 -20.1213 7.5
      vertex 20.8263 -20.3801 7.5
    endloop
  endfacet
  facet normal 0.659478 -0.751724 0
    outer loop
      vertex 21.1213 -20.1213 7.5
      vertex 20.8263 -20.3801 2.5
      vertex 21.1213 -20.1213 2.5
    endloop
  endfacet
  facet normal -0.946858 -0.321651 -7.28154e-19
    outer loop
      vertex 16.2284 -19.148 2.5
      vertex 16.1022 -18.7765 7.5
      vertex 16.1022 -18.7765 2.5
    endloop
  endfacet
  facet normal -0.946858 -0.321651 -7.28154e-19
    outer loop
      vertex 16.1022 -18.7765 7.5
      vertex 16.2284 -19.148 2.5
      vertex 16.2284 -19.148 7.5
    endloop
  endfacet
  facet normal 0.946858 -0.321651 7.28154e-19
    outer loop
      vertex 21.7716 -19.148 7.5
      vertex 21.8978 -18.7765 2.5
      vertex 21.8978 -18.7765 7.5
    endloop
  endfacet
  facet normal 0.946858 -0.321651 7.28154e-19
    outer loop
      vertex 21.8978 -18.7765 2.5
      vertex 21.7716 -19.148 7.5
      vertex 21.7716 -19.148 2.5
    endloop
  endfacet
  facet normal 0.44211 0.896961 -0
    outer loop
      vertex 20.5 -15.4019 2.5
      vertex 20.148 -15.2284 7.5
      vertex 20.5 -15.4019 7.5
    endloop
  endfacet
  facet normal 0.44211 0.896961 0
    outer loop
      vertex 20.148 -15.2284 7.5
      vertex 20.5 -15.4019 2.5
      vertex 20.148 -15.2284 2.5
    endloop
  endfacet
  facet normal -0.19494 0.980815 0
    outer loop
      vertex 18.6084 -15.0257 2.5
      vertex 18.2235 -15.1022 7.5
      vertex 18.6084 -15.0257 7.5
    endloop
  endfacet
  facet normal -0.19494 0.980815 0
    outer loop
      vertex 18.2235 -15.1022 7.5
      vertex 18.6084 -15.0257 2.5
      vertex 18.2235 -15.1022 2.5
    endloop
  endfacet
  facet normal 0.751724 0.659478 3.43067e-18
    outer loop
      vertex 21.3801 -16.1737 7.5
      vertex 21.1213 -15.8787 2.5
      vertex 21.1213 -15.8787 7.5
    endloop
  endfacet
  facet normal 0.751724 0.659478 3.43067e-18
    outer loop
      vertex 21.1213 -15.8787 2.5
      vertex 21.3801 -16.1737 7.5
      vertex 21.3801 -16.1737 2.5
    endloop
  endfacet
  facet normal 0.751724 -0.659478 -2.53667e-18
    outer loop
      vertex 21.1213 -20.1213 7.5
      vertex 21.3801 -19.8263 2.5
      vertex 21.3801 -19.8263 7.5
    endloop
  endfacet
  facet normal 0.751724 -0.659478 -2.53667e-18
    outer loop
      vertex 21.3801 -19.8263 2.5
      vertex 21.1213 -20.1213 7.5
      vertex 21.1213 -20.1213 2.5
    endloop
  endfacet
  facet normal -0.44211 -0.896961 0
    outer loop
      vertex 17.5 -20.5981 2.5
      vertex 17.852 -20.7716 7.5
      vertex 17.5 -20.5981 7.5
    endloop
  endfacet
  facet normal -0.44211 -0.896961 -0
    outer loop
      vertex 17.852 -20.7716 7.5
      vertex 17.5 -20.5981 2.5
      vertex 17.852 -20.7716 2.5
    endloop
  endfacet
  facet normal -0.946858 0.321651 7.28154e-19
    outer loop
      vertex 16.1022 -17.2235 2.5
      vertex 16.2284 -16.852 7.5
      vertex 16.2284 -16.852 2.5
    endloop
  endfacet
  facet normal -0.946858 0.321651 7.28154e-19
    outer loop
      vertex 16.2284 -16.852 7.5
      vertex 16.1022 -17.2235 2.5
      vertex 16.1022 -17.2235 7.5
    endloop
  endfacet
  facet normal 0.19494 -0.980815 0
    outer loop
      vertex 19.3916 -20.9743 2.5
      vertex 19.7765 -20.8978 7.5
      vertex 19.3916 -20.9743 7.5
    endloop
  endfacet
  facet normal 0.19494 -0.980815 0
    outer loop
      vertex 19.7765 -20.8978 7.5
      vertex 19.3916 -20.9743 2.5
      vertex 19.7765 -20.8978 2.5
    endloop
  endfacet
  facet normal 0.44211 -0.896961 0
    outer loop
      vertex 20.148 -20.7716 2.5
      vertex 20.5 -20.5981 7.5
      vertex 20.148 -20.7716 7.5
    endloop
  endfacet
  facet normal 0.44211 -0.896961 0
    outer loop
      vertex 20.5 -20.5981 7.5
      vertex 20.148 -20.7716 2.5
      vertex 20.5 -20.5981 2.5
    endloop
  endfacet
  facet normal -0.751724 0.659478 -3.43067e-18
    outer loop
      vertex 16.6199 -16.1737 2.5
      vertex 16.8787 -15.8787 7.5
      vertex 16.8787 -15.8787 2.5
    endloop
  endfacet
  facet normal -0.751724 0.659478 -3.43067e-18
    outer loop
      vertex 16.8787 -15.8787 7.5
      vertex 16.6199 -16.1737 2.5
      vertex 16.6199 -16.1737 7.5
    endloop
  endfacet
  facet normal 0.659478 0.751724 -0
    outer loop
      vertex 21.1213 -15.8787 2.5
      vertex 20.8263 -15.6199 7.5
      vertex 21.1213 -15.8787 7.5
    endloop
  endfacet
  facet normal 0.659478 0.751724 0
    outer loop
      vertex 20.8263 -15.6199 7.5
      vertex 21.1213 -15.8787 2.5
      vertex 20.8263 -15.6199 2.5
    endloop
  endfacet
  facet normal -0.896961 -0.44211 7.31254e-19
    outer loop
      vertex 16.4019 -19.5 2.5
      vertex 16.2284 -19.148 7.5
      vertex 16.2284 -19.148 2.5
    endloop
  endfacet
  facet normal -0.896961 -0.44211 7.31254e-19
    outer loop
      vertex 16.2284 -19.148 7.5
      vertex 16.4019 -19.5 2.5
      vertex 16.4019 -19.5 7.5
    endloop
  endfacet
  facet normal -0.997853 0.0654873 1.11348e-19
    outer loop
      vertex 16 -18 2.5
      vertex 16.0257 -17.6084 7.5
      vertex 16.0257 -17.6084 2.5
    endloop
  endfacet
  facet normal -0.997853 0.0654873 1.11348e-19
    outer loop
      vertex 16.0257 -17.6084 7.5
      vertex 16 -18 2.5
      vertex 16 -18 7.5
    endloop
  endfacet
  facet normal 0.831501 -0.555523 3.02533e-18
    outer loop
      vertex 21.3801 -19.8263 7.5
      vertex 21.5981 -19.5 2.5
      vertex 21.5981 -19.5 7.5
    endloop
  endfacet
  facet normal 0.831501 -0.555523 3.02533e-18
    outer loop
      vertex 21.5981 -19.5 2.5
      vertex 21.3801 -19.8263 7.5
      vertex 21.3801 -19.8263 2.5
    endloop
  endfacet
  facet normal 0.896961 0.44211 7.31254e-19
    outer loop
      vertex 21.7716 -16.852 7.5
      vertex 21.5981 -16.5 2.5
      vertex 21.5981 -16.5 7.5
    endloop
  endfacet
  facet normal 0.896961 0.44211 7.31254e-19
    outer loop
      vertex 21.5981 -16.5 2.5
      vertex 21.7716 -16.852 7.5
      vertex 21.7716 -16.852 2.5
    endloop
  endfacet
  facet normal -0.0654873 -0.997853 0
    outer loop
      vertex 18.6084 -20.9743 2.5
      vertex 19 -21 7.5
      vertex 18.6084 -20.9743 7.5
    endloop
  endfacet
  facet normal -0.0654873 -0.997853 -0
    outer loop
      vertex 19 -21 7.5
      vertex 18.6084 -20.9743 2.5
      vertex 19 -21 2.5
    endloop
  endfacet
  facet normal -0.555523 -0.831501 0
    outer loop
      vertex 17.1737 -20.3801 2.5
      vertex 17.5 -20.5981 7.5
      vertex 17.1737 -20.3801 7.5
    endloop
  endfacet
  facet normal -0.555523 -0.831501 -0
    outer loop
      vertex 17.5 -20.5981 7.5
      vertex 17.1737 -20.3801 2.5
      vertex 17.5 -20.5981 2.5
    endloop
  endfacet
  facet normal 0.555523 -0.831501 0
    outer loop
      vertex 20.5 -20.5981 2.5
      vertex 20.8263 -20.3801 7.5
      vertex 20.5 -20.5981 7.5
    endloop
  endfacet
  facet normal 0.555523 -0.831501 0
    outer loop
      vertex 20.8263 -20.3801 7.5
      vertex 20.5 -20.5981 2.5
      vertex 20.8263 -20.3801 2.5
    endloop
  endfacet
  facet normal 0.946858 0.321651 -7.28154e-19
    outer loop
      vertex 21.8978 -17.2235 7.5
      vertex 21.7716 -16.852 2.5
      vertex 21.7716 -16.852 7.5
    endloop
  endfacet
  facet normal 0.946858 0.321651 -7.28154e-19
    outer loop
      vertex 21.7716 -16.852 2.5
      vertex 21.8978 -17.2235 7.5
      vertex 21.8978 -17.2235 2.5
    endloop
  endfacet
  facet normal -0.980815 0.19494 5.21054e-19
    outer loop
      vertex 16.0257 -17.6084 2.5
      vertex 16.1022 -17.2235 7.5
      vertex 16.1022 -17.2235 2.5
    endloop
  endfacet
  facet normal -0.980815 0.19494 5.21054e-19
    outer loop
      vertex 16.1022 -17.2235 7.5
      vertex 16.0257 -17.6084 2.5
      vertex 16.0257 -17.6084 7.5
    endloop
  endfacet
  facet normal -0.0654873 0.997853 0
    outer loop
      vertex 19 -15 2.5
      vertex 18.6084 -15.0257 7.5
      vertex 19 -15 7.5
    endloop
  endfacet
  facet normal -0.0654873 0.997853 0
    outer loop
      vertex 18.6084 -15.0257 7.5
      vertex 19 -15 2.5
      vertex 18.6084 -15.0257 2.5
    endloop
  endfacet
  facet normal -0.321651 -0.946858 0
    outer loop
      vertex 17.852 -20.7716 2.5
      vertex 18.2235 -20.8978 7.5
      vertex 17.852 -20.7716 7.5
    endloop
  endfacet
  facet normal -0.321651 -0.946858 -0
    outer loop
      vertex 18.2235 -20.8978 7.5
      vertex 17.852 -20.7716 2.5
      vertex 18.2235 -20.8978 2.5
    endloop
  endfacet
  facet normal -0.980815 -0.19494 -5.21054e-19
    outer loop
      vertex 16.1022 -18.7765 2.5
      vertex 16.0257 -18.3916 7.5
      vertex 16.0257 -18.3916 2.5
    endloop
  endfacet
  facet normal -0.980815 -0.19494 -5.21054e-19
    outer loop
      vertex 16.0257 -18.3916 7.5
      vertex 16.1022 -18.7765 2.5
      vertex 16.1022 -18.7765 7.5
    endloop
  endfacet
  facet normal -0.751724 -0.659478 2.53667e-18
    outer loop
      vertex 16.8787 -20.1213 2.5
      vertex 16.6199 -19.8263 7.5
      vertex 16.6199 -19.8263 2.5
    endloop
  endfacet
  facet normal -0.751724 -0.659478 2.53667e-18
    outer loop
      vertex 16.6199 -19.8263 7.5
      vertex 16.8787 -20.1213 2.5
      vertex 16.8787 -20.1213 7.5
    endloop
  endfacet
  facet normal 0.0654873 0.997853 -0
    outer loop
      vertex 19.3916 -15.0257 2.5
      vertex 19 -15 7.5
      vertex 19.3916 -15.0257 7.5
    endloop
  endfacet
  facet normal 0.0654873 0.997853 0
    outer loop
      vertex 19 -15 7.5
      vertex 19.3916 -15.0257 2.5
      vertex 19 -15 2.5
    endloop
  endfacet
  facet normal -0.19494 -0.980815 0
    outer loop
      vertex 18.2235 -20.8978 2.5
      vertex 18.6084 -20.9743 7.5
      vertex 18.2235 -20.8978 7.5
    endloop
  endfacet
  facet normal -0.19494 -0.980815 -0
    outer loop
      vertex 18.6084 -20.9743 7.5
      vertex 18.2235 -20.8978 2.5
      vertex 18.6084 -20.9743 2.5
    endloop
  endfacet
  facet normal -0.831501 0.555523 3.02533e-18
    outer loop
      vertex 16.4019 -16.5 2.5
      vertex 16.6199 -16.1737 7.5
      vertex 16.6199 -16.1737 2.5
    endloop
  endfacet
  facet normal -0.831501 0.555523 3.02533e-18
    outer loop
      vertex 16.6199 -16.1737 7.5
      vertex 16.4019 -16.5 2.5
      vertex 16.4019 -16.5 7.5
    endloop
  endfacet
  facet normal -0.980741 -0.195314 5.9662e-19
    outer loop
      vertex 20.0906 -17.8564 2.5
      vertex 20.0625 -17.7153 7.5
      vertex 20.0625 -17.7153 2.5
    endloop
  endfacet
  facet normal -0.980741 -0.195314 5.9662e-19
    outer loop
      vertex 20.0625 -17.7153 7.5
      vertex 20.0906 -17.8564 2.5
      vertex 20.0906 -17.8564 7.5
    endloop
  endfacet
  facet normal -0.997864 -0.0653198 -1.46481e-19
    outer loop
      vertex 20.1 -18 2.5
      vertex 20.0906 -17.8564 7.5
      vertex 20.0906 -17.8564 2.5
    endloop
  endfacet
  facet normal -0.997864 -0.0653198 -1.46481e-19
    outer loop
      vertex 20.0906 -17.8564 7.5
      vertex 20.1 -18 2.5
      vertex 20.1 -18 7.5
    endloop
  endfacet
  facet normal -0.321018 -0.947073 0
    outer loop
      vertex 19.2847 -16.9375 2.5
      vertex 19.421 -16.9837 7.5
      vertex 19.2847 -16.9375 7.5
    endloop
  endfacet
  facet normal -0.321018 -0.947073 -0
    outer loop
      vertex 19.421 -16.9837 7.5
      vertex 19.2847 -16.9375 2.5
      vertex 19.421 -16.9837 2.5
    endloop
  endfacet
  facet normal -0.555502 0.831515 0
    outer loop
      vertex 19.6696 -18.8727 2.5
      vertex 19.55 -18.9526 7.5
      vertex 19.6696 -18.8727 7.5
    endloop
  endfacet
  facet normal -0.555502 0.831515 0
    outer loop
      vertex 19.55 -18.9526 7.5
      vertex 19.6696 -18.8727 2.5
      vertex 19.55 -18.9526 2.5
    endloop
  endfacet
  facet normal -0.65939 -0.751801 0
    outer loop
      vertex 19.6696 -17.1273 2.5
      vertex 19.7778 -17.2222 7.5
      vertex 19.6696 -17.1273 7.5
    endloop
  endfacet
  facet normal -0.65939 -0.751801 -0
    outer loop
      vertex 19.7778 -17.2222 7.5
      vertex 19.6696 -17.1273 2.5
      vertex 19.7778 -17.2222 2.5
    endloop
  endfacet
  facet normal 0.195314 0.980741 -0
    outer loop
      vertex 18.8564 -19.0906 2.5
      vertex 18.7153 -19.0625 7.5
      vertex 18.8564 -19.0906 7.5
    endloop
  endfacet
  facet normal 0.195314 0.980741 0
    outer loop
      vertex 18.7153 -19.0625 7.5
      vertex 18.8564 -19.0906 2.5
      vertex 18.7153 -19.0625 2.5
    endloop
  endfacet
  facet normal -0.751801 0.65939 -8.19171e-19
    outer loop
      vertex 19.7778 -18.7778 2.5
      vertex 19.8727 -18.6696 7.5
      vertex 19.8727 -18.6696 2.5
    endloop
  endfacet
  facet normal -0.751801 0.65939 -8.19171e-19
    outer loop
      vertex 19.8727 -18.6696 7.5
      vertex 19.7778 -18.7778 2.5
      vertex 19.7778 -18.7778 7.5
    endloop
  endfacet
  facet normal 0.947073 -0.321018 2.3783e-19
    outer loop
      vertex 17.9375 -17.7153 7.5
      vertex 17.9837 -17.579 2.5
      vertex 17.9837 -17.579 7.5
    endloop
  endfacet
  facet normal 0.947073 -0.321018 2.3783e-19
    outer loop
      vertex 17.9837 -17.579 2.5
      vertex 17.9375 -17.7153 7.5
      vertex 17.9375 -17.7153 2.5
    endloop
  endfacet
  facet normal -0.0653198 -0.997864 0
    outer loop
      vertex 19 -16.9 2.5
      vertex 19.1436 -16.9094 7.5
      vertex 19 -16.9 7.5
    endloop
  endfacet
  facet normal -0.0653198 -0.997864 -0
    outer loop
      vertex 19.1436 -16.9094 7.5
      vertex 19 -16.9 2.5
      vertex 19.1436 -16.9094 2.5
    endloop
  endfacet
  facet normal 0.321018 -0.947073 0
    outer loop
      vertex 18.579 -16.9837 2.5
      vertex 18.7153 -16.9375 7.5
      vertex 18.579 -16.9837 7.5
    endloop
  endfacet
  facet normal 0.321018 -0.947073 0
    outer loop
      vertex 18.7153 -16.9375 7.5
      vertex 18.579 -16.9837 2.5
      vertex 18.7153 -16.9375 2.5
    endloop
  endfacet
  facet normal 0.997864 0.0653198 -1.46481e-19
    outer loop
      vertex 17.9094 -18.1436 7.5
      vertex 17.9 -18 2.5
      vertex 17.9 -18 7.5
    endloop
  endfacet
  facet normal 0.997864 0.0653198 -1.46481e-19
    outer loop
      vertex 17.9 -18 2.5
      vertex 17.9094 -18.1436 7.5
      vertex 17.9094 -18.1436 2.5
    endloop
  endfacet
  facet normal 0.0653198 0.997864 -0
    outer loop
      vertex 19 -19.1 2.5
      vertex 18.8564 -19.0906 7.5
      vertex 19 -19.1 7.5
    endloop
  endfacet
  facet normal 0.0653198 0.997864 0
    outer loop
      vertex 18.8564 -19.0906 7.5
      vertex 19 -19.1 2.5
      vertex 18.8564 -19.0906 2.5
    endloop
  endfacet
  facet normal -0.997864 0.0653198 1.46481e-19
    outer loop
      vertex 20.0906 -18.1436 2.5
      vertex 20.1 -18 7.5
      vertex 20.1 -18 2.5
    endloop
  endfacet
  facet normal -0.997864 0.0653198 1.46481e-19
    outer loop
      vertex 20.1 -18 7.5
      vertex 20.0906 -18.1436 2.5
      vertex 20.0906 -18.1436 7.5
    endloop
  endfacet
  facet normal -0.751801 -0.65939 8.19171e-19
    outer loop
      vertex 19.8727 -17.3304 2.5
      vertex 19.7778 -17.2222 7.5
      vertex 19.7778 -17.2222 2.5
    endloop
  endfacet
  facet normal -0.751801 -0.65939 8.19171e-19
    outer loop
      vertex 19.7778 -17.2222 7.5
      vertex 19.8727 -17.3304 2.5
      vertex 19.8727 -17.3304 7.5
    endloop
  endfacet
  facet normal 0.947073 0.321018 -2.3783e-19
    outer loop
      vertex 17.9837 -18.421 7.5
      vertex 17.9375 -18.2847 2.5
      vertex 17.9375 -18.2847 7.5
    endloop
  endfacet
  facet normal 0.947073 0.321018 -2.3783e-19
    outer loop
      vertex 17.9375 -18.2847 2.5
      vertex 17.9837 -18.421 7.5
      vertex 17.9837 -18.421 2.5
    endloop
  endfacet
  facet normal 0.980741 0.195314 5.9662e-19
    outer loop
      vertex 17.9375 -18.2847 7.5
      vertex 17.9094 -18.1436 2.5
      vertex 17.9094 -18.1436 7.5
    endloop
  endfacet
  facet normal 0.980741 0.195314 5.9662e-19
    outer loop
      vertex 17.9094 -18.1436 2.5
      vertex 17.9375 -18.2847 7.5
      vertex 17.9375 -18.2847 2.5
    endloop
  endfacet
  facet normal -0.195314 -0.980741 0
    outer loop
      vertex 19.1436 -16.9094 2.5
      vertex 19.2847 -16.9375 7.5
      vertex 19.1436 -16.9094 7.5
    endloop
  endfacet
  facet normal -0.195314 -0.980741 -0
    outer loop
      vertex 19.2847 -16.9375 7.5
      vertex 19.1436 -16.9094 2.5
      vertex 19.2847 -16.9375 2.5
    endloop
  endfacet
  facet normal 0.751801 0.65939 8.19171e-19
    outer loop
      vertex 18.2222 -18.7778 7.5
      vertex 18.1273 -18.6696 2.5
      vertex 18.1273 -18.6696 7.5
    endloop
  endfacet
  facet normal 0.751801 0.65939 8.19171e-19
    outer loop
      vertex 18.1273 -18.6696 2.5
      vertex 18.2222 -18.7778 7.5
      vertex 18.2222 -18.7778 2.5
    endloop
  endfacet
  facet normal 0.65939 -0.751801 0
    outer loop
      vertex 18.2222 -17.2222 2.5
      vertex 18.3304 -17.1273 7.5
      vertex 18.2222 -17.2222 7.5
    endloop
  endfacet
  facet normal 0.65939 -0.751801 0
    outer loop
      vertex 18.3304 -17.1273 7.5
      vertex 18.2222 -17.2222 2.5
      vertex 18.3304 -17.1273 2.5
    endloop
  endfacet
  facet normal 0.89664 -0.44276 2.4129e-19
    outer loop
      vertex 17.9837 -17.579 7.5
      vertex 18.0474 -17.45 2.5
      vertex 18.0474 -17.45 7.5
    endloop
  endfacet
  facet normal 0.89664 -0.44276 2.4129e-19
    outer loop
      vertex 18.0474 -17.45 2.5
      vertex 17.9837 -17.579 7.5
      vertex 17.9837 -17.579 2.5
    endloop
  endfacet
  facet normal -0.831515 0.555502 -1.09478e-18
    outer loop
      vertex 19.8727 -18.6696 2.5
      vertex 19.9526 -18.55 7.5
      vertex 19.9526 -18.55 2.5
    endloop
  endfacet
  facet normal -0.831515 0.555502 -1.09478e-18
    outer loop
      vertex 19.9526 -18.55 7.5
      vertex 19.8727 -18.6696 2.5
      vertex 19.8727 -18.6696 7.5
    endloop
  endfacet
  facet normal -0.831515 -0.555502 1.09478e-18
    outer loop
      vertex 19.9526 -17.45 2.5
      vertex 19.8727 -17.3304 7.5
      vertex 19.8727 -17.3304 2.5
    endloop
  endfacet
  facet normal -0.831515 -0.555502 1.09478e-18
    outer loop
      vertex 19.8727 -17.3304 7.5
      vertex 19.9526 -17.45 2.5
      vertex 19.9526 -17.45 7.5
    endloop
  endfacet
  facet normal 0.751801 -0.65939 -8.19171e-19
    outer loop
      vertex 18.1273 -17.3304 7.5
      vertex 18.2222 -17.2222 2.5
      vertex 18.2222 -17.2222 7.5
    endloop
  endfacet
  facet normal 0.751801 -0.65939 -8.19171e-19
    outer loop
      vertex 18.2222 -17.2222 2.5
      vertex 18.1273 -17.3304 7.5
      vertex 18.1273 -17.3304 2.5
    endloop
  endfacet
  facet normal -0.65939 0.751801 0
    outer loop
      vertex 19.7778 -18.7778 2.5
      vertex 19.6696 -18.8727 7.5
      vertex 19.7778 -18.7778 7.5
    endloop
  endfacet
  facet normal -0.65939 0.751801 0
    outer loop
      vertex 19.6696 -18.8727 7.5
      vertex 19.7778 -18.7778 2.5
      vertex 19.6696 -18.8727 2.5
    endloop
  endfacet
  facet normal 0.831515 0.555502 1.09478e-18
    outer loop
      vertex 18.1273 -18.6696 7.5
      vertex 18.0474 -18.55 2.5
      vertex 18.0474 -18.55 7.5
    endloop
  endfacet
  facet normal 0.831515 0.555502 1.09478e-18
    outer loop
      vertex 18.0474 -18.55 2.5
      vertex 18.1273 -18.6696 7.5
      vertex 18.1273 -18.6696 2.5
    endloop
  endfacet
  facet normal 0.195314 -0.980741 0
    outer loop
      vertex 18.7153 -16.9375 2.5
      vertex 18.8564 -16.9094 7.5
      vertex 18.7153 -16.9375 7.5
    endloop
  endfacet
  facet normal 0.195314 -0.980741 0
    outer loop
      vertex 18.8564 -16.9094 7.5
      vertex 18.7153 -16.9375 2.5
      vertex 18.8564 -16.9094 2.5
    endloop
  endfacet
  facet normal -0.947073 0.321018 2.3783e-19
    outer loop
      vertex 20.0163 -18.421 2.5
      vertex 20.0625 -18.2847 7.5
      vertex 20.0625 -18.2847 2.5
    endloop
  endfacet
  facet normal -0.947073 0.321018 2.3783e-19
    outer loop
      vertex 20.0625 -18.2847 7.5
      vertex 20.0163 -18.421 2.5
      vertex 20.0163 -18.421 7.5
    endloop
  endfacet
  facet normal -0.44276 -0.89664 0
    outer loop
      vertex 19.421 -16.9837 2.5
      vertex 19.55 -17.0474 7.5
      vertex 19.421 -16.9837 7.5
    endloop
  endfacet
  facet normal -0.44276 -0.89664 -0
    outer loop
      vertex 19.55 -17.0474 7.5
      vertex 19.421 -16.9837 2.5
      vertex 19.55 -17.0474 2.5
    endloop
  endfacet
  facet normal 0.0653198 -0.997864 0
    outer loop
      vertex 18.8564 -16.9094 2.5
      vertex 19 -16.9 7.5
      vertex 18.8564 -16.9094 7.5
    endloop
  endfacet
  facet normal 0.0653198 -0.997864 0
    outer loop
      vertex 19 -16.9 7.5
      vertex 18.8564 -16.9094 2.5
      vertex 19 -16.9 2.5
    endloop
  endfacet
  facet normal -0.0653198 0.997864 0
    outer loop
      vertex 19.1436 -19.0906 2.5
      vertex 19 -19.1 7.5
      vertex 19.1436 -19.0906 7.5
    endloop
  endfacet
  facet normal -0.0653198 0.997864 0
    outer loop
      vertex 19 -19.1 7.5
      vertex 19.1436 -19.0906 2.5
      vertex 19 -19.1 2.5
    endloop
  endfacet
  facet normal -0.555502 -0.831515 0
    outer loop
      vertex 19.55 -17.0474 2.5
      vertex 19.6696 -17.1273 7.5
      vertex 19.55 -17.0474 7.5
    endloop
  endfacet
  facet normal -0.555502 -0.831515 -0
    outer loop
      vertex 19.6696 -17.1273 7.5
      vertex 19.55 -17.0474 2.5
      vertex 19.6696 -17.1273 2.5
    endloop
  endfacet
  facet normal 0.89664 0.44276 -2.4129e-19
    outer loop
      vertex 18.0474 -18.55 7.5
      vertex 17.9837 -18.421 2.5
      vertex 17.9837 -18.421 7.5
    endloop
  endfacet
  facet normal 0.89664 0.44276 -2.4129e-19
    outer loop
      vertex 17.9837 -18.421 2.5
      vertex 18.0474 -18.55 7.5
      vertex 18.0474 -18.55 2.5
    endloop
  endfacet
  facet normal 0.65939 0.751801 -0
    outer loop
      vertex 18.3304 -18.8727 2.5
      vertex 18.2222 -18.7778 7.5
      vertex 18.3304 -18.8727 7.5
    endloop
  endfacet
  facet normal 0.65939 0.751801 0
    outer loop
      vertex 18.2222 -18.7778 7.5
      vertex 18.3304 -18.8727 2.5
      vertex 18.2222 -18.7778 2.5
    endloop
  endfacet
  facet normal 0.980741 -0.195314 -5.9662e-19
    outer loop
      vertex 17.9094 -17.8564 7.5
      vertex 17.9375 -17.7153 2.5
      vertex 17.9375 -17.7153 7.5
    endloop
  endfacet
  facet normal 0.980741 -0.195314 -5.9662e-19
    outer loop
      vertex 17.9375 -17.7153 2.5
      vertex 17.9094 -17.8564 7.5
      vertex 17.9094 -17.8564 2.5
    endloop
  endfacet
  facet normal -0.89664 -0.44276 -2.4129e-19
    outer loop
      vertex 20.0163 -17.579 2.5
      vertex 19.9526 -17.45 7.5
      vertex 19.9526 -17.45 2.5
    endloop
  endfacet
  facet normal -0.89664 -0.44276 -2.4129e-19
    outer loop
      vertex 19.9526 -17.45 7.5
      vertex 20.0163 -17.579 2.5
      vertex 20.0163 -17.579 7.5
    endloop
  endfacet
  facet normal -0.195314 0.980741 0
    outer loop
      vertex 19.2847 -19.0625 2.5
      vertex 19.1436 -19.0906 7.5
      vertex 19.2847 -19.0625 7.5
    endloop
  endfacet
  facet normal -0.195314 0.980741 0
    outer loop
      vertex 19.1436 -19.0906 7.5
      vertex 19.2847 -19.0625 2.5
      vertex 19.1436 -19.0906 2.5
    endloop
  endfacet
  facet normal -0.89664 0.44276 2.4129e-19
    outer loop
      vertex 19.9526 -18.55 2.5
      vertex 20.0163 -18.421 7.5
      vertex 20.0163 -18.421 2.5
    endloop
  endfacet
  facet normal -0.89664 0.44276 2.4129e-19
    outer loop
      vertex 20.0163 -18.421 7.5
      vertex 19.9526 -18.55 2.5
      vertex 19.9526 -18.55 7.5
    endloop
  endfacet
  facet normal -0.980741 0.195314 -5.9662e-19
    outer loop
      vertex 20.0625 -18.2847 2.5
      vertex 20.0906 -18.1436 7.5
      vertex 20.0906 -18.1436 2.5
    endloop
  endfacet
  facet normal -0.980741 0.195314 -5.9662e-19
    outer loop
      vertex 20.0906 -18.1436 7.5
      vertex 20.0625 -18.2847 2.5
      vertex 20.0625 -18.2847 7.5
    endloop
  endfacet
  facet normal 0.555502 -0.831515 0
    outer loop
      vertex 18.3304 -17.1273 2.5
      vertex 18.45 -17.0474 7.5
      vertex 18.3304 -17.1273 7.5
    endloop
  endfacet
  facet normal 0.555502 -0.831515 0
    outer loop
      vertex 18.45 -17.0474 7.5
      vertex 18.3304 -17.1273 2.5
      vertex 18.45 -17.0474 2.5
    endloop
  endfacet
  facet normal -0.947073 -0.321018 -2.3783e-19
    outer loop
      vertex 20.0625 -17.7153 2.5
      vertex 20.0163 -17.579 7.5
      vertex 20.0163 -17.579 2.5
    endloop
  endfacet
  facet normal -0.947073 -0.321018 -2.3783e-19
    outer loop
      vertex 20.0163 -17.579 7.5
      vertex 20.0625 -17.7153 2.5
      vertex 20.0625 -17.7153 7.5
    endloop
  endfacet
  facet normal -0.321018 0.947073 0
    outer loop
      vertex 19.421 -19.0163 2.5
      vertex 19.2847 -19.0625 7.5
      vertex 19.421 -19.0163 7.5
    endloop
  endfacet
  facet normal -0.321018 0.947073 0
    outer loop
      vertex 19.2847 -19.0625 7.5
      vertex 19.421 -19.0163 2.5
      vertex 19.2847 -19.0625 2.5
    endloop
  endfacet
  facet normal -0.44276 0.89664 0
    outer loop
      vertex 19.55 -18.9526 2.5
      vertex 19.421 -19.0163 7.5
      vertex 19.55 -18.9526 7.5
    endloop
  endfacet
  facet normal -0.44276 0.89664 0
    outer loop
      vertex 19.421 -19.0163 7.5
      vertex 19.55 -18.9526 2.5
      vertex 19.421 -19.0163 2.5
    endloop
  endfacet
  facet normal 0.997864 -0.0653198 1.46481e-19
    outer loop
      vertex 17.9 -18 7.5
      vertex 17.9094 -17.8564 2.5
      vertex 17.9094 -17.8564 7.5
    endloop
  endfacet
  facet normal 0.997864 -0.0653198 1.46481e-19
    outer loop
      vertex 17.9094 -17.8564 2.5
      vertex 17.9 -18 7.5
      vertex 17.9 -18 2.5
    endloop
  endfacet
  facet normal 0.321018 0.947073 -0
    outer loop
      vertex 18.7153 -19.0625 2.5
      vertex 18.579 -19.0163 7.5
      vertex 18.7153 -19.0625 7.5
    endloop
  endfacet
  facet normal 0.321018 0.947073 0
    outer loop
      vertex 18.579 -19.0163 7.5
      vertex 18.7153 -19.0625 2.5
      vertex 18.579 -19.0163 2.5
    endloop
  endfacet
  facet normal 0.44276 -0.89664 0
    outer loop
      vertex 18.45 -17.0474 2.5
      vertex 18.579 -16.9837 7.5
      vertex 18.45 -17.0474 7.5
    endloop
  endfacet
  facet normal 0.44276 -0.89664 0
    outer loop
      vertex 18.579 -16.9837 7.5
      vertex 18.45 -17.0474 2.5
      vertex 18.579 -16.9837 2.5
    endloop
  endfacet
  facet normal 0.831515 -0.555502 -1.09478e-18
    outer loop
      vertex 18.0474 -17.45 7.5
      vertex 18.1273 -17.3304 2.5
      vertex 18.1273 -17.3304 7.5
    endloop
  endfacet
  facet normal 0.831515 -0.555502 -1.09478e-18
    outer loop
      vertex 18.1273 -17.3304 2.5
      vertex 18.0474 -17.45 7.5
      vertex 18.0474 -17.45 2.5
    endloop
  endfacet
  facet normal 0.44276 0.89664 -0
    outer loop
      vertex 18.579 -19.0163 2.5
      vertex 18.45 -18.9526 7.5
      vertex 18.579 -19.0163 7.5
    endloop
  endfacet
  facet normal 0.44276 0.89664 0
    outer loop
      vertex 18.45 -18.9526 7.5
      vertex 18.579 -19.0163 2.5
      vertex 18.45 -18.9526 2.5
    endloop
  endfacet
  facet normal 0.555502 0.831515 -0
    outer loop
      vertex 18.45 -18.9526 2.5
      vertex 18.3304 -18.8727 7.5
      vertex 18.45 -18.9526 7.5
    endloop
  endfacet
  facet normal 0.555502 0.831515 0
    outer loop
      vertex 18.3304 -18.8727 7.5
      vertex 18.45 -18.9526 2.5
      vertex 18.3304 -18.8727 2.5
    endloop
  endfacet
  facet normal 0.980815 0.19494 -2.7775e-19
    outer loop
      vertex 79.9743 -17.6084 7.5
      vertex 79.8978 -17.2235 2.5
      vertex 79.8978 -17.2235 7.5
    endloop
  endfacet
  facet normal 0.980815 0.19494 -2.7775e-19
    outer loop
      vertex 79.8978 -17.2235 2.5
      vertex 79.9743 -17.6084 7.5
      vertex 79.9743 -17.6084 2.5
    endloop
  endfacet
  facet normal 0.997853 0.0654873 -1.11348e-19
    outer loop
      vertex 80 -18 7.5
      vertex 79.9743 -17.6084 2.5
      vertex 79.9743 -17.6084 7.5
    endloop
  endfacet
  facet normal 0.997853 0.0654873 -1.11348e-19
    outer loop
      vertex 79.9743 -17.6084 2.5
      vertex 80 -18 7.5
      vertex 80 -18 2.5
    endloop
  endfacet
  facet normal 0.980815 -0.19494 2.7775e-19
    outer loop
      vertex 79.8978 -18.7765 7.5
      vertex 79.9743 -18.3916 2.5
      vertex 79.9743 -18.3916 7.5
    endloop
  endfacet
  facet normal 0.980815 -0.19494 2.7775e-19
    outer loop
      vertex 79.9743 -18.3916 2.5
      vertex 79.8978 -18.7765 7.5
      vertex 79.8978 -18.7765 2.5
    endloop
  endfacet
  facet normal 0 0 1
    outer loop
      vertex 78.1 -18 7.5
      vertex 80 -18 7.5
      vertex 79.9743 -17.6084 7.5
    endloop
  endfacet
  facet normal 0 0 1
    outer loop
      vertex 78.0906 -17.8564 7.5
      vertex 79.9743 -17.6084 7.5
      vertex 79.8978 -17.2235 7.5
    endloop
  endfacet
  facet normal 0 0 1
    outer loop
      vertex 80 -18 7.5
      vertex 78.1 -18 7.5
      vertex 79.9743 -18.3916 7.5
    endloop
  endfacet
  facet normal 0 0 1
    outer loop
      vertex 78.0625 -17.7153 7.5
      vertex 79.8978 -17.2235 7.5
      vertex 79.7716 -16.852 7.5
    endloop
  endfacet
  facet normal -0 0 1
    outer loop
      vertex 78.0906 -18.1436 7.5
      vertex 79.9743 -18.3916 7.5
      vertex 78.1 -18 7.5
    endloop
  endfacet
  facet normal 0 0 1
    outer loop
      vertex 78.0163 -17.579 7.5
      vertex 79.7716 -16.852 7.5
      vertex 79.5981 -16.5 7.5
    endloop
  endfacet
  facet normal 0 0 1
    outer loop
      vertex 79.9743 -18.3916 7.5
      vertex 78.0906 -18.1436 7.5
      vertex 79.8978 -18.7765 7.5
    endloop
  endfacet
  facet normal 0 0 1
    outer loop
      vertex 77.9526 -17.45 7.5
      vertex 79.5981 -16.5 7.5
      vertex 79.3801 -16.1737 7.5
    endloop
  endfacet
  facet normal -0 0 1
    outer loop
      vertex 78.0625 -18.2847 7.5
      vertex 79.8978 -18.7765 7.5
      vertex 78.0906 -18.1436 7.5
    endloop
  endfacet
  facet normal 0 0 1
    outer loop
      vertex 77.8727 -17.3304 7.5
      vertex 79.3801 -16.1737 7.5
      vertex 79.1213 -15.8787 7.5
    endloop
  endfacet
  facet normal 0 0 1
    outer loop
      vertex 79.8978 -18.7765 7.5
      vertex 78.0625 -18.2847 7.5
      vertex 79.7716 -19.148 7.5
    endloop
  endfacet
  facet normal 0 0 1
    outer loop
      vertex 77.7778 -17.2222 7.5
      vertex 79.1213 -15.8787 7.5
      vertex 78.8263 -15.6199 7.5
    endloop
  endfacet
  facet normal -0 0 1
    outer loop
      vertex 78.0163 -18.421 7.5
      vertex 79.7716 -19.148 7.5
      vertex 78.0625 -18.2847 7.5
    endloop
  endfacet
  facet normal 0 0 1
    outer loop
      vertex 77.6696 -17.1273 7.5
      vertex 78.8263 -15.6199 7.5
      vertex 78.5 -15.4019 7.5
    endloop
  endfacet
  facet normal 0 0 1
    outer loop
      vertex 79.7716 -19.148 7.5
      vertex 78.0163 -18.421 7.5
      vertex 79.5981 -19.5 7.5
    endloop
  endfacet
  facet normal 0 0 1
    outer loop
      vertex 77.55 -17.0474 7.5
      vertex 78.5 -15.4019 7.5
      vertex 78.148 -15.2284 7.5
    endloop
  endfacet
  facet normal -0 0 1
    outer loop
      vertex 77.9526 -18.55 7.5
      vertex 79.5981 -19.5 7.5
      vertex 78.0163 -18.421 7.5
    endloop
  endfacet
  facet normal 0 0 1
    outer loop
      vertex 79.5981 -19.5 7.5
      vertex 77.9526 -18.55 7.5
      vertex 79.3801 -19.8263 7.5
    endloop
  endfacet
  facet normal 0 0 1
    outer loop
      vertex 79.9743 -17.6084 7.5
      vertex 78.0906 -17.8564 7.5
      vertex 78.1 -18 7.5
    endloop
  endfacet
  facet normal 0 0 1
    outer loop
      vertex 79.8978 -17.2235 7.5
      vertex 78.0625 -17.7153 7.5
      vertex 78.0906 -17.8564 7.5
    endloop
  endfacet
  facet normal 0 0 1
    outer loop
      vertex 79.7716 -16.852 7.5
      vertex 78.0163 -17.579 7.5
      vertex 78.0625 -17.7153 7.5
    endloop
  endfacet
  facet normal 0 0 1
    outer loop
      vertex 79.5981 -16.5 7.5
      vertex 77.9526 -17.45 7.5
      vertex 78.0163 -17.579 7.5
    endloop
  endfacet
  facet normal 0 0 1
    outer loop
      vertex 79.3801 -16.1737 7.5
      vertex 77.8727 -17.3304 7.5
      vertex 77.9526 -17.45 7.5
    endloop
  endfacet
  facet normal 0 0 1
    outer loop
      vertex 79.1213 -15.8787 7.5
      vertex 77.7778 -17.2222 7.5
      vertex 77.8727 -17.3304 7.5
    endloop
  endfacet
  facet normal 0 0 1
    outer loop
      vertex 77.421 -16.9837 7.5
      vertex 78.148 -15.2284 7.5
      vertex 77.7765 -15.1022 7.5
    endloop
  endfacet
  facet normal 0 0 1
    outer loop
      vertex 78.8263 -15.6199 7.5
      vertex 77.6696 -17.1273 7.5
      vertex 77.7778 -17.2222 7.5
    endloop
  endfacet
  facet normal 0 0 1
    outer loop
      vertex 78.5 -15.4019 7.5
      vertex 77.55 -17.0474 7.5
      vertex 77.6696 -17.1273 7.5
    endloop
  endfacet
  facet normal 0 0 1
    outer loop
      vertex 78.148 -15.2284 7.5
      vertex 77.421 -16.9837 7.5
      vertex 77.55 -17.0474 7.5
    endloop
  endfacet
  facet normal 0 0 1
    outer loop
      vertex 77.2847 -16.9375 7.5
      vertex 77.7765 -15.1022 7.5
      vertex 77.3916 -15.0257 7.5
    endloop
  endfacet
  facet normal 0 0 1
    outer loop
      vertex 77.7765 -15.1022 7.5
      vertex 77.2847 -16.9375 7.5
      vertex 77.421 -16.9837 7.5
    endloop
  endfacet
  facet normal 0 0 1
    outer loop
      vertex 77.3916 -15.0257 7.5
      vertex 77.1436 -16.9094 7.5
      vertex 77.2847 -16.9375 7.5
    endloop
  endfacet
  facet normal 0 0 1
    outer loop
      vertex 77 -15 7.5
      vertex 77.1436 -16.9094 7.5
      vertex 77.3916 -15.0257 7.5
    endloop
  endfacet
  facet normal 0 0 1
    outer loop
      vertex 77 -15 7.5
      vertex 77 -16.9 7.5
      vertex 77.1436 -16.9094 7.5
    endloop
  endfacet
  facet normal 0 0 1
    outer loop
      vertex 77 -15 7.5
      vertex 76.8564 -16.9094 7.5
      vertex 77 -16.9 7.5
    endloop
  endfacet
  facet normal -0 0 1
    outer loop
      vertex 76.6084 -15.0257 7.5
      vertex 76.8564 -16.9094 7.5
      vertex 77 -15 7.5
    endloop
  endfacet
  facet normal 0 0 1
    outer loop
      vertex 76.8564 -16.9094 7.5
      vertex 76.6084 -15.0257 7.5
      vertex 76.7153 -16.9375 7.5
    endloop
  endfacet
  facet normal -0 0 1
    outer loop
      vertex 76.2235 -15.1022 7.5
      vertex 76.7153 -16.9375 7.5
      vertex 76.6084 -15.0257 7.5
    endloop
  endfacet
  facet normal 0 0 1
    outer loop
      vertex 76.7153 -16.9375 7.5
      vertex 76.2235 -15.1022 7.5
      vertex 76.579 -16.9837 7.5
    endloop
  endfacet
  facet normal -0 0 1
    outer loop
      vertex 75.852 -15.2284 7.5
      vertex 76.579 -16.9837 7.5
      vertex 76.2235 -15.1022 7.5
    endloop
  endfacet
  facet normal 0 0 1
    outer loop
      vertex 76.579 -16.9837 7.5
      vertex 75.852 -15.2284 7.5
      vertex 76.45 -17.0474 7.5
    endloop
  endfacet
  facet normal -0 0 1
    outer loop
      vertex 75.5 -15.4019 7.5
      vertex 76.45 -17.0474 7.5
      vertex 75.852 -15.2284 7.5
    endloop
  endfacet
  facet normal 0 0 1
    outer loop
      vertex 76.45 -17.0474 7.5
      vertex 75.5 -15.4019 7.5
      vertex 76.3304 -17.1273 7.5
    endloop
  endfacet
  facet normal -0 0 1
    outer loop
      vertex 75.1737 -15.6199 7.5
      vertex 76.3304 -17.1273 7.5
      vertex 75.5 -15.4019 7.5
    endloop
  endfacet
  facet normal 0 0 1
    outer loop
      vertex 76.3304 -17.1273 7.5
      vertex 75.1737 -15.6199 7.5
      vertex 76.2222 -17.2222 7.5
    endloop
  endfacet
  facet normal -0 0 1
    outer loop
      vertex 74.8787 -15.8787 7.5
      vertex 76.2222 -17.2222 7.5
      vertex 75.1737 -15.6199 7.5
    endloop
  endfacet
  facet normal 0 0 1
    outer loop
      vertex 76.2222 -17.2222 7.5
      vertex 74.8787 -15.8787 7.5
      vertex 76.1273 -17.3304 7.5
    endloop
  endfacet
  facet normal 0 0 1
    outer loop
      vertex 76.1273 -17.3304 7.5
      vertex 74.6199 -16.1737 7.5
      vertex 76.0474 -17.45 7.5
    endloop
  endfacet
  facet normal -0 0 1
    outer loop
      vertex 74.6199 -16.1737 7.5
      vertex 76.1273 -17.3304 7.5
      vertex 74.8787 -15.8787 7.5
    endloop
  endfacet
  facet normal -0 0 1
    outer loop
      vertex 77.8727 -18.6696 7.5
      vertex 79.3801 -19.8263 7.5
      vertex 77.9526 -18.55 7.5
    endloop
  endfacet
  facet normal 0 0 1
    outer loop
      vertex 79.3801 -19.8263 7.5
      vertex 77.8727 -18.6696 7.5
      vertex 79.1213 -20.1213 7.5
    endloop
  endfacet
  facet normal -0 0 1
    outer loop
      vertex 77.7778 -18.7778 7.5
      vertex 79.1213 -20.1213 7.5
      vertex 77.8727 -18.6696 7.5
    endloop
  endfacet
  facet normal 0 0 1
    outer loop
      vertex 79.1213 -20.1213 7.5
      vertex 77.7778 -18.7778 7.5
      vertex 78.8263 -20.3801 7.5
    endloop
  endfacet
  facet normal -0 0 1
    outer loop
      vertex 77.6696 -18.8727 7.5
      vertex 78.8263 -20.3801 7.5
      vertex 77.7778 -18.7778 7.5
    endloop
  endfacet
  facet normal 0 0 1
    outer loop
      vertex 78.8263 -20.3801 7.5
      vertex 77.6696 -18.8727 7.5
      vertex 78.5 -20.5981 7.5
    endloop
  endfacet
  facet normal -0 0 1
    outer loop
      vertex 77.55 -18.9526 7.5
      vertex 78.5 -20.5981 7.5
      vertex 77.6696 -18.8727 7.5
    endloop
  endfacet
  facet normal 0 0 1
    outer loop
      vertex 78.5 -20.5981 7.5
      vertex 77.55 -18.9526 7.5
      vertex 78.148 -20.7716 7.5
    endloop
  endfacet
  facet normal -0 0 1
    outer loop
      vertex 77.421 -19.0163 7.5
      vertex 78.148 -20.7716 7.5
      vertex 77.55 -18.9526 7.5
    endloop
  endfacet
  facet normal 0 0 1
    outer loop
      vertex 78.148 -20.7716 7.5
      vertex 77.421 -19.0163 7.5
      vertex 77.7765 -20.8978 7.5
    endloop
  endfacet
  facet normal -0 0 1
    outer loop
      vertex 77.2847 -19.0625 7.5
      vertex 77.7765 -20.8978 7.5
      vertex 77.421 -19.0163 7.5
    endloop
  endfacet
  facet normal 0 0 1
    outer loop
      vertex 77.7765 -20.8978 7.5
      vertex 77.2847 -19.0625 7.5
      vertex 77.3916 -20.9743 7.5
    endloop
  endfacet
  facet normal -0 0 1
    outer loop
      vertex 77.1436 -19.0906 7.5
      vertex 77.3916 -20.9743 7.5
      vertex 77.2847 -19.0625 7.5
    endloop
  endfacet
  facet normal -0 0 1
    outer loop
      vertex 77 -19.1 7.5
      vertex 77.3916 -20.9743 7.5
      vertex 77.1436 -19.0906 7.5
    endloop
  endfacet
  facet normal 0 0 1
    outer loop
      vertex 77 -19.1 7.5
      vertex 77 -21 7.5
      vertex 77.3916 -20.9743 7.5
    endloop
  endfacet
  facet normal 0 0 1
    outer loop
      vertex 76.8564 -19.0906 7.5
      vertex 77 -21 7.5
      vertex 77 -19.1 7.5
    endloop
  endfacet
  facet normal 0 0 1
    outer loop
      vertex 76.6084 -20.9743 7.5
      vertex 76.8564 -19.0906 7.5
      vertex 76.7153 -19.0625 7.5
    endloop
  endfacet
  facet normal 0 0 1
    outer loop
      vertex 76.8564 -19.0906 7.5
      vertex 76.6084 -20.9743 7.5
      vertex 77 -21 7.5
    endloop
  endfacet
  facet normal 0 0 1
    outer loop
      vertex 76.2235 -20.8978 7.5
      vertex 76.7153 -19.0625 7.5
      vertex 76.579 -19.0163 7.5
    endloop
  endfacet
  facet normal 0 0 1
    outer loop
      vertex 75.852 -20.7716 7.5
      vertex 76.579 -19.0163 7.5
      vertex 76.45 -18.9526 7.5
    endloop
  endfacet
  facet normal 0 0 1
    outer loop
      vertex 75.5 -20.5981 7.5
      vertex 76.45 -18.9526 7.5
      vertex 76.3304 -18.8727 7.5
    endloop
  endfacet
  facet normal 0 0 1
    outer loop
      vertex 76.7153 -19.0625 7.5
      vertex 76.2235 -20.8978 7.5
      vertex 76.6084 -20.9743 7.5
    endloop
  endfacet
  facet normal 0 0 1
    outer loop
      vertex 75.1737 -20.3801 7.5
      vertex 76.3304 -18.8727 7.5
      vertex 76.2222 -18.7778 7.5
    endloop
  endfacet
  facet normal 0 0 1
    outer loop
      vertex 74.8787 -20.1213 7.5
      vertex 76.2222 -18.7778 7.5
      vertex 76.1273 -18.6696 7.5
    endloop
  endfacet
  facet normal 0 0 1
    outer loop
      vertex 74.6199 -19.8263 7.5
      vertex 76.1273 -18.6696 7.5
      vertex 76.0474 -18.55 7.5
    endloop
  endfacet
  facet normal 0 0 1
    outer loop
      vertex 74.4019 -19.5 7.5
      vertex 76.0474 -18.55 7.5
      vertex 75.9837 -18.421 7.5
    endloop
  endfacet
  facet normal 0 0 1
    outer loop
      vertex 74.2284 -19.148 7.5
      vertex 75.9837 -18.421 7.5
      vertex 75.9375 -18.2847 7.5
    endloop
  endfacet
  facet normal 0 0 1
    outer loop
      vertex 74.1022 -18.7765 7.5
      vertex 75.9375 -18.2847 7.5
      vertex 75.9094 -18.1436 7.5
    endloop
  endfacet
  facet normal 0 0 1
    outer loop
      vertex 76.579 -19.0163 7.5
      vertex 75.852 -20.7716 7.5
      vertex 76.2235 -20.8978 7.5
    endloop
  endfacet
  facet normal 0 0 1
    outer loop
      vertex 74.0257 -18.3916 7.5
      vertex 75.9094 -18.1436 7.5
      vertex 75.9 -18 7.5
    endloop
  endfacet
  facet normal -0 0 1
    outer loop
      vertex 74.4019 -16.5 7.5
      vertex 76.0474 -17.45 7.5
      vertex 74.6199 -16.1737 7.5
    endloop
  endfacet
  facet normal 0 0 1
    outer loop
      vertex 76.0474 -17.45 7.5
      vertex 74.4019 -16.5 7.5
      vertex 75.9837 -17.579 7.5
    endloop
  endfacet
  facet normal 0 0 1
    outer loop
      vertex 76.45 -18.9526 7.5
      vertex 75.5 -20.5981 7.5
      vertex 75.852 -20.7716 7.5
    endloop
  endfacet
  facet normal -0 0 1
    outer loop
      vertex 74.2284 -16.852 7.5
      vertex 75.9837 -17.579 7.5
      vertex 74.4019 -16.5 7.5
    endloop
  endfacet
  facet normal 0 0 1
    outer loop
      vertex 76.3304 -18.8727 7.5
      vertex 75.1737 -20.3801 7.5
      vertex 75.5 -20.5981 7.5
    endloop
  endfacet
  facet normal 0 0 1
    outer loop
      vertex 75.9837 -17.579 7.5
      vertex 74.2284 -16.852 7.5
      vertex 75.9375 -17.7153 7.5
    endloop
  endfacet
  facet normal 0 0 1
    outer loop
      vertex 76.2222 -18.7778 7.5
      vertex 74.8787 -20.1213 7.5
      vertex 75.1737 -20.3801 7.5
    endloop
  endfacet
  facet normal -0 0 1
    outer loop
      vertex 74.1022 -17.2235 7.5
      vertex 75.9375 -17.7153 7.5
      vertex 74.2284 -16.852 7.5
    endloop
  endfacet
  facet normal 0 0 1
    outer loop
      vertex 76.1273 -18.6696 7.5
      vertex 74.6199 -19.8263 7.5
      vertex 74.8787 -20.1213 7.5
    endloop
  endfacet
  facet normal 0 0 1
    outer loop
      vertex 75.9375 -17.7153 7.5
      vertex 74.1022 -17.2235 7.5
      vertex 75.9094 -17.8564 7.5
    endloop
  endfacet
  facet normal 0 0 1
    outer loop
      vertex 76.0474 -18.55 7.5
      vertex 74.4019 -19.5 7.5
      vertex 74.6199 -19.8263 7.5
    endloop
  endfacet
  facet normal -0 0 1
    outer loop
      vertex 74.0257 -17.6084 7.5
      vertex 75.9094 -17.8564 7.5
      vertex 74.1022 -17.2235 7.5
    endloop
  endfacet
  facet normal 0 0 1
    outer loop
      vertex 75.9837 -18.421 7.5
      vertex 74.2284 -19.148 7.5
      vertex 74.4019 -19.5 7.5
    endloop
  endfacet
  facet normal 0 0 1
    outer loop
      vertex 75.9094 -17.8564 7.5
      vertex 74.0257 -17.6084 7.5
      vertex 75.9 -18 7.5
    endloop
  endfacet
  facet normal 0 0 1
    outer loop
      vertex 75.9375 -18.2847 7.5
      vertex 74.1022 -18.7765 7.5
      vertex 74.2284 -19.148 7.5
    endloop
  endfacet
  facet normal 0 0 1
    outer loop
      vertex 74 -18 7.5
      vertex 75.9 -18 7.5
      vertex 74.0257 -17.6084 7.5
    endloop
  endfacet
  facet normal 0 0 1
    outer loop
      vertex 75.9094 -18.1436 7.5
      vertex 74.0257 -18.3916 7.5
      vertex 74.1022 -18.7765 7.5
    endloop
  endfacet
  facet normal 0 0 1
    outer loop
      vertex 75.9 -18 7.5
      vertex 74 -18 7.5
      vertex 74.0257 -18.3916 7.5
    endloop
  endfacet
  facet normal 0.831501 0.555523 2.79113e-19
    outer loop
      vertex 79.5981 -16.5 7.5
      vertex 79.3801 -16.1737 2.5
      vertex 79.3801 -16.1737 7.5
    endloop
  endfacet
  facet normal 0.831501 0.555523 2.79113e-19
    outer loop
      vertex 79.3801 -16.1737 2.5
      vertex 79.5981 -16.5 7.5
      vertex 79.5981 -16.5 2.5
    endloop
  endfacet
  facet normal 0.555523 0.831501 -0
    outer loop
      vertex 78.8263 -15.6199 2.5
      vertex 78.5 -15.4019 7.5
      vertex 78.8263 -15.6199 7.5
    endloop
  endfacet
  facet normal 0.555523 0.831501 0
    outer loop
      vertex 78.5 -15.4019 7.5
      vertex 78.8263 -15.6199 2.5
      vertex 78.5 -15.4019 2.5
    endloop
  endfacet
  facet normal 0.896961 -0.44211 6.08812e-20
    outer loop
      vertex 79.5981 -19.5 7.5
      vertex 79.7716 -19.148 2.5
      vertex 79.7716 -19.148 7.5
    endloop
  endfacet
  facet normal 0.896961 -0.44211 6.08812e-20
    outer loop
      vertex 79.7716 -19.148 2.5
      vertex 79.5981 -19.5 7.5
      vertex 79.5981 -19.5 2.5
    endloop
  endfacet
  facet normal 0.997853 -0.0654873 1.11348e-19
    outer loop
      vertex 79.9743 -18.3916 7.5
      vertex 80 -18 2.5
      vertex 80 -18 7.5
    endloop
  endfacet
  facet normal 0.997853 -0.0654873 1.11348e-19
    outer loop
      vertex 80 -18 2.5
      vertex 79.9743 -18.3916 7.5
      vertex 79.9743 -18.3916 2.5
    endloop
  endfacet
  facet normal 0.321651 0.946858 -0
    outer loop
      vertex 78.148 -15.2284 2.5
      vertex 77.7765 -15.1022 7.5
      vertex 78.148 -15.2284 7.5
    endloop
  endfacet
  facet normal 0.321651 0.946858 0
    outer loop
      vertex 77.7765 -15.1022 7.5
      vertex 78.148 -15.2284 2.5
      vertex 77.7765 -15.1022 2.5
    endloop
  endfacet
  facet normal -0.896961 0.44211 6.08812e-20
    outer loop
      vertex 74.2284 -16.852 2.5
      vertex 74.4019 -16.5 7.5
      vertex 74.4019 -16.5 2.5
    endloop
  endfacet
  facet normal -0.896961 0.44211 6.08812e-20
    outer loop
      vertex 74.4019 -16.5 7.5
      vertex 74.2284 -16.852 2.5
      vertex 74.2284 -16.852 7.5
    endloop
  endfacet
  facet normal -0.659478 0.751724 0
    outer loop
      vertex 75.1737 -15.6199 2.5
      vertex 74.8787 -15.8787 7.5
      vertex 75.1737 -15.6199 7.5
    endloop
  endfacet
  facet normal -0.659478 0.751724 0
    outer loop
      vertex 74.8787 -15.8787 7.5
      vertex 75.1737 -15.6199 2.5
      vertex 74.8787 -15.8787 2.5
    endloop
  endfacet
  facet normal 0.321651 -0.946858 0
    outer loop
      vertex 77.7765 -20.8978 2.5
      vertex 78.148 -20.7716 7.5
      vertex 77.7765 -20.8978 7.5
    endloop
  endfacet
  facet normal 0.321651 -0.946858 0
    outer loop
      vertex 78.148 -20.7716 7.5
      vertex 77.7765 -20.8978 2.5
      vertex 78.148 -20.7716 2.5
    endloop
  endfacet
  facet normal -0.997853 -0.0654873 -1.11348e-19
    outer loop
      vertex 74.0257 -18.3916 2.5
      vertex 74 -18 7.5
      vertex 74 -18 2.5
    endloop
  endfacet
  facet normal -0.997853 -0.0654873 -1.11348e-19
    outer loop
      vertex 74 -18 7.5
      vertex 74.0257 -18.3916 2.5
      vertex 74.0257 -18.3916 7.5
    endloop
  endfacet
  facet normal -0.659478 -0.751724 0
    outer loop
      vertex 74.8787 -20.1213 2.5
      vertex 75.1737 -20.3801 7.5
      vertex 74.8787 -20.1213 7.5
    endloop
  endfacet
  facet normal -0.659478 -0.751724 -0
    outer loop
      vertex 75.1737 -20.3801 7.5
      vertex 74.8787 -20.1213 2.5
      vertex 75.1737 -20.3801 2.5
    endloop
  endfacet
  facet normal -0.321651 0.946858 0
    outer loop
      vertex 76.2235 -15.1022 2.5
      vertex 75.852 -15.2284 7.5
      vertex 76.2235 -15.1022 7.5
    endloop
  endfacet
  facet normal -0.321651 0.946858 0
    outer loop
      vertex 75.852 -15.2284 7.5
      vertex 76.2235 -15.1022 2.5
      vertex 75.852 -15.2284 2.5
    endloop
  endfacet
  facet normal -0.831501 -0.555523 2.79113e-19
    outer loop
      vertex 74.6199 -19.8263 2.5
      vertex 74.4019 -19.5 7.5
      vertex 74.4019 -19.5 2.5
    endloop
  endfacet
  facet normal -0.831501 -0.555523 2.79113e-19
    outer loop
      vertex 74.4019 -19.5 7.5
      vertex 74.6199 -19.8263 2.5
      vertex 74.6199 -19.8263 7.5
    endloop
  endfacet
  facet normal -0.555523 0.831501 0
    outer loop
      vertex 75.5 -15.4019 2.5
      vertex 75.1737 -15.6199 7.5
      vertex 75.5 -15.4019 7.5
    endloop
  endfacet
  facet normal -0.555523 0.831501 0
    outer loop
      vertex 75.1737 -15.6199 7.5
      vertex 75.5 -15.4019 2.5
      vertex 75.1737 -15.6199 2.5
    endloop
  endfacet
  facet normal 0.19494 0.980815 -0
    outer loop
      vertex 77.7765 -15.1022 2.5
      vertex 77.3916 -15.0257 7.5
      vertex 77.7765 -15.1022 7.5
    endloop
  endfacet
  facet normal 0.19494 0.980815 0
    outer loop
      vertex 77.3916 -15.0257 7.5
      vertex 77.7765 -15.1022 2.5
      vertex 77.3916 -15.0257 2.5
    endloop
  endfacet
  facet normal -0.44211 0.896961 0
    outer loop
      vertex 75.852 -15.2284 2.5
      vertex 75.5 -15.4019 7.5
      vertex 75.852 -15.2284 7.5
    endloop
  endfacet
  facet normal -0.44211 0.896961 0
    outer loop
      vertex 75.5 -15.4019 7.5
      vertex 75.852 -15.2284 2.5
      vertex 75.5 -15.4019 2.5
    endloop
  endfacet
  facet normal 0.0654873 -0.997853 0
    outer loop
      vertex 77 -21 2.5
      vertex 77.3916 -20.9743 7.5
      vertex 77 -21 7.5
    endloop
  endfacet
  facet normal 0.0654873 -0.997853 0
    outer loop
      vertex 77.3916 -20.9743 7.5
      vertex 77 -21 2.5
      vertex 77.3916 -20.9743 2.5
    endloop
  endfacet
  facet normal 0.659478 -0.751724 0
    outer loop
      vertex 78.8263 -20.3801 2.5
      vertex 79.1213 -20.1213 7.5
      vertex 78.8263 -20.3801 7.5
    endloop
  endfacet
  facet normal 0.659478 -0.751724 0
    outer loop
      vertex 79.1213 -20.1213 7.5
      vertex 78.8263 -20.3801 2.5
      vertex 79.1213 -20.1213 2.5
    endloop
  endfacet
  facet normal -0.946858 -0.321651 7.56089e-21
    outer loop
      vertex 74.2284 -19.148 2.5
      vertex 74.1022 -18.7765 7.5
      vertex 74.1022 -18.7765 2.5
    endloop
  endfacet
  facet normal -0.946858 -0.321651 7.56089e-21
    outer loop
      vertex 74.1022 -18.7765 7.5
      vertex 74.2284 -19.148 2.5
      vertex 74.2284 -19.148 7.5
    endloop
  endfacet
  facet normal 0.946858 -0.321651 -7.56089e-21
    outer loop
      vertex 79.7716 -19.148 7.5
      vertex 79.8978 -18.7765 2.5
      vertex 79.8978 -18.7765 7.5
    endloop
  endfacet
  facet normal 0.946858 -0.321651 -7.56089e-21
    outer loop
      vertex 79.8978 -18.7765 2.5
      vertex 79.7716 -19.148 7.5
      vertex 79.7716 -19.148 2.5
    endloop
  endfacet
  facet normal 0.44211 0.896961 -0
    outer loop
      vertex 78.5 -15.4019 2.5
      vertex 78.148 -15.2284 7.5
      vertex 78.5 -15.4019 7.5
    endloop
  endfacet
  facet normal 0.44211 0.896961 0
    outer loop
      vertex 78.148 -15.2284 7.5
      vertex 78.5 -15.4019 2.5
      vertex 78.148 -15.2284 2.5
    endloop
  endfacet
  facet normal -0.19494 0.980815 0
    outer loop
      vertex 76.6084 -15.0257 2.5
      vertex 76.2235 -15.1022 7.5
      vertex 76.6084 -15.0257 7.5
    endloop
  endfacet
  facet normal -0.19494 0.980815 0
    outer loop
      vertex 76.2235 -15.1022 7.5
      vertex 76.6084 -15.0257 2.5
      vertex 76.2235 -15.1022 2.5
    endloop
  endfacet
  facet normal 0.751724 0.659478 3.57597e-20
    outer loop
      vertex 79.3801 -16.1737 7.5
      vertex 79.1213 -15.8787 2.5
      vertex 79.1213 -15.8787 7.5
    endloop
  endfacet
  facet normal 0.751724 0.659478 3.57597e-20
    outer loop
      vertex 79.1213 -15.8787 2.5
      vertex 79.3801 -16.1737 7.5
      vertex 79.3801 -16.1737 2.5
    endloop
  endfacet
  facet normal 0.751724 -0.659478 8.58232e-19
    outer loop
      vertex 79.1213 -20.1213 7.5
      vertex 79.3801 -19.8263 2.5
      vertex 79.3801 -19.8263 7.5
    endloop
  endfacet
  facet normal 0.751724 -0.659478 8.58232e-19
    outer loop
      vertex 79.3801 -19.8263 2.5
      vertex 79.1213 -20.1213 7.5
      vertex 79.1213 -20.1213 2.5
    endloop
  endfacet
  facet normal -0.44211 -0.896961 0
    outer loop
      vertex 75.5 -20.5981 2.5
      vertex 75.852 -20.7716 7.5
      vertex 75.5 -20.5981 7.5
    endloop
  endfacet
  facet normal -0.44211 -0.896961 -0
    outer loop
      vertex 75.852 -20.7716 7.5
      vertex 75.5 -20.5981 2.5
      vertex 75.852 -20.7716 2.5
    endloop
  endfacet
  facet normal -0.946858 0.321651 -7.56089e-21
    outer loop
      vertex 74.1022 -17.2235 2.5
      vertex 74.2284 -16.852 7.5
      vertex 74.2284 -16.852 2.5
    endloop
  endfacet
  facet normal -0.946858 0.321651 -7.56089e-21
    outer loop
      vertex 74.2284 -16.852 7.5
      vertex 74.1022 -17.2235 2.5
      vertex 74.1022 -17.2235 7.5
    endloop
  endfacet
  facet normal 0.19494 -0.980815 0
    outer loop
      vertex 77.3916 -20.9743 2.5
      vertex 77.7765 -20.8978 7.5
      vertex 77.3916 -20.9743 7.5
    endloop
  endfacet
  facet normal 0.19494 -0.980815 0
    outer loop
      vertex 77.7765 -20.8978 7.5
      vertex 77.3916 -20.9743 2.5
      vertex 77.7765 -20.8978 2.5
    endloop
  endfacet
  facet normal 0.44211 -0.896961 0
    outer loop
      vertex 78.148 -20.7716 2.5
      vertex 78.5 -20.5981 7.5
      vertex 78.148 -20.7716 7.5
    endloop
  endfacet
  facet normal 0.44211 -0.896961 0
    outer loop
      vertex 78.5 -20.5981 7.5
      vertex 78.148 -20.7716 2.5
      vertex 78.5 -20.5981 2.5
    endloop
  endfacet
  facet normal -0.751724 0.659478 -3.57597e-20
    outer loop
      vertex 74.6199 -16.1737 2.5
      vertex 74.8787 -15.8787 7.5
      vertex 74.8787 -15.8787 2.5
    endloop
  endfacet
  facet normal -0.751724 0.659478 -3.57597e-20
    outer loop
      vertex 74.8787 -15.8787 7.5
      vertex 74.6199 -16.1737 2.5
      vertex 74.6199 -16.1737 7.5
    endloop
  endfacet
  facet normal 0.659478 0.751724 -0
    outer loop
      vertex 79.1213 -15.8787 2.5
      vertex 78.8263 -15.6199 7.5
      vertex 79.1213 -15.8787 7.5
    endloop
  endfacet
  facet normal 0.659478 0.751724 0
    outer loop
      vertex 78.8263 -15.6199 7.5
      vertex 79.1213 -15.8787 2.5
      vertex 78.8263 -15.6199 2.5
    endloop
  endfacet
  facet normal -0.896961 -0.44211 -6.08812e-20
    outer loop
      vertex 74.4019 -19.5 2.5
      vertex 74.2284 -19.148 7.5
      vertex 74.2284 -19.148 2.5
    endloop
  endfacet
  facet normal -0.896961 -0.44211 -6.08812e-20
    outer loop
      vertex 74.2284 -19.148 7.5
      vertex 74.4019 -19.5 2.5
      vertex 74.4019 -19.5 7.5
    endloop
  endfacet
  facet normal -0.997853 0.0654873 1.11348e-19
    outer loop
      vertex 74 -18 2.5
      vertex 74.0257 -17.6084 7.5
      vertex 74.0257 -17.6084 2.5
    endloop
  endfacet
  facet normal -0.997853 0.0654873 1.11348e-19
    outer loop
      vertex 74.0257 -17.6084 7.5
      vertex 74 -18 2.5
      vertex 74 -18 7.5
    endloop
  endfacet
  facet normal 0.831501 -0.555523 -2.79113e-19
    outer loop
      vertex 79.3801 -19.8263 7.5
      vertex 79.5981 -19.5 2.5
      vertex 79.5981 -19.5 7.5
    endloop
  endfacet
  facet normal 0.831501 -0.555523 -2.79113e-19
    outer loop
      vertex 79.5981 -19.5 2.5
      vertex 79.3801 -19.8263 7.5
      vertex 79.3801 -19.8263 2.5
    endloop
  endfacet
  facet normal 0.896961 0.44211 -6.08812e-20
    outer loop
      vertex 79.7716 -16.852 7.5
      vertex 79.5981 -16.5 2.5
      vertex 79.5981 -16.5 7.5
    endloop
  endfacet
  facet normal 0.896961 0.44211 -6.08812e-20
    outer loop
      vertex 79.5981 -16.5 2.5
      vertex 79.7716 -16.852 7.5
      vertex 79.7716 -16.852 2.5
    endloop
  endfacet
  facet normal -0.0654873 -0.997853 0
    outer loop
      vertex 76.6084 -20.9743 2.5
      vertex 77 -21 7.5
      vertex 76.6084 -20.9743 7.5
    endloop
  endfacet
  facet normal -0.0654873 -0.997853 -0
    outer loop
      vertex 77 -21 7.5
      vertex 76.6084 -20.9743 2.5
      vertex 77 -21 2.5
    endloop
  endfacet
  facet normal -0.555523 -0.831501 0
    outer loop
      vertex 75.1737 -20.3801 2.5
      vertex 75.5 -20.5981 7.5
      vertex 75.1737 -20.3801 7.5
    endloop
  endfacet
  facet normal -0.555523 -0.831501 -0
    outer loop
      vertex 75.5 -20.5981 7.5
      vertex 75.1737 -20.3801 2.5
      vertex 75.5 -20.5981 2.5
    endloop
  endfacet
  facet normal 0.555523 -0.831501 0
    outer loop
      vertex 78.5 -20.5981 2.5
      vertex 78.8263 -20.3801 7.5
      vertex 78.5 -20.5981 7.5
    endloop
  endfacet
  facet normal 0.555523 -0.831501 0
    outer loop
      vertex 78.8263 -20.3801 7.5
      vertex 78.5 -20.5981 2.5
      vertex 78.8263 -20.3801 2.5
    endloop
  endfacet
  facet normal 0.946858 0.321651 7.56089e-21
    outer loop
      vertex 79.8978 -17.2235 7.5
      vertex 79.7716 -16.852 2.5
      vertex 79.7716 -16.852 7.5
    endloop
  endfacet
  facet normal 0.946858 0.321651 7.56089e-21
    outer loop
      vertex 79.7716 -16.852 2.5
      vertex 79.8978 -17.2235 7.5
      vertex 79.8978 -17.2235 2.5
    endloop
  endfacet
  facet normal -0.980815 0.19494 2.7775e-19
    outer loop
      vertex 74.0257 -17.6084 2.5
      vertex 74.1022 -17.2235 7.5
      vertex 74.1022 -17.2235 2.5
    endloop
  endfacet
  facet normal -0.980815 0.19494 2.7775e-19
    outer loop
      vertex 74.1022 -17.2235 7.5
      vertex 74.0257 -17.6084 2.5
      vertex 74.0257 -17.6084 7.5
    endloop
  endfacet
  facet normal -0.0654873 0.997853 0
    outer loop
      vertex 77 -15 2.5
      vertex 76.6084 -15.0257 7.5
      vertex 77 -15 7.5
    endloop
  endfacet
  facet normal -0.0654873 0.997853 0
    outer loop
      vertex 76.6084 -15.0257 7.5
      vertex 77 -15 2.5
      vertex 76.6084 -15.0257 2.5
    endloop
  endfacet
  facet normal -0.321651 -0.946858 0
    outer loop
      vertex 75.852 -20.7716 2.5
      vertex 76.2235 -20.8978 7.5
      vertex 75.852 -20.7716 7.5
    endloop
  endfacet
  facet normal -0.321651 -0.946858 -0
    outer loop
      vertex 76.2235 -20.8978 7.5
      vertex 75.852 -20.7716 2.5
      vertex 76.2235 -20.8978 2.5
    endloop
  endfacet
  facet normal -0.980815 -0.19494 -2.7775e-19
    outer loop
      vertex 74.1022 -18.7765 2.5
      vertex 74.0257 -18.3916 7.5
      vertex 74.0257 -18.3916 2.5
    endloop
  endfacet
  facet normal -0.980815 -0.19494 -2.7775e-19
    outer loop
      vertex 74.0257 -18.3916 7.5
      vertex 74.1022 -18.7765 2.5
      vertex 74.1022 -18.7765 7.5
    endloop
  endfacet
  facet normal -0.751724 -0.659478 -8.58232e-19
    outer loop
      vertex 74.8787 -20.1213 2.5
      vertex 74.6199 -19.8263 7.5
      vertex 74.6199 -19.8263 2.5
    endloop
  endfacet
  facet normal -0.751724 -0.659478 -8.58232e-19
    outer loop
      vertex 74.6199 -19.8263 7.5
      vertex 74.8787 -20.1213 2.5
      vertex 74.8787 -20.1213 7.5
    endloop
  endfacet
  facet normal 0.0654873 0.997853 -0
    outer loop
      vertex 77.3916 -15.0257 2.5
      vertex 77 -15 7.5
      vertex 77.3916 -15.0257 7.5
    endloop
  endfacet
  facet normal 0.0654873 0.997853 0
    outer loop
      vertex 77 -15 7.5
      vertex 77.3916 -15.0257 2.5
      vertex 77 -15 2.5
    endloop
  endfacet
  facet normal -0.19494 -0.980815 0
    outer loop
      vertex 76.2235 -20.8978 2.5
      vertex 76.6084 -20.9743 7.5
      vertex 76.2235 -20.8978 7.5
    endloop
  endfacet
  facet normal -0.19494 -0.980815 -0
    outer loop
      vertex 76.6084 -20.9743 7.5
      vertex 76.2235 -20.8978 2.5
      vertex 76.6084 -20.9743 2.5
    endloop
  endfacet
  facet normal -0.831501 0.555523 -2.79113e-19
    outer loop
      vertex 74.4019 -16.5 2.5
      vertex 74.6199 -16.1737 7.5
      vertex 74.6199 -16.1737 2.5
    endloop
  endfacet
  facet normal -0.831501 0.555523 -2.79113e-19
    outer loop
      vertex 74.6199 -16.1737 7.5
      vertex 74.4019 -16.5 2.5
      vertex 74.4019 -16.5 7.5
    endloop
  endfacet
  facet normal -0.980741 -0.195314 5.31027e-19
    outer loop
      vertex 78.0906 -17.8564 2.5
      vertex 78.0625 -17.7153 7.5
      vertex 78.0625 -17.7153 2.5
    endloop
  endfacet
  facet normal -0.980741 -0.195314 5.31027e-19
    outer loop
      vertex 78.0625 -17.7153 7.5
      vertex 78.0906 -17.8564 2.5
      vertex 78.0906 -17.8564 7.5
    endloop
  endfacet
  facet normal -0.997864 -0.0653198 7.72495e-20
    outer loop
      vertex 78.1 -18 2.5
      vertex 78.0906 -17.8564 7.5
      vertex 78.0906 -17.8564 2.5
    endloop
  endfacet
  facet normal -0.997864 -0.0653198 7.72495e-20
    outer loop
      vertex 78.0906 -17.8564 7.5
      vertex 78.1 -18 2.5
      vertex 78.1 -18 7.5
    endloop
  endfacet
  facet normal -0.321018 -0.947073 0
    outer loop
      vertex 77.2847 -16.9375 2.5
      vertex 77.421 -16.9837 7.5
      vertex 77.2847 -16.9375 7.5
    endloop
  endfacet
  facet normal -0.321018 -0.947073 -0
    outer loop
      vertex 77.421 -16.9837 7.5
      vertex 77.2847 -16.9375 2.5
      vertex 77.421 -16.9837 2.5
    endloop
  endfacet
  facet normal -0.555502 0.831515 0
    outer loop
      vertex 77.6696 -18.8727 2.5
      vertex 77.55 -18.9526 7.5
      vertex 77.6696 -18.8727 7.5
    endloop
  endfacet
  facet normal -0.555502 0.831515 0
    outer loop
      vertex 77.55 -18.9526 7.5
      vertex 77.6696 -18.8727 2.5
      vertex 77.55 -18.9526 2.5
    endloop
  endfacet
  facet normal -0.65939 -0.751801 0
    outer loop
      vertex 77.6696 -17.1273 2.5
      vertex 77.7778 -17.2222 7.5
      vertex 77.6696 -17.1273 7.5
    endloop
  endfacet
  facet normal -0.65939 -0.751801 -0
    outer loop
      vertex 77.7778 -17.2222 7.5
      vertex 77.6696 -17.1273 2.5
      vertex 77.7778 -17.2222 2.5
    endloop
  endfacet
  facet normal 0.195314 0.980741 -0
    outer loop
      vertex 76.8564 -19.0906 2.5
      vertex 76.7153 -19.0625 7.5
      vertex 76.8564 -19.0906 7.5
    endloop
  endfacet
  facet normal 0.195314 0.980741 0
    outer loop
      vertex 76.7153 -19.0625 7.5
      vertex 76.8564 -19.0906 2.5
      vertex 76.7153 -19.0625 2.5
    endloop
  endfacet
  facet normal -0.751801 0.65939 1.60521e-19
    outer loop
      vertex 77.7778 -18.7778 2.5
      vertex 77.8727 -18.6696 7.5
      vertex 77.8727 -18.6696 2.5
    endloop
  endfacet
  facet normal -0.751801 0.65939 1.60521e-19
    outer loop
      vertex 77.8727 -18.6696 7.5
      vertex 77.7778 -18.7778 2.5
      vertex 77.7778 -18.7778 7.5
    endloop
  endfacet
  facet normal 0.947073 -0.321018 2.3783e-19
    outer loop
      vertex 75.9375 -17.7153 7.5
      vertex 75.9837 -17.579 2.5
      vertex 75.9837 -17.579 7.5
    endloop
  endfacet
  facet normal 0.947073 -0.321018 2.3783e-19
    outer loop
      vertex 75.9837 -17.579 2.5
      vertex 75.9375 -17.7153 7.5
      vertex 75.9375 -17.7153 2.5
    endloop
  endfacet
  facet normal -0.0653198 -0.997864 0
    outer loop
      vertex 77 -16.9 2.5
      vertex 77.1436 -16.9094 7.5
      vertex 77 -16.9 7.5
    endloop
  endfacet
  facet normal -0.0653198 -0.997864 -0
    outer loop
      vertex 77.1436 -16.9094 7.5
      vertex 77 -16.9 2.5
      vertex 77.1436 -16.9094 2.5
    endloop
  endfacet
  facet normal 0.321018 -0.947073 0
    outer loop
      vertex 76.579 -16.9837 2.5
      vertex 76.7153 -16.9375 7.5
      vertex 76.579 -16.9837 7.5
    endloop
  endfacet
  facet normal 0.321018 -0.947073 0
    outer loop
      vertex 76.7153 -16.9375 7.5
      vertex 76.579 -16.9837 2.5
      vertex 76.7153 -16.9375 2.5
    endloop
  endfacet
  facet normal 0.997864 0.0653198 7.72495e-20
    outer loop
      vertex 75.9094 -18.1436 7.5
      vertex 75.9 -18 2.5
      vertex 75.9 -18 7.5
    endloop
  endfacet
  facet normal 0.997864 0.0653198 7.72495e-20
    outer loop
      vertex 75.9 -18 2.5
      vertex 75.9094 -18.1436 7.5
      vertex 75.9094 -18.1436 2.5
    endloop
  endfacet
  facet normal 0.0653198 0.997864 -0
    outer loop
      vertex 77 -19.1 2.5
      vertex 76.8564 -19.0906 7.5
      vertex 77 -19.1 7.5
    endloop
  endfacet
  facet normal 0.0653198 0.997864 0
    outer loop
      vertex 76.8564 -19.0906 7.5
      vertex 77 -19.1 2.5
      vertex 76.8564 -19.0906 2.5
    endloop
  endfacet
  facet normal -0.997864 0.0653198 -7.72495e-20
    outer loop
      vertex 78.0906 -18.1436 2.5
      vertex 78.1 -18 7.5
      vertex 78.1 -18 2.5
    endloop
  endfacet
  facet normal -0.997864 0.0653198 -7.72495e-20
    outer loop
      vertex 78.1 -18 7.5
      vertex 78.0906 -18.1436 2.5
      vertex 78.0906 -18.1436 7.5
    endloop
  endfacet
  facet normal -0.751801 -0.65939 -1.60521e-19
    outer loop
      vertex 77.8727 -17.3304 2.5
      vertex 77.7778 -17.2222 7.5
      vertex 77.7778 -17.2222 2.5
    endloop
  endfacet
  facet normal -0.751801 -0.65939 -1.60521e-19
    outer loop
      vertex 77.7778 -17.2222 7.5
      vertex 77.8727 -17.3304 2.5
      vertex 77.8727 -17.3304 7.5
    endloop
  endfacet
  facet normal 0.947073 0.321018 -2.3783e-19
    outer loop
      vertex 75.9837 -18.421 7.5
      vertex 75.9375 -18.2847 2.5
      vertex 75.9375 -18.2847 7.5
    endloop
  endfacet
  facet normal 0.947073 0.321018 -2.3783e-19
    outer loop
      vertex 75.9375 -18.2847 2.5
      vertex 75.9837 -18.421 7.5
      vertex 75.9837 -18.421 2.5
    endloop
  endfacet
  facet normal 0.980741 0.195314 5.31027e-19
    outer loop
      vertex 75.9375 -18.2847 7.5
      vertex 75.9094 -18.1436 2.5
      vertex 75.9094 -18.1436 7.5
    endloop
  endfacet
  facet normal 0.980741 0.195314 5.31027e-19
    outer loop
      vertex 75.9094 -18.1436 2.5
      vertex 75.9375 -18.2847 7.5
      vertex 75.9375 -18.2847 2.5
    endloop
  endfacet
  facet normal -0.195314 -0.980741 0
    outer loop
      vertex 77.1436 -16.9094 2.5
      vertex 77.2847 -16.9375 7.5
      vertex 77.1436 -16.9094 7.5
    endloop
  endfacet
  facet normal -0.195314 -0.980741 -0
    outer loop
      vertex 77.2847 -16.9375 7.5
      vertex 77.1436 -16.9094 2.5
      vertex 77.2847 -16.9375 2.5
    endloop
  endfacet
  facet normal 0.751801 0.65939 -1.60521e-19
    outer loop
      vertex 76.2222 -18.7778 7.5
      vertex 76.1273 -18.6696 2.5
      vertex 76.1273 -18.6696 7.5
    endloop
  endfacet
  facet normal 0.751801 0.65939 -1.60521e-19
    outer loop
      vertex 76.1273 -18.6696 2.5
      vertex 76.2222 -18.7778 7.5
      vertex 76.2222 -18.7778 2.5
    endloop
  endfacet
  facet normal 0.65939 -0.751801 0
    outer loop
      vertex 76.2222 -17.2222 2.5
      vertex 76.3304 -17.1273 7.5
      vertex 76.2222 -17.2222 7.5
    endloop
  endfacet
  facet normal 0.65939 -0.751801 0
    outer loop
      vertex 76.3304 -17.1273 7.5
      vertex 76.2222 -17.2222 2.5
      vertex 76.3304 -17.1273 2.5
    endloop
  endfacet
  facet normal 0.89664 -0.44276 -2.2172e-19
    outer loop
      vertex 75.9837 -17.579 7.5
      vertex 76.0474 -17.45 2.5
      vertex 76.0474 -17.45 7.5
    endloop
  endfacet
  facet normal 0.89664 -0.44276 -2.2172e-19
    outer loop
      vertex 76.0474 -17.45 2.5
      vertex 75.9837 -17.579 7.5
      vertex 75.9837 -17.579 2.5
    endloop
  endfacet
  facet normal -0.831515 0.555502 1.03174e-18
    outer loop
      vertex 77.8727 -18.6696 2.5
      vertex 77.9526 -18.55 7.5
      vertex 77.9526 -18.55 2.5
    endloop
  endfacet
  facet normal -0.831515 0.555502 1.03174e-18
    outer loop
      vertex 77.9526 -18.55 7.5
      vertex 77.8727 -18.6696 2.5
      vertex 77.8727 -18.6696 7.5
    endloop
  endfacet
  facet normal -0.831515 -0.555502 -1.03174e-18
    outer loop
      vertex 77.9526 -17.45 2.5
      vertex 77.8727 -17.3304 7.5
      vertex 77.8727 -17.3304 2.5
    endloop
  endfacet
  facet normal -0.831515 -0.555502 -1.03174e-18
    outer loop
      vertex 77.8727 -17.3304 7.5
      vertex 77.9526 -17.45 2.5
      vertex 77.9526 -17.45 7.5
    endloop
  endfacet
  facet normal 0.751801 -0.65939 1.60521e-19
    outer loop
      vertex 76.1273 -17.3304 7.5
      vertex 76.2222 -17.2222 2.5
      vertex 76.2222 -17.2222 7.5
    endloop
  endfacet
  facet normal 0.751801 -0.65939 1.60521e-19
    outer loop
      vertex 76.2222 -17.2222 2.5
      vertex 76.1273 -17.3304 7.5
      vertex 76.1273 -17.3304 2.5
    endloop
  endfacet
  facet normal -0.65939 0.751801 0
    outer loop
      vertex 77.7778 -18.7778 2.5
      vertex 77.6696 -18.8727 7.5
      vertex 77.7778 -18.7778 7.5
    endloop
  endfacet
  facet normal -0.65939 0.751801 0
    outer loop
      vertex 77.6696 -18.8727 7.5
      vertex 77.7778 -18.7778 2.5
      vertex 77.6696 -18.8727 2.5
    endloop
  endfacet
  facet normal 0.831515 0.555502 -1.03174e-18
    outer loop
      vertex 76.1273 -18.6696 7.5
      vertex 76.0474 -18.55 2.5
      vertex 76.0474 -18.55 7.5
    endloop
  endfacet
  facet normal 0.831515 0.555502 -1.03174e-18
    outer loop
      vertex 76.0474 -18.55 2.5
      vertex 76.1273 -18.6696 7.5
      vertex 76.1273 -18.6696 2.5
    endloop
  endfacet
  facet normal 0.195314 -0.980741 0
    outer loop
      vertex 76.7153 -16.9375 2.5
      vertex 76.8564 -16.9094 7.5
      vertex 76.7153 -16.9375 7.5
    endloop
  endfacet
  facet normal 0.195314 -0.980741 0
    outer loop
      vertex 76.8564 -16.9094 7.5
      vertex 76.7153 -16.9375 2.5
      vertex 76.8564 -16.9094 2.5
    endloop
  endfacet
  facet normal -0.947073 0.321018 2.3783e-19
    outer loop
      vertex 78.0163 -18.421 2.5
      vertex 78.0625 -18.2847 7.5
      vertex 78.0625 -18.2847 2.5
    endloop
  endfacet
  facet normal -0.947073 0.321018 2.3783e-19
    outer loop
      vertex 78.0625 -18.2847 7.5
      vertex 78.0163 -18.421 2.5
      vertex 78.0163 -18.421 7.5
    endloop
  endfacet
  facet normal -0.44276 -0.89664 0
    outer loop
      vertex 77.421 -16.9837 2.5
      vertex 77.55 -17.0474 7.5
      vertex 77.421 -16.9837 7.5
    endloop
  endfacet
  facet normal -0.44276 -0.89664 -0
    outer loop
      vertex 77.55 -17.0474 7.5
      vertex 77.421 -16.9837 2.5
      vertex 77.55 -17.0474 2.5
    endloop
  endfacet
  facet normal 0.0653198 -0.997864 0
    outer loop
      vertex 76.8564 -16.9094 2.5
      vertex 77 -16.9 7.5
      vertex 76.8564 -16.9094 7.5
    endloop
  endfacet
  facet normal 0.0653198 -0.997864 0
    outer loop
      vertex 77 -16.9 7.5
      vertex 76.8564 -16.9094 2.5
      vertex 77 -16.9 2.5
    endloop
  endfacet
  facet normal -0.0653198 0.997864 0
    outer loop
      vertex 77.1436 -19.0906 2.5
      vertex 77 -19.1 7.5
      vertex 77.1436 -19.0906 7.5
    endloop
  endfacet
  facet normal -0.0653198 0.997864 0
    outer loop
      vertex 77 -19.1 7.5
      vertex 77.1436 -19.0906 2.5
      vertex 77 -19.1 2.5
    endloop
  endfacet
  facet normal -0.555502 -0.831515 0
    outer loop
      vertex 77.55 -17.0474 2.5
      vertex 77.6696 -17.1273 7.5
      vertex 77.55 -17.0474 7.5
    endloop
  endfacet
  facet normal -0.555502 -0.831515 -0
    outer loop
      vertex 77.6696 -17.1273 7.5
      vertex 77.55 -17.0474 2.5
      vertex 77.6696 -17.1273 2.5
    endloop
  endfacet
  facet normal 0.89664 0.44276 2.2172e-19
    outer loop
      vertex 76.0474 -18.55 7.5
      vertex 75.9837 -18.421 2.5
      vertex 75.9837 -18.421 7.5
    endloop
  endfacet
  facet normal 0.89664 0.44276 2.2172e-19
    outer loop
      vertex 75.9837 -18.421 2.5
      vertex 76.0474 -18.55 7.5
      vertex 76.0474 -18.55 2.5
    endloop
  endfacet
  facet normal 0.65939 0.751801 -0
    outer loop
      vertex 76.3304 -18.8727 2.5
      vertex 76.2222 -18.7778 7.5
      vertex 76.3304 -18.8727 7.5
    endloop
  endfacet
  facet normal 0.65939 0.751801 0
    outer loop
      vertex 76.2222 -18.7778 7.5
      vertex 76.3304 -18.8727 2.5
      vertex 76.2222 -18.7778 2.5
    endloop
  endfacet
  facet normal 0.980741 -0.195314 -5.31027e-19
    outer loop
      vertex 75.9094 -17.8564 7.5
      vertex 75.9375 -17.7153 2.5
      vertex 75.9375 -17.7153 7.5
    endloop
  endfacet
  facet normal 0.980741 -0.195314 -5.31027e-19
    outer loop
      vertex 75.9375 -17.7153 2.5
      vertex 75.9094 -17.8564 7.5
      vertex 75.9094 -17.8564 2.5
    endloop
  endfacet
  facet normal -0.89664 -0.44276 2.2172e-19
    outer loop
      vertex 78.0163 -17.579 2.5
      vertex 77.9526 -17.45 7.5
      vertex 77.9526 -17.45 2.5
    endloop
  endfacet
  facet normal -0.89664 -0.44276 2.2172e-19
    outer loop
      vertex 77.9526 -17.45 7.5
      vertex 78.0163 -17.579 2.5
      vertex 78.0163 -17.579 7.5
    endloop
  endfacet
  facet normal -0.195314 0.980741 0
    outer loop
      vertex 77.2847 -19.0625 2.5
      vertex 77.1436 -19.0906 7.5
      vertex 77.2847 -19.0625 7.5
    endloop
  endfacet
  facet normal -0.195314 0.980741 0
    outer loop
      vertex 77.1436 -19.0906 7.5
      vertex 77.2847 -19.0625 2.5
      vertex 77.1436 -19.0906 2.5
    endloop
  endfacet
  facet normal -0.89664 0.44276 -2.2172e-19
    outer loop
      vertex 77.9526 -18.55 2.5
      vertex 78.0163 -18.421 7.5
      vertex 78.0163 -18.421 2.5
    endloop
  endfacet
  facet normal -0.89664 0.44276 -2.2172e-19
    outer loop
      vertex 78.0163 -18.421 7.5
      vertex 77.9526 -18.55 2.5
      vertex 77.9526 -18.55 7.5
    endloop
  endfacet
  facet normal -0.980741 0.195314 -5.31027e-19
    outer loop
      vertex 78.0625 -18.2847 2.5
      vertex 78.0906 -18.1436 7.5
      vertex 78.0906 -18.1436 2.5
    endloop
  endfacet
  facet normal -0.980741 0.195314 -5.31027e-19
    outer loop
      vertex 78.0906 -18.1436 7.5
      vertex 78.0625 -18.2847 2.5
      vertex 78.0625 -18.2847 7.5
    endloop
  endfacet
  facet normal 0.555502 -0.831515 0
    outer loop
      vertex 76.3304 -17.1273 2.5
      vertex 76.45 -17.0474 7.5
      vertex 76.3304 -17.1273 7.5
    endloop
  endfacet
  facet normal 0.555502 -0.831515 0
    outer loop
      vertex 76.45 -17.0474 7.5
      vertex 76.3304 -17.1273 2.5
      vertex 76.45 -17.0474 2.5
    endloop
  endfacet
  facet normal -0.947073 -0.321018 -2.3783e-19
    outer loop
      vertex 78.0625 -17.7153 2.5
      vertex 78.0163 -17.579 7.5
      vertex 78.0163 -17.579 2.5
    endloop
  endfacet
  facet normal -0.947073 -0.321018 -2.3783e-19
    outer loop
      vertex 78.0163 -17.579 7.5
      vertex 78.0625 -17.7153 2.5
      vertex 78.0625 -17.7153 7.5
    endloop
  endfacet
  facet normal -0.321018 0.947073 0
    outer loop
      vertex 77.421 -19.0163 2.5
      vertex 77.2847 -19.0625 7.5
      vertex 77.421 -19.0163 7.5
    endloop
  endfacet
  facet normal -0.321018 0.947073 0
    outer loop
      vertex 77.2847 -19.0625 7.5
      vertex 77.421 -19.0163 2.5
      vertex 77.2847 -19.0625 2.5
    endloop
  endfacet
  facet normal -0.44276 0.89664 0
    outer loop
      vertex 77.55 -18.9526 2.5
      vertex 77.421 -19.0163 7.5
      vertex 77.55 -18.9526 7.5
    endloop
  endfacet
  facet normal -0.44276 0.89664 0
    outer loop
      vertex 77.421 -19.0163 7.5
      vertex 77.55 -18.9526 2.5
      vertex 77.421 -19.0163 2.5
    endloop
  endfacet
  facet normal 0.997864 -0.0653198 -7.72495e-20
    outer loop
      vertex 75.9 -18 7.5
      vertex 75.9094 -17.8564 2.5
      vertex 75.9094 -17.8564 7.5
    endloop
  endfacet
  facet normal 0.997864 -0.0653198 -7.72495e-20
    outer loop
      vertex 75.9094 -17.8564 2.5
      vertex 75.9 -18 7.5
      vertex 75.9 -18 2.5
    endloop
  endfacet
  facet normal 0.321018 0.947073 -0
    outer loop
      vertex 76.7153 -19.0625 2.5
      vertex 76.579 -19.0163 7.5
      vertex 76.7153 -19.0625 7.5
    endloop
  endfacet
  facet normal 0.321018 0.947073 0
    outer loop
      vertex 76.579 -19.0163 7.5
      vertex 76.7153 -19.0625 2.5
      vertex 76.579 -19.0163 2.5
    endloop
  endfacet
  facet normal 0.44276 -0.89664 0
    outer loop
      vertex 76.45 -17.0474 2.5
      vertex 76.579 -16.9837 7.5
      vertex 76.45 -17.0474 7.5
    endloop
  endfacet
  facet normal 0.44276 -0.89664 0
    outer loop
      vertex 76.579 -16.9837 7.5
      vertex 76.45 -17.0474 2.5
      vertex 76.579 -16.9837 2.5
    endloop
  endfacet
  facet normal 0.831515 -0.555502 1.03174e-18
    outer loop
      vertex 76.0474 -17.45 7.5
      vertex 76.1273 -17.3304 2.5
      vertex 76.1273 -17.3304 7.5
    endloop
  endfacet
  facet normal 0.831515 -0.555502 1.03174e-18
    outer loop
      vertex 76.1273 -17.3304 2.5
      vertex 76.0474 -17.45 7.5
      vertex 76.0474 -17.45 2.5
    endloop
  endfacet
  facet normal 0.44276 0.89664 -0
    outer loop
      vertex 76.579 -19.0163 2.5
      vertex 76.45 -18.9526 7.5
      vertex 76.579 -19.0163 7.5
    endloop
  endfacet
  facet normal 0.44276 0.89664 0
    outer loop
      vertex 76.45 -18.9526 7.5
      vertex 76.579 -19.0163 2.5
      vertex 76.45 -18.9526 2.5
    endloop
  endfacet
  facet normal 0.555502 0.831515 -0
    outer loop
      vertex 76.45 -18.9526 2.5
      vertex 76.3304 -18.8727 7.5
      vertex 76.45 -18.9526 7.5
    endloop
  endfacet
  facet normal 0.555502 0.831515 0
    outer loop
      vertex 76.3304 -18.8727 7.5
      vertex 76.45 -18.9526 2.5
      vertex 76.3304 -18.8727 2.5
    endloop
  endfacet
  facet normal 0.980813 0.19495 -5.53582e-19
    outer loop
      vertex 22.3243 2.89158 6.5
      vertex 22.2478 3.27646 2.5
      vertex 22.2478 3.27646 6.5
    endloop
  endfacet
  facet normal 0.980813 0.19495 -5.53582e-19
    outer loop
      vertex 22.2478 3.27646 2.5
      vertex 22.3243 2.89158 6.5
      vertex 22.3243 2.89158 2.5
    endloop
  endfacet
  facet normal 0.997853 0.0654906 3.97648e-19
    outer loop
      vertex 22.35 2.5 6.5
      vertex 22.3243 2.89158 2.5
      vertex 22.3243 2.89158 6.5
    endloop
  endfacet
  facet normal 0.997853 0.0654906 3.97648e-19
    outer loop
      vertex 22.3243 2.89158 2.5
      vertex 22.35 2.5 6.5
      vertex 22.35 2.5 2.5
    endloop
  endfacet
  facet normal 0.980813 -0.19495 7.83459e-19
    outer loop
      vertex 22.2478 1.72354 6.5
      vertex 22.3243 2.10842 2.5
      vertex 22.3243 2.10842 6.5
    endloop
  endfacet
  facet normal 0.980813 -0.19495 7.83459e-19
    outer loop
      vertex 22.3243 2.10842 2.5
      vertex 22.2478 1.72354 6.5
      vertex 22.2478 1.72354 2.5
    endloop
  endfacet
  facet normal -0.751765 -0.659432 1.52498e-18
    outer loop
      vertex 17.2287 0.37868 2.5
      vertex 16.9699 0.673717 6.5
      vertex 16.9699 0.673717 2.5
    endloop
  endfacet
  facet normal -0.751765 -0.659432 1.52498e-18
    outer loop
      vertex 16.9699 0.673717 6.5
      vertex 17.2287 0.37868 2.5
      vertex 17.2287 0.37868 6.5
    endloop
  endfacet
  facet normal 0 0 1
    outer loop
      vertex 20.75 2.5 6.5
      vertex 22.35 2.5 6.5
      vertex 22.3243 2.89158 6.5
    endloop
  endfacet
  facet normal 0 0 1
    outer loop
      vertex 20.738 2.68274 6.5
      vertex 22.3243 2.89158 6.5
      vertex 22.2478 3.27646 6.5
    endloop
  endfacet
  facet normal 0 0 1
    outer loop
      vertex 22.35 2.5 6.5
      vertex 20.75 2.5 6.5
      vertex 22.3243 2.10842 6.5
    endloop
  endfacet
  facet normal 0 0 1
    outer loop
      vertex 20.7023 2.86235 6.5
      vertex 22.2478 3.27646 6.5
      vertex 22.1216 3.64805 6.5
    endloop
  endfacet
  facet normal -0 0 1
    outer loop
      vertex 20.738 2.31726 6.5
      vertex 22.3243 2.10842 6.5
      vertex 20.75 2.5 6.5
    endloop
  endfacet
  facet normal 0 0 1
    outer loop
      vertex 20.6434 3.03576 6.5
      vertex 22.1216 3.64805 6.5
      vertex 21.9481 4 6.5
    endloop
  endfacet
  facet normal 0 0 1
    outer loop
      vertex 22.3243 2.10842 6.5
      vertex 20.738 2.31726 6.5
      vertex 22.2478 1.72354 6.5
    endloop
  endfacet
  facet normal 0 0 1
    outer loop
      vertex 20.5624 3.2 6.5
      vertex 21.9481 4 6.5
      vertex 21.7301 4.32628 6.5
    endloop
  endfacet
  facet normal -0 0 1
    outer loop
      vertex 20.7023 2.13765 6.5
      vertex 22.2478 1.72354 6.5
      vertex 20.738 2.31726 6.5
    endloop
  endfacet
  facet normal 0 0 1
    outer loop
      vertex 20.4607 3.35227 6.5
      vertex 21.7301 4.32628 6.5
      vertex 21.4713 4.62132 6.5
    endloop
  endfacet
  facet normal 0 0 1
    outer loop
      vertex 22.2478 1.72354 6.5
      vertex 20.7023 2.13765 6.5
      vertex 22.1216 1.35195 6.5
    endloop
  endfacet
  facet normal 0 0 1
    outer loop
      vertex 20.3399 3.48995 6.5
      vertex 21.4713 4.62132 6.5
      vertex 21.1763 4.88006 6.5
    endloop
  endfacet
  facet normal -0 0 1
    outer loop
      vertex 20.6434 1.96424 6.5
      vertex 22.1216 1.35195 6.5
      vertex 20.7023 2.13765 6.5
    endloop
  endfacet
  facet normal 0 0 1
    outer loop
      vertex 20.2023 3.61069 6.5
      vertex 21.1763 4.88006 6.5
      vertex 20.85 5.09808 6.5
    endloop
  endfacet
  facet normal 0 0 1
    outer loop
      vertex 22.1216 1.35195 6.5
      vertex 20.6434 1.96424 6.5
      vertex 21.9481 1 6.5
    endloop
  endfacet
  facet normal -0 0 1
    outer loop
      vertex 20.5624 1.8 6.5
      vertex 21.9481 1 6.5
      vertex 20.6434 1.96424 6.5
    endloop
  endfacet
  facet normal 0 0 1
    outer loop
      vertex 22.3243 2.89158 6.5
      vertex 20.738 2.68274 6.5
      vertex 20.75 2.5 6.5
    endloop
  endfacet
  facet normal 0 0 1
    outer loop
      vertex 22.2478 3.27646 6.5
      vertex 20.7023 2.86235 6.5
      vertex 20.738 2.68274 6.5
    endloop
  endfacet
  facet normal 0 0 1
    outer loop
      vertex 22.1216 3.64805 6.5
      vertex 20.6434 3.03576 6.5
      vertex 20.7023 2.86235 6.5
    endloop
  endfacet
  facet normal 0 0 1
    outer loop
      vertex 21.9481 4 6.5
      vertex 20.5624 3.2 6.5
      vertex 20.6434 3.03576 6.5
    endloop
  endfacet
  facet normal 0 0 1
    outer loop
      vertex 20.05 3.71243 6.5
      vertex 20.85 5.09808 6.5
      vertex 20.498 5.27164 6.5
    endloop
  endfacet
  facet normal 0 0 1
    outer loop
      vertex 21.7301 4.32628 6.5
      vertex 20.4607 3.35227 6.5
      vertex 20.5624 3.2 6.5
    endloop
  endfacet
  facet normal 0 0 1
    outer loop
      vertex 21.4713 4.62132 6.5
      vertex 20.3399 3.48995 6.5
      vertex 20.4607 3.35227 6.5
    endloop
  endfacet
  facet normal 0 0 1
    outer loop
      vertex 21.1763 4.88006 6.5
      vertex 20.2023 3.61069 6.5
      vertex 20.3399 3.48995 6.5
    endloop
  endfacet
  facet normal 0 0 1
    outer loop
      vertex 19.8858 3.79343 6.5
      vertex 20.498 5.27164 6.5
      vertex 20.1265 5.39778 6.5
    endloop
  endfacet
  facet normal 0 0 1
    outer loop
      vertex 20.85 5.09808 6.5
      vertex 20.05 3.71243 6.5
      vertex 20.2023 3.61069 6.5
    endloop
  endfacet
  facet normal 0 0 1
    outer loop
      vertex 20.498 5.27164 6.5
      vertex 19.8858 3.79343 6.5
      vertex 20.05 3.71243 6.5
    endloop
  endfacet
  facet normal 0 0 1
    outer loop
      vertex 19.7123 3.8523 6.5
      vertex 20.1265 5.39778 6.5
      vertex 19.7416 5.47433 6.5
    endloop
  endfacet
  facet normal 0 0 1
    outer loop
      vertex 20.1265 5.39778 6.5
      vertex 19.7123 3.8523 6.5
      vertex 19.8858 3.79343 6.5
    endloop
  endfacet
  facet normal 0 0 1
    outer loop
      vertex 19.7416 5.47433 6.5
      vertex 19.5327 3.88802 6.5
      vertex 19.7123 3.8523 6.5
    endloop
  endfacet
  facet normal 0 0 1
    outer loop
      vertex 19.35 5.5 6.5
      vertex 19.5327 3.88802 6.5
      vertex 19.7416 5.47433 6.5
    endloop
  endfacet
  facet normal 0 0 1
    outer loop
      vertex 19.35 5.5 6.5
      vertex 19.35 3.9 6.5
      vertex 19.5327 3.88802 6.5
    endloop
  endfacet
  facet normal 0 0 1
    outer loop
      vertex 19.35 5.5 6.5
      vertex 19.1673 3.88802 6.5
      vertex 19.35 3.9 6.5
    endloop
  endfacet
  facet normal -0 0 1
    outer loop
      vertex 18.9584 5.47433 6.5
      vertex 19.1673 3.88802 6.5
      vertex 19.35 5.5 6.5
    endloop
  endfacet
  facet normal 0 0 1
    outer loop
      vertex 19.1673 3.88802 6.5
      vertex 18.9584 5.47433 6.5
      vertex 18.9877 3.8523 6.5
    endloop
  endfacet
  facet normal -0 0 1
    outer loop
      vertex 18.5735 5.39778 6.5
      vertex 18.9877 3.8523 6.5
      vertex 18.9584 5.47433 6.5
    endloop
  endfacet
  facet normal 0 0 1
    outer loop
      vertex 18.9877 3.8523 6.5
      vertex 18.5735 5.39778 6.5
      vertex 18.8142 3.79343 6.5
    endloop
  endfacet
  facet normal -0 0 1
    outer loop
      vertex 18.202 5.27164 6.5
      vertex 18.8142 3.79343 6.5
      vertex 18.5735 5.39778 6.5
    endloop
  endfacet
  facet normal 0 0 1
    outer loop
      vertex 18.8142 3.79343 6.5
      vertex 18.202 5.27164 6.5
      vertex 18.65 3.71243 6.5
    endloop
  endfacet
  facet normal -0 0 1
    outer loop
      vertex 17.85 5.09808 6.5
      vertex 18.65 3.71243 6.5
      vertex 18.202 5.27164 6.5
    endloop
  endfacet
  facet normal 0 0 1
    outer loop
      vertex 18.65 3.71243 6.5
      vertex 17.85 5.09808 6.5
      vertex 18.4977 3.61069 6.5
    endloop
  endfacet
  facet normal -0 0 1
    outer loop
      vertex 17.5237 4.88006 6.5
      vertex 18.4977 3.61069 6.5
      vertex 17.85 5.09808 6.5
    endloop
  endfacet
  facet normal 0 0 1
    outer loop
      vertex 18.4977 3.61069 6.5
      vertex 17.5237 4.88006 6.5
      vertex 18.3601 3.48995 6.5
    endloop
  endfacet
  facet normal -0 0 1
    outer loop
      vertex 17.2287 4.62132 6.5
      vertex 18.3601 3.48995 6.5
      vertex 17.5237 4.88006 6.5
    endloop
  endfacet
  facet normal 0 0 1
    outer loop
      vertex 18.3601 3.48995 6.5
      vertex 17.2287 4.62132 6.5
      vertex 18.2393 3.35227 6.5
    endloop
  endfacet
  facet normal -0 0 1
    outer loop
      vertex 16.9699 4.32628 6.5
      vertex 18.2393 3.35227 6.5
      vertex 17.2287 4.62132 6.5
    endloop
  endfacet
  facet normal -0 0 1
    outer loop
      vertex 16.7519 4 6.5
      vertex 18.1376 3.2 6.5
      vertex 16.9699 4.32628 6.5
    endloop
  endfacet
  facet normal 0 0 1
    outer loop
      vertex 18.2393 3.35227 6.5
      vertex 16.9699 4.32628 6.5
      vertex 18.1376 3.2 6.5
    endloop
  endfacet
  facet normal 0 0 1
    outer loop
      vertex 21.9481 1 6.5
      vertex 20.5624 1.8 6.5
      vertex 21.7301 0.673717 6.5
    endloop
  endfacet
  facet normal -0 0 1
    outer loop
      vertex 20.4607 1.64773 6.5
      vertex 21.7301 0.673717 6.5
      vertex 20.5624 1.8 6.5
    endloop
  endfacet
  facet normal 0 0 1
    outer loop
      vertex 21.7301 0.673717 6.5
      vertex 20.4607 1.64773 6.5
      vertex 21.4713 0.37868 6.5
    endloop
  endfacet
  facet normal -0 0 1
    outer loop
      vertex 20.3399 1.51005 6.5
      vertex 21.4713 0.37868 6.5
      vertex 20.4607 1.64773 6.5
    endloop
  endfacet
  facet normal 0 0 1
    outer loop
      vertex 21.4713 0.37868 6.5
      vertex 20.3399 1.51005 6.5
      vertex 21.1763 0.119941 6.5
    endloop
  endfacet
  facet normal -0 0 1
    outer loop
      vertex 20.2023 1.38931 6.5
      vertex 21.1763 0.119941 6.5
      vertex 20.3399 1.51005 6.5
    endloop
  endfacet
  facet normal 0 0 1
    outer loop
      vertex 21.1763 0.119941 6.5
      vertex 20.2023 1.38931 6.5
      vertex 20.85 -0.0980759 6.5
    endloop
  endfacet
  facet normal -0 0 1
    outer loop
      vertex 20.05 1.28757 6.5
      vertex 20.85 -0.0980759 6.5
      vertex 20.2023 1.38931 6.5
    endloop
  endfacet
  facet normal 0 0 1
    outer loop
      vertex 20.85 -0.0980759 6.5
      vertex 20.05 1.28757 6.5
      vertex 20.498 -0.271638 6.5
    endloop
  endfacet
  facet normal -0 0 1
    outer loop
      vertex 19.8858 1.20657 6.5
      vertex 20.498 -0.271638 6.5
      vertex 20.05 1.28757 6.5
    endloop
  endfacet
  facet normal 0 0 1
    outer loop
      vertex 20.498 -0.271638 6.5
      vertex 19.8858 1.20657 6.5
      vertex 20.1265 -0.397777 6.5
    endloop
  endfacet
  facet normal -0 0 1
    outer loop
      vertex 19.7123 1.1477 6.5
      vertex 20.1265 -0.397777 6.5
      vertex 19.8858 1.20657 6.5
    endloop
  endfacet
  facet normal 0 0 1
    outer loop
      vertex 20.1265 -0.397777 6.5
      vertex 19.7123 1.1477 6.5
      vertex 19.7416 -0.474334 6.5
    endloop
  endfacet
  facet normal -0 0 1
    outer loop
      vertex 19.5327 1.11198 6.5
      vertex 19.7416 -0.474334 6.5
      vertex 19.7123 1.1477 6.5
    endloop
  endfacet
  facet normal -0 0 1
    outer loop
      vertex 19.35 1.1 6.5
      vertex 19.7416 -0.474334 6.5
      vertex 19.5327 1.11198 6.5
    endloop
  endfacet
  facet normal 0 0 1
    outer loop
      vertex 19.35 1.1 6.5
      vertex 19.35 -0.5 6.5
      vertex 19.7416 -0.474334 6.5
    endloop
  endfacet
  facet normal 0 0 1
    outer loop
      vertex 19.1673 1.11198 6.5
      vertex 19.35 -0.5 6.5
      vertex 19.35 1.1 6.5
    endloop
  endfacet
  facet normal 0 0 1
    outer loop
      vertex 18.9584 -0.474334 6.5
      vertex 19.1673 1.11198 6.5
      vertex 18.9877 1.1477 6.5
    endloop
  endfacet
  facet normal 0 0 1
    outer loop
      vertex 19.1673 1.11198 6.5
      vertex 18.9584 -0.474334 6.5
      vertex 19.35 -0.5 6.5
    endloop
  endfacet
  facet normal 0 0 1
    outer loop
      vertex 18.5735 -0.397777 6.5
      vertex 18.9877 1.1477 6.5
      vertex 18.8142 1.20657 6.5
    endloop
  endfacet
  facet normal 0 0 1
    outer loop
      vertex 18.202 -0.271638 6.5
      vertex 18.8142 1.20657 6.5
      vertex 18.65 1.28757 6.5
    endloop
  endfacet
  facet normal 0 0 1
    outer loop
      vertex 18.9877 1.1477 6.5
      vertex 18.5735 -0.397777 6.5
      vertex 18.9584 -0.474334 6.5
    endloop
  endfacet
  facet normal 0 0 1
    outer loop
      vertex 17.85 -0.0980759 6.5
      vertex 18.65 1.28757 6.5
      vertex 18.4977 1.38931 6.5
    endloop
  endfacet
  facet normal 0 0 1
    outer loop
      vertex 17.5237 0.119941 6.5
      vertex 18.4977 1.38931 6.5
      vertex 18.3601 1.51005 6.5
    endloop
  endfacet
  facet normal 0 0 1
    outer loop
      vertex 17.2287 0.37868 6.5
      vertex 18.3601 1.51005 6.5
      vertex 18.2393 1.64773 6.5
    endloop
  endfacet
  facet normal 0 0 1
    outer loop
      vertex 18.8142 1.20657 6.5
      vertex 18.202 -0.271638 6.5
      vertex 18.5735 -0.397777 6.5
    endloop
  endfacet
  facet normal 0 0 1
    outer loop
      vertex 16.9699 0.673717 6.5
      vertex 18.2393 1.64773 6.5
      vertex 18.1376 1.8 6.5
    endloop
  endfacet
  facet normal 0 0 1
    outer loop
      vertex 16.7519 1 6.5
      vertex 18.1376 1.8 6.5
      vertex 18.0566 1.96424 6.5
    endloop
  endfacet
  facet normal 0 0 1
    outer loop
      vertex 16.5784 1.35195 6.5
      vertex 18.0566 1.96424 6.5
      vertex 17.9977 2.13765 6.5
    endloop
  endfacet
  facet normal 0 0 1
    outer loop
      vertex 16.4522 1.72354 6.5
      vertex 17.9977 2.13765 6.5
      vertex 17.962 2.31726 6.5
    endloop
  endfacet
  facet normal 0 0 1
    outer loop
      vertex 18.65 1.28757 6.5
      vertex 17.85 -0.0980759 6.5
      vertex 18.202 -0.271638 6.5
    endloop
  endfacet
  facet normal 0 0 1
    outer loop
      vertex 16.3757 2.10842 6.5
      vertex 17.962 2.31726 6.5
      vertex 17.95 2.5 6.5
    endloop
  endfacet
  facet normal 0 0 1
    outer loop
      vertex 18.1376 3.2 6.5
      vertex 16.7519 4 6.5
      vertex 18.0566 3.03576 6.5
    endloop
  endfacet
  facet normal -0 0 1
    outer loop
      vertex 16.5784 3.64805 6.5
      vertex 18.0566 3.03576 6.5
      vertex 16.7519 4 6.5
    endloop
  endfacet
  facet normal 0 0 1
    outer loop
      vertex 18.4977 1.38931 6.5
      vertex 17.5237 0.119941 6.5
      vertex 17.85 -0.0980759 6.5
    endloop
  endfacet
  facet normal 0 0 1
    outer loop
      vertex 18.0566 3.03576 6.5
      vertex 16.5784 3.64805 6.5
      vertex 17.9977 2.86235 6.5
    endloop
  endfacet
  facet normal 0 0 1
    outer loop
      vertex 18.3601 1.51005 6.5
      vertex 17.2287 0.37868 6.5
      vertex 17.5237 0.119941 6.5
    endloop
  endfacet
  facet normal -0 0 1
    outer loop
      vertex 16.4522 3.27646 6.5
      vertex 17.9977 2.86235 6.5
      vertex 16.5784 3.64805 6.5
    endloop
  endfacet
  facet normal 0 0 1
    outer loop
      vertex 18.2393 1.64773 6.5
      vertex 16.9699 0.673717 6.5
      vertex 17.2287 0.37868 6.5
    endloop
  endfacet
  facet normal 0 0 1
    outer loop
      vertex 17.9977 2.86235 6.5
      vertex 16.4522 3.27646 6.5
      vertex 17.962 2.68274 6.5
    endloop
  endfacet
  facet normal 0 0 1
    outer loop
      vertex 18.1376 1.8 6.5
      vertex 16.7519 1 6.5
      vertex 16.9699 0.673717 6.5
    endloop
  endfacet
  facet normal -0 0 1
    outer loop
      vertex 16.3757 2.89158 6.5
      vertex 17.962 2.68274 6.5
      vertex 16.4522 3.27646 6.5
    endloop
  endfacet
  facet normal 0 0 1
    outer loop
      vertex 18.0566 1.96424 6.5
      vertex 16.5784 1.35195 6.5
      vertex 16.7519 1 6.5
    endloop
  endfacet
  facet normal 0 0 1
    outer loop
      vertex 17.962 2.68274 6.5
      vertex 16.3757 2.89158 6.5
      vertex 17.95 2.5 6.5
    endloop
  endfacet
  facet normal 0 0 1
    outer loop
      vertex 17.9977 2.13765 6.5
      vertex 16.4522 1.72354 6.5
      vertex 16.5784 1.35195 6.5
    endloop
  endfacet
  facet normal 0 0 1
    outer loop
      vertex 16.35 2.5 6.5
      vertex 17.95 2.5 6.5
      vertex 16.3757 2.89158 6.5
    endloop
  endfacet
  facet normal 0 0 1
    outer loop
      vertex 17.962 2.31726 6.5
      vertex 16.3757 2.10842 6.5
      vertex 16.4522 1.72354 6.5
    endloop
  endfacet
  facet normal 0 0 1
    outer loop
      vertex 17.95 2.5 6.5
      vertex 16.35 2.5 6.5
      vertex 16.3757 2.10842 6.5
    endloop
  endfacet
  facet normal 0.831485 0.555547 -3.3408e-20
    outer loop
      vertex 21.9481 4 6.5
      vertex 21.7301 4.32628 2.5
      vertex 21.7301 4.32628 6.5
    endloop
  endfacet
  facet normal 0.831485 0.555547 -3.3408e-20
    outer loop
      vertex 21.7301 4.32628 2.5
      vertex 21.9481 4 6.5
      vertex 21.9481 4 2.5
    endloop
  endfacet
  facet normal 0.555558 0.831477 -0
    outer loop
      vertex 21.1763 4.88006 2.5
      vertex 20.85 5.09808 6.5
      vertex 21.1763 4.88006 6.5
    endloop
  endfacet
  facet normal 0.555558 0.831477 0
    outer loop
      vertex 20.85 5.09808 6.5
      vertex 21.1763 4.88006 2.5
      vertex 20.85 5.09808 2.5
    endloop
  endfacet
  facet normal 0.896936 -0.44216 -1.99601e-18
    outer loop
      vertex 21.9481 1 6.5
      vertex 22.1216 1.35195 2.5
      vertex 22.1216 1.35195 6.5
    endloop
  endfacet
  facet normal 0.896936 -0.44216 -1.99601e-18
    outer loop
      vertex 22.1216 1.35195 2.5
      vertex 21.9481 1 6.5
      vertex 21.9481 1 2.5
    endloop
  endfacet
  facet normal 0.997853 -0.0654906 -3.97648e-19
    outer loop
      vertex 22.3243 2.10842 6.5
      vertex 22.35 2.5 2.5
      vertex 22.35 2.5 6.5
    endloop
  endfacet
  facet normal 0.997853 -0.0654906 -3.97648e-19
    outer loop
      vertex 22.35 2.5 2.5
      vertex 22.3243 2.10842 6.5
      vertex 22.3243 2.10842 2.5
    endloop
  endfacet
  facet normal 0.321514 0.946905 -0
    outer loop
      vertex 20.498 5.27164 2.5
      vertex 20.1265 5.39778 6.5
      vertex 20.498 5.27164 6.5
    endloop
  endfacet
  facet normal 0.321514 0.946905 0
    outer loop
      vertex 20.1265 5.39778 6.5
      vertex 20.498 5.27164 2.5
      vertex 20.1265 5.39778 2.5
    endloop
  endfacet
  facet normal -0.896936 0.44216 -1.99601e-18
    outer loop
      vertex 16.5784 3.64805 2.5
      vertex 16.7519 4 6.5
      vertex 16.7519 4 2.5
    endloop
  endfacet
  facet normal -0.896936 0.44216 -1.99601e-18
    outer loop
      vertex 16.7519 4 6.5
      vertex 16.5784 3.64805 2.5
      vertex 16.5784 3.64805 6.5
    endloop
  endfacet
  facet normal -0.659392 0.751799 0
    outer loop
      vertex 17.5237 4.88006 2.5
      vertex 17.2287 4.62132 6.5
      vertex 17.5237 4.88006 6.5
    endloop
  endfacet
  facet normal -0.659392 0.751799 0
    outer loop
      vertex 17.2287 4.62132 6.5
      vertex 17.5237 4.88006 2.5
      vertex 17.2287 4.62132 2.5
    endloop
  endfacet
  facet normal 0.321512 -0.946905 0
    outer loop
      vertex 20.1265 -0.397777 2.5
      vertex 20.498 -0.271638 6.5
      vertex 20.1265 -0.397777 6.5
    endloop
  endfacet
  facet normal 0.321512 -0.946905 0
    outer loop
      vertex 20.498 -0.271638 6.5
      vertex 20.1265 -0.397777 2.5
      vertex 20.498 -0.271638 2.5
    endloop
  endfacet
  facet normal -0.997853 -0.0654906 3.48845e-19
    outer loop
      vertex 16.3757 2.10842 2.5
      vertex 16.35 2.5 6.5
      vertex 16.35 2.5 2.5
    endloop
  endfacet
  facet normal -0.997853 -0.0654906 3.48845e-19
    outer loop
      vertex 16.35 2.5 6.5
      vertex 16.3757 2.10842 2.5
      vertex 16.3757 2.10842 6.5
    endloop
  endfacet
  facet normal -0.65939 -0.751801 0
    outer loop
      vertex 17.2287 0.37868 2.5
      vertex 17.5237 0.119941 6.5
      vertex 17.2287 0.37868 6.5
    endloop
  endfacet
  facet normal -0.65939 -0.751801 -0
    outer loop
      vertex 17.5237 0.119941 6.5
      vertex 17.2287 0.37868 2.5
      vertex 17.5237 0.119941 2.5
    endloop
  endfacet
  facet normal -0.321514 0.946905 0
    outer loop
      vertex 18.5735 5.39778 2.5
      vertex 18.202 5.27164 6.5
      vertex 18.5735 5.39778 6.5
    endloop
  endfacet
  facet normal -0.321514 0.946905 0
    outer loop
      vertex 18.202 5.27164 6.5
      vertex 18.5735 5.39778 2.5
      vertex 18.202 5.27164 2.5
    endloop
  endfacet
  facet normal -0.831488 -0.555543 3.07882e-18
    outer loop
      vertex 16.9699 0.673717 2.5
      vertex 16.7519 1 6.5
      vertex 16.7519 1 2.5
    endloop
  endfacet
  facet normal -0.831488 -0.555543 3.07882e-18
    outer loop
      vertex 16.7519 1 6.5
      vertex 16.9699 0.673717 2.5
      vertex 16.9699 0.673717 6.5
    endloop
  endfacet
  facet normal -0.555558 0.831477 0
    outer loop
      vertex 17.85 5.09808 2.5
      vertex 17.5237 4.88006 6.5
      vertex 17.85 5.09808 6.5
    endloop
  endfacet
  facet normal -0.555558 0.831477 0
    outer loop
      vertex 17.5237 4.88006 6.5
      vertex 17.85 5.09808 2.5
      vertex 17.5237 4.88006 2.5
    endloop
  endfacet
  facet normal -0.997853 0.0654906 -3.48845e-19
    outer loop
      vertex 16.35 2.5 2.5
      vertex 16.3757 2.89158 6.5
      vertex 16.3757 2.89158 2.5
    endloop
  endfacet
  facet normal -0.997853 0.0654906 -3.48845e-19
    outer loop
      vertex 16.3757 2.89158 6.5
      vertex 16.35 2.5 2.5
      vertex 16.35 2.5 6.5
    endloop
  endfacet
  facet normal 0.195062 0.980791 -0
    outer loop
      vertex 20.1265 5.39778 2.5
      vertex 19.7416 5.47433 6.5
      vertex 20.1265 5.39778 6.5
    endloop
  endfacet
  facet normal 0.195062 0.980791 0
    outer loop
      vertex 19.7416 5.47433 6.5
      vertex 20.1265 5.39778 2.5
      vertex 19.7416 5.47433 2.5
    endloop
  endfacet
  facet normal -0.442233 0.8969 0
    outer loop
      vertex 18.202 5.27164 2.5
      vertex 17.85 5.09808 6.5
      vertex 18.202 5.27164 6.5
    endloop
  endfacet
  facet normal -0.442233 0.8969 0
    outer loop
      vertex 17.85 5.09808 6.5
      vertex 18.202 5.27164 2.5
      vertex 17.85 5.09808 2.5
    endloop
  endfacet
  facet normal 0.065401 -0.997859 0
    outer loop
      vertex 19.35 -0.5 2.5
      vertex 19.7416 -0.474334 6.5
      vertex 19.35 -0.5 6.5
    endloop
  endfacet
  facet normal 0.065401 -0.997859 0
    outer loop
      vertex 19.7416 -0.474334 6.5
      vertex 19.35 -0.5 2.5
      vertex 19.7416 -0.474334 2.5
    endloop
  endfacet
  facet normal 0.65939 -0.751801 0
    outer loop
      vertex 21.1763 0.119941 2.5
      vertex 21.4713 0.37868 6.5
      vertex 21.1763 0.119941 6.5
    endloop
  endfacet
  facet normal 0.65939 -0.751801 0
    outer loop
      vertex 21.4713 0.37868 6.5
      vertex 21.1763 0.119941 2.5
      vertex 21.4713 0.37868 2.5
    endloop
  endfacet
  facet normal -0.946882 -0.321582 5.66332e-20
    outer loop
      vertex 16.5784 1.35195 2.5
      vertex 16.4522 1.72354 6.5
      vertex 16.4522 1.72354 2.5
    endloop
  endfacet
  facet normal -0.946882 -0.321582 5.66332e-20
    outer loop
      vertex 16.4522 1.72354 6.5
      vertex 16.5784 1.35195 2.5
      vertex 16.5784 1.35195 6.5
    endloop
  endfacet
  facet normal 0.946882 -0.321582 1.0665e-18
    outer loop
      vertex 22.1216 1.35195 6.5
      vertex 22.2478 1.72354 2.5
      vertex 22.2478 1.72354 6.5
    endloop
  endfacet
  facet normal 0.946882 -0.321582 1.0665e-18
    outer loop
      vertex 22.2478 1.72354 2.5
      vertex 22.1216 1.35195 6.5
      vertex 22.1216 1.35195 2.5
    endloop
  endfacet
  facet normal 0.442233 0.8969 -0
    outer loop
      vertex 20.85 5.09808 2.5
      vertex 20.498 5.27164 6.5
      vertex 20.85 5.09808 6.5
    endloop
  endfacet
  facet normal 0.442233 0.8969 0
    outer loop
      vertex 20.498 5.27164 6.5
      vertex 20.85 5.09808 2.5
      vertex 20.498 5.27164 2.5
    endloop
  endfacet
  facet normal -0.195062 0.980791 0
    outer loop
      vertex 18.9584 5.47433 2.5
      vertex 18.5735 5.39778 6.5
      vertex 18.9584 5.47433 6.5
    endloop
  endfacet
  facet normal -0.195062 0.980791 0
    outer loop
      vertex 18.5735 5.39778 6.5
      vertex 18.9584 5.47433 2.5
      vertex 18.5735 5.39778 2.5
    endloop
  endfacet
  facet normal 0.751768 0.659428 3.94212e-18
    outer loop
      vertex 21.7301 4.32628 6.5
      vertex 21.4713 4.62132 2.5
      vertex 21.4713 4.62132 6.5
    endloop
  endfacet
  facet normal 0.751768 0.659428 3.94212e-18
    outer loop
      vertex 21.4713 4.62132 2.5
      vertex 21.7301 4.32628 6.5
      vertex 21.7301 4.32628 2.5
    endloop
  endfacet
  facet normal 0.751765 -0.659432 -1.52498e-18
    outer loop
      vertex 21.4713 0.37868 6.5
      vertex 21.7301 0.673717 2.5
      vertex 21.7301 0.673717 6.5
    endloop
  endfacet
  facet normal 0.751765 -0.659432 -1.52498e-18
    outer loop
      vertex 21.7301 0.673717 2.5
      vertex 21.4713 0.37868 6.5
      vertex 21.4713 0.37868 2.5
    endloop
  endfacet
  facet normal -0.442237 -0.896898 0
    outer loop
      vertex 17.85 -0.0980759 2.5
      vertex 18.202 -0.271638 6.5
      vertex 17.85 -0.0980759 6.5
    endloop
  endfacet
  facet normal -0.442237 -0.896898 -0
    outer loop
      vertex 18.202 -0.271638 6.5
      vertex 17.85 -0.0980759 2.5
      vertex 18.202 -0.271638 2.5
    endloop
  endfacet
  facet normal -0.946882 0.321582 -2.26377e-19
    outer loop
      vertex 16.4522 3.27646 2.5
      vertex 16.5784 3.64805 6.5
      vertex 16.5784 3.64805 2.5
    endloop
  endfacet
  facet normal -0.946882 0.321582 -2.26377e-19
    outer loop
      vertex 16.5784 3.64805 6.5
      vertex 16.4522 3.27646 2.5
      vertex 16.4522 3.27646 6.5
    endloop
  endfacet
  facet normal 0.19508 -0.980787 0
    outer loop
      vertex 19.7416 -0.474334 2.5
      vertex 20.1265 -0.397777 6.5
      vertex 19.7416 -0.474334 6.5
    endloop
  endfacet
  facet normal 0.19508 -0.980787 0
    outer loop
      vertex 20.1265 -0.397777 6.5
      vertex 19.7416 -0.474334 2.5
      vertex 20.1265 -0.397777 2.5
    endloop
  endfacet
  facet normal 0.442237 -0.896898 0
    outer loop
      vertex 20.498 -0.271638 2.5
      vertex 20.85 -0.0980759 6.5
      vertex 20.498 -0.271638 6.5
    endloop
  endfacet
  facet normal 0.442237 -0.896898 0
    outer loop
      vertex 20.85 -0.0980759 6.5
      vertex 20.498 -0.271638 2.5
      vertex 20.85 -0.0980759 2.5
    endloop
  endfacet
  facet normal -0.751768 0.659428 -3.94212e-18
    outer loop
      vertex 16.9699 4.32628 2.5
      vertex 17.2287 4.62132 6.5
      vertex 17.2287 4.62132 2.5
    endloop
  endfacet
  facet normal -0.751768 0.659428 -3.94212e-18
    outer loop
      vertex 17.2287 4.62132 6.5
      vertex 16.9699 4.32628 2.5
      vertex 16.9699 4.32628 6.5
    endloop
  endfacet
  facet normal 0.659392 0.751799 -0
    outer loop
      vertex 21.4713 4.62132 2.5
      vertex 21.1763 4.88006 6.5
      vertex 21.4713 4.62132 6.5
    endloop
  endfacet
  facet normal 0.659392 0.751799 0
    outer loop
      vertex 21.1763 4.88006 6.5
      vertex 21.4713 4.62132 2.5
      vertex 21.1763 4.88006 2.5
    endloop
  endfacet
  facet normal -0.896936 -0.44216 1.99601e-18
    outer loop
      vertex 16.7519 1 2.5
      vertex 16.5784 1.35195 6.5
      vertex 16.5784 1.35195 2.5
    endloop
  endfacet
  facet normal -0.896936 -0.44216 1.99601e-18
    outer loop
      vertex 16.5784 1.35195 6.5
      vertex 16.7519 1 2.5
      vertex 16.7519 1 6.5
    endloop
  endfacet
  facet normal 0.831488 -0.555543 -3.07882e-18
    outer loop
      vertex 21.7301 0.673717 6.5
      vertex 21.9481 1 2.5
      vertex 21.9481 1 6.5
    endloop
  endfacet
  facet normal 0.831488 -0.555543 -3.07882e-18
    outer loop
      vertex 21.9481 1 2.5
      vertex 21.7301 0.673717 6.5
      vertex 21.7301 0.673717 2.5
    endloop
  endfacet
  facet normal 0.896936 0.44216 1.99601e-18
    outer loop
      vertex 22.1216 3.64805 6.5
      vertex 21.9481 4 2.5
      vertex 21.9481 4 6.5
    endloop
  endfacet
  facet normal 0.896936 0.44216 1.99601e-18
    outer loop
      vertex 21.9481 4 2.5
      vertex 22.1216 3.64805 6.5
      vertex 22.1216 3.64805 2.5
    endloop
  endfacet
  facet normal -0.065401 -0.997859 0
    outer loop
      vertex 18.9584 -0.474334 2.5
      vertex 19.35 -0.5 6.5
      vertex 18.9584 -0.474334 6.5
    endloop
  endfacet
  facet normal -0.065401 -0.997859 -0
    outer loop
      vertex 19.35 -0.5 6.5
      vertex 18.9584 -0.474334 2.5
      vertex 19.35 -0.5 2.5
    endloop
  endfacet
  facet normal -0.555553 -0.831481 0
    outer loop
      vertex 17.5237 0.119941 2.5
      vertex 17.85 -0.0980759 6.5
      vertex 17.5237 0.119941 6.5
    endloop
  endfacet
  facet normal -0.555553 -0.831481 -0
    outer loop
      vertex 17.85 -0.0980759 6.5
      vertex 17.5237 0.119941 2.5
      vertex 17.85 -0.0980759 2.5
    endloop
  endfacet
  facet normal 0.555553 -0.831481 0
    outer loop
      vertex 20.85 -0.0980759 2.5
      vertex 21.1763 0.119941 6.5
      vertex 20.85 -0.0980759 6.5
    endloop
  endfacet
  facet normal 0.555553 -0.831481 0
    outer loop
      vertex 21.1763 0.119941 6.5
      vertex 20.85 -0.0980759 2.5
      vertex 21.1763 0.119941 2.5
    endloop
  endfacet
  facet normal 0.946882 0.321582 -8.9676e-19
    outer loop
      vertex 22.2478 3.27646 6.5
      vertex 22.1216 3.64805 2.5
      vertex 22.1216 3.64805 6.5
    endloop
  endfacet
  facet normal 0.946882 0.321582 -8.9676e-19
    outer loop
      vertex 22.1216 3.64805 2.5
      vertex 22.2478 3.27646 6.5
      vertex 22.2478 3.27646 2.5
    endloop
  endfacet
  facet normal -0.980813 0.19495 8.12459e-19
    outer loop
      vertex 16.3757 2.89158 2.5
      vertex 16.4522 3.27646 6.5
      vertex 16.4522 3.27646 2.5
    endloop
  endfacet
  facet normal -0.980813 0.19495 8.12459e-19
    outer loop
      vertex 16.4522 3.27646 6.5
      vertex 16.3757 2.89158 2.5
      vertex 16.3757 2.89158 6.5
    endloop
  endfacet
  facet normal -0.0654112 0.997858 0
    outer loop
      vertex 19.35 5.5 2.5
      vertex 18.9584 5.47433 6.5
      vertex 19.35 5.5 6.5
    endloop
  endfacet
  facet normal -0.0654112 0.997858 0
    outer loop
      vertex 18.9584 5.47433 6.5
      vertex 19.35 5.5 2.5
      vertex 18.9584 5.47433 2.5
    endloop
  endfacet
  facet normal -0.321512 -0.946905 0
    outer loop
      vertex 18.202 -0.271638 2.5
      vertex 18.5735 -0.397777 6.5
      vertex 18.202 -0.271638 6.5
    endloop
  endfacet
  facet normal -0.321512 -0.946905 -0
    outer loop
      vertex 18.5735 -0.397777 6.5
      vertex 18.202 -0.271638 2.5
      vertex 18.5735 -0.397777 2.5
    endloop
  endfacet
  facet normal -0.980813 -0.19495 -1.04234e-18
    outer loop
      vertex 16.4522 1.72354 2.5
      vertex 16.3757 2.10842 6.5
      vertex 16.3757 2.10842 2.5
    endloop
  endfacet
  facet normal -0.980813 -0.19495 -1.04234e-18
    outer loop
      vertex 16.3757 2.10842 6.5
      vertex 16.4522 1.72354 2.5
      vertex 16.4522 1.72354 6.5
    endloop
  endfacet
  facet normal 0.0654112 0.997858 -0
    outer loop
      vertex 19.7416 5.47433 2.5
      vertex 19.35 5.5 6.5
      vertex 19.7416 5.47433 6.5
    endloop
  endfacet
  facet normal 0.0654112 0.997858 0
    outer loop
      vertex 19.35 5.5 6.5
      vertex 19.7416 5.47433 2.5
      vertex 19.35 5.5 2.5
    endloop
  endfacet
  facet normal -0.19508 -0.980787 0
    outer loop
      vertex 18.5735 -0.397777 2.5
      vertex 18.9584 -0.474334 6.5
      vertex 18.5735 -0.397777 6.5
    endloop
  endfacet
  facet normal -0.19508 -0.980787 -0
    outer loop
      vertex 18.9584 -0.474334 6.5
      vertex 18.5735 -0.397777 2.5
      vertex 18.9584 -0.474334 2.5
    endloop
  endfacet
  facet normal -0.831485 0.555547 3.3408e-20
    outer loop
      vertex 16.7519 4 2.5
      vertex 16.9699 4.32628 6.5
      vertex 16.9699 4.32628 2.5
    endloop
  endfacet
  facet normal -0.831485 0.555547 3.3408e-20
    outer loop
      vertex 16.9699 4.32628 6.5
      vertex 16.7519 4 2.5
      vertex 16.7519 4 6.5
    endloop
  endfacet
  facet normal -0.980813 0.19495 2.71248e-19
    outer loop
      vertex 20.7023 2.13765 2.5
      vertex 20.738 2.31726 6.5
      vertex 20.738 2.31726 2.5
    endloop
  endfacet
  facet normal -0.980813 0.19495 2.71248e-19
    outer loop
      vertex 20.738 2.31726 6.5
      vertex 20.7023 2.13765 2.5
      vertex 20.7023 2.13765 6.5
    endloop
  endfacet
  facet normal -0.980813 -0.19495 -2.71248e-19
    outer loop
      vertex 20.738 2.68274 2.5
      vertex 20.7023 2.86235 6.5
      vertex 20.7023 2.86235 2.5
    endloop
  endfacet
  facet normal -0.980813 -0.19495 -2.71248e-19
    outer loop
      vertex 20.7023 2.86235 6.5
      vertex 20.738 2.68274 2.5
      vertex 20.738 2.68274 6.5
    endloop
  endfacet
  facet normal -0.997851 -0.0655259 -6.67679e-20
    outer loop
      vertex 20.75 2.5 2.5
      vertex 20.738 2.68274 6.5
      vertex 20.738 2.68274 2.5
    endloop
  endfacet
  facet normal -0.997851 -0.0655259 -6.67679e-20
    outer loop
      vertex 20.738 2.68274 6.5
      vertex 20.75 2.5 2.5
      vertex 20.75 2.5 6.5
    endloop
  endfacet
  facet normal -0.946872 -0.321612 -4.90549e-19
    outer loop
      vertex 20.7023 2.86235 2.5
      vertex 20.6434 3.03576 6.5
      vertex 20.6434 3.03576 2.5
    endloop
  endfacet
  facet normal -0.946872 -0.321612 -4.90549e-19
    outer loop
      vertex 20.6434 3.03576 6.5
      vertex 20.7023 2.86235 2.5
      vertex 20.7023 2.86235 6.5
    endloop
  endfacet
  facet normal -0.442401 0.896817 0
    outer loop
      vertex 20.05 1.28757 2.5
      vertex 19.8858 1.20657 6.5
      vertex 20.05 1.28757 6.5
    endloop
  endfacet
  facet normal -0.442401 0.896817 0
    outer loop
      vertex 19.8858 1.20657 6.5
      vertex 20.05 1.28757 2.5
      vertex 19.8858 1.20657 2.5
    endloop
  endfacet
  facet normal -0.195066 -0.98079 0
    outer loop
      vertex 19.5327 3.88802 2.5
      vertex 19.7123 3.8523 6.5
      vertex 19.5327 3.88802 6.5
    endloop
  endfacet
  facet normal -0.195066 -0.98079 -0
    outer loop
      vertex 19.7123 3.8523 6.5
      vertex 19.5327 3.88802 2.5
      vertex 19.7123 3.8523 2.5
    endloop
  endfacet
  facet normal -0.195066 0.98079 0
    outer loop
      vertex 19.7123 1.1477 2.5
      vertex 19.5327 1.11198 6.5
      vertex 19.7123 1.1477 6.5
    endloop
  endfacet
  facet normal -0.195066 0.98079 0
    outer loop
      vertex 19.5327 1.11198 6.5
      vertex 19.7123 1.1477 2.5
      vertex 19.5327 1.11198 2.5
    endloop
  endfacet
  facet normal -0.0654315 0.997857 0
    outer loop
      vertex 19.5327 1.11198 2.5
      vertex 19.35 1.1 6.5
      vertex 19.5327 1.11198 6.5
    endloop
  endfacet
  facet normal -0.0654315 0.997857 0
    outer loop
      vertex 19.35 1.1 6.5
      vertex 19.5327 1.11198 2.5
      vertex 19.35 1.1 2.5
    endloop
  endfacet
  facet normal 0.659556 -0.751656 0
    outer loop
      vertex 18.3601 3.48995 2.5
      vertex 18.4977 3.61069 6.5
      vertex 18.3601 3.48995 6.5
    endloop
  endfacet
  facet normal 0.659556 -0.751656 0
    outer loop
      vertex 18.4977 3.61069 6.5
      vertex 18.3601 3.48995 2.5
      vertex 18.4977 3.61069 2.5
    endloop
  endfacet
  facet normal 0.831579 -0.555406 -9.35566e-19
    outer loop
      vertex 18.1376 3.2 6.5
      vertex 18.2393 3.35227 2.5
      vertex 18.2393 3.35227 6.5
    endloop
  endfacet
  facet normal 0.831579 -0.555406 -9.35566e-19
    outer loop
      vertex 18.2393 3.35227 2.5
      vertex 18.1376 3.2 6.5
      vertex 18.1376 3.2 2.5
    endloop
  endfacet
  facet normal -0.321316 -0.946972 0
    outer loop
      vertex 19.7123 3.8523 2.5
      vertex 19.8858 3.79343 6.5
      vertex 19.7123 3.8523 6.5
    endloop
  endfacet
  facet normal -0.321316 -0.946972 -0
    outer loop
      vertex 19.8858 3.79343 6.5
      vertex 19.7123 3.8523 2.5
      vertex 19.8858 3.79343 2.5
    endloop
  endfacet
  facet normal -0.659556 0.751656 0
    outer loop
      vertex 20.3399 1.51005 2.5
      vertex 20.2023 1.38931 6.5
      vertex 20.3399 1.51005 6.5
    endloop
  endfacet
  facet normal -0.659556 0.751656 0
    outer loop
      vertex 20.2023 1.38931 6.5
      vertex 20.3399 1.51005 2.5
      vertex 20.2023 1.38931 2.5
    endloop
  endfacet
  facet normal 0.442401 -0.896817 0
    outer loop
      vertex 18.65 3.71243 2.5
      vertex 18.8142 3.79343 6.5
      vertex 18.65 3.71243 6.5
    endloop
  endfacet
  facet normal 0.442401 -0.896817 0
    outer loop
      vertex 18.8142 3.79343 6.5
      vertex 18.65 3.71243 2.5
      vertex 18.8142 3.79343 2.5
    endloop
  endfacet
  facet normal 0.0654315 0.997857 -0
    outer loop
      vertex 19.35 1.1 2.5
      vertex 19.1673 1.11198 6.5
      vertex 19.35 1.1 6.5
    endloop
  endfacet
  facet normal 0.0654315 0.997857 0
    outer loop
      vertex 19.1673 1.11198 6.5
      vertex 19.35 1.1 2.5
      vertex 19.1673 1.11198 2.5
    endloop
  endfacet
  facet normal -0.751683 0.659524 1.09408e-18
    outer loop
      vertex 20.3399 1.51005 2.5
      vertex 20.4607 1.64773 6.5
      vertex 20.4607 1.64773 2.5
    endloop
  endfacet
  facet normal -0.751683 0.659524 1.09408e-18
    outer loop
      vertex 20.4607 1.64773 6.5
      vertex 20.3399 1.51005 2.5
      vertex 20.3399 1.51005 6.5
    endloop
  endfacet
  facet normal 0.946872 0.321612 6.0064e-19
    outer loop
      vertex 18.0566 1.96424 6.5
      vertex 17.9977 2.13765 2.5
      vertex 17.9977 2.13765 6.5
    endloop
  endfacet
  facet normal 0.946872 0.321612 6.0064e-19
    outer loop
      vertex 17.9977 2.13765 2.5
      vertex 18.0566 1.96424 6.5
      vertex 18.0566 1.96424 2.5
    endloop
  endfacet
  facet normal -0.321316 0.946972 0
    outer loop
      vertex 19.8858 1.20657 2.5
      vertex 19.7123 1.1477 6.5
      vertex 19.8858 1.20657 6.5
    endloop
  endfacet
  facet normal -0.321316 0.946972 0
    outer loop
      vertex 19.7123 1.1477 6.5
      vertex 19.8858 1.20657 2.5
      vertex 19.7123 1.1477 2.5
    endloop
  endfacet
  facet normal 0.321316 -0.946972 0
    outer loop
      vertex 18.8142 3.79343 2.5
      vertex 18.9877 3.8523 6.5
      vertex 18.8142 3.79343 6.5
    endloop
  endfacet
  facet normal 0.321316 -0.946972 0
    outer loop
      vertex 18.9877 3.8523 6.5
      vertex 18.8142 3.79343 2.5
      vertex 18.9877 3.8523 2.5
    endloop
  endfacet
  facet normal -0.751683 -0.659524 -1.09408e-18
    outer loop
      vertex 20.4607 3.35227 2.5
      vertex 20.3399 3.48995 6.5
      vertex 20.3399 3.48995 2.5
    endloop
  endfacet
  facet normal -0.751683 -0.659524 -1.09408e-18
    outer loop
      vertex 20.3399 3.48995 6.5
      vertex 20.4607 3.35227 2.5
      vertex 20.4607 3.35227 6.5
    endloop
  endfacet
  facet normal 0.555481 -0.831529 0
    outer loop
      vertex 18.4977 3.61069 2.5
      vertex 18.65 3.71243 6.5
      vertex 18.4977 3.61069 6.5
    endloop
  endfacet
  facet normal 0.555481 -0.831529 0
    outer loop
      vertex 18.65 3.71243 6.5
      vertex 18.4977 3.61069 2.5
      vertex 18.65 3.71243 2.5
    endloop
  endfacet
  facet normal 0.946872 -0.321612 4.90549e-19
    outer loop
      vertex 17.9977 2.86235 6.5
      vertex 18.0566 3.03576 2.5
      vertex 18.0566 3.03576 6.5
    endloop
  endfacet
  facet normal 0.946872 -0.321612 4.90549e-19
    outer loop
      vertex 18.0566 3.03576 2.5
      vertex 17.9977 2.86235 6.5
      vertex 17.9977 2.86235 2.5
    endloop
  endfacet
  facet normal -0.89686 -0.442314 -1.01965e-18
    outer loop
      vertex 20.6434 3.03576 2.5
      vertex 20.5624 3.2 6.5
      vertex 20.5624 3.2 2.5
    endloop
  endfacet
  facet normal -0.89686 -0.442314 -1.01965e-18
    outer loop
      vertex 20.5624 3.2 6.5
      vertex 20.6434 3.03576 2.5
      vertex 20.6434 3.03576 6.5
    endloop
  endfacet
  facet normal 0.195066 -0.98079 0
    outer loop
      vertex 18.9877 3.8523 2.5
      vertex 19.1673 3.88802 6.5
      vertex 18.9877 3.8523 6.5
    endloop
  endfacet
  facet normal 0.195066 -0.98079 0
    outer loop
      vertex 19.1673 3.88802 6.5
      vertex 18.9877 3.8523 2.5
      vertex 19.1673 3.88802 2.5
    endloop
  endfacet
  facet normal -0.659556 -0.751656 0
    outer loop
      vertex 20.2023 3.61069 2.5
      vertex 20.3399 3.48995 6.5
      vertex 20.2023 3.61069 6.5
    endloop
  endfacet
  facet normal -0.659556 -0.751656 -0
    outer loop
      vertex 20.3399 3.48995 6.5
      vertex 20.2023 3.61069 2.5
      vertex 20.3399 3.48995 2.5
    endloop
  endfacet
  facet normal -0.997851 0.0655259 6.67679e-20
    outer loop
      vertex 20.738 2.31726 2.5
      vertex 20.75 2.5 6.5
      vertex 20.75 2.5 2.5
    endloop
  endfacet
  facet normal -0.997851 0.0655259 6.67679e-20
    outer loop
      vertex 20.75 2.5 6.5
      vertex 20.738 2.31726 2.5
      vertex 20.738 2.31726 6.5
    endloop
  endfacet
  facet normal -0.442401 -0.896817 0
    outer loop
      vertex 19.8858 3.79343 2.5
      vertex 20.05 3.71243 6.5
      vertex 19.8858 3.79343 6.5
    endloop
  endfacet
  facet normal -0.442401 -0.896817 -0
    outer loop
      vertex 20.05 3.71243 6.5
      vertex 19.8858 3.79343 2.5
      vertex 20.05 3.71243 2.5
    endloop
  endfacet
  facet normal 0.321316 0.946972 -0
    outer loop
      vertex 18.9877 1.1477 2.5
      vertex 18.8142 1.20657 6.5
      vertex 18.9877 1.1477 6.5
    endloop
  endfacet
  facet normal 0.321316 0.946972 0
    outer loop
      vertex 18.8142 1.20657 6.5
      vertex 18.9877 1.1477 2.5
      vertex 18.8142 1.20657 2.5
    endloop
  endfacet
  facet normal 0.980813 -0.19495 2.71248e-19
    outer loop
      vertex 17.962 2.68274 6.5
      vertex 17.9977 2.86235 2.5
      vertex 17.9977 2.86235 6.5
    endloop
  endfacet
  facet normal 0.980813 -0.19495 2.71248e-19
    outer loop
      vertex 17.9977 2.86235 2.5
      vertex 17.962 2.68274 6.5
      vertex 17.962 2.68274 2.5
    endloop
  endfacet
  facet normal 0.0654315 -0.997857 0
    outer loop
      vertex 19.1673 3.88802 2.5
      vertex 19.35 3.9 6.5
      vertex 19.1673 3.88802 6.5
    endloop
  endfacet
  facet normal 0.0654315 -0.997857 0
    outer loop
      vertex 19.35 3.9 6.5
      vertex 19.1673 3.88802 2.5
      vertex 19.35 3.9 2.5
    endloop
  endfacet
  facet normal 0.195066 0.98079 -0
    outer loop
      vertex 19.1673 1.11198 2.5
      vertex 18.9877 1.1477 6.5
      vertex 19.1673 1.11198 6.5
    endloop
  endfacet
  facet normal 0.195066 0.98079 0
    outer loop
      vertex 18.9877 1.1477 6.5
      vertex 19.1673 1.11198 2.5
      vertex 18.9877 1.1477 2.5
    endloop
  endfacet
  facet normal -0.946872 0.321612 -6.0064e-19
    outer loop
      vertex 20.6434 1.96424 2.5
      vertex 20.7023 2.13765 6.5
      vertex 20.7023 2.13765 2.5
    endloop
  endfacet
  facet normal -0.946872 0.321612 -6.0064e-19
    outer loop
      vertex 20.7023 2.13765 6.5
      vertex 20.6434 1.96424 2.5
      vertex 20.6434 1.96424 6.5
    endloop
  endfacet
  facet normal -0.831579 -0.555406 9.35566e-19
    outer loop
      vertex 20.5624 3.2 2.5
      vertex 20.4607 3.35227 6.5
      vertex 20.4607 3.35227 2.5
    endloop
  endfacet
  facet normal -0.831579 -0.555406 9.35566e-19
    outer loop
      vertex 20.4607 3.35227 6.5
      vertex 20.5624 3.2 2.5
      vertex 20.5624 3.2 6.5
    endloop
  endfacet
  facet normal 0.89686 0.442314 7.23336e-19
    outer loop
      vertex 18.1376 1.8 6.5
      vertex 18.0566 1.96424 2.5
      vertex 18.0566 1.96424 6.5
    endloop
  endfacet
  facet normal 0.89686 0.442314 7.23336e-19
    outer loop
      vertex 18.0566 1.96424 2.5
      vertex 18.1376 1.8 6.5
      vertex 18.1376 1.8 2.5
    endloop
  endfacet
  facet normal -0.89686 0.442314 -7.23336e-19
    outer loop
      vertex 20.5624 1.8 2.5
      vertex 20.6434 1.96424 6.5
      vertex 20.6434 1.96424 2.5
    endloop
  endfacet
  facet normal -0.89686 0.442314 -7.23336e-19
    outer loop
      vertex 20.6434 1.96424 6.5
      vertex 20.5624 1.8 2.5
      vertex 20.5624 1.8 6.5
    endloop
  endfacet
  facet normal 0.751683 0.659524 -1.09408e-18
    outer loop
      vertex 18.3601 1.51005 6.5
      vertex 18.2393 1.64773 2.5
      vertex 18.2393 1.64773 6.5
    endloop
  endfacet
  facet normal 0.751683 0.659524 -1.09408e-18
    outer loop
      vertex 18.2393 1.64773 2.5
      vertex 18.3601 1.51005 6.5
      vertex 18.3601 1.51005 2.5
    endloop
  endfacet
  facet normal -0.831579 0.555406 -8.52198e-19
    outer loop
      vertex 20.4607 1.64773 2.5
      vertex 20.5624 1.8 6.5
      vertex 20.5624 1.8 2.5
    endloop
  endfacet
  facet normal -0.831579 0.555406 -8.52198e-19
    outer loop
      vertex 20.5624 1.8 6.5
      vertex 20.4607 1.64773 2.5
      vertex 20.4607 1.64773 6.5
    endloop
  endfacet
  facet normal 0.751683 -0.659524 1.09408e-18
    outer loop
      vertex 18.2393 3.35227 6.5
      vertex 18.3601 3.48995 2.5
      vertex 18.3601 3.48995 6.5
    endloop
  endfacet
  facet normal 0.751683 -0.659524 1.09408e-18
    outer loop
      vertex 18.3601 3.48995 2.5
      vertex 18.2393 3.35227 6.5
      vertex 18.2393 3.35227 2.5
    endloop
  endfacet
  facet normal -0.0654315 -0.997857 0
    outer loop
      vertex 19.35 3.9 2.5
      vertex 19.5327 3.88802 6.5
      vertex 19.35 3.9 6.5
    endloop
  endfacet
  facet normal -0.0654315 -0.997857 -0
    outer loop
      vertex 19.5327 3.88802 6.5
      vertex 19.35 3.9 2.5
      vertex 19.5327 3.88802 2.5
    endloop
  endfacet
  facet normal -0.555481 -0.831529 0
    outer loop
      vertex 20.05 3.71243 2.5
      vertex 20.2023 3.61069 6.5
      vertex 20.05 3.71243 6.5
    endloop
  endfacet
  facet normal -0.555481 -0.831529 -0
    outer loop
      vertex 20.2023 3.61069 6.5
      vertex 20.05 3.71243 2.5
      vertex 20.2023 3.61069 2.5
    endloop
  endfacet
  facet normal 0.442401 0.896817 -0
    outer loop
      vertex 18.8142 1.20657 2.5
      vertex 18.65 1.28757 6.5
      vertex 18.8142 1.20657 6.5
    endloop
  endfacet
  facet normal 0.442401 0.896817 0
    outer loop
      vertex 18.65 1.28757 6.5
      vertex 18.8142 1.20657 2.5
      vertex 18.65 1.28757 2.5
    endloop
  endfacet
  facet normal 0.831579 0.555406 8.52198e-19
    outer loop
      vertex 18.2393 1.64773 6.5
      vertex 18.1376 1.8 2.5
      vertex 18.1376 1.8 6.5
    endloop
  endfacet
  facet normal 0.831579 0.555406 8.52198e-19
    outer loop
      vertex 18.1376 1.8 2.5
      vertex 18.2393 1.64773 6.5
      vertex 18.2393 1.64773 2.5
    endloop
  endfacet
  facet normal 0.980813 0.19495 -2.71248e-19
    outer loop
      vertex 17.9977 2.13765 6.5
      vertex 17.962 2.31726 2.5
      vertex 17.962 2.31726 6.5
    endloop
  endfacet
  facet normal 0.980813 0.19495 -2.71248e-19
    outer loop
      vertex 17.962 2.31726 2.5
      vertex 17.9977 2.13765 6.5
      vertex 17.9977 2.13765 2.5
    endloop
  endfacet
  facet normal 0.659556 0.751656 -0
    outer loop
      vertex 18.4977 1.38931 2.5
      vertex 18.3601 1.51005 6.5
      vertex 18.4977 1.38931 6.5
    endloop
  endfacet
  facet normal 0.659556 0.751656 0
    outer loop
      vertex 18.3601 1.51005 6.5
      vertex 18.4977 1.38931 2.5
      vertex 18.3601 1.51005 2.5
    endloop
  endfacet
  facet normal 0.89686 -0.442314 1.01965e-18
    outer loop
      vertex 18.0566 3.03576 6.5
      vertex 18.1376 3.2 2.5
      vertex 18.1376 3.2 6.5
    endloop
  endfacet
  facet normal 0.89686 -0.442314 1.01965e-18
    outer loop
      vertex 18.1376 3.2 2.5
      vertex 18.0566 3.03576 6.5
      vertex 18.0566 3.03576 2.5
    endloop
  endfacet
  facet normal 0.997851 0.0655259 -6.67679e-20
    outer loop
      vertex 17.962 2.31726 6.5
      vertex 17.95 2.5 2.5
      vertex 17.95 2.5 6.5
    endloop
  endfacet
  facet normal 0.997851 0.0655259 -6.67679e-20
    outer loop
      vertex 17.95 2.5 2.5
      vertex 17.962 2.31726 6.5
      vertex 17.962 2.31726 2.5
    endloop
  endfacet
  facet normal -0.555481 0.831529 0
    outer loop
      vertex 20.2023 1.38931 2.5
      vertex 20.05 1.28757 6.5
      vertex 20.2023 1.38931 6.5
    endloop
  endfacet
  facet normal -0.555481 0.831529 0
    outer loop
      vertex 20.05 1.28757 6.5
      vertex 20.2023 1.38931 2.5
      vertex 20.05 1.28757 2.5
    endloop
  endfacet
  facet normal 0.997851 -0.0655259 6.67679e-20
    outer loop
      vertex 17.95 2.5 6.5
      vertex 17.962 2.68274 2.5
      vertex 17.962 2.68274 6.5
    endloop
  endfacet
  facet normal 0.997851 -0.0655259 6.67679e-20
    outer loop
      vertex 17.962 2.68274 2.5
      vertex 17.95 2.5 6.5
      vertex 17.95 2.5 2.5
    endloop
  endfacet
  facet normal 0.555481 0.831529 -0
    outer loop
      vertex 18.65 1.28757 2.5
      vertex 18.4977 1.38931 6.5
      vertex 18.65 1.28757 6.5
    endloop
  endfacet
  facet normal 0.555481 0.831529 0
    outer loop
      vertex 18.4977 1.38931 6.5
      vertex 18.65 1.28757 2.5
      vertex 18.4977 1.38931 2.5
    endloop
  endfacet
  facet normal 0.980813 0.19495 -8.12459e-19
    outer loop
      vertex 57.3243 2.89158 6.5
      vertex 57.2478 3.27646 2.5
      vertex 57.2478 3.27646 6.5
    endloop
  endfacet
  facet normal 0.980813 0.19495 -8.12459e-19
    outer loop
      vertex 57.2478 3.27646 2.5
      vertex 57.3243 2.89158 6.5
      vertex 57.3243 2.89158 2.5
    endloop
  endfacet
  facet normal 0.997853 0.0654906 3.97648e-19
    outer loop
      vertex 57.35 2.5 6.5
      vertex 57.3243 2.89158 2.5
      vertex 57.3243 2.89158 6.5
    endloop
  endfacet
  facet normal 0.997853 0.0654906 3.97648e-19
    outer loop
      vertex 57.3243 2.89158 2.5
      vertex 57.35 2.5 6.5
      vertex 57.35 2.5 2.5
    endloop
  endfacet
  facet normal 0.980813 -0.19495 1.04234e-18
    outer loop
      vertex 57.2478 1.72354 6.5
      vertex 57.3243 2.10842 2.5
      vertex 57.3243 2.10842 6.5
    endloop
  endfacet
  facet normal 0.980813 -0.19495 1.04234e-18
    outer loop
      vertex 57.3243 2.10842 2.5
      vertex 57.2478 1.72354 6.5
      vertex 57.2478 1.72354 2.5
    endloop
  endfacet
  facet normal -0.751765 -0.659432 1.52498e-18
    outer loop
      vertex 52.2287 0.37868 2.5
      vertex 51.9699 0.673717 6.5
      vertex 51.9699 0.673717 2.5
    endloop
  endfacet
  facet normal -0.751765 -0.659432 1.52498e-18
    outer loop
      vertex 51.9699 0.673717 6.5
      vertex 52.2287 0.37868 2.5
      vertex 52.2287 0.37868 6.5
    endloop
  endfacet
  facet normal 0 0 1
    outer loop
      vertex 55.75 2.5 6.5
      vertex 57.35 2.5 6.5
      vertex 57.3243 2.89158 6.5
    endloop
  endfacet
  facet normal 0 0 1
    outer loop
      vertex 55.738 2.68274 6.5
      vertex 57.3243 2.89158 6.5
      vertex 57.2478 3.27646 6.5
    endloop
  endfacet
  facet normal 0 0 1
    outer loop
      vertex 57.35 2.5 6.5
      vertex 55.75 2.5 6.5
      vertex 57.3243 2.10842 6.5
    endloop
  endfacet
  facet normal 0 0 1
    outer loop
      vertex 55.7023 2.86235 6.5
      vertex 57.2478 3.27646 6.5
      vertex 57.1216 3.64805 6.5
    endloop
  endfacet
  facet normal -0 0 1
    outer loop
      vertex 55.738 2.31726 6.5
      vertex 57.3243 2.10842 6.5
      vertex 55.75 2.5 6.5
    endloop
  endfacet
  facet normal 0 0 1
    outer loop
      vertex 55.6434 3.03576 6.5
      vertex 57.1216 3.64805 6.5
      vertex 56.9481 4 6.5
    endloop
  endfacet
  facet normal 0 0 1
    outer loop
      vertex 57.3243 2.10842 6.5
      vertex 55.738 2.31726 6.5
      vertex 57.2478 1.72354 6.5
    endloop
  endfacet
  facet normal 0 0 1
    outer loop
      vertex 55.5624 3.2 6.5
      vertex 56.9481 4 6.5
      vertex 56.7301 4.32628 6.5
    endloop
  endfacet
  facet normal -0 0 1
    outer loop
      vertex 55.7023 2.13765 6.5
      vertex 57.2478 1.72354 6.5
      vertex 55.738 2.31726 6.5
    endloop
  endfacet
  facet normal 0 0 1
    outer loop
      vertex 55.4607 3.35227 6.5
      vertex 56.7301 4.32628 6.5
      vertex 56.4713 4.62132 6.5
    endloop
  endfacet
  facet normal 0 0 1
    outer loop
      vertex 57.2478 1.72354 6.5
      vertex 55.7023 2.13765 6.5
      vertex 57.1216 1.35195 6.5
    endloop
  endfacet
  facet normal 0 0 1
    outer loop
      vertex 55.34 3.48995 6.5
      vertex 56.4713 4.62132 6.5
      vertex 56.1763 4.88006 6.5
    endloop
  endfacet
  facet normal -0 0 1
    outer loop
      vertex 55.6434 1.96424 6.5
      vertex 57.1216 1.35195 6.5
      vertex 55.7023 2.13765 6.5
    endloop
  endfacet
  facet normal 0 0 1
    outer loop
      vertex 55.2023 3.61069 6.5
      vertex 56.1763 4.88006 6.5
      vertex 55.85 5.09808 6.5
    endloop
  endfacet
  facet normal 0 0 1
    outer loop
      vertex 57.1216 1.35195 6.5
      vertex 55.6434 1.96424 6.5
      vertex 56.9481 1 6.5
    endloop
  endfacet
  facet normal -0 0 1
    outer loop
      vertex 55.5624 1.8 6.5
      vertex 56.9481 1 6.5
      vertex 55.6434 1.96424 6.5
    endloop
  endfacet
  facet normal 0 0 1
    outer loop
      vertex 57.3243 2.89158 6.5
      vertex 55.738 2.68274 6.5
      vertex 55.75 2.5 6.5
    endloop
  endfacet
  facet normal 0 0 1
    outer loop
      vertex 57.2478 3.27646 6.5
      vertex 55.7023 2.86235 6.5
      vertex 55.738 2.68274 6.5
    endloop
  endfacet
  facet normal 0 0 1
    outer loop
      vertex 57.1216 3.64805 6.5
      vertex 55.6434 3.03576 6.5
      vertex 55.7023 2.86235 6.5
    endloop
  endfacet
  facet normal 0 0 1
    outer loop
      vertex 56.9481 4 6.5
      vertex 55.5624 3.2 6.5
      vertex 55.6434 3.03576 6.5
    endloop
  endfacet
  facet normal 0 0 1
    outer loop
      vertex 55.05 3.71243 6.5
      vertex 55.85 5.09808 6.5
      vertex 55.4981 5.27164 6.5
    endloop
  endfacet
  facet normal 0 0 1
    outer loop
      vertex 56.7301 4.32628 6.5
      vertex 55.4607 3.35227 6.5
      vertex 55.5624 3.2 6.5
    endloop
  endfacet
  facet normal 0 0 1
    outer loop
      vertex 56.4713 4.62132 6.5
      vertex 55.34 3.48995 6.5
      vertex 55.4607 3.35227 6.5
    endloop
  endfacet
  facet normal 0 0 1
    outer loop
      vertex 56.1763 4.88006 6.5
      vertex 55.2023 3.61069 6.5
      vertex 55.34 3.48995 6.5
    endloop
  endfacet
  facet normal 0 0 1
    outer loop
      vertex 54.8858 3.79343 6.5
      vertex 55.4981 5.27164 6.5
      vertex 55.1265 5.39778 6.5
    endloop
  endfacet
  facet normal 0 0 1
    outer loop
      vertex 55.85 5.09808 6.5
      vertex 55.05 3.71243 6.5
      vertex 55.2023 3.61069 6.5
    endloop
  endfacet
  facet normal 0 0 1
    outer loop
      vertex 55.4981 5.27164 6.5
      vertex 54.8858 3.79343 6.5
      vertex 55.05 3.71243 6.5
    endloop
  endfacet
  facet normal 0 0 1
    outer loop
      vertex 54.7123 3.8523 6.5
      vertex 55.1265 5.39778 6.5
      vertex 54.7416 5.47433 6.5
    endloop
  endfacet
  facet normal 0 0 1
    outer loop
      vertex 55.1265 5.39778 6.5
      vertex 54.7123 3.8523 6.5
      vertex 54.8858 3.79343 6.5
    endloop
  endfacet
  facet normal 0 0 1
    outer loop
      vertex 54.7416 5.47433 6.5
      vertex 54.5327 3.88802 6.5
      vertex 54.7123 3.8523 6.5
    endloop
  endfacet
  facet normal 0 0 1
    outer loop
      vertex 54.35 5.5 6.5
      vertex 54.5327 3.88802 6.5
      vertex 54.7416 5.47433 6.5
    endloop
  endfacet
  facet normal 0 0 1
    outer loop
      vertex 54.35 5.5 6.5
      vertex 54.35 3.9 6.5
      vertex 54.5327 3.88802 6.5
    endloop
  endfacet
  facet normal 0 0 1
    outer loop
      vertex 54.35 5.5 6.5
      vertex 54.1673 3.88802 6.5
      vertex 54.35 3.9 6.5
    endloop
  endfacet
  facet normal -0 0 1
    outer loop
      vertex 53.9584 5.47433 6.5
      vertex 54.1673 3.88802 6.5
      vertex 54.35 5.5 6.5
    endloop
  endfacet
  facet normal 0 0 1
    outer loop
      vertex 54.1673 3.88802 6.5
      vertex 53.9584 5.47433 6.5
      vertex 53.9877 3.8523 6.5
    endloop
  endfacet
  facet normal -0 0 1
    outer loop
      vertex 53.5735 5.39778 6.5
      vertex 53.9877 3.8523 6.5
      vertex 53.9584 5.47433 6.5
    endloop
  endfacet
  facet normal 0 0 1
    outer loop
      vertex 53.9877 3.8523 6.5
      vertex 53.5735 5.39778 6.5
      vertex 53.8142 3.79343 6.5
    endloop
  endfacet
  facet normal -0 0 1
    outer loop
      vertex 53.202 5.27164 6.5
      vertex 53.8142 3.79343 6.5
      vertex 53.5735 5.39778 6.5
    endloop
  endfacet
  facet normal 0 0 1
    outer loop
      vertex 53.8142 3.79343 6.5
      vertex 53.202 5.27164 6.5
      vertex 53.65 3.71243 6.5
    endloop
  endfacet
  facet normal -0 0 1
    outer loop
      vertex 52.85 5.09808 6.5
      vertex 53.65 3.71243 6.5
      vertex 53.202 5.27164 6.5
    endloop
  endfacet
  facet normal 0 0 1
    outer loop
      vertex 53.65 3.71243 6.5
      vertex 52.85 5.09808 6.5
      vertex 53.4977 3.61069 6.5
    endloop
  endfacet
  facet normal -0 0 1
    outer loop
      vertex 52.5237 4.88006 6.5
      vertex 53.4977 3.61069 6.5
      vertex 52.85 5.09808 6.5
    endloop
  endfacet
  facet normal 0 0 1
    outer loop
      vertex 53.4977 3.61069 6.5
      vertex 52.5237 4.88006 6.5
      vertex 53.3601 3.48995 6.5
    endloop
  endfacet
  facet normal -0 0 1
    outer loop
      vertex 52.2287 4.62132 6.5
      vertex 53.3601 3.48995 6.5
      vertex 52.5237 4.88006 6.5
    endloop
  endfacet
  facet normal 0 0 1
    outer loop
      vertex 53.3601 3.48995 6.5
      vertex 52.2287 4.62132 6.5
      vertex 53.2393 3.35227 6.5
    endloop
  endfacet
  facet normal -0 0 1
    outer loop
      vertex 51.9699 4.32628 6.5
      vertex 53.2393 3.35227 6.5
      vertex 52.2287 4.62132 6.5
    endloop
  endfacet
  facet normal -0 0 1
    outer loop
      vertex 51.7519 4 6.5
      vertex 53.1376 3.2 6.5
      vertex 51.9699 4.32628 6.5
    endloop
  endfacet
  facet normal 0 0 1
    outer loop
      vertex 53.2393 3.35227 6.5
      vertex 51.9699 4.32628 6.5
      vertex 53.1376 3.2 6.5
    endloop
  endfacet
  facet normal 0 0 1
    outer loop
      vertex 56.9481 1 6.5
      vertex 55.5624 1.8 6.5
      vertex 56.7301 0.673717 6.5
    endloop
  endfacet
  facet normal -0 0 1
    outer loop
      vertex 55.4607 1.64773 6.5
      vertex 56.7301 0.673717 6.5
      vertex 55.5624 1.8 6.5
    endloop
  endfacet
  facet normal 0 0 1
    outer loop
      vertex 56.7301 0.673717 6.5
      vertex 55.4607 1.64773 6.5
      vertex 56.4713 0.37868 6.5
    endloop
  endfacet
  facet normal -0 0 1
    outer loop
      vertex 55.34 1.51005 6.5
      vertex 56.4713 0.37868 6.5
      vertex 55.4607 1.64773 6.5
    endloop
  endfacet
  facet normal 0 0 1
    outer loop
      vertex 56.4713 0.37868 6.5
      vertex 55.34 1.51005 6.5
      vertex 56.1763 0.119941 6.5
    endloop
  endfacet
  facet normal -0 0 1
    outer loop
      vertex 55.2023 1.38931 6.5
      vertex 56.1763 0.119941 6.5
      vertex 55.34 1.51005 6.5
    endloop
  endfacet
  facet normal 0 0 1
    outer loop
      vertex 56.1763 0.119941 6.5
      vertex 55.2023 1.38931 6.5
      vertex 55.85 -0.0980759 6.5
    endloop
  endfacet
  facet normal -0 0 1
    outer loop
      vertex 55.05 1.28757 6.5
      vertex 55.85 -0.0980759 6.5
      vertex 55.2023 1.38931 6.5
    endloop
  endfacet
  facet normal 0 0 1
    outer loop
      vertex 55.85 -0.0980759 6.5
      vertex 55.05 1.28757 6.5
      vertex 55.4981 -0.271638 6.5
    endloop
  endfacet
  facet normal -0 0 1
    outer loop
      vertex 54.8858 1.20657 6.5
      vertex 55.4981 -0.271638 6.5
      vertex 55.05 1.28757 6.5
    endloop
  endfacet
  facet normal 0 0 1
    outer loop
      vertex 55.4981 -0.271638 6.5
      vertex 54.8858 1.20657 6.5
      vertex 55.1265 -0.397777 6.5
    endloop
  endfacet
  facet normal -0 0 1
    outer loop
      vertex 54.7123 1.1477 6.5
      vertex 55.1265 -0.397777 6.5
      vertex 54.8858 1.20657 6.5
    endloop
  endfacet
  facet normal 0 0 1
    outer loop
      vertex 55.1265 -0.397777 6.5
      vertex 54.7123 1.1477 6.5
      vertex 54.7416 -0.474334 6.5
    endloop
  endfacet
  facet normal -0 0 1
    outer loop
      vertex 54.5327 1.11198 6.5
      vertex 54.7416 -0.474334 6.5
      vertex 54.7123 1.1477 6.5
    endloop
  endfacet
  facet normal -0 0 1
    outer loop
      vertex 54.35 1.1 6.5
      vertex 54.7416 -0.474334 6.5
      vertex 54.5327 1.11198 6.5
    endloop
  endfacet
  facet normal 0 0 1
    outer loop
      vertex 54.35 1.1 6.5
      vertex 54.35 -0.5 6.5
      vertex 54.7416 -0.474334 6.5
    endloop
  endfacet
  facet normal 0 0 1
    outer loop
      vertex 54.1673 1.11198 6.5
      vertex 54.35 -0.5 6.5
      vertex 54.35 1.1 6.5
    endloop
  endfacet
  facet normal 0 0 1
    outer loop
      vertex 53.9584 -0.474334 6.5
      vertex 54.1673 1.11198 6.5
      vertex 53.9877 1.1477 6.5
    endloop
  endfacet
  facet normal 0 0 1
    outer loop
      vertex 54.1673 1.11198 6.5
      vertex 53.9584 -0.474334 6.5
      vertex 54.35 -0.5 6.5
    endloop
  endfacet
  facet normal 0 0 1
    outer loop
      vertex 53.5735 -0.397777 6.5
      vertex 53.9877 1.1477 6.5
      vertex 53.8142 1.20657 6.5
    endloop
  endfacet
  facet normal 0 0 1
    outer loop
      vertex 53.202 -0.271638 6.5
      vertex 53.8142 1.20657 6.5
      vertex 53.65 1.28757 6.5
    endloop
  endfacet
  facet normal 0 0 1
    outer loop
      vertex 53.9877 1.1477 6.5
      vertex 53.5735 -0.397777 6.5
      vertex 53.9584 -0.474334 6.5
    endloop
  endfacet
  facet normal 0 0 1
    outer loop
      vertex 52.85 -0.0980759 6.5
      vertex 53.65 1.28757 6.5
      vertex 53.4977 1.38931 6.5
    endloop
  endfacet
  facet normal 0 0 1
    outer loop
      vertex 52.5237 0.119941 6.5
      vertex 53.4977 1.38931 6.5
      vertex 53.3601 1.51005 6.5
    endloop
  endfacet
  facet normal 0 0 1
    outer loop
      vertex 52.2287 0.37868 6.5
      vertex 53.3601 1.51005 6.5
      vertex 53.2393 1.64773 6.5
    endloop
  endfacet
  facet normal 0 0 1
    outer loop
      vertex 53.8142 1.20657 6.5
      vertex 53.202 -0.271638 6.5
      vertex 53.5735 -0.397777 6.5
    endloop
  endfacet
  facet normal 0 0 1
    outer loop
      vertex 51.9699 0.673717 6.5
      vertex 53.2393 1.64773 6.5
      vertex 53.1376 1.8 6.5
    endloop
  endfacet
  facet normal 0 0 1
    outer loop
      vertex 51.7519 1 6.5
      vertex 53.1376 1.8 6.5
      vertex 53.0566 1.96424 6.5
    endloop
  endfacet
  facet normal 0 0 1
    outer loop
      vertex 51.5784 1.35195 6.5
      vertex 53.0566 1.96424 6.5
      vertex 52.9977 2.13765 6.5
    endloop
  endfacet
  facet normal 0 0 1
    outer loop
      vertex 51.4522 1.72354 6.5
      vertex 52.9977 2.13765 6.5
      vertex 52.962 2.31726 6.5
    endloop
  endfacet
  facet normal 0 0 1
    outer loop
      vertex 53.65 1.28757 6.5
      vertex 52.85 -0.0980759 6.5
      vertex 53.202 -0.271638 6.5
    endloop
  endfacet
  facet normal 0 0 1
    outer loop
      vertex 51.3757 2.10842 6.5
      vertex 52.962 2.31726 6.5
      vertex 52.95 2.5 6.5
    endloop
  endfacet
  facet normal 0 0 1
    outer loop
      vertex 53.1376 3.2 6.5
      vertex 51.7519 4 6.5
      vertex 53.0566 3.03576 6.5
    endloop
  endfacet
  facet normal -0 0 1
    outer loop
      vertex 51.5784 3.64805 6.5
      vertex 53.0566 3.03576 6.5
      vertex 51.7519 4 6.5
    endloop
  endfacet
  facet normal 0 0 1
    outer loop
      vertex 53.4977 1.38931 6.5
      vertex 52.5237 0.119941 6.5
      vertex 52.85 -0.0980759 6.5
    endloop
  endfacet
  facet normal 0 0 1
    outer loop
      vertex 53.0566 3.03576 6.5
      vertex 51.5784 3.64805 6.5
      vertex 52.9977 2.86235 6.5
    endloop
  endfacet
  facet normal 0 0 1
    outer loop
      vertex 53.3601 1.51005 6.5
      vertex 52.2287 0.37868 6.5
      vertex 52.5237 0.119941 6.5
    endloop
  endfacet
  facet normal -0 0 1
    outer loop
      vertex 51.4522 3.27646 6.5
      vertex 52.9977 2.86235 6.5
      vertex 51.5784 3.64805 6.5
    endloop
  endfacet
  facet normal 0 0 1
    outer loop
      vertex 53.2393 1.64773 6.5
      vertex 51.9699 0.673717 6.5
      vertex 52.2287 0.37868 6.5
    endloop
  endfacet
  facet normal 0 0 1
    outer loop
      vertex 52.9977 2.86235 6.5
      vertex 51.4522 3.27646 6.5
      vertex 52.962 2.68274 6.5
    endloop
  endfacet
  facet normal 0 0 1
    outer loop
      vertex 53.1376 1.8 6.5
      vertex 51.7519 1 6.5
      vertex 51.9699 0.673717 6.5
    endloop
  endfacet
  facet normal -0 0 1
    outer loop
      vertex 51.3757 2.89158 6.5
      vertex 52.962 2.68274 6.5
      vertex 51.4522 3.27646 6.5
    endloop
  endfacet
  facet normal 0 0 1
    outer loop
      vertex 53.0566 1.96424 6.5
      vertex 51.5784 1.35195 6.5
      vertex 51.7519 1 6.5
    endloop
  endfacet
  facet normal 0 0 1
    outer loop
      vertex 52.962 2.68274 6.5
      vertex 51.3757 2.89158 6.5
      vertex 52.95 2.5 6.5
    endloop
  endfacet
  facet normal 0 0 1
    outer loop
      vertex 52.9977 2.13765 6.5
      vertex 51.4522 1.72354 6.5
      vertex 51.5784 1.35195 6.5
    endloop
  endfacet
  facet normal 0 0 1
    outer loop
      vertex 51.35 2.5 6.5
      vertex 52.95 2.5 6.5
      vertex 51.3757 2.89158 6.5
    endloop
  endfacet
  facet normal 0 0 1
    outer loop
      vertex 52.962 2.31726 6.5
      vertex 51.3757 2.10842 6.5
      vertex 51.4522 1.72354 6.5
    endloop
  endfacet
  facet normal 0 0 1
    outer loop
      vertex 52.95 2.5 6.5
      vertex 51.35 2.5 6.5
      vertex 51.3757 2.10842 6.5
    endloop
  endfacet
  facet normal 0.831485 0.555547 -4.20941e-18
    outer loop
      vertex 56.9481 4 6.5
      vertex 56.7301 4.32628 2.5
      vertex 56.7301 4.32628 6.5
    endloop
  endfacet
  facet normal 0.831485 0.555547 -4.20941e-18
    outer loop
      vertex 56.7301 4.32628 2.5
      vertex 56.9481 4 6.5
      vertex 56.9481 4 2.5
    endloop
  endfacet
  facet normal 0.555558 0.831477 -0
    outer loop
      vertex 56.1763 4.88006 2.5
      vertex 55.85 5.09808 6.5
      vertex 56.1763 4.88006 6.5
    endloop
  endfacet
  facet normal 0.555558 0.831477 0
    outer loop
      vertex 55.85 5.09808 6.5
      vertex 56.1763 4.88006 2.5
      vertex 55.85 5.09808 2.5
    endloop
  endfacet
  facet normal 0.896936 -0.44216 -1.11891e-18
    outer loop
      vertex 56.9481 1 6.5
      vertex 57.1216 1.35195 2.5
      vertex 57.1216 1.35195 6.5
    endloop
  endfacet
  facet normal 0.896936 -0.44216 -1.11891e-18
    outer loop
      vertex 57.1216 1.35195 2.5
      vertex 56.9481 1 6.5
      vertex 56.9481 1 2.5
    endloop
  endfacet
  facet normal 0.997853 -0.0654906 -3.97648e-19
    outer loop
      vertex 57.3243 2.10842 6.5
      vertex 57.35 2.5 2.5
      vertex 57.35 2.5 6.5
    endloop
  endfacet
  facet normal 0.997853 -0.0654906 -3.97648e-19
    outer loop
      vertex 57.35 2.5 2.5
      vertex 57.3243 2.10842 6.5
      vertex 57.3243 2.10842 2.5
    endloop
  endfacet
  facet normal 0.321437 0.946931 -0
    outer loop
      vertex 55.4981 5.27164 2.5
      vertex 55.1265 5.39778 6.5
      vertex 55.4981 5.27164 6.5
    endloop
  endfacet
  facet normal 0.321437 0.946931 0
    outer loop
      vertex 55.1265 5.39778 6.5
      vertex 55.4981 5.27164 2.5
      vertex 55.1265 5.39778 2.5
    endloop
  endfacet
  facet normal -0.896936 0.44216 1.54778e-18
    outer loop
      vertex 51.5784 3.64805 2.5
      vertex 51.7519 4 6.5
      vertex 51.7519 4 2.5
    endloop
  endfacet
  facet normal -0.896936 0.44216 1.54778e-18
    outer loop
      vertex 51.7519 4 6.5
      vertex 51.5784 3.64805 2.5
      vertex 51.5784 3.64805 6.5
    endloop
  endfacet
  facet normal -0.659392 0.751799 0
    outer loop
      vertex 52.5237 4.88006 2.5
      vertex 52.2287 4.62132 6.5
      vertex 52.5237 4.88006 6.5
    endloop
  endfacet
  facet normal -0.659392 0.751799 0
    outer loop
      vertex 52.2287 4.62132 6.5
      vertex 52.5237 4.88006 2.5
      vertex 52.2287 4.62132 2.5
    endloop
  endfacet
  facet normal 0.321434 -0.946932 0
    outer loop
      vertex 55.1265 -0.397777 2.5
      vertex 55.4981 -0.271638 6.5
      vertex 55.1265 -0.397777 6.5
    endloop
  endfacet
  facet normal 0.321434 -0.946932 0
    outer loop
      vertex 55.4981 -0.271638 6.5
      vertex 55.1265 -0.397777 2.5
      vertex 55.4981 -0.271638 2.5
    endloop
  endfacet
  facet normal -0.997853 -0.0654906 3.97648e-19
    outer loop
      vertex 51.3757 2.10842 2.5
      vertex 51.35 2.5 6.5
      vertex 51.35 2.5 2.5
    endloop
  endfacet
  facet normal -0.997853 -0.0654906 3.97648e-19
    outer loop
      vertex 51.35 2.5 6.5
      vertex 51.3757 2.10842 2.5
      vertex 51.3757 2.10842 6.5
    endloop
  endfacet
  facet normal -0.65939 -0.751801 0
    outer loop
      vertex 52.2287 0.37868 2.5
      vertex 52.5237 0.119941 6.5
      vertex 52.2287 0.37868 6.5
    endloop
  endfacet
  facet normal -0.65939 -0.751801 -0
    outer loop
      vertex 52.5237 0.119941 6.5
      vertex 52.2287 0.37868 2.5
      vertex 52.5237 0.119941 2.5
    endloop
  endfacet
  facet normal -0.321514 0.946905 0
    outer loop
      vertex 53.5735 5.39778 2.5
      vertex 53.202 5.27164 6.5
      vertex 53.5735 5.39778 6.5
    endloop
  endfacet
  facet normal -0.321514 0.946905 0
    outer loop
      vertex 53.202 5.27164 6.5
      vertex 53.5735 5.39778 2.5
      vertex 53.202 5.27164 2.5
    endloop
  endfacet
  facet normal -0.831488 -0.555543 -1.5934e-18
    outer loop
      vertex 51.9699 0.673717 2.5
      vertex 51.7519 1 6.5
      vertex 51.7519 1 2.5
    endloop
  endfacet
  facet normal -0.831488 -0.555543 -1.5934e-18
    outer loop
      vertex 51.7519 1 6.5
      vertex 51.9699 0.673717 2.5
      vertex 51.9699 0.673717 6.5
    endloop
  endfacet
  facet normal -0.555558 0.831477 0
    outer loop
      vertex 52.85 5.09808 2.5
      vertex 52.5237 4.88006 6.5
      vertex 52.85 5.09808 6.5
    endloop
  endfacet
  facet normal -0.555558 0.831477 0
    outer loop
      vertex 52.5237 4.88006 6.5
      vertex 52.85 5.09808 2.5
      vertex 52.5237 4.88006 2.5
    endloop
  endfacet
  facet normal -0.997853 0.0654906 -3.97648e-19
    outer loop
      vertex 51.35 2.5 2.5
      vertex 51.3757 2.89158 6.5
      vertex 51.3757 2.89158 2.5
    endloop
  endfacet
  facet normal -0.997853 0.0654906 -3.97648e-19
    outer loop
      vertex 51.3757 2.89158 6.5
      vertex 51.35 2.5 2.5
      vertex 51.35 2.5 6.5
    endloop
  endfacet
  facet normal 0.195062 0.980791 -0
    outer loop
      vertex 55.1265 5.39778 2.5
      vertex 54.7416 5.47433 6.5
      vertex 55.1265 5.39778 6.5
    endloop
  endfacet
  facet normal 0.195062 0.980791 0
    outer loop
      vertex 54.7416 5.47433 6.5
      vertex 55.1265 5.39778 2.5
      vertex 54.7416 5.47433 2.5
    endloop
  endfacet
  facet normal -0.442233 0.8969 0
    outer loop
      vertex 53.202 5.27164 2.5
      vertex 52.85 5.09808 6.5
      vertex 53.202 5.27164 6.5
    endloop
  endfacet
  facet normal -0.442233 0.8969 0
    outer loop
      vertex 52.85 5.09808 6.5
      vertex 53.202 5.27164 2.5
      vertex 52.85 5.09808 2.5
    endloop
  endfacet
  facet normal 0.065401 -0.997859 0
    outer loop
      vertex 54.35 -0.5 2.5
      vertex 54.7416 -0.474334 6.5
      vertex 54.35 -0.5 6.5
    endloop
  endfacet
  facet normal 0.065401 -0.997859 0
    outer loop
      vertex 54.7416 -0.474334 6.5
      vertex 54.35 -0.5 2.5
      vertex 54.7416 -0.474334 2.5
    endloop
  endfacet
  facet normal 0.65939 -0.751801 0
    outer loop
      vertex 56.1763 0.119941 2.5
      vertex 56.4713 0.37868 6.5
      vertex 56.1763 0.119941 6.5
    endloop
  endfacet
  facet normal 0.65939 -0.751801 0
    outer loop
      vertex 56.4713 0.37868 6.5
      vertex 56.1763 0.119941 2.5
      vertex 56.4713 0.37868 2.5
    endloop
  endfacet
  facet normal -0.946882 -0.321582 -2.18964e-18
    outer loop
      vertex 51.5784 1.35195 2.5
      vertex 51.4522 1.72354 6.5
      vertex 51.4522 1.72354 2.5
    endloop
  endfacet
  facet normal -0.946882 -0.321582 -2.18964e-18
    outer loop
      vertex 51.4522 1.72354 6.5
      vertex 51.5784 1.35195 2.5
      vertex 51.5784 1.35195 6.5
    endloop
  endfacet
  facet normal 0.946882 -0.321582 -5.66332e-20
    outer loop
      vertex 57.1216 1.35195 6.5
      vertex 57.2478 1.72354 2.5
      vertex 57.2478 1.72354 6.5
    endloop
  endfacet
  facet normal 0.946882 -0.321582 -5.66332e-20
    outer loop
      vertex 57.2478 1.72354 2.5
      vertex 57.1216 1.35195 6.5
      vertex 57.1216 1.35195 2.5
    endloop
  endfacet
  facet normal 0.442334 0.89685 -0
    outer loop
      vertex 55.85 5.09808 2.5
      vertex 55.4981 5.27164 6.5
      vertex 55.85 5.09808 6.5
    endloop
  endfacet
  facet normal 0.442334 0.89685 0
    outer loop
      vertex 55.4981 5.27164 6.5
      vertex 55.85 5.09808 2.5
      vertex 55.4981 5.27164 2.5
    endloop
  endfacet
  facet normal -0.195062 0.980791 0
    outer loop
      vertex 53.9584 5.47433 2.5
      vertex 53.5735 5.39778 6.5
      vertex 53.9584 5.47433 6.5
    endloop
  endfacet
  facet normal -0.195062 0.980791 0
    outer loop
      vertex 53.5735 5.39778 6.5
      vertex 53.9584 5.47433 2.5
      vertex 53.5735 5.39778 2.5
    endloop
  endfacet
  facet normal 0.751768 0.659428 3.94212e-18
    outer loop
      vertex 56.7301 4.32628 6.5
      vertex 56.4713 4.62132 2.5
      vertex 56.4713 4.62132 6.5
    endloop
  endfacet
  facet normal 0.751768 0.659428 3.94212e-18
    outer loop
      vertex 56.4713 4.62132 2.5
      vertex 56.7301 4.32628 6.5
      vertex 56.7301 4.32628 2.5
    endloop
  endfacet
  facet normal 0.751765 -0.659432 -1.52498e-18
    outer loop
      vertex 56.4713 0.37868 6.5
      vertex 56.7301 0.673717 2.5
      vertex 56.7301 0.673717 6.5
    endloop
  endfacet
  facet normal 0.751765 -0.659432 -1.52498e-18
    outer loop
      vertex 56.7301 0.673717 2.5
      vertex 56.4713 0.37868 6.5
      vertex 56.4713 0.37868 2.5
    endloop
  endfacet
  facet normal -0.442237 -0.896898 0
    outer loop
      vertex 52.85 -0.0980759 2.5
      vertex 53.202 -0.271638 6.5
      vertex 52.85 -0.0980759 6.5
    endloop
  endfacet
  facet normal -0.442237 -0.896898 -0
    outer loop
      vertex 53.202 -0.271638 6.5
      vertex 52.85 -0.0980759 2.5
      vertex 53.202 -0.271638 2.5
    endloop
  endfacet
  facet normal -0.946882 0.321582 2.0199e-18
    outer loop
      vertex 51.4522 3.27646 2.5
      vertex 51.5784 3.64805 6.5
      vertex 51.5784 3.64805 2.5
    endloop
  endfacet
  facet normal -0.946882 0.321582 2.0199e-18
    outer loop
      vertex 51.5784 3.64805 6.5
      vertex 51.4522 3.27646 2.5
      vertex 51.4522 3.27646 6.5
    endloop
  endfacet
  facet normal 0.19508 -0.980787 0
    outer loop
      vertex 54.7416 -0.474334 2.5
      vertex 55.1265 -0.397777 6.5
      vertex 54.7416 -0.474334 6.5
    endloop
  endfacet
  facet normal 0.19508 -0.980787 0
    outer loop
      vertex 55.1265 -0.397777 6.5
      vertex 54.7416 -0.474334 2.5
      vertex 55.1265 -0.397777 2.5
    endloop
  endfacet
  facet normal 0.442338 -0.896848 0
    outer loop
      vertex 55.4981 -0.271638 2.5
      vertex 55.85 -0.0980759 6.5
      vertex 55.4981 -0.271638 6.5
    endloop
  endfacet
  facet normal 0.442338 -0.896848 0
    outer loop
      vertex 55.85 -0.0980759 6.5
      vertex 55.4981 -0.271638 2.5
      vertex 55.85 -0.0980759 2.5
    endloop
  endfacet
  facet normal -0.751768 0.659428 -3.94212e-18
    outer loop
      vertex 51.9699 4.32628 2.5
      vertex 52.2287 4.62132 6.5
      vertex 52.2287 4.62132 2.5
    endloop
  endfacet
  facet normal -0.751768 0.659428 -3.94212e-18
    outer loop
      vertex 52.2287 4.62132 6.5
      vertex 51.9699 4.32628 2.5
      vertex 51.9699 4.32628 6.5
    endloop
  endfacet
  facet normal 0.659392 0.751799 -0
    outer loop
      vertex 56.4713 4.62132 2.5
      vertex 56.1763 4.88006 6.5
      vertex 56.4713 4.62132 6.5
    endloop
  endfacet
  facet normal 0.659392 0.751799 0
    outer loop
      vertex 56.1763 4.88006 6.5
      vertex 56.4713 4.62132 2.5
      vertex 56.1763 4.88006 2.5
    endloop
  endfacet
  facet normal -0.896936 -0.44216 -1.54778e-18
    outer loop
      vertex 51.7519 1 2.5
      vertex 51.5784 1.35195 6.5
      vertex 51.5784 1.35195 2.5
    endloop
  endfacet
  facet normal -0.896936 -0.44216 -1.54778e-18
    outer loop
      vertex 51.5784 1.35195 6.5
      vertex 51.7519 1 2.5
      vertex 51.7519 1 6.5
    endloop
  endfacet
  facet normal 0.831488 -0.555543 1.09036e-18
    outer loop
      vertex 56.7301 0.673717 6.5
      vertex 56.9481 1 2.5
      vertex 56.9481 1 6.5
    endloop
  endfacet
  facet normal 0.831488 -0.555543 1.09036e-18
    outer loop
      vertex 56.9481 1 2.5
      vertex 56.7301 0.673717 6.5
      vertex 56.7301 0.673717 2.5
    endloop
  endfacet
  facet normal 0.896936 0.44216 1.11891e-18
    outer loop
      vertex 57.1216 3.64805 6.5
      vertex 56.9481 4 2.5
      vertex 56.9481 4 6.5
    endloop
  endfacet
  facet normal 0.896936 0.44216 1.11891e-18
    outer loop
      vertex 56.9481 4 2.5
      vertex 57.1216 3.64805 6.5
      vertex 57.1216 3.64805 2.5
    endloop
  endfacet
  facet normal -0.065401 -0.997859 0
    outer loop
      vertex 53.9584 -0.474334 2.5
      vertex 54.35 -0.5 6.5
      vertex 53.9584 -0.474334 6.5
    endloop
  endfacet
  facet normal -0.065401 -0.997859 -0
    outer loop
      vertex 54.35 -0.5 6.5
      vertex 53.9584 -0.474334 2.5
      vertex 54.35 -0.5 2.5
    endloop
  endfacet
  facet normal -0.555553 -0.831481 0
    outer loop
      vertex 52.5237 0.119941 2.5
      vertex 52.85 -0.0980759 6.5
      vertex 52.5237 0.119941 6.5
    endloop
  endfacet
  facet normal -0.555553 -0.831481 -0
    outer loop
      vertex 52.85 -0.0980759 6.5
      vertex 52.5237 0.119941 2.5
      vertex 52.85 -0.0980759 2.5
    endloop
  endfacet
  facet normal 0.555553 -0.831481 0
    outer loop
      vertex 55.85 -0.0980759 2.5
      vertex 56.1763 0.119941 6.5
      vertex 55.85 -0.0980759 6.5
    endloop
  endfacet
  facet normal 0.555553 -0.831481 0
    outer loop
      vertex 56.1763 0.119941 6.5
      vertex 55.85 -0.0980759 2.5
      vertex 56.1763 0.119941 2.5
    endloop
  endfacet
  facet normal 0.946882 0.321582 2.26377e-19
    outer loop
      vertex 57.2478 3.27646 6.5
      vertex 57.1216 3.64805 2.5
      vertex 57.1216 3.64805 6.5
    endloop
  endfacet
  facet normal 0.946882 0.321582 2.26377e-19
    outer loop
      vertex 57.1216 3.64805 2.5
      vertex 57.2478 3.27646 6.5
      vertex 57.2478 3.27646 2.5
    endloop
  endfacet
  facet normal -0.980813 0.19495 2.94706e-19
    outer loop
      vertex 51.3757 2.89158 2.5
      vertex 51.4522 3.27646 6.5
      vertex 51.4522 3.27646 2.5
    endloop
  endfacet
  facet normal -0.980813 0.19495 2.94706e-19
    outer loop
      vertex 51.4522 3.27646 6.5
      vertex 51.3757 2.89158 2.5
      vertex 51.3757 2.89158 6.5
    endloop
  endfacet
  facet normal -0.0654112 0.997858 0
    outer loop
      vertex 54.35 5.5 2.5
      vertex 53.9584 5.47433 6.5
      vertex 54.35 5.5 6.5
    endloop
  endfacet
  facet normal -0.0654112 0.997858 0
    outer loop
      vertex 53.9584 5.47433 6.5
      vertex 54.35 5.5 2.5
      vertex 53.9584 5.47433 2.5
    endloop
  endfacet
  facet normal -0.321512 -0.946905 0
    outer loop
      vertex 53.202 -0.271638 2.5
      vertex 53.5735 -0.397777 6.5
      vertex 53.202 -0.271638 6.5
    endloop
  endfacet
  facet normal -0.321512 -0.946905 -0
    outer loop
      vertex 53.5735 -0.397777 6.5
      vertex 53.202 -0.271638 2.5
      vertex 53.5735 -0.397777 2.5
    endloop
  endfacet
  facet normal -0.980813 -0.19495 -5.24582e-19
    outer loop
      vertex 51.4522 1.72354 2.5
      vertex 51.3757 2.10842 6.5
      vertex 51.3757 2.10842 2.5
    endloop
  endfacet
  facet normal -0.980813 -0.19495 -5.24582e-19
    outer loop
      vertex 51.3757 2.10842 6.5
      vertex 51.4522 1.72354 2.5
      vertex 51.4522 1.72354 6.5
    endloop
  endfacet
  facet normal 0.0654112 0.997858 -0
    outer loop
      vertex 54.7416 5.47433 2.5
      vertex 54.35 5.5 6.5
      vertex 54.7416 5.47433 6.5
    endloop
  endfacet
  facet normal 0.0654112 0.997858 0
    outer loop
      vertex 54.35 5.5 6.5
      vertex 54.7416 5.47433 2.5
      vertex 54.35 5.5 2.5
    endloop
  endfacet
  facet normal -0.19508 -0.980787 0
    outer loop
      vertex 53.5735 -0.397777 2.5
      vertex 53.9584 -0.474334 6.5
      vertex 53.5735 -0.397777 6.5
    endloop
  endfacet
  facet normal -0.19508 -0.980787 -0
    outer loop
      vertex 53.9584 -0.474334 6.5
      vertex 53.5735 -0.397777 2.5
      vertex 53.9584 -0.474334 2.5
    endloop
  endfacet
  facet normal -0.831485 0.555547 -4.14259e-18
    outer loop
      vertex 51.7519 4 2.5
      vertex 51.9699 4.32628 6.5
      vertex 51.9699 4.32628 2.5
    endloop
  endfacet
  facet normal -0.831485 0.555547 -4.14259e-18
    outer loop
      vertex 51.9699 4.32628 6.5
      vertex 51.7519 4 2.5
      vertex 51.7519 4 6.5
    endloop
  endfacet
  facet normal -0.980813 0.19495 2.71248e-19
    outer loop
      vertex 55.7023 2.13765 2.5
      vertex 55.738 2.31726 6.5
      vertex 55.738 2.31726 2.5
    endloop
  endfacet
  facet normal -0.980813 0.19495 2.71248e-19
    outer loop
      vertex 55.738 2.31726 6.5
      vertex 55.7023 2.13765 2.5
      vertex 55.7023 2.13765 6.5
    endloop
  endfacet
  facet normal -0.980813 -0.19495 -2.71248e-19
    outer loop
      vertex 55.738 2.68274 2.5
      vertex 55.7023 2.86235 6.5
      vertex 55.7023 2.86235 2.5
    endloop
  endfacet
  facet normal -0.980813 -0.19495 -2.71248e-19
    outer loop
      vertex 55.7023 2.86235 6.5
      vertex 55.738 2.68274 2.5
      vertex 55.738 2.68274 6.5
    endloop
  endfacet
  facet normal -0.997851 -0.0655259 -6.67679e-20
    outer loop
      vertex 55.75 2.5 2.5
      vertex 55.738 2.68274 6.5
      vertex 55.738 2.68274 2.5
    endloop
  endfacet
  facet normal -0.997851 -0.0655259 -6.67679e-20
    outer loop
      vertex 55.738 2.68274 6.5
      vertex 55.75 2.5 2.5
      vertex 55.75 2.5 6.5
    endloop
  endfacet
  facet normal -0.946872 -0.321612 -4.90549e-19
    outer loop
      vertex 55.7023 2.86235 2.5
      vertex 55.6434 3.03576 6.5
      vertex 55.6434 3.03576 2.5
    endloop
  endfacet
  facet normal -0.946872 -0.321612 -4.90549e-19
    outer loop
      vertex 55.6434 3.03576 6.5
      vertex 55.7023 2.86235 2.5
      vertex 55.7023 2.86235 6.5
    endloop
  endfacet
  facet normal -0.442401 0.896817 0
    outer loop
      vertex 55.05 1.28757 2.5
      vertex 54.8858 1.20657 6.5
      vertex 55.05 1.28757 6.5
    endloop
  endfacet
  facet normal -0.442401 0.896817 0
    outer loop
      vertex 54.8858 1.20657 6.5
      vertex 55.05 1.28757 2.5
      vertex 54.8858 1.20657 2.5
    endloop
  endfacet
  facet normal -0.195066 -0.98079 0
    outer loop
      vertex 54.5327 3.88802 2.5
      vertex 54.7123 3.8523 6.5
      vertex 54.5327 3.88802 6.5
    endloop
  endfacet
  facet normal -0.195066 -0.98079 -0
    outer loop
      vertex 54.7123 3.8523 6.5
      vertex 54.5327 3.88802 2.5
      vertex 54.7123 3.8523 2.5
    endloop
  endfacet
  facet normal -0.195066 0.98079 0
    outer loop
      vertex 54.7123 1.1477 2.5
      vertex 54.5327 1.11198 6.5
      vertex 54.7123 1.1477 6.5
    endloop
  endfacet
  facet normal -0.195066 0.98079 0
    outer loop
      vertex 54.5327 1.11198 6.5
      vertex 54.7123 1.1477 2.5
      vertex 54.5327 1.11198 2.5
    endloop
  endfacet
  facet normal -0.0654315 0.997857 0
    outer loop
      vertex 54.5327 1.11198 2.5
      vertex 54.35 1.1 6.5
      vertex 54.5327 1.11198 6.5
    endloop
  endfacet
  facet normal -0.0654315 0.997857 0
    outer loop
      vertex 54.35 1.1 6.5
      vertex 54.5327 1.11198 2.5
      vertex 54.35 1.1 2.5
    endloop
  endfacet
  facet normal 0.659556 -0.751656 0
    outer loop
      vertex 53.3601 3.48995 2.5
      vertex 53.4977 3.61069 6.5
      vertex 53.3601 3.48995 6.5
    endloop
  endfacet
  facet normal 0.659556 -0.751656 0
    outer loop
      vertex 53.4977 3.61069 6.5
      vertex 53.3601 3.48995 2.5
      vertex 53.4977 3.61069 2.5
    endloop
  endfacet
  facet normal 0.831579 -0.555406 -9.35566e-19
    outer loop
      vertex 53.1376 3.2 6.5
      vertex 53.2393 3.35227 2.5
      vertex 53.2393 3.35227 6.5
    endloop
  endfacet
  facet normal 0.831579 -0.555406 -9.35566e-19
    outer loop
      vertex 53.2393 3.35227 2.5
      vertex 53.1376 3.2 6.5
      vertex 53.1376 3.2 2.5
    endloop
  endfacet
  facet normal -0.321316 -0.946972 0
    outer loop
      vertex 54.7123 3.8523 2.5
      vertex 54.8858 3.79343 6.5
      vertex 54.7123 3.8523 6.5
    endloop
  endfacet
  facet normal -0.321316 -0.946972 -0
    outer loop
      vertex 54.8858 3.79343 6.5
      vertex 54.7123 3.8523 2.5
      vertex 54.8858 3.79343 2.5
    endloop
  endfacet
  facet normal -0.659285 0.751893 0
    outer loop
      vertex 55.34 1.51005 2.5
      vertex 55.2023 1.38931 6.5
      vertex 55.34 1.51005 6.5
    endloop
  endfacet
  facet normal -0.659285 0.751893 0
    outer loop
      vertex 55.2023 1.38931 6.5
      vertex 55.34 1.51005 2.5
      vertex 55.2023 1.38931 2.5
    endloop
  endfacet
  facet normal 0.442401 -0.896817 0
    outer loop
      vertex 53.65 3.71243 2.5
      vertex 53.8142 3.79343 6.5
      vertex 53.65 3.71243 6.5
    endloop
  endfacet
  facet normal 0.442401 -0.896817 0
    outer loop
      vertex 53.8142 3.79343 6.5
      vertex 53.65 3.71243 2.5
      vertex 53.8142 3.79343 2.5
    endloop
  endfacet
  facet normal 0.0654315 0.997857 -0
    outer loop
      vertex 54.35 1.1 2.5
      vertex 54.1673 1.11198 6.5
      vertex 54.35 1.1 6.5
    endloop
  endfacet
  facet normal 0.0654315 0.997857 0
    outer loop
      vertex 54.1673 1.11198 6.5
      vertex 54.35 1.1 2.5
      vertex 54.1673 1.11198 2.5
    endloop
  endfacet
  facet normal -0.751954 0.659216 -1.36616e-18
    outer loop
      vertex 55.34 1.51005 2.5
      vertex 55.4607 1.64773 6.5
      vertex 55.4607 1.64773 2.5
    endloop
  endfacet
  facet normal -0.751954 0.659216 -1.36616e-18
    outer loop
      vertex 55.4607 1.64773 6.5
      vertex 55.34 1.51005 2.5
      vertex 55.34 1.51005 6.5
    endloop
  endfacet
  facet normal 0.946872 0.321612 6.0064e-19
    outer loop
      vertex 53.0566 1.96424 6.5
      vertex 52.9977 2.13765 2.5
      vertex 52.9977 2.13765 6.5
    endloop
  endfacet
  facet normal 0.946872 0.321612 6.0064e-19
    outer loop
      vertex 52.9977 2.13765 2.5
      vertex 53.0566 1.96424 6.5
      vertex 53.0566 1.96424 2.5
    endloop
  endfacet
  facet normal -0.321316 0.946972 0
    outer loop
      vertex 54.8858 1.20657 2.5
      vertex 54.7123 1.1477 6.5
      vertex 54.8858 1.20657 6.5
    endloop
  endfacet
  facet normal -0.321316 0.946972 0
    outer loop
      vertex 54.7123 1.1477 6.5
      vertex 54.8858 1.20657 2.5
      vertex 54.7123 1.1477 2.5
    endloop
  endfacet
  facet normal 0.321316 -0.946972 0
    outer loop
      vertex 53.8142 3.79343 2.5
      vertex 53.9877 3.8523 6.5
      vertex 53.8142 3.79343 6.5
    endloop
  endfacet
  facet normal 0.321316 -0.946972 0
    outer loop
      vertex 53.9877 3.8523 6.5
      vertex 53.8142 3.79343 2.5
      vertex 53.9877 3.8523 2.5
    endloop
  endfacet
  facet normal -0.751954 -0.659216 1.36616e-18
    outer loop
      vertex 55.4607 3.35227 2.5
      vertex 55.34 3.48995 6.5
      vertex 55.34 3.48995 2.5
    endloop
  endfacet
  facet normal -0.751954 -0.659216 1.36616e-18
    outer loop
      vertex 55.34 3.48995 6.5
      vertex 55.4607 3.35227 2.5
      vertex 55.4607 3.35227 6.5
    endloop
  endfacet
  facet normal 0.555481 -0.831529 0
    outer loop
      vertex 53.4977 3.61069 2.5
      vertex 53.65 3.71243 6.5
      vertex 53.4977 3.61069 6.5
    endloop
  endfacet
  facet normal 0.555481 -0.831529 0
    outer loop
      vertex 53.65 3.71243 6.5
      vertex 53.4977 3.61069 2.5
      vertex 53.65 3.71243 2.5
    endloop
  endfacet
  facet normal 0.946872 -0.321612 4.90549e-19
    outer loop
      vertex 52.9977 2.86235 6.5
      vertex 53.0566 3.03576 2.5
      vertex 53.0566 3.03576 6.5
    endloop
  endfacet
  facet normal 0.946872 -0.321612 4.90549e-19
    outer loop
      vertex 53.0566 3.03576 2.5
      vertex 52.9977 2.86235 6.5
      vertex 52.9977 2.86235 2.5
    endloop
  endfacet
  facet normal -0.89686 -0.442314 4.87654e-19
    outer loop
      vertex 55.6434 3.03576 2.5
      vertex 55.5624 3.2 6.5
      vertex 55.5624 3.2 2.5
    endloop
  endfacet
  facet normal -0.89686 -0.442314 4.87654e-19
    outer loop
      vertex 55.5624 3.2 6.5
      vertex 55.6434 3.03576 2.5
      vertex 55.6434 3.03576 6.5
    endloop
  endfacet
  facet normal 0.195066 -0.98079 0
    outer loop
      vertex 53.9877 3.8523 2.5
      vertex 54.1673 3.88802 6.5
      vertex 53.9877 3.8523 6.5
    endloop
  endfacet
  facet normal 0.195066 -0.98079 0
    outer loop
      vertex 54.1673 3.88802 6.5
      vertex 53.9877 3.8523 2.5
      vertex 54.1673 3.88802 2.5
    endloop
  endfacet
  facet normal -0.659285 -0.751893 0
    outer loop
      vertex 55.2023 3.61069 2.5
      vertex 55.34 3.48995 6.5
      vertex 55.2023 3.61069 6.5
    endloop
  endfacet
  facet normal -0.659285 -0.751893 -0
    outer loop
      vertex 55.34 3.48995 6.5
      vertex 55.2023 3.61069 2.5
      vertex 55.34 3.48995 2.5
    endloop
  endfacet
  facet normal -0.997851 0.0655259 6.67679e-20
    outer loop
      vertex 55.738 2.31726 2.5
      vertex 55.75 2.5 6.5
      vertex 55.75 2.5 2.5
    endloop
  endfacet
  facet normal -0.997851 0.0655259 6.67679e-20
    outer loop
      vertex 55.75 2.5 6.5
      vertex 55.738 2.31726 2.5
      vertex 55.738 2.31726 6.5
    endloop
  endfacet
  facet normal -0.442401 -0.896817 0
    outer loop
      vertex 54.8858 3.79343 2.5
      vertex 55.05 3.71243 6.5
      vertex 54.8858 3.79343 6.5
    endloop
  endfacet
  facet normal -0.442401 -0.896817 -0
    outer loop
      vertex 55.05 3.71243 6.5
      vertex 54.8858 3.79343 2.5
      vertex 55.05 3.71243 2.5
    endloop
  endfacet
  facet normal 0.321316 0.946972 -0
    outer loop
      vertex 53.9877 1.1477 2.5
      vertex 53.8142 1.20657 6.5
      vertex 53.9877 1.1477 6.5
    endloop
  endfacet
  facet normal 0.321316 0.946972 0
    outer loop
      vertex 53.8142 1.20657 6.5
      vertex 53.9877 1.1477 2.5
      vertex 53.8142 1.20657 2.5
    endloop
  endfacet
  facet normal 0.980813 -0.19495 2.71248e-19
    outer loop
      vertex 52.962 2.68274 6.5
      vertex 52.9977 2.86235 2.5
      vertex 52.9977 2.86235 6.5
    endloop
  endfacet
  facet normal 0.980813 -0.19495 2.71248e-19
    outer loop
      vertex 52.9977 2.86235 2.5
      vertex 52.962 2.68274 6.5
      vertex 52.962 2.68274 2.5
    endloop
  endfacet
  facet normal 0.0654315 -0.997857 0
    outer loop
      vertex 54.1673 3.88802 2.5
      vertex 54.35 3.9 6.5
      vertex 54.1673 3.88802 6.5
    endloop
  endfacet
  facet normal 0.0654315 -0.997857 0
    outer loop
      vertex 54.35 3.9 6.5
      vertex 54.1673 3.88802 2.5
      vertex 54.35 3.9 2.5
    endloop
  endfacet
  facet normal 0.195066 0.98079 -0
    outer loop
      vertex 54.1673 1.11198 2.5
      vertex 53.9877 1.1477 6.5
      vertex 54.1673 1.11198 6.5
    endloop
  endfacet
  facet normal 0.195066 0.98079 0
    outer loop
      vertex 53.9877 1.1477 6.5
      vertex 54.1673 1.11198 2.5
      vertex 53.9877 1.1477 2.5
    endloop
  endfacet
  facet normal -0.946872 0.321612 -6.0064e-19
    outer loop
      vertex 55.6434 1.96424 2.5
      vertex 55.7023 2.13765 6.5
      vertex 55.7023 2.13765 2.5
    endloop
  endfacet
  facet normal -0.946872 0.321612 -6.0064e-19
    outer loop
      vertex 55.7023 2.13765 6.5
      vertex 55.6434 1.96424 2.5
      vertex 55.6434 1.96424 6.5
    endloop
  endfacet
  facet normal -0.831579 -0.555406 2.20112e-19
    outer loop
      vertex 55.5624 3.2 2.5
      vertex 55.4607 3.35227 6.5
      vertex 55.4607 3.35227 2.5
    endloop
  endfacet
  facet normal -0.831579 -0.555406 2.20112e-19
    outer loop
      vertex 55.4607 3.35227 6.5
      vertex 55.5624 3.2 2.5
      vertex 55.5624 3.2 6.5
    endloop
  endfacet
  facet normal 0.89686 0.442314 -7.83968e-19
    outer loop
      vertex 53.1376 1.8 6.5
      vertex 53.0566 1.96424 2.5
      vertex 53.0566 1.96424 6.5
    endloop
  endfacet
  facet normal 0.89686 0.442314 -7.83968e-19
    outer loop
      vertex 53.0566 1.96424 2.5
      vertex 53.1376 1.8 6.5
      vertex 53.1376 1.8 2.5
    endloop
  endfacet
  facet normal -0.89686 0.442314 1.37547e-19
    outer loop
      vertex 55.5624 1.8 2.5
      vertex 55.6434 1.96424 6.5
      vertex 55.6434 1.96424 2.5
    endloop
  endfacet
  facet normal -0.89686 0.442314 1.37547e-19
    outer loop
      vertex 55.6434 1.96424 6.5
      vertex 55.5624 1.8 2.5
      vertex 55.5624 1.8 6.5
    endloop
  endfacet
  facet normal 0.751683 0.659524 -1.01983e-18
    outer loop
      vertex 53.3601 1.51005 6.5
      vertex 53.2393 1.64773 2.5
      vertex 53.2393 1.64773 6.5
    endloop
  endfacet
  facet normal 0.751683 0.659524 -1.01983e-18
    outer loop
      vertex 53.2393 1.64773 2.5
      vertex 53.3601 1.51005 6.5
      vertex 53.3601 1.51005 2.5
    endloop
  endfacet
  facet normal -0.831579 0.555406 -1.36744e-19
    outer loop
      vertex 55.4607 1.64773 2.5
      vertex 55.5624 1.8 6.5
      vertex 55.5624 1.8 2.5
    endloop
  endfacet
  facet normal -0.831579 0.555406 -1.36744e-19
    outer loop
      vertex 55.5624 1.8 6.5
      vertex 55.4607 1.64773 2.5
      vertex 55.4607 1.64773 6.5
    endloop
  endfacet
  facet normal 0.751683 -0.659524 1.01983e-18
    outer loop
      vertex 53.2393 3.35227 6.5
      vertex 53.3601 3.48995 2.5
      vertex 53.3601 3.48995 6.5
    endloop
  endfacet
  facet normal 0.751683 -0.659524 1.01983e-18
    outer loop
      vertex 53.3601 3.48995 2.5
      vertex 53.2393 3.35227 6.5
      vertex 53.2393 3.35227 2.5
    endloop
  endfacet
  facet normal -0.0654315 -0.997857 0
    outer loop
      vertex 54.35 3.9 2.5
      vertex 54.5327 3.88802 6.5
      vertex 54.35 3.9 6.5
    endloop
  endfacet
  facet normal -0.0654315 -0.997857 -0
    outer loop
      vertex 54.5327 3.88802 6.5
      vertex 54.35 3.9 2.5
      vertex 54.5327 3.88802 2.5
    endloop
  endfacet
  facet normal -0.555481 -0.831529 0
    outer loop
      vertex 55.05 3.71243 2.5
      vertex 55.2023 3.61069 6.5
      vertex 55.05 3.71243 6.5
    endloop
  endfacet
  facet normal -0.555481 -0.831529 -0
    outer loop
      vertex 55.2023 3.61069 6.5
      vertex 55.05 3.71243 2.5
      vertex 55.2023 3.61069 2.5
    endloop
  endfacet
  facet normal 0.442401 0.896817 -0
    outer loop
      vertex 53.8142 1.20657 2.5
      vertex 53.65 1.28757 6.5
      vertex 53.8142 1.20657 6.5
    endloop
  endfacet
  facet normal 0.442401 0.896817 0
    outer loop
      vertex 53.65 1.28757 6.5
      vertex 53.8142 1.20657 2.5
      vertex 53.65 1.28757 2.5
    endloop
  endfacet
  facet normal 0.831579 0.555406 8.52198e-19
    outer loop
      vertex 53.2393 1.64773 6.5
      vertex 53.1376 1.8 2.5
      vertex 53.1376 1.8 6.5
    endloop
  endfacet
  facet normal 0.831579 0.555406 8.52198e-19
    outer loop
      vertex 53.1376 1.8 2.5
      vertex 53.2393 1.64773 6.5
      vertex 53.2393 1.64773 2.5
    endloop
  endfacet
  facet normal 0.980813 0.19495 -2.71248e-19
    outer loop
      vertex 52.9977 2.13765 6.5
      vertex 52.962 2.31726 2.5
      vertex 52.962 2.31726 6.5
    endloop
  endfacet
  facet normal 0.980813 0.19495 -2.71248e-19
    outer loop
      vertex 52.962 2.31726 2.5
      vertex 52.9977 2.13765 6.5
      vertex 52.9977 2.13765 2.5
    endloop
  endfacet
  facet normal 0.659556 0.751656 -0
    outer loop
      vertex 53.4977 1.38931 2.5
      vertex 53.3601 1.51005 6.5
      vertex 53.4977 1.38931 6.5
    endloop
  endfacet
  facet normal 0.659556 0.751656 0
    outer loop
      vertex 53.3601 1.51005 6.5
      vertex 53.4977 1.38931 2.5
      vertex 53.3601 1.51005 2.5
    endloop
  endfacet
  facet normal 0.89686 -0.442314 1.58766e-19
    outer loop
      vertex 53.0566 3.03576 6.5
      vertex 53.1376 3.2 2.5
      vertex 53.1376 3.2 6.5
    endloop
  endfacet
  facet normal 0.89686 -0.442314 1.58766e-19
    outer loop
      vertex 53.1376 3.2 2.5
      vertex 53.0566 3.03576 6.5
      vertex 53.0566 3.03576 2.5
    endloop
  endfacet
  facet normal 0.997851 0.0655259 -6.67679e-20
    outer loop
      vertex 52.962 2.31726 6.5
      vertex 52.95 2.5 2.5
      vertex 52.95 2.5 6.5
    endloop
  endfacet
  facet normal 0.997851 0.0655259 -6.67679e-20
    outer loop
      vertex 52.95 2.5 2.5
      vertex 52.962 2.31726 6.5
      vertex 52.962 2.31726 2.5
    endloop
  endfacet
  facet normal -0.555481 0.831529 0
    outer loop
      vertex 55.2023 1.38931 2.5
      vertex 55.05 1.28757 6.5
      vertex 55.2023 1.38931 6.5
    endloop
  endfacet
  facet normal -0.555481 0.831529 0
    outer loop
      vertex 55.05 1.28757 6.5
      vertex 55.2023 1.38931 2.5
      vertex 55.05 1.28757 2.5
    endloop
  endfacet
  facet normal 0.997851 -0.0655259 6.67679e-20
    outer loop
      vertex 52.95 2.5 6.5
      vertex 52.962 2.68274 2.5
      vertex 52.962 2.68274 6.5
    endloop
  endfacet
  facet normal 0.997851 -0.0655259 6.67679e-20
    outer loop
      vertex 52.962 2.68274 2.5
      vertex 52.95 2.5 6.5
      vertex 52.95 2.5 2.5
    endloop
  endfacet
  facet normal 0.555481 0.831529 -0
    outer loop
      vertex 53.65 1.28757 2.5
      vertex 53.4977 1.38931 6.5
      vertex 53.65 1.28757 6.5
    endloop
  endfacet
  facet normal 0.555481 0.831529 0
    outer loop
      vertex 53.4977 1.38931 6.5
      vertex 53.65 1.28757 2.5
      vertex 53.4977 1.38931 2.5
    endloop
  endfacet
  facet normal 0.980815 0.19494 -6.51317e-19
    outer loop
      vertex 22.3243 26.3916 6.5
      vertex 22.2478 26.7765 2.5
      vertex 22.2478 26.7765 6.5
    endloop
  endfacet
  facet normal 0.980815 0.19494 -6.51317e-19
    outer loop
      vertex 22.2478 26.7765 2.5
      vertex 22.3243 26.3916 6.5
      vertex 22.3243 26.3916 2.5
    endloop
  endfacet
  facet normal 0.997853 0.0654873 -1.39184e-19
    outer loop
      vertex 22.35 26 6.5
      vertex 22.3243 26.3916 2.5
      vertex 22.3243 26.3916 6.5
    endloop
  endfacet
  facet normal 0.997853 0.0654873 -1.39184e-19
    outer loop
      vertex 22.3243 26.3916 2.5
      vertex 22.35 26 6.5
      vertex 22.35 26 2.5
    endloop
  endfacet
  facet normal 0.980815 -0.19494 6.51317e-19
    outer loop
      vertex 22.2478 25.2235 6.5
      vertex 22.3243 25.6084 2.5
      vertex 22.3243 25.6084 6.5
    endloop
  endfacet
  facet normal 0.980815 -0.19494 6.51317e-19
    outer loop
      vertex 22.3243 25.6084 2.5
      vertex 22.2478 25.2235 6.5
      vertex 22.2478 25.2235 2.5
    endloop
  endfacet
  facet normal -0.751724 -0.659478 -1.42643e-18
    outer loop
      vertex 17.2287 23.8787 2.5
      vertex 16.9699 24.1737 6.5
      vertex 16.9699 24.1737 2.5
    endloop
  endfacet
  facet normal -0.751724 -0.659478 -1.42643e-18
    outer loop
      vertex 16.9699 24.1737 6.5
      vertex 17.2287 23.8787 2.5
      vertex 17.2287 23.8787 6.5
    endloop
  endfacet
  facet normal 0 0 1
    outer loop
      vertex 20.75 26 6.5
      vertex 22.35 26 6.5
      vertex 22.3243 26.3916 6.5
    endloop
  endfacet
  facet normal 0 0 1
    outer loop
      vertex 20.738 26.1827 6.5
      vertex 22.3243 26.3916 6.5
      vertex 22.2478 26.7765 6.5
    endloop
  endfacet
  facet normal 0 0 1
    outer loop
      vertex 22.35 26 6.5
      vertex 20.75 26 6.5
      vertex 22.3243 25.6084 6.5
    endloop
  endfacet
  facet normal 0 0 1
    outer loop
      vertex 20.7023 26.3623 6.5
      vertex 22.2478 26.7765 6.5
      vertex 22.1216 27.148 6.5
    endloop
  endfacet
  facet normal -0 0 1
    outer loop
      vertex 20.738 25.8173 6.5
      vertex 22.3243 25.6084 6.5
      vertex 20.75 26 6.5
    endloop
  endfacet
  facet normal 0 0 1
    outer loop
      vertex 20.6434 26.5358 6.5
      vertex 22.1216 27.148 6.5
      vertex 21.9481 27.5 6.5
    endloop
  endfacet
  facet normal 0 0 1
    outer loop
      vertex 22.3243 25.6084 6.5
      vertex 20.738 25.8173 6.5
      vertex 22.2478 25.2235 6.5
    endloop
  endfacet
  facet normal 0 0 1
    outer loop
      vertex 20.5624 26.7 6.5
      vertex 21.9481 27.5 6.5
      vertex 21.7301 27.8263 6.5
    endloop
  endfacet
  facet normal -0 0 1
    outer loop
      vertex 20.7023 25.6377 6.5
      vertex 22.2478 25.2235 6.5
      vertex 20.738 25.8173 6.5
    endloop
  endfacet
  facet normal 0 0 1
    outer loop
      vertex 20.4607 26.8523 6.5
      vertex 21.7301 27.8263 6.5
      vertex 21.4713 28.1213 6.5
    endloop
  endfacet
  facet normal 0 0 1
    outer loop
      vertex 22.2478 25.2235 6.5
      vertex 20.7023 25.6377 6.5
      vertex 22.1216 24.852 6.5
    endloop
  endfacet
  facet normal 0 0 1
    outer loop
      vertex 20.3399 26.9899 6.5
      vertex 21.4713 28.1213 6.5
      vertex 21.1763 28.3801 6.5
    endloop
  endfacet
  facet normal -0 0 1
    outer loop
      vertex 20.6434 25.4642 6.5
      vertex 22.1216 24.852 6.5
      vertex 20.7023 25.6377 6.5
    endloop
  endfacet
  facet normal 0 0 1
    outer loop
      vertex 20.2023 27.1107 6.5
      vertex 21.1763 28.3801 6.5
      vertex 20.85 28.5981 6.5
    endloop
  endfacet
  facet normal 0 0 1
    outer loop
      vertex 22.1216 24.852 6.5
      vertex 20.6434 25.4642 6.5
      vertex 21.9481 24.5 6.5
    endloop
  endfacet
  facet normal -0 0 1
    outer loop
      vertex 20.5624 25.3 6.5
      vertex 21.9481 24.5 6.5
      vertex 20.6434 25.4642 6.5
    endloop
  endfacet
  facet normal 0 0 1
    outer loop
      vertex 22.3243 26.3916 6.5
      vertex 20.738 26.1827 6.5
      vertex 20.75 26 6.5
    endloop
  endfacet
  facet normal 0 0 1
    outer loop
      vertex 22.2478 26.7765 6.5
      vertex 20.7023 26.3623 6.5
      vertex 20.738 26.1827 6.5
    endloop
  endfacet
  facet normal 0 0 1
    outer loop
      vertex 22.1216 27.148 6.5
      vertex 20.6434 26.5358 6.5
      vertex 20.7023 26.3623 6.5
    endloop
  endfacet
  facet normal 0 0 1
    outer loop
      vertex 21.9481 27.5 6.5
      vertex 20.5624 26.7 6.5
      vertex 20.6434 26.5358 6.5
    endloop
  endfacet
  facet normal 0 0 1
    outer loop
      vertex 20.05 27.2124 6.5
      vertex 20.85 28.5981 6.5
      vertex 20.498 28.7716 6.5
    endloop
  endfacet
  facet normal 0 0 1
    outer loop
      vertex 21.7301 27.8263 6.5
      vertex 20.4607 26.8523 6.5
      vertex 20.5624 26.7 6.5
    endloop
  endfacet
  facet normal 0 0 1
    outer loop
      vertex 21.4713 28.1213 6.5
      vertex 20.3399 26.9899 6.5
      vertex 20.4607 26.8523 6.5
    endloop
  endfacet
  facet normal 0 0 1
    outer loop
      vertex 21.1763 28.3801 6.5
      vertex 20.2023 27.1107 6.5
      vertex 20.3399 26.9899 6.5
    endloop
  endfacet
  facet normal 0 0 1
    outer loop
      vertex 19.8858 27.2934 6.5
      vertex 20.498 28.7716 6.5
      vertex 20.1265 28.8978 6.5
    endloop
  endfacet
  facet normal 0 0 1
    outer loop
      vertex 20.85 28.5981 6.5
      vertex 20.05 27.2124 6.5
      vertex 20.2023 27.1107 6.5
    endloop
  endfacet
  facet normal 0 0 1
    outer loop
      vertex 20.498 28.7716 6.5
      vertex 19.8858 27.2934 6.5
      vertex 20.05 27.2124 6.5
    endloop
  endfacet
  facet normal 0 0 1
    outer loop
      vertex 19.7123 27.3523 6.5
      vertex 20.1265 28.8978 6.5
      vertex 19.7416 28.9743 6.5
    endloop
  endfacet
  facet normal 0 0 1
    outer loop
      vertex 20.1265 28.8978 6.5
      vertex 19.7123 27.3523 6.5
      vertex 19.8858 27.2934 6.5
    endloop
  endfacet
  facet normal 0 0 1
    outer loop
      vertex 19.7416 28.9743 6.5
      vertex 19.5327 27.388 6.5
      vertex 19.7123 27.3523 6.5
    endloop
  endfacet
  facet normal 0 0 1
    outer loop
      vertex 19.35 29 6.5
      vertex 19.5327 27.388 6.5
      vertex 19.7416 28.9743 6.5
    endloop
  endfacet
  facet normal 0 0 1
    outer loop
      vertex 19.35 29 6.5
      vertex 19.35 27.4 6.5
      vertex 19.5327 27.388 6.5
    endloop
  endfacet
  facet normal 0 0 1
    outer loop
      vertex 19.35 29 6.5
      vertex 19.1673 27.388 6.5
      vertex 19.35 27.4 6.5
    endloop
  endfacet
  facet normal -0 0 1
    outer loop
      vertex 18.9584 28.9743 6.5
      vertex 19.1673 27.388 6.5
      vertex 19.35 29 6.5
    endloop
  endfacet
  facet normal 0 0 1
    outer loop
      vertex 19.1673 27.388 6.5
      vertex 18.9584 28.9743 6.5
      vertex 18.9877 27.3523 6.5
    endloop
  endfacet
  facet normal -0 0 1
    outer loop
      vertex 18.5735 28.8978 6.5
      vertex 18.9877 27.3523 6.5
      vertex 18.9584 28.9743 6.5
    endloop
  endfacet
  facet normal 0 0 1
    outer loop
      vertex 18.9877 27.3523 6.5
      vertex 18.5735 28.8978 6.5
      vertex 18.8142 27.2934 6.5
    endloop
  endfacet
  facet normal -0 0 1
    outer loop
      vertex 18.202 28.7716 6.5
      vertex 18.8142 27.2934 6.5
      vertex 18.5735 28.8978 6.5
    endloop
  endfacet
  facet normal 0 0 1
    outer loop
      vertex 18.8142 27.2934 6.5
      vertex 18.202 28.7716 6.5
      vertex 18.65 27.2124 6.5
    endloop
  endfacet
  facet normal -0 0 1
    outer loop
      vertex 17.85 28.5981 6.5
      vertex 18.65 27.2124 6.5
      vertex 18.202 28.7716 6.5
    endloop
  endfacet
  facet normal 0 0 1
    outer loop
      vertex 18.65 27.2124 6.5
      vertex 17.85 28.5981 6.5
      vertex 18.4977 27.1107 6.5
    endloop
  endfacet
  facet normal -0 0 1
    outer loop
      vertex 17.5237 28.3801 6.5
      vertex 18.4977 27.1107 6.5
      vertex 17.85 28.5981 6.5
    endloop
  endfacet
  facet normal 0 0 1
    outer loop
      vertex 18.4977 27.1107 6.5
      vertex 17.5237 28.3801 6.5
      vertex 18.3601 26.9899 6.5
    endloop
  endfacet
  facet normal -0 0 1
    outer loop
      vertex 17.2287 28.1213 6.5
      vertex 18.3601 26.9899 6.5
      vertex 17.5237 28.3801 6.5
    endloop
  endfacet
  facet normal 0 0 1
    outer loop
      vertex 18.3601 26.9899 6.5
      vertex 17.2287 28.1213 6.5
      vertex 18.2393 26.8523 6.5
    endloop
  endfacet
  facet normal -0 0 1
    outer loop
      vertex 16.9699 27.8263 6.5
      vertex 18.2393 26.8523 6.5
      vertex 17.2287 28.1213 6.5
    endloop
  endfacet
  facet normal -0 0 1
    outer loop
      vertex 16.7519 27.5 6.5
      vertex 18.1376 26.7 6.5
      vertex 16.9699 27.8263 6.5
    endloop
  endfacet
  facet normal 0 0 1
    outer loop
      vertex 18.2393 26.8523 6.5
      vertex 16.9699 27.8263 6.5
      vertex 18.1376 26.7 6.5
    endloop
  endfacet
  facet normal 0 0 1
    outer loop
      vertex 21.9481 24.5 6.5
      vertex 20.5624 25.3 6.5
      vertex 21.7301 24.1737 6.5
    endloop
  endfacet
  facet normal -0 0 1
    outer loop
      vertex 20.4607 25.1477 6.5
      vertex 21.7301 24.1737 6.5
      vertex 20.5624 25.3 6.5
    endloop
  endfacet
  facet normal 0 0 1
    outer loop
      vertex 21.7301 24.1737 6.5
      vertex 20.4607 25.1477 6.5
      vertex 21.4713 23.8787 6.5
    endloop
  endfacet
  facet normal -0 0 1
    outer loop
      vertex 20.3399 25.0101 6.5
      vertex 21.4713 23.8787 6.5
      vertex 20.4607 25.1477 6.5
    endloop
  endfacet
  facet normal 0 0 1
    outer loop
      vertex 21.4713 23.8787 6.5
      vertex 20.3399 25.0101 6.5
      vertex 21.1763 23.6199 6.5
    endloop
  endfacet
  facet normal -0 0 1
    outer loop
      vertex 20.2023 24.8893 6.5
      vertex 21.1763 23.6199 6.5
      vertex 20.3399 25.0101 6.5
    endloop
  endfacet
  facet normal 0 0 1
    outer loop
      vertex 21.1763 23.6199 6.5
      vertex 20.2023 24.8893 6.5
      vertex 20.85 23.4019 6.5
    endloop
  endfacet
  facet normal -0 0 1
    outer loop
      vertex 20.05 24.7876 6.5
      vertex 20.85 23.4019 6.5
      vertex 20.2023 24.8893 6.5
    endloop
  endfacet
  facet normal 0 0 1
    outer loop
      vertex 20.85 23.4019 6.5
      vertex 20.05 24.7876 6.5
      vertex 20.498 23.2284 6.5
    endloop
  endfacet
  facet normal -0 0 1
    outer loop
      vertex 19.8858 24.7066 6.5
      vertex 20.498 23.2284 6.5
      vertex 20.05 24.7876 6.5
    endloop
  endfacet
  facet normal 0 0 1
    outer loop
      vertex 20.498 23.2284 6.5
      vertex 19.8858 24.7066 6.5
      vertex 20.1265 23.1022 6.5
    endloop
  endfacet
  facet normal -0 0 1
    outer loop
      vertex 19.7123 24.6477 6.5
      vertex 20.1265 23.1022 6.5
      vertex 19.8858 24.7066 6.5
    endloop
  endfacet
  facet normal 0 0 1
    outer loop
      vertex 20.1265 23.1022 6.5
      vertex 19.7123 24.6477 6.5
      vertex 19.7416 23.0257 6.5
    endloop
  endfacet
  facet normal -0 0 1
    outer loop
      vertex 19.5327 24.612 6.5
      vertex 19.7416 23.0257 6.5
      vertex 19.7123 24.6477 6.5
    endloop
  endfacet
  facet normal -0 0 1
    outer loop
      vertex 19.35 24.6 6.5
      vertex 19.7416 23.0257 6.5
      vertex 19.5327 24.612 6.5
    endloop
  endfacet
  facet normal 0 0 1
    outer loop
      vertex 19.35 24.6 6.5
      vertex 19.35 23 6.5
      vertex 19.7416 23.0257 6.5
    endloop
  endfacet
  facet normal 0 0 1
    outer loop
      vertex 19.1673 24.612 6.5
      vertex 19.35 23 6.5
      vertex 19.35 24.6 6.5
    endloop
  endfacet
  facet normal 0 0 1
    outer loop
      vertex 18.9584 23.0257 6.5
      vertex 19.1673 24.612 6.5
      vertex 18.9877 24.6477 6.5
    endloop
  endfacet
  facet normal 0 0 1
    outer loop
      vertex 19.1673 24.612 6.5
      vertex 18.9584 23.0257 6.5
      vertex 19.35 23 6.5
    endloop
  endfacet
  facet normal 0 0 1
    outer loop
      vertex 18.5735 23.1022 6.5
      vertex 18.9877 24.6477 6.5
      vertex 18.8142 24.7066 6.5
    endloop
  endfacet
  facet normal 0 0 1
    outer loop
      vertex 18.202 23.2284 6.5
      vertex 18.8142 24.7066 6.5
      vertex 18.65 24.7876 6.5
    endloop
  endfacet
  facet normal 0 0 1
    outer loop
      vertex 18.9877 24.6477 6.5
      vertex 18.5735 23.1022 6.5
      vertex 18.9584 23.0257 6.5
    endloop
  endfacet
  facet normal 0 0 1
    outer loop
      vertex 17.85 23.4019 6.5
      vertex 18.65 24.7876 6.5
      vertex 18.4977 24.8893 6.5
    endloop
  endfacet
  facet normal 0 0 1
    outer loop
      vertex 17.5237 23.6199 6.5
      vertex 18.4977 24.8893 6.5
      vertex 18.3601 25.0101 6.5
    endloop
  endfacet
  facet normal 0 0 1
    outer loop
      vertex 17.2287 23.8787 6.5
      vertex 18.3601 25.0101 6.5
      vertex 18.2393 25.1477 6.5
    endloop
  endfacet
  facet normal 0 0 1
    outer loop
      vertex 18.8142 24.7066 6.5
      vertex 18.202 23.2284 6.5
      vertex 18.5735 23.1022 6.5
    endloop
  endfacet
  facet normal 0 0 1
    outer loop
      vertex 16.9699 24.1737 6.5
      vertex 18.2393 25.1477 6.5
      vertex 18.1376 25.3 6.5
    endloop
  endfacet
  facet normal 0 0 1
    outer loop
      vertex 16.7519 24.5 6.5
      vertex 18.1376 25.3 6.5
      vertex 18.0566 25.4642 6.5
    endloop
  endfacet
  facet normal 0 0 1
    outer loop
      vertex 16.5784 24.852 6.5
      vertex 18.0566 25.4642 6.5
      vertex 17.9977 25.6377 6.5
    endloop
  endfacet
  facet normal 0 0 1
    outer loop
      vertex 16.4522 25.2235 6.5
      vertex 17.9977 25.6377 6.5
      vertex 17.962 25.8173 6.5
    endloop
  endfacet
  facet normal 0 0 1
    outer loop
      vertex 18.65 24.7876 6.5
      vertex 17.85 23.4019 6.5
      vertex 18.202 23.2284 6.5
    endloop
  endfacet
  facet normal 0 0 1
    outer loop
      vertex 16.3757 25.6084 6.5
      vertex 17.962 25.8173 6.5
      vertex 17.95 26 6.5
    endloop
  endfacet
  facet normal 0 0 1
    outer loop
      vertex 18.1376 26.7 6.5
      vertex 16.7519 27.5 6.5
      vertex 18.0566 26.5358 6.5
    endloop
  endfacet
  facet normal -0 0 1
    outer loop
      vertex 16.5784 27.148 6.5
      vertex 18.0566 26.5358 6.5
      vertex 16.7519 27.5 6.5
    endloop
  endfacet
  facet normal 0 0 1
    outer loop
      vertex 18.4977 24.8893 6.5
      vertex 17.5237 23.6199 6.5
      vertex 17.85 23.4019 6.5
    endloop
  endfacet
  facet normal 0 0 1
    outer loop
      vertex 18.0566 26.5358 6.5
      vertex 16.5784 27.148 6.5
      vertex 17.9977 26.3623 6.5
    endloop
  endfacet
  facet normal 0 0 1
    outer loop
      vertex 18.3601 25.0101 6.5
      vertex 17.2287 23.8787 6.5
      vertex 17.5237 23.6199 6.5
    endloop
  endfacet
  facet normal -0 0 1
    outer loop
      vertex 16.4522 26.7765 6.5
      vertex 17.9977 26.3623 6.5
      vertex 16.5784 27.148 6.5
    endloop
  endfacet
  facet normal 0 0 1
    outer loop
      vertex 18.2393 25.1477 6.5
      vertex 16.9699 24.1737 6.5
      vertex 17.2287 23.8787 6.5
    endloop
  endfacet
  facet normal 0 0 1
    outer loop
      vertex 17.9977 26.3623 6.5
      vertex 16.4522 26.7765 6.5
      vertex 17.962 26.1827 6.5
    endloop
  endfacet
  facet normal 0 0 1
    outer loop
      vertex 18.1376 25.3 6.5
      vertex 16.7519 24.5 6.5
      vertex 16.9699 24.1737 6.5
    endloop
  endfacet
  facet normal -0 0 1
    outer loop
      vertex 16.3757 26.3916 6.5
      vertex 17.962 26.1827 6.5
      vertex 16.4522 26.7765 6.5
    endloop
  endfacet
  facet normal 0 0 1
    outer loop
      vertex 18.0566 25.4642 6.5
      vertex 16.5784 24.852 6.5
      vertex 16.7519 24.5 6.5
    endloop
  endfacet
  facet normal 0 0 1
    outer loop
      vertex 17.962 26.1827 6.5
      vertex 16.3757 26.3916 6.5
      vertex 17.95 26 6.5
    endloop
  endfacet
  facet normal 0 0 1
    outer loop
      vertex 17.9977 25.6377 6.5
      vertex 16.4522 25.2235 6.5
      vertex 16.5784 24.852 6.5
    endloop
  endfacet
  facet normal 0 0 1
    outer loop
      vertex 16.35 26 6.5
      vertex 17.95 26 6.5
      vertex 16.3757 26.3916 6.5
    endloop
  endfacet
  facet normal 0 0 1
    outer loop
      vertex 17.962 25.8173 6.5
      vertex 16.3757 25.6084 6.5
      vertex 16.4522 25.2235 6.5
    endloop
  endfacet
  facet normal 0 0 1
    outer loop
      vertex 17.95 26 6.5
      vertex 16.35 26 6.5
      vertex 16.3757 25.6084 6.5
    endloop
  endfacet
  facet normal 0.831501 0.555523 -3.78167e-18
    outer loop
      vertex 21.9481 27.5 6.5
      vertex 21.7301 27.8263 2.5
      vertex 21.7301 27.8263 6.5
    endloop
  endfacet
  facet normal 0.831501 0.555523 -3.78167e-18
    outer loop
      vertex 21.7301 27.8263 2.5
      vertex 21.9481 27.5 6.5
      vertex 21.9481 27.5 2.5
    endloop
  endfacet
  facet normal 0.555523 0.831501 -0
    outer loop
      vertex 21.1763 28.3801 2.5
      vertex 20.85 28.5981 6.5
      vertex 21.1763 28.3801 6.5
    endloop
  endfacet
  facet normal 0.555523 0.831501 0
    outer loop
      vertex 20.85 28.5981 6.5
      vertex 21.1763 28.3801 2.5
      vertex 20.85 28.5981 2.5
    endloop
  endfacet
  facet normal 0.896961 -0.44211 -9.14067e-19
    outer loop
      vertex 21.9481 24.5 6.5
      vertex 22.1216 24.852 2.5
      vertex 22.1216 24.852 6.5
    endloop
  endfacet
  facet normal 0.896961 -0.44211 -9.14067e-19
    outer loop
      vertex 22.1216 24.852 2.5
      vertex 21.9481 24.5 6.5
      vertex 21.9481 24.5 2.5
    endloop
  endfacet
  facet normal 0.997853 -0.0654873 1.39184e-19
    outer loop
      vertex 22.3243 25.6084 6.5
      vertex 22.35 26 2.5
      vertex 22.35 26 6.5
    endloop
  endfacet
  facet normal 0.997853 -0.0654873 1.39184e-19
    outer loop
      vertex 22.35 26 2.5
      vertex 22.3243 25.6084 6.5
      vertex 22.3243 25.6084 2.5
    endloop
  endfacet
  facet normal 0.321651 0.946858 -0
    outer loop
      vertex 20.498 28.7716 2.5
      vertex 20.1265 28.8978 6.5
      vertex 20.498 28.7716 6.5
    endloop
  endfacet
  facet normal 0.321651 0.946858 0
    outer loop
      vertex 20.1265 28.8978 6.5
      vertex 20.498 28.7716 2.5
      vertex 20.1265 28.8978 2.5
    endloop
  endfacet
  facet normal -0.896961 0.44211 -9.14067e-19
    outer loop
      vertex 16.5784 27.148 2.5
      vertex 16.7519 27.5 6.5
      vertex 16.7519 27.5 2.5
    endloop
  endfacet
  facet normal -0.896961 0.44211 -9.14067e-19
    outer loop
      vertex 16.7519 27.5 6.5
      vertex 16.5784 27.148 2.5
      vertex 16.5784 27.148 6.5
    endloop
  endfacet
  facet normal -0.659478 0.751724 0
    outer loop
      vertex 17.5237 28.3801 2.5
      vertex 17.2287 28.1213 6.5
      vertex 17.5237 28.3801 6.5
    endloop
  endfacet
  facet normal -0.659478 0.751724 0
    outer loop
      vertex 17.2287 28.1213 6.5
      vertex 17.5237 28.3801 2.5
      vertex 17.2287 28.1213 2.5
    endloop
  endfacet
  facet normal 0.321651 -0.946858 0
    outer loop
      vertex 20.1265 23.1022 2.5
      vertex 20.498 23.2284 6.5
      vertex 20.1265 23.1022 6.5
    endloop
  endfacet
  facet normal 0.321651 -0.946858 0
    outer loop
      vertex 20.498 23.2284 6.5
      vertex 20.1265 23.1022 2.5
      vertex 20.498 23.2284 2.5
    endloop
  endfacet
  facet normal -0.997853 -0.0654873 -1.42721e-19
    outer loop
      vertex 16.3757 25.6084 2.5
      vertex 16.35 26 6.5
      vertex 16.35 26 2.5
    endloop
  endfacet
  facet normal -0.997853 -0.0654873 -1.42721e-19
    outer loop
      vertex 16.35 26 6.5
      vertex 16.3757 25.6084 2.5
      vertex 16.3757 25.6084 6.5
    endloop
  endfacet
  facet normal -0.659478 -0.751724 0
    outer loop
      vertex 17.2287 23.8787 2.5
      vertex 17.5237 23.6199 6.5
      vertex 17.2287 23.8787 6.5
    endloop
  endfacet
  facet normal -0.659478 -0.751724 -0
    outer loop
      vertex 17.5237 23.6199 6.5
      vertex 17.2287 23.8787 2.5
      vertex 17.5237 23.6199 2.5
    endloop
  endfacet
  facet normal -0.321651 0.946858 0
    outer loop
      vertex 18.5735 28.8978 2.5
      vertex 18.202 28.7716 6.5
      vertex 18.5735 28.8978 6.5
    endloop
  endfacet
  facet normal -0.321651 0.946858 0
    outer loop
      vertex 18.202 28.7716 6.5
      vertex 18.5735 28.8978 2.5
      vertex 18.202 28.7716 2.5
    endloop
  endfacet
  facet normal -0.831501 -0.555523 -3.78167e-18
    outer loop
      vertex 16.9699 24.1737 2.5
      vertex 16.7519 24.5 6.5
      vertex 16.7519 24.5 2.5
    endloop
  endfacet
  facet normal -0.831501 -0.555523 -3.78167e-18
    outer loop
      vertex 16.7519 24.5 6.5
      vertex 16.9699 24.1737 2.5
      vertex 16.9699 24.1737 6.5
    endloop
  endfacet
  facet normal -0.555523 0.831501 0
    outer loop
      vertex 17.85 28.5981 2.5
      vertex 17.5237 28.3801 6.5
      vertex 17.85 28.5981 6.5
    endloop
  endfacet
  facet normal -0.555523 0.831501 0
    outer loop
      vertex 17.5237 28.3801 6.5
      vertex 17.85 28.5981 2.5
      vertex 17.5237 28.3801 2.5
    endloop
  endfacet
  facet normal -0.997853 0.0654873 1.42721e-19
    outer loop
      vertex 16.35 26 2.5
      vertex 16.3757 26.3916 6.5
      vertex 16.3757 26.3916 2.5
    endloop
  endfacet
  facet normal -0.997853 0.0654873 1.42721e-19
    outer loop
      vertex 16.3757 26.3916 6.5
      vertex 16.35 26 2.5
      vertex 16.35 26 6.5
    endloop
  endfacet
  facet normal 0.19494 0.980815 -0
    outer loop
      vertex 20.1265 28.8978 2.5
      vertex 19.7416 28.9743 6.5
      vertex 20.1265 28.8978 6.5
    endloop
  endfacet
  facet normal 0.19494 0.980815 0
    outer loop
      vertex 19.7416 28.9743 6.5
      vertex 20.1265 28.8978 2.5
      vertex 19.7416 28.9743 2.5
    endloop
  endfacet
  facet normal -0.44211 0.896961 0
    outer loop
      vertex 18.202 28.7716 2.5
      vertex 17.85 28.5981 6.5
      vertex 18.202 28.7716 6.5
    endloop
  endfacet
  facet normal -0.44211 0.896961 0
    outer loop
      vertex 17.85 28.5981 6.5
      vertex 18.202 28.7716 2.5
      vertex 17.85 28.5981 2.5
    endloop
  endfacet
  facet normal 0.0654873 -0.997853 0
    outer loop
      vertex 19.35 23 2.5
      vertex 19.7416 23.0257 6.5
      vertex 19.35 23 6.5
    endloop
  endfacet
  facet normal 0.0654873 -0.997853 0
    outer loop
      vertex 19.7416 23.0257 6.5
      vertex 19.35 23 2.5
      vertex 19.7416 23.0257 2.5
    endloop
  endfacet
  facet normal 0.659478 -0.751724 0
    outer loop
      vertex 21.1763 23.6199 2.5
      vertex 21.4713 23.8787 6.5
      vertex 21.1763 23.6199 6.5
    endloop
  endfacet
  facet normal 0.659478 -0.751724 0
    outer loop
      vertex 21.4713 23.8787 6.5
      vertex 21.1763 23.6199 2.5
      vertex 21.4713 23.8787 2.5
    endloop
  endfacet
  facet normal -0.946858 -0.321651 9.45111e-21
    outer loop
      vertex 16.5784 24.852 2.5
      vertex 16.4522 25.2235 6.5
      vertex 16.4522 25.2235 2.5
    endloop
  endfacet
  facet normal -0.946858 -0.321651 9.45111e-21
    outer loop
      vertex 16.4522 25.2235 6.5
      vertex 16.5784 24.852 2.5
      vertex 16.5784 24.852 6.5
    endloop
  endfacet
  facet normal 0.946858 -0.321651 9.10193e-19
    outer loop
      vertex 22.1216 24.852 6.5
      vertex 22.2478 25.2235 2.5
      vertex 22.2478 25.2235 6.5
    endloop
  endfacet
  facet normal 0.946858 -0.321651 9.10193e-19
    outer loop
      vertex 22.2478 25.2235 2.5
      vertex 22.1216 24.852 6.5
      vertex 22.1216 24.852 2.5
    endloop
  endfacet
  facet normal 0.44211 0.896961 -0
    outer loop
      vertex 20.85 28.5981 2.5
      vertex 20.498 28.7716 6.5
      vertex 20.85 28.5981 6.5
    endloop
  endfacet
  facet normal 0.44211 0.896961 0
    outer loop
      vertex 20.498 28.7716 6.5
      vertex 20.85 28.5981 2.5
      vertex 20.498 28.7716 2.5
    endloop
  endfacet
  facet normal -0.19494 0.980815 0
    outer loop
      vertex 18.9584 28.9743 2.5
      vertex 18.5735 28.8978 6.5
      vertex 18.9584 28.9743 6.5
    endloop
  endfacet
  facet normal -0.19494 0.980815 0
    outer loop
      vertex 18.5735 28.8978 6.5
      vertex 18.9584 28.9743 2.5
      vertex 18.5735 28.8978 2.5
    endloop
  endfacet
  facet normal 0.751724 0.659478 -1.42643e-18
    outer loop
      vertex 21.7301 27.8263 6.5
      vertex 21.4713 28.1213 2.5
      vertex 21.4713 28.1213 6.5
    endloop
  endfacet
  facet normal 0.751724 0.659478 -1.42643e-18
    outer loop
      vertex 21.4713 28.1213 2.5
      vertex 21.7301 27.8263 6.5
      vertex 21.7301 27.8263 2.5
    endloop
  endfacet
  facet normal 0.751724 -0.659478 1.42643e-18
    outer loop
      vertex 21.4713 23.8787 6.5
      vertex 21.7301 24.1737 2.5
      vertex 21.7301 24.1737 6.5
    endloop
  endfacet
  facet normal 0.751724 -0.659478 1.42643e-18
    outer loop
      vertex 21.7301 24.1737 2.5
      vertex 21.4713 23.8787 6.5
      vertex 21.4713 23.8787 2.5
    endloop
  endfacet
  facet normal -0.44211 -0.896961 0
    outer loop
      vertex 17.85 23.4019 2.5
      vertex 18.202 23.2284 6.5
      vertex 17.85 23.4019 6.5
    endloop
  endfacet
  facet normal -0.44211 -0.896961 -0
    outer loop
      vertex 18.202 23.2284 6.5
      vertex 17.85 23.4019 2.5
      vertex 18.202 23.2284 2.5
    endloop
  endfacet
  facet normal -0.946858 0.321651 -9.45111e-21
    outer loop
      vertex 16.4522 26.7765 2.5
      vertex 16.5784 27.148 6.5
      vertex 16.5784 27.148 2.5
    endloop
  endfacet
  facet normal -0.946858 0.321651 -9.45111e-21
    outer loop
      vertex 16.5784 27.148 6.5
      vertex 16.4522 26.7765 2.5
      vertex 16.4522 26.7765 6.5
    endloop
  endfacet
  facet normal 0.19494 -0.980815 0
    outer loop
      vertex 19.7416 23.0257 2.5
      vertex 20.1265 23.1022 6.5
      vertex 19.7416 23.0257 6.5
    endloop
  endfacet
  facet normal 0.19494 -0.980815 0
    outer loop
      vertex 20.1265 23.1022 6.5
      vertex 19.7416 23.0257 2.5
      vertex 20.1265 23.1022 2.5
    endloop
  endfacet
  facet normal 0.44211 -0.896961 0
    outer loop
      vertex 20.498 23.2284 2.5
      vertex 20.85 23.4019 6.5
      vertex 20.498 23.2284 6.5
    endloop
  endfacet
  facet normal 0.44211 -0.896961 0
    outer loop
      vertex 20.85 23.4019 6.5
      vertex 20.498 23.2284 2.5
      vertex 20.85 23.4019 2.5
    endloop
  endfacet
  facet normal -0.751724 0.659478 1.42643e-18
    outer loop
      vertex 16.9699 27.8263 2.5
      vertex 17.2287 28.1213 6.5
      vertex 17.2287 28.1213 2.5
    endloop
  endfacet
  facet normal -0.751724 0.659478 1.42643e-18
    outer loop
      vertex 17.2287 28.1213 6.5
      vertex 16.9699 27.8263 2.5
      vertex 16.9699 27.8263 6.5
    endloop
  endfacet
  facet normal 0.659478 0.751724 -0
    outer loop
      vertex 21.4713 28.1213 2.5
      vertex 21.1763 28.3801 6.5
      vertex 21.4713 28.1213 6.5
    endloop
  endfacet
  facet normal 0.659478 0.751724 0
    outer loop
      vertex 21.1763 28.3801 6.5
      vertex 21.4713 28.1213 2.5
      vertex 21.1763 28.3801 2.5
    endloop
  endfacet
  facet normal -0.896961 -0.44211 9.14067e-19
    outer loop
      vertex 16.7519 24.5 2.5
      vertex 16.5784 24.852 6.5
      vertex 16.5784 24.852 2.5
    endloop
  endfacet
  facet normal -0.896961 -0.44211 9.14067e-19
    outer loop
      vertex 16.5784 24.852 6.5
      vertex 16.7519 24.5 2.5
      vertex 16.7519 24.5 6.5
    endloop
  endfacet
  facet normal 0.831501 -0.555523 3.78167e-18
    outer loop
      vertex 21.7301 24.1737 6.5
      vertex 21.9481 24.5 2.5
      vertex 21.9481 24.5 6.5
    endloop
  endfacet
  facet normal 0.831501 -0.555523 3.78167e-18
    outer loop
      vertex 21.9481 24.5 2.5
      vertex 21.7301 24.1737 6.5
      vertex 21.7301 24.1737 2.5
    endloop
  endfacet
  facet normal 0.896961 0.44211 9.14067e-19
    outer loop
      vertex 22.1216 27.148 6.5
      vertex 21.9481 27.5 2.5
      vertex 21.9481 27.5 6.5
    endloop
  endfacet
  facet normal 0.896961 0.44211 9.14067e-19
    outer loop
      vertex 21.9481 27.5 2.5
      vertex 22.1216 27.148 6.5
      vertex 22.1216 27.148 2.5
    endloop
  endfacet
  facet normal -0.0654873 -0.997853 0
    outer loop
      vertex 18.9584 23.0257 2.5
      vertex 19.35 23 6.5
      vertex 18.9584 23.0257 6.5
    endloop
  endfacet
  facet normal -0.0654873 -0.997853 -0
    outer loop
      vertex 19.35 23 6.5
      vertex 18.9584 23.0257 2.5
      vertex 19.35 23 2.5
    endloop
  endfacet
  facet normal -0.555523 -0.831501 0
    outer loop
      vertex 17.5237 23.6199 2.5
      vertex 17.85 23.4019 6.5
      vertex 17.5237 23.6199 6.5
    endloop
  endfacet
  facet normal -0.555523 -0.831501 -0
    outer loop
      vertex 17.85 23.4019 6.5
      vertex 17.5237 23.6199 2.5
      vertex 17.85 23.4019 2.5
    endloop
  endfacet
  facet normal 0.555523 -0.831501 0
    outer loop
      vertex 20.85 23.4019 2.5
      vertex 21.1763 23.6199 6.5
      vertex 20.85 23.4019 6.5
    endloop
  endfacet
  facet normal 0.555523 -0.831501 0
    outer loop
      vertex 21.1763 23.6199 6.5
      vertex 20.85 23.4019 2.5
      vertex 21.1763 23.6199 2.5
    endloop
  endfacet
  facet normal 0.946858 0.321651 -9.10193e-19
    outer loop
      vertex 22.2478 26.7765 6.5
      vertex 22.1216 27.148 2.5
      vertex 22.1216 27.148 6.5
    endloop
  endfacet
  facet normal 0.946858 0.321651 -9.10193e-19
    outer loop
      vertex 22.1216 27.148 2.5
      vertex 22.2478 26.7765 6.5
      vertex 22.2478 26.7765 2.5
    endloop
  endfacet
  facet normal -0.980815 0.19494 9.55446e-19
    outer loop
      vertex 16.3757 26.3916 2.5
      vertex 16.4522 26.7765 6.5
      vertex 16.4522 26.7765 2.5
    endloop
  endfacet
  facet normal -0.980815 0.19494 9.55446e-19
    outer loop
      vertex 16.4522 26.7765 6.5
      vertex 16.3757 26.3916 2.5
      vertex 16.3757 26.3916 6.5
    endloop
  endfacet
  facet normal -0.0654873 0.997853 0
    outer loop
      vertex 19.35 29 2.5
      vertex 18.9584 28.9743 6.5
      vertex 19.35 29 6.5
    endloop
  endfacet
  facet normal -0.0654873 0.997853 0
    outer loop
      vertex 18.9584 28.9743 6.5
      vertex 19.35 29 2.5
      vertex 18.9584 28.9743 2.5
    endloop
  endfacet
  facet normal -0.321651 -0.946858 0
    outer loop
      vertex 18.202 23.2284 2.5
      vertex 18.5735 23.1022 6.5
      vertex 18.202 23.2284 6.5
    endloop
  endfacet
  facet normal -0.321651 -0.946858 -0
    outer loop
      vertex 18.5735 23.1022 6.5
      vertex 18.202 23.2284 2.5
      vertex 18.5735 23.1022 2.5
    endloop
  endfacet
  facet normal -0.980815 -0.19494 -9.55446e-19
    outer loop
      vertex 16.4522 25.2235 2.5
      vertex 16.3757 25.6084 6.5
      vertex 16.3757 25.6084 2.5
    endloop
  endfacet
  facet normal -0.980815 -0.19494 -9.55446e-19
    outer loop
      vertex 16.3757 25.6084 6.5
      vertex 16.4522 25.2235 2.5
      vertex 16.4522 25.2235 6.5
    endloop
  endfacet
  facet normal 0.0654873 0.997853 -0
    outer loop
      vertex 19.7416 28.9743 2.5
      vertex 19.35 29 6.5
      vertex 19.7416 28.9743 6.5
    endloop
  endfacet
  facet normal 0.0654873 0.997853 0
    outer loop
      vertex 19.35 29 6.5
      vertex 19.7416 28.9743 2.5
      vertex 19.35 29 2.5
    endloop
  endfacet
  facet normal -0.19494 -0.980815 0
    outer loop
      vertex 18.5735 23.1022 2.5
      vertex 18.9584 23.0257 6.5
      vertex 18.5735 23.1022 6.5
    endloop
  endfacet
  facet normal -0.19494 -0.980815 -0
    outer loop
      vertex 18.9584 23.0257 6.5
      vertex 18.5735 23.1022 2.5
      vertex 18.9584 23.0257 2.5
    endloop
  endfacet
  facet normal -0.831501 0.555523 3.78167e-18
    outer loop
      vertex 16.7519 27.5 2.5
      vertex 16.9699 27.8263 6.5
      vertex 16.9699 27.8263 2.5
    endloop
  endfacet
  facet normal -0.831501 0.555523 3.78167e-18
    outer loop
      vertex 16.9699 27.8263 6.5
      vertex 16.7519 27.5 2.5
      vertex 16.7519 27.5 6.5
    endloop
  endfacet
  facet normal -0.980811 0.194961 2.17702e-19
    outer loop
      vertex 20.7023 25.6377 2.5
      vertex 20.738 25.8173 6.5
      vertex 20.738 25.8173 2.5
    endloop
  endfacet
  facet normal -0.980811 0.194961 2.17702e-19
    outer loop
      vertex 20.738 25.8173 6.5
      vertex 20.7023 25.6377 2.5
      vertex 20.7023 25.6377 6.5
    endloop
  endfacet
  facet normal -0.980811 -0.194961 -2.17702e-19
    outer loop
      vertex 20.738 26.1827 2.5
      vertex 20.7023 26.3623 6.5
      vertex 20.7023 26.3623 2.5
    endloop
  endfacet
  facet normal -0.980811 -0.194961 -2.17702e-19
    outer loop
      vertex 20.7023 26.3623 6.5
      vertex 20.738 26.1827 2.5
      vertex 20.738 26.1827 6.5
    endloop
  endfacet
  facet normal -0.99785 -0.0655402 1.04909e-19
    outer loop
      vertex 20.75 26 2.5
      vertex 20.738 26.1827 6.5
      vertex 20.738 26.1827 2.5
    endloop
  endfacet
  facet normal -0.99785 -0.0655402 1.04909e-19
    outer loop
      vertex 20.738 26.1827 6.5
      vertex 20.75 26 2.5
      vertex 20.75 26 6.5
    endloop
  endfacet
  facet normal -0.946922 -0.321462 -4.54935e-19
    outer loop
      vertex 20.7023 26.3623 2.5
      vertex 20.6434 26.5358 6.5
      vertex 20.6434 26.5358 2.5
    endloop
  endfacet
  facet normal -0.946922 -0.321462 -4.54935e-19
    outer loop
      vertex 20.6434 26.5358 6.5
      vertex 20.7023 26.3623 2.5
      vertex 20.7023 26.3623 6.5
    endloop
  endfacet
  facet normal -0.442401 0.896817 0
    outer loop
      vertex 20.05 24.7876 2.5
      vertex 19.8858 24.7066 6.5
      vertex 20.05 24.7876 6.5
    endloop
  endfacet
  facet normal -0.442401 0.896817 0
    outer loop
      vertex 19.8858 24.7066 6.5
      vertex 20.05 24.7876 2.5
      vertex 19.8858 24.7066 2.5
    endloop
  endfacet
  facet normal -0.194961 -0.980811 0
    outer loop
      vertex 19.5327 27.388 2.5
      vertex 19.7123 27.3523 6.5
      vertex 19.5327 27.388 6.5
    endloop
  endfacet
  facet normal -0.194961 -0.980811 -0
    outer loop
      vertex 19.7123 27.3523 6.5
      vertex 19.5327 27.388 2.5
      vertex 19.7123 27.3523 2.5
    endloop
  endfacet
  facet normal -0.194961 0.980811 0
    outer loop
      vertex 19.7123 24.6477 2.5
      vertex 19.5327 24.612 6.5
      vertex 19.7123 24.6477 6.5
    endloop
  endfacet
  facet normal -0.194961 0.980811 0
    outer loop
      vertex 19.5327 24.612 6.5
      vertex 19.7123 24.6477 2.5
      vertex 19.5327 24.612 2.5
    endloop
  endfacet
  facet normal -0.0655402 0.99785 0
    outer loop
      vertex 19.5327 24.612 2.5
      vertex 19.35 24.6 6.5
      vertex 19.5327 24.612 6.5
    endloop
  endfacet
  facet normal -0.0655402 0.99785 0
    outer loop
      vertex 19.35 24.6 6.5
      vertex 19.5327 24.612 2.5
      vertex 19.35 24.6 2.5
    endloop
  endfacet
  facet normal 0.659741 -0.751493 0
    outer loop
      vertex 18.3601 26.9899 2.5
      vertex 18.4977 27.1107 6.5
      vertex 18.3601 26.9899 6.5
    endloop
  endfacet
  facet normal 0.659741 -0.751493 0
    outer loop
      vertex 18.4977 27.1107 6.5
      vertex 18.3601 26.9899 2.5
      vertex 18.4977 27.1107 2.5
    endloop
  endfacet
  facet normal 0.83163 -0.55533 -1.77887e-19
    outer loop
      vertex 18.1376 26.7 6.5
      vertex 18.2393 26.8523 2.5
      vertex 18.2393 26.8523 6.5
    endloop
  endfacet
  facet normal 0.83163 -0.55533 -1.77887e-19
    outer loop
      vertex 18.2393 26.8523 2.5
      vertex 18.1376 26.7 6.5
      vertex 18.1376 26.7 2.5
    endloop
  endfacet
  facet normal -0.321462 -0.946922 0
    outer loop
      vertex 19.7123 27.3523 2.5
      vertex 19.8858 27.2934 6.5
      vertex 19.7123 27.3523 6.5
    endloop
  endfacet
  facet normal -0.321462 -0.946922 -0
    outer loop
      vertex 19.8858 27.2934 6.5
      vertex 19.7123 27.3523 2.5
      vertex 19.8858 27.2934 2.5
    endloop
  endfacet
  facet normal -0.659741 0.751493 0
    outer loop
      vertex 20.3399 25.0101 2.5
      vertex 20.2023 24.8893 6.5
      vertex 20.3399 25.0101 6.5
    endloop
  endfacet
  facet normal -0.659741 0.751493 0
    outer loop
      vertex 20.2023 24.8893 6.5
      vertex 20.3399 25.0101 2.5
      vertex 20.2023 24.8893 2.5
    endloop
  endfacet
  facet normal 0.442401 -0.896817 0
    outer loop
      vertex 18.65 27.2124 2.5
      vertex 18.8142 27.2934 6.5
      vertex 18.65 27.2124 6.5
    endloop
  endfacet
  facet normal 0.442401 -0.896817 0
    outer loop
      vertex 18.8142 27.2934 6.5
      vertex 18.65 27.2124 2.5
      vertex 18.8142 27.2934 2.5
    endloop
  endfacet
  facet normal 0.0655402 0.99785 -0
    outer loop
      vertex 19.35 24.6 2.5
      vertex 19.1673 24.612 6.5
      vertex 19.35 24.6 6.5
    endloop
  endfacet
  facet normal 0.0655402 0.99785 0
    outer loop
      vertex 19.1673 24.612 6.5
      vertex 19.35 24.6 2.5
      vertex 19.1673 24.612 2.5
    endloop
  endfacet
  facet normal -0.751493 0.659741 1.88673e-18
    outer loop
      vertex 20.3399 25.0101 2.5
      vertex 20.4607 25.1477 6.5
      vertex 20.4607 25.1477 2.5
    endloop
  endfacet
  facet normal -0.751493 0.659741 1.88673e-18
    outer loop
      vertex 20.4607 25.1477 6.5
      vertex 20.3399 25.0101 2.5
      vertex 20.3399 25.0101 6.5
    endloop
  endfacet
  facet normal 0.946922 0.321462 -4.54935e-19
    outer loop
      vertex 18.0566 25.4642 6.5
      vertex 17.9977 25.6377 2.5
      vertex 17.9977 25.6377 6.5
    endloop
  endfacet
  facet normal 0.946922 0.321462 -4.54935e-19
    outer loop
      vertex 17.9977 25.6377 2.5
      vertex 18.0566 25.4642 6.5
      vertex 18.0566 25.4642 2.5
    endloop
  endfacet
  facet normal -0.321462 0.946922 0
    outer loop
      vertex 19.8858 24.7066 2.5
      vertex 19.7123 24.6477 6.5
      vertex 19.8858 24.7066 6.5
    endloop
  endfacet
  facet normal -0.321462 0.946922 0
    outer loop
      vertex 19.7123 24.6477 6.5
      vertex 19.8858 24.7066 2.5
      vertex 19.7123 24.6477 2.5
    endloop
  endfacet
  facet normal 0.321462 -0.946922 0
    outer loop
      vertex 18.8142 27.2934 2.5
      vertex 18.9877 27.3523 6.5
      vertex 18.8142 27.2934 6.5
    endloop
  endfacet
  facet normal 0.321462 -0.946922 0
    outer loop
      vertex 18.9877 27.3523 6.5
      vertex 18.8142 27.2934 2.5
      vertex 18.9877 27.3523 2.5
    endloop
  endfacet
  facet normal -0.751493 -0.659741 -1.88673e-18
    outer loop
      vertex 20.4607 26.8523 2.5
      vertex 20.3399 26.9899 6.5
      vertex 20.3399 26.9899 2.5
    endloop
  endfacet
  facet normal -0.751493 -0.659741 -1.88673e-18
    outer loop
      vertex 20.3399 26.9899 6.5
      vertex 20.4607 26.8523 2.5
      vertex 20.4607 26.8523 6.5
    endloop
  endfacet
  facet normal 0.55533 -0.83163 0
    outer loop
      vertex 18.4977 27.1107 2.5
      vertex 18.65 27.2124 6.5
      vertex 18.4977 27.1107 6.5
    endloop
  endfacet
  facet normal 0.55533 -0.83163 0
    outer loop
      vertex 18.65 27.2124 6.5
      vertex 18.4977 27.1107 2.5
      vertex 18.65 27.2124 2.5
    endloop
  endfacet
  facet normal 0.946922 -0.321462 4.54935e-19
    outer loop
      vertex 17.9977 26.3623 6.5
      vertex 18.0566 26.5358 2.5
      vertex 18.0566 26.5358 6.5
    endloop
  endfacet
  facet normal 0.946922 -0.321462 4.54935e-19
    outer loop
      vertex 18.0566 26.5358 2.5
      vertex 17.9977 26.3623 6.5
      vertex 17.9977 26.3623 2.5
    endloop
  endfacet
  facet normal -0.896817 -0.442401 9.81327e-19
    outer loop
      vertex 20.6434 26.5358 2.5
      vertex 20.5624 26.7 6.5
      vertex 20.5624 26.7 2.5
    endloop
  endfacet
  facet normal -0.896817 -0.442401 9.81327e-19
    outer loop
      vertex 20.5624 26.7 6.5
      vertex 20.6434 26.5358 2.5
      vertex 20.6434 26.5358 6.5
    endloop
  endfacet
  facet normal 0.194961 -0.980811 0
    outer loop
      vertex 18.9877 27.3523 2.5
      vertex 19.1673 27.388 6.5
      vertex 18.9877 27.3523 6.5
    endloop
  endfacet
  facet normal 0.194961 -0.980811 0
    outer loop
      vertex 19.1673 27.388 6.5
      vertex 18.9877 27.3523 2.5
      vertex 19.1673 27.388 2.5
    endloop
  endfacet
  facet normal -0.659741 -0.751493 0
    outer loop
      vertex 20.2023 27.1107 2.5
      vertex 20.3399 26.9899 6.5
      vertex 20.2023 27.1107 6.5
    endloop
  endfacet
  facet normal -0.659741 -0.751493 -0
    outer loop
      vertex 20.3399 26.9899 6.5
      vertex 20.2023 27.1107 2.5
      vertex 20.3399 26.9899 2.5
    endloop
  endfacet
  facet normal -0.99785 0.0655402 -1.04909e-19
    outer loop
      vertex 20.738 25.8173 2.5
      vertex 20.75 26 6.5
      vertex 20.75 26 2.5
    endloop
  endfacet
  facet normal -0.99785 0.0655402 -1.04909e-19
    outer loop
      vertex 20.75 26 6.5
      vertex 20.738 25.8173 2.5
      vertex 20.738 25.8173 6.5
    endloop
  endfacet
  facet normal -0.442401 -0.896817 0
    outer loop
      vertex 19.8858 27.2934 2.5
      vertex 20.05 27.2124 6.5
      vertex 19.8858 27.2934 6.5
    endloop
  endfacet
  facet normal -0.442401 -0.896817 -0
    outer loop
      vertex 20.05 27.2124 6.5
      vertex 19.8858 27.2934 2.5
      vertex 20.05 27.2124 2.5
    endloop
  endfacet
  facet normal 0.321462 0.946922 -0
    outer loop
      vertex 18.9877 24.6477 2.5
      vertex 18.8142 24.7066 6.5
      vertex 18.9877 24.6477 6.5
    endloop
  endfacet
  facet normal 0.321462 0.946922 0
    outer loop
      vertex 18.8142 24.7066 6.5
      vertex 18.9877 24.6477 2.5
      vertex 18.8142 24.7066 2.5
    endloop
  endfacet
  facet normal 0.980811 -0.194961 2.17702e-19
    outer loop
      vertex 17.962 26.1827 6.5
      vertex 17.9977 26.3623 2.5
      vertex 17.9977 26.3623 6.5
    endloop
  endfacet
  facet normal 0.980811 -0.194961 2.17702e-19
    outer loop
      vertex 17.9977 26.3623 2.5
      vertex 17.962 26.1827 6.5
      vertex 17.962 26.1827 2.5
    endloop
  endfacet
  facet normal 0.0655402 -0.99785 0
    outer loop
      vertex 19.1673 27.388 2.5
      vertex 19.35 27.4 6.5
      vertex 19.1673 27.388 6.5
    endloop
  endfacet
  facet normal 0.0655402 -0.99785 0
    outer loop
      vertex 19.35 27.4 6.5
      vertex 19.1673 27.388 2.5
      vertex 19.35 27.4 2.5
    endloop
  endfacet
  facet normal 0.194961 0.980811 -0
    outer loop
      vertex 19.1673 24.612 2.5
      vertex 18.9877 24.6477 6.5
      vertex 19.1673 24.612 6.5
    endloop
  endfacet
  facet normal 0.194961 0.980811 0
    outer loop
      vertex 18.9877 24.6477 6.5
      vertex 19.1673 24.612 2.5
      vertex 18.9877 24.6477 2.5
    endloop
  endfacet
  facet normal -0.946922 0.321462 4.54935e-19
    outer loop
      vertex 20.6434 25.4642 2.5
      vertex 20.7023 25.6377 6.5
      vertex 20.7023 25.6377 2.5
    endloop
  endfacet
  facet normal -0.946922 0.321462 4.54935e-19
    outer loop
      vertex 20.7023 25.6377 6.5
      vertex 20.6434 25.4642 2.5
      vertex 20.6434 25.4642 6.5
    endloop
  endfacet
  facet normal -0.83163 -0.55533 1.77887e-19
    outer loop
      vertex 20.5624 26.7 2.5
      vertex 20.4607 26.8523 6.5
      vertex 20.4607 26.8523 2.5
    endloop
  endfacet
  facet normal -0.83163 -0.55533 1.77887e-19
    outer loop
      vertex 20.4607 26.8523 6.5
      vertex 20.5624 26.7 2.5
      vertex 20.5624 26.7 6.5
    endloop
  endfacet
  facet normal 0.896817 0.442401 9.81327e-19
    outer loop
      vertex 18.1376 25.3 6.5
      vertex 18.0566 25.4642 2.5
      vertex 18.0566 25.4642 6.5
    endloop
  endfacet
  facet normal 0.896817 0.442401 9.81327e-19
    outer loop
      vertex 18.0566 25.4642 2.5
      vertex 18.1376 25.3 6.5
      vertex 18.1376 25.3 2.5
    endloop
  endfacet
  facet normal -0.896817 0.442401 -9.81327e-19
    outer loop
      vertex 20.5624 25.3 2.5
      vertex 20.6434 25.4642 6.5
      vertex 20.6434 25.4642 2.5
    endloop
  endfacet
  facet normal -0.896817 0.442401 -9.81327e-19
    outer loop
      vertex 20.6434 25.4642 6.5
      vertex 20.5624 25.3 2.5
      vertex 20.5624 25.3 6.5
    endloop
  endfacet
  facet normal 0.751493 0.659741 -1.88673e-18
    outer loop
      vertex 18.3601 25.0101 6.5
      vertex 18.2393 25.1477 2.5
      vertex 18.2393 25.1477 6.5
    endloop
  endfacet
  facet normal 0.751493 0.659741 -1.88673e-18
    outer loop
      vertex 18.2393 25.1477 2.5
      vertex 18.3601 25.0101 6.5
      vertex 18.3601 25.0101 2.5
    endloop
  endfacet
  facet normal -0.83163 0.55533 -1.77887e-19
    outer loop
      vertex 20.4607 25.1477 2.5
      vertex 20.5624 25.3 6.5
      vertex 20.5624 25.3 2.5
    endloop
  endfacet
  facet normal -0.83163 0.55533 -1.77887e-19
    outer loop
      vertex 20.5624 25.3 6.5
      vertex 20.4607 25.1477 2.5
      vertex 20.4607 25.1477 6.5
    endloop
  endfacet
  facet normal 0.751493 -0.659741 1.88673e-18
    outer loop
      vertex 18.2393 26.8523 6.5
      vertex 18.3601 26.9899 2.5
      vertex 18.3601 26.9899 6.5
    endloop
  endfacet
  facet normal 0.751493 -0.659741 1.88673e-18
    outer loop
      vertex 18.3601 26.9899 2.5
      vertex 18.2393 26.8523 6.5
      vertex 18.2393 26.8523 2.5
    endloop
  endfacet
  facet normal -0.0655402 -0.99785 0
    outer loop
      vertex 19.35 27.4 2.5
      vertex 19.5327 27.388 6.5
      vertex 19.35 27.4 6.5
    endloop
  endfacet
  facet normal -0.0655402 -0.99785 -0
    outer loop
      vertex 19.5327 27.388 6.5
      vertex 19.35 27.4 2.5
      vertex 19.5327 27.388 2.5
    endloop
  endfacet
  facet normal -0.55533 -0.83163 0
    outer loop
      vertex 20.05 27.2124 2.5
      vertex 20.2023 27.1107 6.5
      vertex 20.05 27.2124 6.5
    endloop
  endfacet
  facet normal -0.55533 -0.83163 -0
    outer loop
      vertex 20.2023 27.1107 6.5
      vertex 20.05 27.2124 2.5
      vertex 20.2023 27.1107 2.5
    endloop
  endfacet
  facet normal 0.442401 0.896817 -0
    outer loop
      vertex 18.8142 24.7066 2.5
      vertex 18.65 24.7876 6.5
      vertex 18.8142 24.7066 6.5
    endloop
  endfacet
  facet normal 0.442401 0.896817 0
    outer loop
      vertex 18.65 24.7876 6.5
      vertex 18.8142 24.7066 2.5
      vertex 18.65 24.7876 2.5
    endloop
  endfacet
  facet normal 0.83163 0.55533 1.77887e-19
    outer loop
      vertex 18.2393 25.1477 6.5
      vertex 18.1376 25.3 2.5
      vertex 18.1376 25.3 6.5
    endloop
  endfacet
  facet normal 0.83163 0.55533 1.77887e-19
    outer loop
      vertex 18.1376 25.3 2.5
      vertex 18.2393 25.1477 6.5
      vertex 18.2393 25.1477 2.5
    endloop
  endfacet
  facet normal 0.980811 0.194961 -2.17702e-19
    outer loop
      vertex 17.9977 25.6377 6.5
      vertex 17.962 25.8173 2.5
      vertex 17.962 25.8173 6.5
    endloop
  endfacet
  facet normal 0.980811 0.194961 -2.17702e-19
    outer loop
      vertex 17.962 25.8173 2.5
      vertex 17.9977 25.6377 6.5
      vertex 17.9977 25.6377 2.5
    endloop
  endfacet
  facet normal 0.659741 0.751493 -0
    outer loop
      vertex 18.4977 24.8893 2.5
      vertex 18.3601 25.0101 6.5
      vertex 18.4977 24.8893 6.5
    endloop
  endfacet
  facet normal 0.659741 0.751493 0
    outer loop
      vertex 18.3601 25.0101 6.5
      vertex 18.4977 24.8893 2.5
      vertex 18.3601 25.0101 2.5
    endloop
  endfacet
  facet normal 0.896817 -0.442401 -9.81327e-19
    outer loop
      vertex 18.0566 26.5358 6.5
      vertex 18.1376 26.7 2.5
      vertex 18.1376 26.7 6.5
    endloop
  endfacet
  facet normal 0.896817 -0.442401 -9.81327e-19
    outer loop
      vertex 18.1376 26.7 2.5
      vertex 18.0566 26.5358 6.5
      vertex 18.0566 26.5358 2.5
    endloop
  endfacet
  facet normal 0.99785 0.0655402 1.04909e-19
    outer loop
      vertex 17.962 25.8173 6.5
      vertex 17.95 26 2.5
      vertex 17.95 26 6.5
    endloop
  endfacet
  facet normal 0.99785 0.0655402 1.04909e-19
    outer loop
      vertex 17.95 26 2.5
      vertex 17.962 25.8173 6.5
      vertex 17.962 25.8173 2.5
    endloop
  endfacet
  facet normal -0.55533 0.83163 0
    outer loop
      vertex 20.2023 24.8893 2.5
      vertex 20.05 24.7876 6.5
      vertex 20.2023 24.8893 6.5
    endloop
  endfacet
  facet normal -0.55533 0.83163 0
    outer loop
      vertex 20.05 24.7876 6.5
      vertex 20.2023 24.8893 2.5
      vertex 20.05 24.7876 2.5
    endloop
  endfacet
  facet normal 0.99785 -0.0655402 -1.04909e-19
    outer loop
      vertex 17.95 26 6.5
      vertex 17.962 26.1827 2.5
      vertex 17.962 26.1827 6.5
    endloop
  endfacet
  facet normal 0.99785 -0.0655402 -1.04909e-19
    outer loop
      vertex 17.962 26.1827 2.5
      vertex 17.95 26 6.5
      vertex 17.95 26 2.5
    endloop
  endfacet
  facet normal 0.55533 0.83163 -0
    outer loop
      vertex 18.65 24.7876 2.5
      vertex 18.4977 24.8893 6.5
      vertex 18.65 24.7876 6.5
    endloop
  endfacet
  facet normal 0.55533 0.83163 0
    outer loop
      vertex 18.4977 24.8893 6.5
      vertex 18.65 24.7876 2.5
      vertex 18.4977 24.8893 2.5
    endloop
  endfacet
  facet normal 0.980815 0.19494 -9.55446e-19
    outer loop
      vertex 57.3243 26.3916 6.5
      vertex 57.2478 26.7765 2.5
      vertex 57.2478 26.7765 6.5
    endloop
  endfacet
  facet normal 0.980815 0.19494 -9.55446e-19
    outer loop
      vertex 57.2478 26.7765 2.5
      vertex 57.3243 26.3916 6.5
      vertex 57.3243 26.3916 2.5
    endloop
  endfacet
  facet normal 0.997853 0.0654873 -1.39184e-19
    outer loop
      vertex 57.35 26 6.5
      vertex 57.3243 26.3916 2.5
      vertex 57.3243 26.3916 6.5
    endloop
  endfacet
  facet normal 0.997853 0.0654873 -1.39184e-19
    outer loop
      vertex 57.3243 26.3916 2.5
      vertex 57.35 26 6.5
      vertex 57.35 26 2.5
    endloop
  endfacet
  facet normal 0.980815 -0.19494 9.55446e-19
    outer loop
      vertex 57.2478 25.2235 6.5
      vertex 57.3243 25.6084 2.5
      vertex 57.3243 25.6084 6.5
    endloop
  endfacet
  facet normal 0.980815 -0.19494 9.55446e-19
    outer loop
      vertex 57.3243 25.6084 2.5
      vertex 57.2478 25.2235 6.5
      vertex 57.2478 25.2235 2.5
    endloop
  endfacet
  facet normal -0.751724 -0.659478 -1.42643e-18
    outer loop
      vertex 52.2287 23.8787 2.5
      vertex 51.9699 24.1737 6.5
      vertex 51.9699 24.1737 2.5
    endloop
  endfacet
  facet normal -0.751724 -0.659478 -1.42643e-18
    outer loop
      vertex 51.9699 24.1737 6.5
      vertex 52.2287 23.8787 2.5
      vertex 52.2287 23.8787 6.5
    endloop
  endfacet
  facet normal 0 0 1
    outer loop
      vertex 55.75 26 6.5
      vertex 57.35 26 6.5
      vertex 57.3243 26.3916 6.5
    endloop
  endfacet
  facet normal 0 0 1
    outer loop
      vertex 55.738 26.1827 6.5
      vertex 57.3243 26.3916 6.5
      vertex 57.2478 26.7765 6.5
    endloop
  endfacet
  facet normal 0 0 1
    outer loop
      vertex 57.35 26 6.5
      vertex 55.75 26 6.5
      vertex 57.3243 25.6084 6.5
    endloop
  endfacet
  facet normal 0 0 1
    outer loop
      vertex 55.7023 26.3623 6.5
      vertex 57.2478 26.7765 6.5
      vertex 57.1216 27.148 6.5
    endloop
  endfacet
  facet normal -0 0 1
    outer loop
      vertex 55.738 25.8173 6.5
      vertex 57.3243 25.6084 6.5
      vertex 55.75 26 6.5
    endloop
  endfacet
  facet normal 0 0 1
    outer loop
      vertex 55.6434 26.5358 6.5
      vertex 57.1216 27.148 6.5
      vertex 56.9481 27.5 6.5
    endloop
  endfacet
  facet normal 0 0 1
    outer loop
      vertex 57.3243 25.6084 6.5
      vertex 55.738 25.8173 6.5
      vertex 57.2478 25.2235 6.5
    endloop
  endfacet
  facet normal 0 0 1
    outer loop
      vertex 55.5624 26.7 6.5
      vertex 56.9481 27.5 6.5
      vertex 56.7301 27.8263 6.5
    endloop
  endfacet
  facet normal -0 0 1
    outer loop
      vertex 55.7023 25.6377 6.5
      vertex 57.2478 25.2235 6.5
      vertex 55.738 25.8173 6.5
    endloop
  endfacet
  facet normal 0 0 1
    outer loop
      vertex 55.4607 26.8523 6.5
      vertex 56.7301 27.8263 6.5
      vertex 56.4713 28.1213 6.5
    endloop
  endfacet
  facet normal 0 0 1
    outer loop
      vertex 57.2478 25.2235 6.5
      vertex 55.7023 25.6377 6.5
      vertex 57.1216 24.852 6.5
    endloop
  endfacet
  facet normal 0 0 1
    outer loop
      vertex 55.34 26.9899 6.5
      vertex 56.4713 28.1213 6.5
      vertex 56.1763 28.3801 6.5
    endloop
  endfacet
  facet normal -0 0 1
    outer loop
      vertex 55.6434 25.4642 6.5
      vertex 57.1216 24.852 6.5
      vertex 55.7023 25.6377 6.5
    endloop
  endfacet
  facet normal 0 0 1
    outer loop
      vertex 55.2023 27.1107 6.5
      vertex 56.1763 28.3801 6.5
      vertex 55.85 28.5981 6.5
    endloop
  endfacet
  facet normal 0 0 1
    outer loop
      vertex 57.1216 24.852 6.5
      vertex 55.6434 25.4642 6.5
      vertex 56.9481 24.5 6.5
    endloop
  endfacet
  facet normal -0 0 1
    outer loop
      vertex 55.5624 25.3 6.5
      vertex 56.9481 24.5 6.5
      vertex 55.6434 25.4642 6.5
    endloop
  endfacet
  facet normal 0 0 1
    outer loop
      vertex 57.3243 26.3916 6.5
      vertex 55.738 26.1827 6.5
      vertex 55.75 26 6.5
    endloop
  endfacet
  facet normal 0 0 1
    outer loop
      vertex 57.2478 26.7765 6.5
      vertex 55.7023 26.3623 6.5
      vertex 55.738 26.1827 6.5
    endloop
  endfacet
  facet normal 0 0 1
    outer loop
      vertex 57.1216 27.148 6.5
      vertex 55.6434 26.5358 6.5
      vertex 55.7023 26.3623 6.5
    endloop
  endfacet
  facet normal 0 0 1
    outer loop
      vertex 56.9481 27.5 6.5
      vertex 55.5624 26.7 6.5
      vertex 55.6434 26.5358 6.5
    endloop
  endfacet
  facet normal 0 0 1
    outer loop
      vertex 55.05 27.2124 6.5
      vertex 55.85 28.5981 6.5
      vertex 55.4981 28.7716 6.5
    endloop
  endfacet
  facet normal 0 0 1
    outer loop
      vertex 56.7301 27.8263 6.5
      vertex 55.4607 26.8523 6.5
      vertex 55.5624 26.7 6.5
    endloop
  endfacet
  facet normal 0 0 1
    outer loop
      vertex 56.4713 28.1213 6.5
      vertex 55.34 26.9899 6.5
      vertex 55.4607 26.8523 6.5
    endloop
  endfacet
  facet normal 0 0 1
    outer loop
      vertex 56.1763 28.3801 6.5
      vertex 55.2023 27.1107 6.5
      vertex 55.34 26.9899 6.5
    endloop
  endfacet
  facet normal 0 0 1
    outer loop
      vertex 54.8858 27.2934 6.5
      vertex 55.4981 28.7716 6.5
      vertex 55.1265 28.8978 6.5
    endloop
  endfacet
  facet normal 0 0 1
    outer loop
      vertex 55.85 28.5981 6.5
      vertex 55.05 27.2124 6.5
      vertex 55.2023 27.1107 6.5
    endloop
  endfacet
  facet normal 0 0 1
    outer loop
      vertex 55.4981 28.7716 6.5
      vertex 54.8858 27.2934 6.5
      vertex 55.05 27.2124 6.5
    endloop
  endfacet
  facet normal 0 0 1
    outer loop
      vertex 54.7123 27.3523 6.5
      vertex 55.1265 28.8978 6.5
      vertex 54.7416 28.9743 6.5
    endloop
  endfacet
  facet normal 0 0 1
    outer loop
      vertex 55.1265 28.8978 6.5
      vertex 54.7123 27.3523 6.5
      vertex 54.8858 27.2934 6.5
    endloop
  endfacet
  facet normal 0 0 1
    outer loop
      vertex 54.7416 28.9743 6.5
      vertex 54.5327 27.388 6.5
      vertex 54.7123 27.3523 6.5
    endloop
  endfacet
  facet normal 0 0 1
    outer loop
      vertex 54.35 29 6.5
      vertex 54.5327 27.388 6.5
      vertex 54.7416 28.9743 6.5
    endloop
  endfacet
  facet normal 0 0 1
    outer loop
      vertex 54.35 29 6.5
      vertex 54.35 27.4 6.5
      vertex 54.5327 27.388 6.5
    endloop
  endfacet
  facet normal 0 0 1
    outer loop
      vertex 54.35 29 6.5
      vertex 54.1673 27.388 6.5
      vertex 54.35 27.4 6.5
    endloop
  endfacet
  facet normal -0 0 1
    outer loop
      vertex 53.9584 28.9743 6.5
      vertex 54.1673 27.388 6.5
      vertex 54.35 29 6.5
    endloop
  endfacet
  facet normal 0 0 1
    outer loop
      vertex 54.1673 27.388 6.5
      vertex 53.9584 28.9743 6.5
      vertex 53.9877 27.3523 6.5
    endloop
  endfacet
  facet normal -0 0 1
    outer loop
      vertex 53.5735 28.8978 6.5
      vertex 53.9877 27.3523 6.5
      vertex 53.9584 28.9743 6.5
    endloop
  endfacet
  facet normal 0 0 1
    outer loop
      vertex 53.9877 27.3523 6.5
      vertex 53.5735 28.8978 6.5
      vertex 53.8142 27.2934 6.5
    endloop
  endfacet
  facet normal -0 0 1
    outer loop
      vertex 53.202 28.7716 6.5
      vertex 53.8142 27.2934 6.5
      vertex 53.5735 28.8978 6.5
    endloop
  endfacet
  facet normal 0 0 1
    outer loop
      vertex 53.8142 27.2934 6.5
      vertex 53.202 28.7716 6.5
      vertex 53.65 27.2124 6.5
    endloop
  endfacet
  facet normal -0 0 1
    outer loop
      vertex 52.85 28.5981 6.5
      vertex 53.65 27.2124 6.5
      vertex 53.202 28.7716 6.5
    endloop
  endfacet
  facet normal 0 0 1
    outer loop
      vertex 53.65 27.2124 6.5
      vertex 52.85 28.5981 6.5
      vertex 53.4977 27.1107 6.5
    endloop
  endfacet
  facet normal -0 0 1
    outer loop
      vertex 52.5237 28.3801 6.5
      vertex 53.4977 27.1107 6.5
      vertex 52.85 28.5981 6.5
    endloop
  endfacet
  facet normal 0 0 1
    outer loop
      vertex 53.4977 27.1107 6.5
      vertex 52.5237 28.3801 6.5
      vertex 53.3601 26.9899 6.5
    endloop
  endfacet
  facet normal -0 0 1
    outer loop
      vertex 52.2287 28.1213 6.5
      vertex 53.3601 26.9899 6.5
      vertex 52.5237 28.3801 6.5
    endloop
  endfacet
  facet normal 0 0 1
    outer loop
      vertex 53.3601 26.9899 6.5
      vertex 52.2287 28.1213 6.5
      vertex 53.2393 26.8523 6.5
    endloop
  endfacet
  facet normal -0 0 1
    outer loop
      vertex 51.9699 27.8263 6.5
      vertex 53.2393 26.8523 6.5
      vertex 52.2287 28.1213 6.5
    endloop
  endfacet
  facet normal -0 0 1
    outer loop
      vertex 51.7519 27.5 6.5
      vertex 53.1376 26.7 6.5
      vertex 51.9699 27.8263 6.5
    endloop
  endfacet
  facet normal 0 0 1
    outer loop
      vertex 53.2393 26.8523 6.5
      vertex 51.9699 27.8263 6.5
      vertex 53.1376 26.7 6.5
    endloop
  endfacet
  facet normal 0 0 1
    outer loop
      vertex 56.9481 24.5 6.5
      vertex 55.5624 25.3 6.5
      vertex 56.7301 24.1737 6.5
    endloop
  endfacet
  facet normal -0 0 1
    outer loop
      vertex 55.4607 25.1477 6.5
      vertex 56.7301 24.1737 6.5
      vertex 55.5624 25.3 6.5
    endloop
  endfacet
  facet normal 0 0 1
    outer loop
      vertex 56.7301 24.1737 6.5
      vertex 55.4607 25.1477 6.5
      vertex 56.4713 23.8787 6.5
    endloop
  endfacet
  facet normal -0 0 1
    outer loop
      vertex 55.34 25.0101 6.5
      vertex 56.4713 23.8787 6.5
      vertex 55.4607 25.1477 6.5
    endloop
  endfacet
  facet normal 0 0 1
    outer loop
      vertex 56.4713 23.8787 6.5
      vertex 55.34 25.0101 6.5
      vertex 56.1763 23.6199 6.5
    endloop
  endfacet
  facet normal -0 0 1
    outer loop
      vertex 55.2023 24.8893 6.5
      vertex 56.1763 23.6199 6.5
      vertex 55.34 25.0101 6.5
    endloop
  endfacet
  facet normal 0 0 1
    outer loop
      vertex 56.1763 23.6199 6.5
      vertex 55.2023 24.8893 6.5
      vertex 55.85 23.4019 6.5
    endloop
  endfacet
  facet normal -0 0 1
    outer loop
      vertex 55.05 24.7876 6.5
      vertex 55.85 23.4019 6.5
      vertex 55.2023 24.8893 6.5
    endloop
  endfacet
  facet normal 0 0 1
    outer loop
      vertex 55.85 23.4019 6.5
      vertex 55.05 24.7876 6.5
      vertex 55.4981 23.2284 6.5
    endloop
  endfacet
  facet normal -0 0 1
    outer loop
      vertex 54.8858 24.7066 6.5
      vertex 55.4981 23.2284 6.5
      vertex 55.05 24.7876 6.5
    endloop
  endfacet
  facet normal 0 0 1
    outer loop
      vertex 55.4981 23.2284 6.5
      vertex 54.8858 24.7066 6.5
      vertex 55.1265 23.1022 6.5
    endloop
  endfacet
  facet normal -0 0 1
    outer loop
      vertex 54.7123 24.6477 6.5
      vertex 55.1265 23.1022 6.5
      vertex 54.8858 24.7066 6.5
    endloop
  endfacet
  facet normal 0 0 1
    outer loop
      vertex 55.1265 23.1022 6.5
      vertex 54.7123 24.6477 6.5
      vertex 54.7416 23.0257 6.5
    endloop
  endfacet
  facet normal -0 0 1
    outer loop
      vertex 54.5327 24.612 6.5
      vertex 54.7416 23.0257 6.5
      vertex 54.7123 24.6477 6.5
    endloop
  endfacet
  facet normal -0 0 1
    outer loop
      vertex 54.35 24.6 6.5
      vertex 54.7416 23.0257 6.5
      vertex 54.5327 24.612 6.5
    endloop
  endfacet
  facet normal 0 0 1
    outer loop
      vertex 54.35 24.6 6.5
      vertex 54.35 23 6.5
      vertex 54.7416 23.0257 6.5
    endloop
  endfacet
  facet normal 0 0 1
    outer loop
      vertex 54.1673 24.612 6.5
      vertex 54.35 23 6.5
      vertex 54.35 24.6 6.5
    endloop
  endfacet
  facet normal 0 0 1
    outer loop
      vertex 53.9584 23.0257 6.5
      vertex 54.1673 24.612 6.5
      vertex 53.9877 24.6477 6.5
    endloop
  endfacet
  facet normal 0 0 1
    outer loop
      vertex 54.1673 24.612 6.5
      vertex 53.9584 23.0257 6.5
      vertex 54.35 23 6.5
    endloop
  endfacet
  facet normal 0 0 1
    outer loop
      vertex 53.5735 23.1022 6.5
      vertex 53.9877 24.6477 6.5
      vertex 53.8142 24.7066 6.5
    endloop
  endfacet
  facet normal 0 0 1
    outer loop
      vertex 53.202 23.2284 6.5
      vertex 53.8142 24.7066 6.5
      vertex 53.65 24.7876 6.5
    endloop
  endfacet
  facet normal 0 0 1
    outer loop
      vertex 53.9877 24.6477 6.5
      vertex 53.5735 23.1022 6.5
      vertex 53.9584 23.0257 6.5
    endloop
  endfacet
  facet normal 0 0 1
    outer loop
      vertex 52.85 23.4019 6.5
      vertex 53.65 24.7876 6.5
      vertex 53.4977 24.8893 6.5
    endloop
  endfacet
  facet normal 0 0 1
    outer loop
      vertex 52.5237 23.6199 6.5
      vertex 53.4977 24.8893 6.5
      vertex 53.3601 25.0101 6.5
    endloop
  endfacet
  facet normal 0 0 1
    outer loop
      vertex 52.2287 23.8787 6.5
      vertex 53.3601 25.0101 6.5
      vertex 53.2393 25.1477 6.5
    endloop
  endfacet
  facet normal 0 0 1
    outer loop
      vertex 53.8142 24.7066 6.5
      vertex 53.202 23.2284 6.5
      vertex 53.5735 23.1022 6.5
    endloop
  endfacet
  facet normal 0 0 1
    outer loop
      vertex 51.9699 24.1737 6.5
      vertex 53.2393 25.1477 6.5
      vertex 53.1376 25.3 6.5
    endloop
  endfacet
  facet normal 0 0 1
    outer loop
      vertex 51.7519 24.5 6.5
      vertex 53.1376 25.3 6.5
      vertex 53.0566 25.4642 6.5
    endloop
  endfacet
  facet normal 0 0 1
    outer loop
      vertex 51.5784 24.852 6.5
      vertex 53.0566 25.4642 6.5
      vertex 52.9977 25.6377 6.5
    endloop
  endfacet
  facet normal 0 0 1
    outer loop
      vertex 51.4522 25.2235 6.5
      vertex 52.9977 25.6377 6.5
      vertex 52.962 25.8173 6.5
    endloop
  endfacet
  facet normal 0 0 1
    outer loop
      vertex 53.65 24.7876 6.5
      vertex 52.85 23.4019 6.5
      vertex 53.202 23.2284 6.5
    endloop
  endfacet
  facet normal 0 0 1
    outer loop
      vertex 51.3757 25.6084 6.5
      vertex 52.962 25.8173 6.5
      vertex 52.95 26 6.5
    endloop
  endfacet
  facet normal 0 0 1
    outer loop
      vertex 53.1376 26.7 6.5
      vertex 51.7519 27.5 6.5
      vertex 53.0566 26.5358 6.5
    endloop
  endfacet
  facet normal -0 0 1
    outer loop
      vertex 51.5784 27.148 6.5
      vertex 53.0566 26.5358 6.5
      vertex 51.7519 27.5 6.5
    endloop
  endfacet
  facet normal 0 0 1
    outer loop
      vertex 53.4977 24.8893 6.5
      vertex 52.5237 23.6199 6.5
      vertex 52.85 23.4019 6.5
    endloop
  endfacet
  facet normal 0 0 1
    outer loop
      vertex 53.0566 26.5358 6.5
      vertex 51.5784 27.148 6.5
      vertex 52.9977 26.3623 6.5
    endloop
  endfacet
  facet normal 0 0 1
    outer loop
      vertex 53.3601 25.0101 6.5
      vertex 52.2287 23.8787 6.5
      vertex 52.5237 23.6199 6.5
    endloop
  endfacet
  facet normal -0 0 1
    outer loop
      vertex 51.4522 26.7765 6.5
      vertex 52.9977 26.3623 6.5
      vertex 51.5784 27.148 6.5
    endloop
  endfacet
  facet normal 0 0 1
    outer loop
      vertex 53.2393 25.1477 6.5
      vertex 51.9699 24.1737 6.5
      vertex 52.2287 23.8787 6.5
    endloop
  endfacet
  facet normal 0 0 1
    outer loop
      vertex 52.9977 26.3623 6.5
      vertex 51.4522 26.7765 6.5
      vertex 52.962 26.1827 6.5
    endloop
  endfacet
  facet normal 0 0 1
    outer loop
      vertex 53.1376 25.3 6.5
      vertex 51.7519 24.5 6.5
      vertex 51.9699 24.1737 6.5
    endloop
  endfacet
  facet normal -0 0 1
    outer loop
      vertex 51.3757 26.3916 6.5
      vertex 52.962 26.1827 6.5
      vertex 51.4522 26.7765 6.5
    endloop
  endfacet
  facet normal 0 0 1
    outer loop
      vertex 53.0566 25.4642 6.5
      vertex 51.5784 24.852 6.5
      vertex 51.7519 24.5 6.5
    endloop
  endfacet
  facet normal 0 0 1
    outer loop
      vertex 52.962 26.1827 6.5
      vertex 51.3757 26.3916 6.5
      vertex 52.95 26 6.5
    endloop
  endfacet
  facet normal 0 0 1
    outer loop
      vertex 52.9977 25.6377 6.5
      vertex 51.4522 25.2235 6.5
      vertex 51.5784 24.852 6.5
    endloop
  endfacet
  facet normal 0 0 1
    outer loop
      vertex 51.35 26 6.5
      vertex 52.95 26 6.5
      vertex 51.3757 26.3916 6.5
    endloop
  endfacet
  facet normal 0 0 1
    outer loop
      vertex 52.962 25.8173 6.5
      vertex 51.3757 25.6084 6.5
      vertex 51.4522 25.2235 6.5
    endloop
  endfacet
  facet normal 0 0 1
    outer loop
      vertex 52.95 26 6.5
      vertex 51.35 26 6.5
      vertex 51.3757 25.6084 6.5
    endloop
  endfacet
  facet normal 0.831501 0.555523 9.28866e-19
    outer loop
      vertex 56.9481 27.5 6.5
      vertex 56.7301 27.8263 2.5
      vertex 56.7301 27.8263 6.5
    endloop
  endfacet
  facet normal 0.831501 0.555523 9.28866e-19
    outer loop
      vertex 56.7301 27.8263 2.5
      vertex 56.9481 27.5 6.5
      vertex 56.9481 27.5 2.5
    endloop
  endfacet
  facet normal 0.555523 0.831501 -0
    outer loop
      vertex 56.1763 28.3801 2.5
      vertex 55.85 28.5981 6.5
      vertex 56.1763 28.3801 6.5
    endloop
  endfacet
  facet normal 0.555523 0.831501 0
    outer loop
      vertex 55.85 28.5981 6.5
      vertex 56.1763 28.3801 2.5
      vertex 55.85 28.5981 2.5
    endloop
  endfacet
  facet normal 0.896961 -0.44211 7.61015e-20
    outer loop
      vertex 56.9481 24.5 6.5
      vertex 57.1216 24.852 2.5
      vertex 57.1216 24.852 6.5
    endloop
  endfacet
  facet normal 0.896961 -0.44211 7.61015e-20
    outer loop
      vertex 57.1216 24.852 2.5
      vertex 56.9481 24.5 6.5
      vertex 56.9481 24.5 2.5
    endloop
  endfacet
  facet normal 0.997853 -0.0654873 1.39184e-19
    outer loop
      vertex 57.3243 25.6084 6.5
      vertex 57.35 26 2.5
      vertex 57.35 26 6.5
    endloop
  endfacet
  facet normal 0.997853 -0.0654873 1.39184e-19
    outer loop
      vertex 57.35 26 2.5
      vertex 57.3243 25.6084 6.5
      vertex 57.3243 25.6084 2.5
    endloop
  endfacet
  facet normal 0.321574 0.946885 -0
    outer loop
      vertex 55.4981 28.7716 2.5
      vertex 55.1265 28.8978 6.5
      vertex 55.4981 28.7716 6.5
    endloop
  endfacet
  facet normal 0.321574 0.946885 0
    outer loop
      vertex 55.1265 28.8978 6.5
      vertex 55.4981 28.7716 2.5
      vertex 55.1265 28.8978 2.5
    endloop
  endfacet
  facet normal -0.896961 0.44211 -1.90424e-18
    outer loop
      vertex 51.5784 27.148 2.5
      vertex 51.7519 27.5 6.5
      vertex 51.7519 27.5 2.5
    endloop
  endfacet
  facet normal -0.896961 0.44211 -1.90424e-18
    outer loop
      vertex 51.7519 27.5 6.5
      vertex 51.5784 27.148 2.5
      vertex 51.5784 27.148 6.5
    endloop
  endfacet
  facet normal -0.659478 0.751724 0
    outer loop
      vertex 52.5237 28.3801 2.5
      vertex 52.2287 28.1213 6.5
      vertex 52.5237 28.3801 6.5
    endloop
  endfacet
  facet normal -0.659478 0.751724 0
    outer loop
      vertex 52.2287 28.1213 6.5
      vertex 52.5237 28.3801 2.5
      vertex 52.2287 28.1213 2.5
    endloop
  endfacet
  facet normal 0.321574 -0.946885 0
    outer loop
      vertex 55.1265 23.1022 2.5
      vertex 55.4981 23.2284 6.5
      vertex 55.1265 23.1022 6.5
    endloop
  endfacet
  facet normal 0.321574 -0.946885 0
    outer loop
      vertex 55.4981 23.2284 6.5
      vertex 55.1265 23.1022 2.5
      vertex 55.4981 23.2284 2.5
    endloop
  endfacet
  facet normal -0.997853 -0.0654873 -1.39184e-19
    outer loop
      vertex 51.3757 25.6084 2.5
      vertex 51.35 26 6.5
      vertex 51.35 26 2.5
    endloop
  endfacet
  facet normal -0.997853 -0.0654873 -1.39184e-19
    outer loop
      vertex 51.35 26 6.5
      vertex 51.3757 25.6084 2.5
      vertex 51.3757 25.6084 6.5
    endloop
  endfacet
  facet normal -0.659478 -0.751724 0
    outer loop
      vertex 52.2287 23.8787 2.5
      vertex 52.5237 23.6199 6.5
      vertex 52.2287 23.8787 6.5
    endloop
  endfacet
  facet normal -0.659478 -0.751724 -0
    outer loop
      vertex 52.5237 23.6199 6.5
      vertex 52.2287 23.8787 2.5
      vertex 52.5237 23.6199 2.5
    endloop
  endfacet
  facet normal -0.321651 0.946858 0
    outer loop
      vertex 53.5735 28.8978 2.5
      vertex 53.202 28.7716 6.5
      vertex 53.5735 28.8978 6.5
    endloop
  endfacet
  facet normal -0.321651 0.946858 0
    outer loop
      vertex 53.202 28.7716 6.5
      vertex 53.5735 28.8978 2.5
      vertex 53.202 28.7716 2.5
    endloop
  endfacet
  facet normal -0.831501 -0.555523 3.48891e-19
    outer loop
      vertex 51.9699 24.1737 2.5
      vertex 51.7519 24.5 6.5
      vertex 51.7519 24.5 2.5
    endloop
  endfacet
  facet normal -0.831501 -0.555523 3.48891e-19
    outer loop
      vertex 51.7519 24.5 6.5
      vertex 51.9699 24.1737 2.5
      vertex 51.9699 24.1737 6.5
    endloop
  endfacet
  facet normal -0.555523 0.831501 0
    outer loop
      vertex 52.85 28.5981 2.5
      vertex 52.5237 28.3801 6.5
      vertex 52.85 28.5981 6.5
    endloop
  endfacet
  facet normal -0.555523 0.831501 0
    outer loop
      vertex 52.5237 28.3801 6.5
      vertex 52.85 28.5981 2.5
      vertex 52.5237 28.3801 2.5
    endloop
  endfacet
  facet normal -0.997853 0.0654873 1.39184e-19
    outer loop
      vertex 51.35 26 2.5
      vertex 51.3757 26.3916 6.5
      vertex 51.3757 26.3916 2.5
    endloop
  endfacet
  facet normal -0.997853 0.0654873 1.39184e-19
    outer loop
      vertex 51.3757 26.3916 6.5
      vertex 51.35 26 2.5
      vertex 51.35 26 6.5
    endloop
  endfacet
  facet normal 0.19494 0.980815 -0
    outer loop
      vertex 55.1265 28.8978 2.5
      vertex 54.7416 28.9743 6.5
      vertex 55.1265 28.8978 6.5
    endloop
  endfacet
  facet normal 0.19494 0.980815 0
    outer loop
      vertex 54.7416 28.9743 6.5
      vertex 55.1265 28.8978 2.5
      vertex 54.7416 28.9743 2.5
    endloop
  endfacet
  facet normal -0.44211 0.896961 0
    outer loop
      vertex 53.202 28.7716 2.5
      vertex 52.85 28.5981 6.5
      vertex 53.202 28.7716 6.5
    endloop
  endfacet
  facet normal -0.44211 0.896961 0
    outer loop
      vertex 52.85 28.5981 6.5
      vertex 53.202 28.7716 2.5
      vertex 52.85 28.5981 2.5
    endloop
  endfacet
  facet normal 0.0654873 -0.997853 0
    outer loop
      vertex 54.35 23 2.5
      vertex 54.7416 23.0257 6.5
      vertex 54.35 23 6.5
    endloop
  endfacet
  facet normal 0.0654873 -0.997853 0
    outer loop
      vertex 54.7416 23.0257 6.5
      vertex 54.35 23 2.5
      vertex 54.7416 23.0257 2.5
    endloop
  endfacet
  facet normal 0.659478 -0.751724 0
    outer loop
      vertex 56.1763 23.6199 2.5
      vertex 56.4713 23.8787 6.5
      vertex 56.1763 23.6199 6.5
    endloop
  endfacet
  facet normal 0.659478 -0.751724 0
    outer loop
      vertex 56.4713 23.8787 6.5
      vertex 56.1763 23.6199 2.5
      vertex 56.4713 23.8787 2.5
    endloop
  endfacet
  facet normal -0.946858 -0.321651 -1.82984e-18
    outer loop
      vertex 51.5784 24.852 2.5
      vertex 51.4522 25.2235 6.5
      vertex 51.4522 25.2235 2.5
    endloop
  endfacet
  facet normal -0.946858 -0.321651 -1.82984e-18
    outer loop
      vertex 51.4522 25.2235 6.5
      vertex 51.5784 24.852 2.5
      vertex 51.5784 24.852 6.5
    endloop
  endfacet
  facet normal 0.946858 -0.321651 -9.45111e-21
    outer loop
      vertex 57.1216 24.852 6.5
      vertex 57.2478 25.2235 2.5
      vertex 57.2478 25.2235 6.5
    endloop
  endfacet
  facet normal 0.946858 -0.321651 -9.45111e-21
    outer loop
      vertex 57.2478 25.2235 2.5
      vertex 57.1216 24.852 6.5
      vertex 57.1216 24.852 2.5
    endloop
  endfacet
  facet normal 0.442211 0.896911 -0
    outer loop
      vertex 55.85 28.5981 2.5
      vertex 55.4981 28.7716 6.5
      vertex 55.85 28.5981 6.5
    endloop
  endfacet
  facet normal 0.442211 0.896911 0
    outer loop
      vertex 55.4981 28.7716 6.5
      vertex 55.85 28.5981 2.5
      vertex 55.4981 28.7716 2.5
    endloop
  endfacet
  facet normal -0.19494 0.980815 0
    outer loop
      vertex 53.9584 28.9743 2.5
      vertex 53.5735 28.8978 6.5
      vertex 53.9584 28.9743 6.5
    endloop
  endfacet
  facet normal -0.19494 0.980815 0
    outer loop
      vertex 53.5735 28.8978 6.5
      vertex 53.9584 28.9743 2.5
      vertex 53.5735 28.8978 2.5
    endloop
  endfacet
  facet normal 0.751724 0.659478 -1.42643e-18
    outer loop
      vertex 56.7301 27.8263 6.5
      vertex 56.4713 28.1213 2.5
      vertex 56.4713 28.1213 6.5
    endloop
  endfacet
  facet normal 0.751724 0.659478 -1.42643e-18
    outer loop
      vertex 56.4713 28.1213 2.5
      vertex 56.7301 27.8263 6.5
      vertex 56.7301 27.8263 2.5
    endloop
  endfacet
  facet normal 0.751724 -0.659478 1.42643e-18
    outer loop
      vertex 56.4713 23.8787 6.5
      vertex 56.7301 24.1737 2.5
      vertex 56.7301 24.1737 6.5
    endloop
  endfacet
  facet normal 0.751724 -0.659478 1.42643e-18
    outer loop
      vertex 56.7301 24.1737 2.5
      vertex 56.4713 23.8787 6.5
      vertex 56.4713 23.8787 2.5
    endloop
  endfacet
  facet normal -0.44211 -0.896961 0
    outer loop
      vertex 52.85 23.4019 2.5
      vertex 53.202 23.2284 6.5
      vertex 52.85 23.4019 6.5
    endloop
  endfacet
  facet normal -0.44211 -0.896961 -0
    outer loop
      vertex 53.202 23.2284 6.5
      vertex 52.85 23.4019 2.5
      vertex 53.202 23.2284 2.5
    endloop
  endfacet
  facet normal -0.946858 0.321651 1.82984e-18
    outer loop
      vertex 51.4522 26.7765 2.5
      vertex 51.5784 27.148 6.5
      vertex 51.5784 27.148 2.5
    endloop
  endfacet
  facet normal -0.946858 0.321651 1.82984e-18
    outer loop
      vertex 51.5784 27.148 6.5
      vertex 51.4522 26.7765 2.5
      vertex 51.4522 26.7765 6.5
    endloop
  endfacet
  facet normal 0.19494 -0.980815 0
    outer loop
      vertex 54.7416 23.0257 2.5
      vertex 55.1265 23.1022 6.5
      vertex 54.7416 23.0257 6.5
    endloop
  endfacet
  facet normal 0.19494 -0.980815 0
    outer loop
      vertex 55.1265 23.1022 6.5
      vertex 54.7416 23.0257 2.5
      vertex 55.1265 23.1022 2.5
    endloop
  endfacet
  facet normal 0.442211 -0.896911 0
    outer loop
      vertex 55.4981 23.2284 2.5
      vertex 55.85 23.4019 6.5
      vertex 55.4981 23.2284 6.5
    endloop
  endfacet
  facet normal 0.442211 -0.896911 0
    outer loop
      vertex 55.85 23.4019 6.5
      vertex 55.4981 23.2284 2.5
      vertex 55.85 23.4019 2.5
    endloop
  endfacet
  facet normal -0.751724 0.659478 1.42643e-18
    outer loop
      vertex 51.9699 27.8263 2.5
      vertex 52.2287 28.1213 6.5
      vertex 52.2287 28.1213 2.5
    endloop
  endfacet
  facet normal -0.751724 0.659478 1.42643e-18
    outer loop
      vertex 52.2287 28.1213 6.5
      vertex 51.9699 27.8263 2.5
      vertex 51.9699 27.8263 6.5
    endloop
  endfacet
  facet normal 0.659478 0.751724 -0
    outer loop
      vertex 56.4713 28.1213 2.5
      vertex 56.1763 28.3801 6.5
      vertex 56.4713 28.1213 6.5
    endloop
  endfacet
  facet normal 0.659478 0.751724 0
    outer loop
      vertex 56.1763 28.3801 6.5
      vertex 56.4713 28.1213 2.5
      vertex 56.1763 28.3801 2.5
    endloop
  endfacet
  facet normal -0.896961 -0.44211 1.90424e-18
    outer loop
      vertex 51.7519 24.5 2.5
      vertex 51.5784 24.852 6.5
      vertex 51.5784 24.852 2.5
    endloop
  endfacet
  facet normal -0.896961 -0.44211 1.90424e-18
    outer loop
      vertex 51.5784 24.852 6.5
      vertex 51.7519 24.5 2.5
      vertex 51.7519 24.5 6.5
    endloop
  endfacet
  facet normal 0.831501 -0.555523 -9.28866e-19
    outer loop
      vertex 56.7301 24.1737 6.5
      vertex 56.9481 24.5 2.5
      vertex 56.9481 24.5 6.5
    endloop
  endfacet
  facet normal 0.831501 -0.555523 -9.28866e-19
    outer loop
      vertex 56.9481 24.5 2.5
      vertex 56.7301 24.1737 6.5
      vertex 56.7301 24.1737 2.5
    endloop
  endfacet
  facet normal 0.896961 0.44211 -7.61015e-20
    outer loop
      vertex 57.1216 27.148 6.5
      vertex 56.9481 27.5 2.5
      vertex 56.9481 27.5 6.5
    endloop
  endfacet
  facet normal 0.896961 0.44211 -7.61015e-20
    outer loop
      vertex 56.9481 27.5 2.5
      vertex 57.1216 27.148 6.5
      vertex 57.1216 27.148 2.5
    endloop
  endfacet
  facet normal -0.0654873 -0.997853 0
    outer loop
      vertex 53.9584 23.0257 2.5
      vertex 54.35 23 6.5
      vertex 53.9584 23.0257 6.5
    endloop
  endfacet
  facet normal -0.0654873 -0.997853 -0
    outer loop
      vertex 54.35 23 6.5
      vertex 53.9584 23.0257 2.5
      vertex 54.35 23 2.5
    endloop
  endfacet
  facet normal -0.555523 -0.831501 0
    outer loop
      vertex 52.5237 23.6199 2.5
      vertex 52.85 23.4019 6.5
      vertex 52.5237 23.6199 6.5
    endloop
  endfacet
  facet normal -0.555523 -0.831501 -0
    outer loop
      vertex 52.85 23.4019 6.5
      vertex 52.5237 23.6199 2.5
      vertex 52.85 23.4019 2.5
    endloop
  endfacet
  facet normal 0.555523 -0.831501 0
    outer loop
      vertex 55.85 23.4019 2.5
      vertex 56.1763 23.6199 6.5
      vertex 55.85 23.4019 6.5
    endloop
  endfacet
  facet normal 0.555523 -0.831501 0
    outer loop
      vertex 56.1763 23.6199 6.5
      vertex 55.85 23.4019 2.5
      vertex 56.1763 23.6199 2.5
    endloop
  endfacet
  facet normal 0.946858 0.321651 9.45111e-21
    outer loop
      vertex 57.2478 26.7765 6.5
      vertex 57.1216 27.148 2.5
      vertex 57.1216 27.148 6.5
    endloop
  endfacet
  facet normal 0.946858 0.321651 9.45111e-21
    outer loop
      vertex 57.1216 27.148 2.5
      vertex 57.2478 26.7765 6.5
      vertex 57.2478 26.7765 2.5
    endloop
  endfacet
  facet normal -0.980815 0.19494 3.47188e-19
    outer loop
      vertex 51.3757 26.3916 2.5
      vertex 51.4522 26.7765 6.5
      vertex 51.4522 26.7765 2.5
    endloop
  endfacet
  facet normal -0.980815 0.19494 3.47188e-19
    outer loop
      vertex 51.4522 26.7765 6.5
      vertex 51.3757 26.3916 2.5
      vertex 51.3757 26.3916 6.5
    endloop
  endfacet
  facet normal -0.0654873 0.997853 0
    outer loop
      vertex 54.35 29 2.5
      vertex 53.9584 28.9743 6.5
      vertex 54.35 29 6.5
    endloop
  endfacet
  facet normal -0.0654873 0.997853 0
    outer loop
      vertex 53.9584 28.9743 6.5
      vertex 54.35 29 2.5
      vertex 53.9584 28.9743 2.5
    endloop
  endfacet
  facet normal -0.321651 -0.946858 0
    outer loop
      vertex 53.202 23.2284 2.5
      vertex 53.5735 23.1022 6.5
      vertex 53.202 23.2284 6.5
    endloop
  endfacet
  facet normal -0.321651 -0.946858 -0
    outer loop
      vertex 53.5735 23.1022 6.5
      vertex 53.202 23.2284 2.5
      vertex 53.5735 23.1022 2.5
    endloop
  endfacet
  facet normal -0.980815 -0.19494 -3.47188e-19
    outer loop
      vertex 51.4522 25.2235 2.5
      vertex 51.3757 25.6084 6.5
      vertex 51.3757 25.6084 2.5
    endloop
  endfacet
  facet normal -0.980815 -0.19494 -3.47188e-19
    outer loop
      vertex 51.3757 25.6084 6.5
      vertex 51.4522 25.2235 2.5
      vertex 51.4522 25.2235 6.5
    endloop
  endfacet
  facet normal 0.0654873 0.997853 -0
    outer loop
      vertex 54.7416 28.9743 2.5
      vertex 54.35 29 6.5
      vertex 54.7416 28.9743 6.5
    endloop
  endfacet
  facet normal 0.0654873 0.997853 0
    outer loop
      vertex 54.35 29 6.5
      vertex 54.7416 28.9743 2.5
      vertex 54.35 29 2.5
    endloop
  endfacet
  facet normal -0.19494 -0.980815 0
    outer loop
      vertex 53.5735 23.1022 2.5
      vertex 53.9584 23.0257 6.5
      vertex 53.5735 23.1022 6.5
    endloop
  endfacet
  facet normal -0.19494 -0.980815 -0
    outer loop
      vertex 53.9584 23.0257 6.5
      vertex 53.5735 23.1022 2.5
      vertex 53.9584 23.0257 2.5
    endloop
  endfacet
  facet normal -0.831501 0.555523 -3.48891e-19
    outer loop
      vertex 51.7519 27.5 2.5
      vertex 51.9699 27.8263 6.5
      vertex 51.9699 27.8263 2.5
    endloop
  endfacet
  facet normal -0.831501 0.555523 -3.48891e-19
    outer loop
      vertex 51.9699 27.8263 6.5
      vertex 51.7519 27.5 2.5
      vertex 51.7519 27.5 6.5
    endloop
  endfacet
  facet normal -0.980811 0.194961 2.17702e-19
    outer loop
      vertex 55.7023 25.6377 2.5
      vertex 55.738 25.8173 6.5
      vertex 55.738 25.8173 2.5
    endloop
  endfacet
  facet normal -0.980811 0.194961 2.17702e-19
    outer loop
      vertex 55.738 25.8173 6.5
      vertex 55.7023 25.6377 2.5
      vertex 55.7023 25.6377 6.5
    endloop
  endfacet
  facet normal -0.980811 -0.194961 -2.17702e-19
    outer loop
      vertex 55.738 26.1827 2.5
      vertex 55.7023 26.3623 6.5
      vertex 55.7023 26.3623 2.5
    endloop
  endfacet
  facet normal -0.980811 -0.194961 -2.17702e-19
    outer loop
      vertex 55.7023 26.3623 6.5
      vertex 55.738 26.1827 2.5
      vertex 55.738 26.1827 6.5
    endloop
  endfacet
  facet normal -0.99785 -0.0655402 1.04909e-19
    outer loop
      vertex 55.75 26 2.5
      vertex 55.738 26.1827 6.5
      vertex 55.738 26.1827 2.5
    endloop
  endfacet
  facet normal -0.99785 -0.0655402 1.04909e-19
    outer loop
      vertex 55.738 26.1827 6.5
      vertex 55.75 26 2.5
      vertex 55.75 26 6.5
    endloop
  endfacet
  facet normal -0.946922 -0.321462 -4.54935e-19
    outer loop
      vertex 55.7023 26.3623 2.5
      vertex 55.6434 26.5358 6.5
      vertex 55.6434 26.5358 2.5
    endloop
  endfacet
  facet normal -0.946922 -0.321462 -4.54935e-19
    outer loop
      vertex 55.6434 26.5358 6.5
      vertex 55.7023 26.3623 2.5
      vertex 55.7023 26.3623 6.5
    endloop
  endfacet
  facet normal -0.442401 0.896817 0
    outer loop
      vertex 55.05 24.7876 2.5
      vertex 54.8858 24.7066 6.5
      vertex 55.05 24.7876 6.5
    endloop
  endfacet
  facet normal -0.442401 0.896817 0
    outer loop
      vertex 54.8858 24.7066 6.5
      vertex 55.05 24.7876 2.5
      vertex 54.8858 24.7066 2.5
    endloop
  endfacet
  facet normal -0.194961 -0.980811 0
    outer loop
      vertex 54.5327 27.388 2.5
      vertex 54.7123 27.3523 6.5
      vertex 54.5327 27.388 6.5
    endloop
  endfacet
  facet normal -0.194961 -0.980811 -0
    outer loop
      vertex 54.7123 27.3523 6.5
      vertex 54.5327 27.388 2.5
      vertex 54.7123 27.3523 2.5
    endloop
  endfacet
  facet normal -0.194961 0.980811 0
    outer loop
      vertex 54.7123 24.6477 2.5
      vertex 54.5327 24.612 6.5
      vertex 54.7123 24.6477 6.5
    endloop
  endfacet
  facet normal -0.194961 0.980811 0
    outer loop
      vertex 54.5327 24.612 6.5
      vertex 54.7123 24.6477 2.5
      vertex 54.5327 24.612 2.5
    endloop
  endfacet
  facet normal -0.0655402 0.99785 0
    outer loop
      vertex 54.5327 24.612 2.5
      vertex 54.35 24.6 6.5
      vertex 54.5327 24.612 6.5
    endloop
  endfacet
  facet normal -0.0655402 0.99785 0
    outer loop
      vertex 54.35 24.6 6.5
      vertex 54.5327 24.612 2.5
      vertex 54.35 24.6 2.5
    endloop
  endfacet
  facet normal 0.659741 -0.751493 0
    outer loop
      vertex 53.3601 26.9899 2.5
      vertex 53.4977 27.1107 6.5
      vertex 53.3601 26.9899 6.5
    endloop
  endfacet
  facet normal 0.659741 -0.751493 0
    outer loop
      vertex 53.4977 27.1107 6.5
      vertex 53.3601 26.9899 2.5
      vertex 53.4977 27.1107 2.5
    endloop
  endfacet
  facet normal 0.83163 -0.55533 -1.77887e-19
    outer loop
      vertex 53.1376 26.7 6.5
      vertex 53.2393 26.8523 2.5
      vertex 53.2393 26.8523 6.5
    endloop
  endfacet
  facet normal 0.83163 -0.55533 -1.77887e-19
    outer loop
      vertex 53.2393 26.8523 2.5
      vertex 53.1376 26.7 6.5
      vertex 53.1376 26.7 2.5
    endloop
  endfacet
  facet normal -0.321462 -0.946922 0
    outer loop
      vertex 54.7123 27.3523 2.5
      vertex 54.8858 27.2934 6.5
      vertex 54.7123 27.3523 6.5
    endloop
  endfacet
  facet normal -0.321462 -0.946922 -0
    outer loop
      vertex 54.8858 27.2934 6.5
      vertex 54.7123 27.3523 2.5
      vertex 54.8858 27.2934 2.5
    endloop
  endfacet
  facet normal -0.65947 0.751731 0
    outer loop
      vertex 55.34 25.0101 2.5
      vertex 55.2023 24.8893 6.5
      vertex 55.34 25.0101 6.5
    endloop
  endfacet
  facet normal -0.65947 0.751731 0
    outer loop
      vertex 55.2023 24.8893 6.5
      vertex 55.34 25.0101 2.5
      vertex 55.2023 24.8893 2.5
    endloop
  endfacet
  facet normal 0.442401 -0.896817 0
    outer loop
      vertex 53.65 27.2124 2.5
      vertex 53.8142 27.2934 6.5
      vertex 53.65 27.2124 6.5
    endloop
  endfacet
  facet normal 0.442401 -0.896817 0
    outer loop
      vertex 53.8142 27.2934 6.5
      vertex 53.65 27.2124 2.5
      vertex 53.8142 27.2934 2.5
    endloop
  endfacet
  facet normal 0.0655402 0.99785 -0
    outer loop
      vertex 54.35 24.6 2.5
      vertex 54.1673 24.612 6.5
      vertex 54.35 24.6 6.5
    endloop
  endfacet
  facet normal 0.0655402 0.99785 0
    outer loop
      vertex 54.1673 24.612 6.5
      vertex 54.35 24.6 2.5
      vertex 54.1673 24.612 2.5
    endloop
  endfacet
  facet normal -0.751764 0.659432 5.45382e-19
    outer loop
      vertex 55.34 25.0101 2.5
      vertex 55.4607 25.1477 6.5
      vertex 55.4607 25.1477 2.5
    endloop
  endfacet
  facet normal -0.751764 0.659432 5.45382e-19
    outer loop
      vertex 55.4607 25.1477 6.5
      vertex 55.34 25.0101 2.5
      vertex 55.34 25.0101 6.5
    endloop
  endfacet
  facet normal 0.946922 0.321462 -4.54935e-19
    outer loop
      vertex 53.0566 25.4642 6.5
      vertex 52.9977 25.6377 2.5
      vertex 52.9977 25.6377 6.5
    endloop
  endfacet
  facet normal 0.946922 0.321462 -4.54935e-19
    outer loop
      vertex 52.9977 25.6377 2.5
      vertex 53.0566 25.4642 6.5
      vertex 53.0566 25.4642 2.5
    endloop
  endfacet
  facet normal -0.321462 0.946922 0
    outer loop
      vertex 54.8858 24.7066 2.5
      vertex 54.7123 24.6477 6.5
      vertex 54.8858 24.7066 6.5
    endloop
  endfacet
  facet normal -0.321462 0.946922 0
    outer loop
      vertex 54.7123 24.6477 6.5
      vertex 54.8858 24.7066 2.5
      vertex 54.7123 24.6477 2.5
    endloop
  endfacet
  facet normal 0.321462 -0.946922 0
    outer loop
      vertex 53.8142 27.2934 2.5
      vertex 53.9877 27.3523 6.5
      vertex 53.8142 27.2934 6.5
    endloop
  endfacet
  facet normal 0.321462 -0.946922 0
    outer loop
      vertex 53.9877 27.3523 6.5
      vertex 53.8142 27.2934 2.5
      vertex 53.9877 27.3523 2.5
    endloop
  endfacet
  facet normal -0.751764 -0.659432 -5.45382e-19
    outer loop
      vertex 55.4607 26.8523 2.5
      vertex 55.34 26.9899 6.5
      vertex 55.34 26.9899 2.5
    endloop
  endfacet
  facet normal -0.751764 -0.659432 -5.45382e-19
    outer loop
      vertex 55.34 26.9899 6.5
      vertex 55.4607 26.8523 2.5
      vertex 55.4607 26.8523 6.5
    endloop
  endfacet
  facet normal 0.55533 -0.83163 0
    outer loop
      vertex 53.4977 27.1107 2.5
      vertex 53.65 27.2124 6.5
      vertex 53.4977 27.1107 6.5
    endloop
  endfacet
  facet normal 0.55533 -0.83163 0
    outer loop
      vertex 53.65 27.2124 6.5
      vertex 53.4977 27.1107 2.5
      vertex 53.65 27.2124 2.5
    endloop
  endfacet
  facet normal 0.946922 -0.321462 4.54935e-19
    outer loop
      vertex 52.9977 26.3623 6.5
      vertex 53.0566 26.5358 2.5
      vertex 53.0566 26.5358 6.5
    endloop
  endfacet
  facet normal 0.946922 -0.321462 4.54935e-19
    outer loop
      vertex 53.0566 26.5358 2.5
      vertex 52.9977 26.3623 6.5
      vertex 52.9977 26.3623 2.5
    endloop
  endfacet
  facet normal -0.896817 -0.442401 3.14314e-19
    outer loop
      vertex 55.6434 26.5358 2.5
      vertex 55.5624 26.7 6.5
      vertex 55.5624 26.7 2.5
    endloop
  endfacet
  facet normal -0.896817 -0.442401 3.14314e-19
    outer loop
      vertex 55.5624 26.7 6.5
      vertex 55.6434 26.5358 2.5
      vertex 55.6434 26.5358 6.5
    endloop
  endfacet
  facet normal 0.194961 -0.980811 0
    outer loop
      vertex 53.9877 27.3523 2.5
      vertex 54.1673 27.388 6.5
      vertex 53.9877 27.3523 6.5
    endloop
  endfacet
  facet normal 0.194961 -0.980811 0
    outer loop
      vertex 54.1673 27.388 6.5
      vertex 53.9877 27.3523 2.5
      vertex 54.1673 27.388 2.5
    endloop
  endfacet
  facet normal -0.65947 -0.751731 0
    outer loop
      vertex 55.2023 27.1107 2.5
      vertex 55.34 26.9899 6.5
      vertex 55.2023 27.1107 6.5
    endloop
  endfacet
  facet normal -0.65947 -0.751731 -0
    outer loop
      vertex 55.34 26.9899 6.5
      vertex 55.2023 27.1107 2.5
      vertex 55.34 26.9899 2.5
    endloop
  endfacet
  facet normal -0.99785 0.0655402 -1.04909e-19
    outer loop
      vertex 55.738 25.8173 2.5
      vertex 55.75 26 6.5
      vertex 55.75 26 2.5
    endloop
  endfacet
  facet normal -0.99785 0.0655402 -1.04909e-19
    outer loop
      vertex 55.75 26 6.5
      vertex 55.738 25.8173 2.5
      vertex 55.738 25.8173 6.5
    endloop
  endfacet
  facet normal -0.442401 -0.896817 0
    outer loop
      vertex 54.8858 27.2934 2.5
      vertex 55.05 27.2124 6.5
      vertex 54.8858 27.2934 6.5
    endloop
  endfacet
  facet normal -0.442401 -0.896817 -0
    outer loop
      vertex 55.05 27.2124 6.5
      vertex 54.8858 27.2934 2.5
      vertex 55.05 27.2124 2.5
    endloop
  endfacet
  facet normal 0.321462 0.946922 -0
    outer loop
      vertex 53.9877 24.6477 2.5
      vertex 53.8142 24.7066 6.5
      vertex 53.9877 24.6477 6.5
    endloop
  endfacet
  facet normal 0.321462 0.946922 0
    outer loop
      vertex 53.8142 24.7066 6.5
      vertex 53.9877 24.6477 2.5
      vertex 53.8142 24.7066 2.5
    endloop
  endfacet
  facet normal 0.980811 -0.194961 2.17702e-19
    outer loop
      vertex 52.962 26.1827 6.5
      vertex 52.9977 26.3623 2.5
      vertex 52.9977 26.3623 6.5
    endloop
  endfacet
  facet normal 0.980811 -0.194961 2.17702e-19
    outer loop
      vertex 52.9977 26.3623 2.5
      vertex 52.962 26.1827 6.5
      vertex 52.962 26.1827 2.5
    endloop
  endfacet
  facet normal 0.0655402 -0.99785 0
    outer loop
      vertex 54.1673 27.388 2.5
      vertex 54.35 27.4 6.5
      vertex 54.1673 27.388 6.5
    endloop
  endfacet
  facet normal 0.0655402 -0.99785 0
    outer loop
      vertex 54.35 27.4 6.5
      vertex 54.1673 27.388 2.5
      vertex 54.35 27.4 2.5
    endloop
  endfacet
  facet normal 0.194961 0.980811 -0
    outer loop
      vertex 54.1673 24.612 2.5
      vertex 53.9877 24.6477 6.5
      vertex 54.1673 24.612 6.5
    endloop
  endfacet
  facet normal 0.194961 0.980811 0
    outer loop
      vertex 53.9877 24.6477 6.5
      vertex 54.1673 24.612 2.5
      vertex 53.9877 24.6477 2.5
    endloop
  endfacet
  facet normal -0.946922 0.321462 4.54935e-19
    outer loop
      vertex 55.6434 25.4642 2.5
      vertex 55.7023 25.6377 6.5
      vertex 55.7023 25.6377 2.5
    endloop
  endfacet
  facet normal -0.946922 0.321462 4.54935e-19
    outer loop
      vertex 55.7023 25.6377 6.5
      vertex 55.6434 25.4642 2.5
      vertex 55.6434 25.4642 6.5
    endloop
  endfacet
  facet normal -0.83163 -0.55533 -2.46477e-19
    outer loop
      vertex 55.5624 26.7 2.5
      vertex 55.4607 26.8523 6.5
      vertex 55.4607 26.8523 2.5
    endloop
  endfacet
  facet normal -0.83163 -0.55533 -2.46477e-19
    outer loop
      vertex 55.4607 26.8523 6.5
      vertex 55.5624 26.7 2.5
      vertex 55.5624 26.7 6.5
    endloop
  endfacet
  facet normal 0.896817 0.442401 -7.20313e-19
    outer loop
      vertex 53.1376 25.3 6.5
      vertex 53.0566 25.4642 2.5
      vertex 53.0566 25.4642 6.5
    endloop
  endfacet
  facet normal 0.896817 0.442401 -7.20313e-19
    outer loop
      vertex 53.0566 25.4642 2.5
      vertex 53.1376 25.3 6.5
      vertex 53.1376 25.3 2.5
    endloop
  endfacet
  facet normal -0.896817 0.442401 -3.14314e-19
    outer loop
      vertex 55.5624 25.3 2.5
      vertex 55.6434 25.4642 6.5
      vertex 55.6434 25.4642 2.5
    endloop
  endfacet
  facet normal -0.896817 0.442401 -3.14314e-19
    outer loop
      vertex 55.6434 25.4642 6.5
      vertex 55.5624 25.3 2.5
      vertex 55.5624 25.3 6.5
    endloop
  endfacet
  facet normal 0.751493 0.659741 -1.42439e-18
    outer loop
      vertex 53.3601 25.0101 6.5
      vertex 53.2393 25.1477 2.5
      vertex 53.2393 25.1477 6.5
    endloop
  endfacet
  facet normal 0.751493 0.659741 -1.42439e-18
    outer loop
      vertex 53.2393 25.1477 2.5
      vertex 53.3601 25.0101 6.5
      vertex 53.3601 25.0101 2.5
    endloop
  endfacet
  facet normal -0.83163 0.55533 2.46477e-19
    outer loop
      vertex 55.4607 25.1477 2.5
      vertex 55.5624 25.3 6.5
      vertex 55.5624 25.3 2.5
    endloop
  endfacet
  facet normal -0.83163 0.55533 2.46477e-19
    outer loop
      vertex 55.5624 25.3 6.5
      vertex 55.4607 25.1477 2.5
      vertex 55.4607 25.1477 6.5
    endloop
  endfacet
  facet normal 0.751493 -0.659741 1.42439e-18
    outer loop
      vertex 53.2393 26.8523 6.5
      vertex 53.3601 26.9899 2.5
      vertex 53.3601 26.9899 6.5
    endloop
  endfacet
  facet normal 0.751493 -0.659741 1.42439e-18
    outer loop
      vertex 53.3601 26.9899 2.5
      vertex 53.2393 26.8523 6.5
      vertex 53.2393 26.8523 2.5
    endloop
  endfacet
  facet normal -0.0655402 -0.99785 0
    outer loop
      vertex 54.35 27.4 2.5
      vertex 54.5327 27.388 6.5
      vertex 54.35 27.4 6.5
    endloop
  endfacet
  facet normal -0.0655402 -0.99785 -0
    outer loop
      vertex 54.5327 27.388 6.5
      vertex 54.35 27.4 2.5
      vertex 54.5327 27.388 2.5
    endloop
  endfacet
  facet normal -0.55533 -0.83163 0
    outer loop
      vertex 55.05 27.2124 2.5
      vertex 55.2023 27.1107 6.5
      vertex 55.05 27.2124 6.5
    endloop
  endfacet
  facet normal -0.55533 -0.83163 -0
    outer loop
      vertex 55.2023 27.1107 6.5
      vertex 55.05 27.2124 2.5
      vertex 55.2023 27.1107 2.5
    endloop
  endfacet
  facet normal 0.442401 0.896817 -0
    outer loop
      vertex 53.8142 24.7066 2.5
      vertex 53.65 24.7876 6.5
      vertex 53.8142 24.7066 6.5
    endloop
  endfacet
  facet normal 0.442401 0.896817 0
    outer loop
      vertex 53.65 24.7876 6.5
      vertex 53.8142 24.7066 2.5
      vertex 53.65 24.7876 2.5
    endloop
  endfacet
  facet normal 0.83163 0.55533 1.77887e-19
    outer loop
      vertex 53.2393 25.1477 6.5
      vertex 53.1376 25.3 2.5
      vertex 53.1376 25.3 6.5
    endloop
  endfacet
  facet normal 0.83163 0.55533 1.77887e-19
    outer loop
      vertex 53.1376 25.3 2.5
      vertex 53.2393 25.1477 6.5
      vertex 53.2393 25.1477 2.5
    endloop
  endfacet
  facet normal 0.980811 0.194961 -2.17702e-19
    outer loop
      vertex 52.9977 25.6377 6.5
      vertex 52.962 25.8173 2.5
      vertex 52.962 25.8173 6.5
    endloop
  endfacet
  facet normal 0.980811 0.194961 -2.17702e-19
    outer loop
      vertex 52.962 25.8173 2.5
      vertex 52.9977 25.6377 6.5
      vertex 52.9977 25.6377 2.5
    endloop
  endfacet
  facet normal 0.659741 0.751493 -0
    outer loop
      vertex 53.4977 24.8893 2.5
      vertex 53.3601 25.0101 6.5
      vertex 53.4977 24.8893 6.5
    endloop
  endfacet
  facet normal 0.659741 0.751493 0
    outer loop
      vertex 53.3601 25.0101 6.5
      vertex 53.4977 24.8893 2.5
      vertex 53.3601 25.0101 2.5
    endloop
  endfacet
  facet normal 0.896817 -0.442401 7.20313e-19
    outer loop
      vertex 53.0566 26.5358 6.5
      vertex 53.1376 26.7 2.5
      vertex 53.1376 26.7 6.5
    endloop
  endfacet
  facet normal 0.896817 -0.442401 7.20313e-19
    outer loop
      vertex 53.1376 26.7 2.5
      vertex 53.0566 26.5358 6.5
      vertex 53.0566 26.5358 2.5
    endloop
  endfacet
  facet normal 0.99785 0.0655402 1.04909e-19
    outer loop
      vertex 52.962 25.8173 6.5
      vertex 52.95 26 2.5
      vertex 52.95 26 6.5
    endloop
  endfacet
  facet normal 0.99785 0.0655402 1.04909e-19
    outer loop
      vertex 52.95 26 2.5
      vertex 52.962 25.8173 6.5
      vertex 52.962 25.8173 2.5
    endloop
  endfacet
  facet normal -0.55533 0.83163 0
    outer loop
      vertex 55.2023 24.8893 2.5
      vertex 55.05 24.7876 6.5
      vertex 55.2023 24.8893 6.5
    endloop
  endfacet
  facet normal -0.55533 0.83163 0
    outer loop
      vertex 55.05 24.7876 6.5
      vertex 55.2023 24.8893 2.5
      vertex 55.05 24.7876 2.5
    endloop
  endfacet
  facet normal 0.99785 -0.0655402 -1.04909e-19
    outer loop
      vertex 52.95 26 6.5
      vertex 52.962 26.1827 2.5
      vertex 52.962 26.1827 6.5
    endloop
  endfacet
  facet normal 0.99785 -0.0655402 -1.04909e-19
    outer loop
      vertex 52.962 26.1827 2.5
      vertex 52.95 26 6.5
      vertex 52.95 26 2.5
    endloop
  endfacet
  facet normal 0.55533 0.83163 -0
    outer loop
      vertex 53.65 24.7876 2.5
      vertex 53.4977 24.8893 6.5
      vertex 53.65 24.7876 6.5
    endloop
  endfacet
  facet normal 0.55533 0.83163 0
    outer loop
      vertex 53.4977 24.8893 6.5
      vertex 53.65 24.7876 2.5
      vertex 53.4977 24.8893 2.5
    endloop
  endfacet
  facet normal 1 -0 0
    outer loop
      vertex 75 13.5 6.5
      vertex 75 15 2.5
      vertex 75 15 6.5
    endloop
  endfacet
  facet normal 1 0 0
    outer loop
      vertex 75 15 2.5
      vertex 75 13.5 6.5
      vertex 75 13.5 2.5
    endloop
  endfacet
  facet normal 0 0 1
    outer loop
      vertex 73.5 16.5 6.5
      vertex 72 16.5 6.5
      vertex 73.5 15 6.5
    endloop
  endfacet
  facet normal -0 0 1
    outer loop
      vertex 73.5 15 6.5
      vertex 75 13.5 6.5
      vertex 75 15 6.5
    endloop
  endfacet
  facet normal 0 0 1
    outer loop
      vertex 72 13.5 6.5
      vertex 73.5 15 6.5
      vertex 72 16.5 6.5
    endloop
  endfacet
  facet normal 0 0 1
    outer loop
      vertex 73.5 15 6.5
      vertex 72 13.5 6.5
      vertex 75 13.5 6.5
    endloop
  endfacet
  facet normal -1 0 0
    outer loop
      vertex 72 16.2 2.5
      vertex 72 16.5 0
      vertex 72 16.2 0
    endloop
  endfacet
  facet normal -1 0 0
    outer loop
      vertex 72 16.5 0
      vertex 72 16.2 2.5
      vertex 72 16.5 6.5
    endloop
  endfacet
  facet normal -1 0 0
    outer loop
      vertex 72 13.5 6.5
      vertex 72 16.2 2.5
      vertex 72 13.5 2.5
    endloop
  endfacet
  facet normal -1 0 0
    outer loop
      vertex 72 16.2 2.5
      vertex 72 13.5 6.5
      vertex 72 16.5 6.5
    endloop
  endfacet
  facet normal 0 1 0
    outer loop
      vertex 72.9 16.5 2.5
      vertex 73.5 16.5 6.5
      vertex 73.5 16.5 2.5
    endloop
  endfacet
  facet normal 0 1 0
    outer loop
      vertex 73.5 16.5 6.5
      vertex 72.9 16.5 2.5
      vertex 72 16.5 6.5
    endloop
  endfacet
  facet normal 0 1 0
    outer loop
      vertex 72 16.5 0
      vertex 72.9 16.5 2.5
      vertex 72.9 16.5 0
    endloop
  endfacet
  facet normal 0 1 0
    outer loop
      vertex 72.9 16.5 2.5
      vertex 72 16.5 0
      vertex 72 16.5 6.5
    endloop
  endfacet
  facet normal 0 -1 0
    outer loop
      vertex 72 13.5 2.5
      vertex 75 13.5 6.5
      vertex 72 13.5 6.5
    endloop
  endfacet
  facet normal 0 -1 -0
    outer loop
      vertex 75 13.5 6.5
      vertex 72 13.5 2.5
      vertex 75 13.5 2.5
    endloop
  endfacet
  facet normal 1 -0 0
    outer loop
      vertex 73.5 15 6.5
      vertex 73.5 16.5 2.5
      vertex 73.5 16.5 6.5
    endloop
  endfacet
  facet normal 1 0 0
    outer loop
      vertex 73.5 16.5 2.5
      vertex 73.5 15 6.5
      vertex 73.5 15 2.5
    endloop
  endfacet
  facet normal 0 1 -0
    outer loop
      vertex 75 15 2.5
      vertex 73.5 15 6.5
      vertex 75 15 6.5
    endloop
  endfacet
  facet normal 0 1 0
    outer loop
      vertex 73.5 15 6.5
      vertex 75 15 2.5
      vertex 73.5 15 2.5
    endloop
  endfacet
  facet normal 1 -0 0
    outer loop
      vertex 75 61 6.5
      vertex 75 62.5 2.5
      vertex 75 62.5 6.5
    endloop
  endfacet
  facet normal 1 0 0
    outer loop
      vertex 75 62.5 2.5
      vertex 75 61 6.5
      vertex 75 61 2.5
    endloop
  endfacet
  facet normal 0 0 1
    outer loop
      vertex 75 62.5 6.5
      vertex 73.5 61 6.5
      vertex 75 61 6.5
    endloop
  endfacet
  facet normal -0 0 1
    outer loop
      vertex 72 62.5 6.5
      vertex 73.5 61 6.5
      vertex 75 62.5 6.5
    endloop
  endfacet
  facet normal 0 0 1
    outer loop
      vertex 72 59.5 6.5
      vertex 73.5 61 6.5
      vertex 72 62.5 6.5
    endloop
  endfacet
  facet normal 0 0 1
    outer loop
      vertex 73.5 61 6.5
      vertex 72 59.5 6.5
      vertex 73.5 59.5 6.5
    endloop
  endfacet
  facet normal -1 0 0
    outer loop
      vertex 72 59.5 2.5
      vertex 72 62.5 6.5
      vertex 72 62.5 2.5
    endloop
  endfacet
  facet normal -1 -0 0
    outer loop
      vertex 72 62.5 6.5
      vertex 72 59.5 2.5
      vertex 72 59.5 6.5
    endloop
  endfacet
  facet normal 0 1 -0
    outer loop
      vertex 75 62.5 2.5
      vertex 72 62.5 6.5
      vertex 75 62.5 6.5
    endloop
  endfacet
  facet normal 0 1 0
    outer loop
      vertex 72 62.5 6.5
      vertex 75 62.5 2.5
      vertex 72 62.5 2.5
    endloop
  endfacet
  facet normal 0 -1 0
    outer loop
      vertex 72 59.5 2.5
      vertex 73.5 59.5 6.5
      vertex 72 59.5 6.5
    endloop
  endfacet
  facet normal 0 -1 -0
    outer loop
      vertex 73.5 59.5 6.5
      vertex 72 59.5 2.5
      vertex 73.5 59.5 2.5
    endloop
  endfacet
  facet normal 1 -0 0
    outer loop
      vertex 73.5 59.5 6.5
      vertex 73.5 61 2.5
      vertex 73.5 61 6.5
    endloop
  endfacet
  facet normal 1 0 0
    outer loop
      vertex 73.5 61 2.5
      vertex 73.5 59.5 6.5
      vertex 73.5 59.5 2.5
    endloop
  endfacet
  facet normal 0 -1 0
    outer loop
      vertex 73.5 61 2.5
      vertex 75 61 6.5
      vertex 73.5 61 6.5
    endloop
  endfacet
  facet normal 0 -1 -0
    outer loop
      vertex 75 61 6.5
      vertex 73.5 61 2.5
      vertex 75 61 2.5
    endloop
  endfacet
  facet normal 1 0 0
    outer loop
      vertex 102 16.5 6.5
      vertex 102 16.2 2.5
      vertex 102 16.5 0
    endloop
  endfacet
  facet normal 1 -0 0
    outer loop
      vertex 102 13.5 6.5
      vertex 102 16.2 2.5
      vertex 102 16.5 6.5
    endloop
  endfacet
  facet normal 1 0 0
    outer loop
      vertex 102 16.2 2.5
      vertex 102 13.5 6.5
      vertex 102 13.5 2.5
    endloop
  endfacet
  facet normal 1 0 0
    outer loop
      vertex 102 16.5 0
      vertex 102 16.2 2.5
      vertex 102 16.2 0
    endloop
  endfacet
  facet normal 0 0 1
    outer loop
      vertex 100.5 15 6.5
      vertex 102 16.5 6.5
      vertex 100.5 16.5 6.5
    endloop
  endfacet
  facet normal 0 0 1
    outer loop
      vertex 102 16.5 6.5
      vertex 100.5 15 6.5
      vertex 102 13.5 6.5
    endloop
  endfacet
  facet normal 0 0 1
    outer loop
      vertex 99 13.5 6.5
      vertex 100.5 15 6.5
      vertex 99 15 6.5
    endloop
  endfacet
  facet normal 0 0 1
    outer loop
      vertex 100.5 15 6.5
      vertex 99 13.5 6.5
      vertex 102 13.5 6.5
    endloop
  endfacet
  facet normal -1 0 0
    outer loop
      vertex 99 13.5 2.5
      vertex 99 15 6.5
      vertex 99 15 2.5
    endloop
  endfacet
  facet normal -1 -0 0
    outer loop
      vertex 99 15 6.5
      vertex 99 13.5 2.5
      vertex 99 13.5 6.5
    endloop
  endfacet
  facet normal 0 1 0
    outer loop
      vertex 102 16.5 6.5
      vertex 101.1 16.5 2.5
      vertex 100.5 16.5 6.5
    endloop
  endfacet
  facet normal 0 1 -0
    outer loop
      vertex 102 16.5 0
      vertex 101.1 16.5 2.5
      vertex 102 16.5 6.5
    endloop
  endfacet
  facet normal 0 1 0
    outer loop
      vertex 101.1 16.5 2.5
      vertex 102 16.5 0
      vertex 101.1 16.5 0
    endloop
  endfacet
  facet normal 0 1 0
    outer loop
      vertex 100.5 16.5 6.5
      vertex 101.1 16.5 2.5
      vertex 100.5 16.5 2.5
    endloop
  endfacet
  facet normal 0 -1 0
    outer loop
      vertex 99 13.5 2.5
      vertex 102 13.5 6.5
      vertex 99 13.5 6.5
    endloop
  endfacet
  facet normal 0 -1 -0
    outer loop
      vertex 102 13.5 6.5
      vertex 99 13.5 2.5
      vertex 102 13.5 2.5
    endloop
  endfacet
  facet normal -1 0 0
    outer loop
      vertex 100.5 15 2.5
      vertex 100.5 16.5 6.5
      vertex 100.5 16.5 2.5
    endloop
  endfacet
  facet normal -1 -0 0
    outer loop
      vertex 100.5 16.5 6.5
      vertex 100.5 15 2.5
      vertex 100.5 15 6.5
    endloop
  endfacet
  facet normal 0 1 -0
    outer loop
      vertex 100.5 15 2.5
      vertex 99 15 6.5
      vertex 100.5 15 6.5
    endloop
  endfacet
  facet normal 0 1 0
    outer loop
      vertex 99 15 6.5
      vertex 100.5 15 2.5
      vertex 99 15 2.5
    endloop
  endfacet
  facet normal 1 -0 0
    outer loop
      vertex 102 59.5 6.5
      vertex 102 62.5 2.5
      vertex 102 62.5 6.5
    endloop
  endfacet
  facet normal 1 0 0
    outer loop
      vertex 102 62.5 2.5
      vertex 102 59.5 6.5
      vertex 102 59.5 2.5
    endloop
  endfacet
  facet normal 0 0 1
    outer loop
      vertex 102 62.5 6.5
      vertex 100.5 61 6.5
      vertex 102 59.5 6.5
    endloop
  endfacet
  facet normal -0 0 1
    outer loop
      vertex 99 62.5 6.5
      vertex 100.5 61 6.5
      vertex 102 62.5 6.5
    endloop
  endfacet
  facet normal 0 0 1
    outer loop
      vertex 100.5 61 6.5
      vertex 99 62.5 6.5
      vertex 99 61 6.5
    endloop
  endfacet
  facet normal 0 0 1
    outer loop
      vertex 102 59.5 6.5
      vertex 100.5 61 6.5
      vertex 100.5 59.5 6.5
    endloop
  endfacet
  facet normal -1 0 0
    outer loop
      vertex 99 61 2.5
      vertex 99 62.5 6.5
      vertex 99 62.5 2.5
    endloop
  endfacet
  facet normal -1 -0 0
    outer loop
      vertex 99 62.5 6.5
      vertex 99 61 2.5
      vertex 99 61 6.5
    endloop
  endfacet
  facet normal 0 1 -0
    outer loop
      vertex 102 62.5 2.5
      vertex 99 62.5 6.5
      vertex 102 62.5 6.5
    endloop
  endfacet
  facet normal 0 1 0
    outer loop
      vertex 99 62.5 6.5
      vertex 102 62.5 2.5
      vertex 99 62.5 2.5
    endloop
  endfacet
  facet normal 0 -1 0
    outer loop
      vertex 100.5 59.5 2.5
      vertex 102 59.5 6.5
      vertex 100.5 59.5 6.5
    endloop
  endfacet
  facet normal 0 -1 -0
    outer loop
      vertex 102 59.5 6.5
      vertex 100.5 59.5 2.5
      vertex 102 59.5 2.5
    endloop
  endfacet
  facet normal -1 0 0
    outer loop
      vertex 100.5 59.5 2.5
      vertex 100.5 61 6.5
      vertex 100.5 61 2.5
    endloop
  endfacet
  facet normal -1 -0 0
    outer loop
      vertex 100.5 61 6.5
      vertex 100.5 59.5 2.5
      vertex 100.5 59.5 6.5
    endloop
  endfacet
  facet normal 0 -1 0
    outer loop
      vertex 99 61 2.5
      vertex 100.5 61 6.5
      vertex 99 61 6.5
    endloop
  endfacet
  facet normal 0 -1 -0
    outer loop
      vertex 100.5 61 6.5
      vertex 99 61 2.5
      vertex 100.5 61 2.5
    endloop
  endfacet
endsolid OpenSCAD_Model
