unix_time,volts,amps,watts
1790337396.228,5.0659,0.1735,0.8792
1790337396.543,5.0669,0.2212,1.1209
1790337396.769,5.0680,0.1723,0.8733
1790337397.038,5.0698,0.1757,0.8911
1790337397.263,5.0703,0.1725,0.8746
1790337397.533,5.0714,0.1248,0.6333
1790337397.758,5.0600,0.2224,1.1257
1790337398.029,5.0719,0.1464,0.7429
1790337398.253,5.0720,0.1430,0.7254
1790337398.568,5.0722,0.1599,0.8111
1790337398.748,5.0722,0.1596,0.8097
1790337399.064,5.0739,0.1464,0.7430
1790337399.243,5.0743,0.1668,0.8466
1790337399.559,5.0745,0.1424,0.7227
1790337399.738,5.0743,0.1438,0.7297
1790337400.053,5.0743,0.1802,0.9147
1790337400.233,5.0735,0.1656,0.8402
1790337400.548,5.0725,0.1837,0.9320
1790337400.729,5.0718,0.1578,0.8006
1790337401.043,5.0700,0.2229,1.1304
1790337401.268,5.0699,0.1906,0.9667
1790337401.538,5.0588,0.2224,1.1254
1790337401.763,5.0693,0.1541,0.7816
1790337402.034,5.0703,0.1859,0.9429
1790337402.259,5.0705,0.1536,0.7792
1790337402.528,5.0710,0.1857,0.9418
1790337402.753,5.0713,0.1635,0.8292
1790337403.068,5.0712,0.1644,0.8339
1790337403.248,5.0714,0.1363,0.6912
1790337403.563,5.0724,0.1340,0.6801
1790337403.743,5.0730,0.1340,0.6801
1790337404.059,5.0736,0.1867,0.9473
1790337404.238,5.0732,0.1496,0.7593
1790337404.553,5.0729,0.1515,0.7687
1790337404.733,5.0724,0.1358,0.6889
1790337405.048,5.0720,0.2041,1.0352
1790337405.228,5.0722,0.1561,0.7921
1790337405.543,5.0716,0.1847,0.9368
1790337405.769,5.0716,0.2036,1.0325
1790337406.038,5.0709,0.2078,1.0538
1790337406.263,5.0705,0.1561,0.7919
1790337406.533,5.0707,0.1862,0.9442
1790337406.760,5.0706,0.1670,0.8469
1790337407.028,5.0708,0.1397,0.7088
1790337407.253,5.0714,0.1748,0.8864
1790337407.571,5.0712,0.1435,0.7277
1790337407.749,5.0714,0.1412,0.7165
1790337408.063,5.0722,0.1256,0.6372
1790337408.243,5.0726,0.1559,0.7908
1790337408.558,5.0743,0.1345,0.6829
1790337408.738,5.0747,0.1422,0.7218
1790337409.053,5.0752,0.1246,0.6325
1790337409.234,5.0754,0.2018,1.0245
1790337409.548,5.0743,0.1849,0.9386
1790337409.728,5.0736,0.1494,0.7582
1790337410.043,5.0725,0.1854,0.9408
1790337410.268,5.0717,0.1837,0.9318
1790337410.538,5.0706,0.2209,1.1205
1790337410.764,5.0703,0.1749,0.8871
1790337411.034,5.0690,0.2195,1.1126
1790337411.258,5.0677,0.2219,1.1249
1790337411.528,5.0671,0.2195,1.1122
1790337411.754,5.0775,0.1422,0.7223
1790337412.068,5.0683,0.1462,0.7412
1790337412.248,5.0699,0.1435,0.7275
1790337412.565,5.0718,0.1430,0.7253
1790337412.743,5.0729,0.1514,0.7683
1790337413.058,5.0625,0.2083,1.0546
1790337413.238,5.0720,0.2276,1.1548
1790337413.553,5.0693,0.2172,1.1013
1790337413.733,5.0671,0.2190,1.1096
1790337414.048,5.0633,0.2173,1.1004
1790337414.229,5.0623,0.2227,1.1274
1790337414.543,5.0623,0.2244,1.1363
1790337414.768,5.0622,0.2381,1.2054
1790337415.038,5.0622,0.2393,1.2117
1790337415.265,5.0620,0.2275,1.1517
1790337415.533,5.0631,0.1780,0.9013
1790337415.759,5.0644,0.2262,1.1455
1790337416.028,5.0646,0.2108,1.0677
1790337416.253,5.0651,0.2079,1.0532
1790337416.568,5.0637,0.2141,1.0843
1790337416.749,5.0623,0.2226,1.1268
1790337417.065,5.0621,0.2236,1.1323
1790337417.243,5.0621,0.2371,1.2003
1790337417.558,5.0624,0.2254,1.1412
1790337417.738,5.0626,0.1983,1.0043
1790337418.056,5.0641,0.1934,0.9795
1790337418.233,5.0648,0.2125,1.0766
1790337418.549,5.0659,0.1892,0.9584
1790337418.729,5.0668,0.2010,1.0184
1790337419.043,5.0664,0.2271,1.1510
1790337419.269,5.0658,0.2079,1.0534
1790337419.539,5.0650,0.2252,1.1407
1790337419.765,5.0643,0.2167,1.0978
1790337420.033,5.0639,0.2190,1.1093
1790337420.258,5.0640,0.1743,0.8826
1790337420.528,5.0656,0.2219,1.1244
1790337420.753,5.0669,0.1755,0.8894
1790337421.068,5.0686,0.1676,0.8494
1790337421.248,5.0702,0.1546,0.7843
1790337421.563,5.0707,0.1847,0.9367
1790337421.743,5.0711,0.2023,1.0261
1790337422.060,5.0714,0.1864,0.9456
1790337422.238,5.0719,0.1253,0.6359
1790337422.553,5.0730,0.1253,0.6361
1790337422.734,5.0736,0.1360,0.6903
1790337423.048,5.0748,0.1253,0.6363
1790337423.229,5.0744,0.1440,0.7311
1790337423.544,5.0737,0.1496,0.7594
1790337423.768,5.0732,0.1524,0.7735
1790337424.038,5.0725,0.1335,0.6775
1790337424.265,5.0729,0.1528,0.7753
1790337424.533,5.0726,0.1852,0.9396
1790337424.758,5.0721,0.1575,0.7988
1790337425.030,5.0712,0.1844,0.9355
1790337425.256,5.0705,0.1674,0.8492
1790337425.569,5.0707,0.1877,0.9518
1790337425.749,5.0709,0.1660,0.8417
1790337426.065,5.0714,0.1812,0.9192
1790337426.245,5.0713,0.1649,0.8367
1790337426.560,5.0710,0.1787,0.9065
1790337426.739,5.0712,0.1859,0.9430
1790337427.055,5.0698,0.1857,0.9416
1790337427.234,5.0692,0.1787,0.9058
1790337427.549,5.0687,0.1442,0.7312
1790337427.729,5.0688,0.1430,0.7249
1790337428.044,5.0706,0.1417,0.7189
1790337428.224,5.0718,0.1745,0.8852
1790337428.539,5.0734,0.1521,0.7717
1790337428.719,5.0739,0.1311,0.6651
1790337429.034,5.0745,0.1442,0.7321
1790337429.260,5.0748,0.1422,0.7217
1790337429.530,5.0743,0.2137,1.0847
1790337429.754,5.0613,0.1745,0.8834
1790337430.024,5.0711,0.1964,0.9959
1790337430.249,5.0700,0.1656,0.8396
1790337430.519,5.0691,0.2249,1.1403
1790337430.745,5.0680,0.2108,1.0683
1790337431.059,5.0668,0.1745,0.8844
1790337431.239,5.0669,0.1743,0.8831
1790337431.554,5.0666,0.2219,1.1247
1790337431.735,5.0678,0.1720,0.8720
1790337432.049,5.0696,0.1872,0.9491
1790337432.229,5.0699,0.1736,0.8805
1790337432.544,5.0705,0.1517,0.7692
1790337432.725,5.0706,0.1714,0.8695
1790337433.039,5.0714,0.1420,0.7202
1790337433.220,5.0716,0.1854,0.9406
1790337433.534,5.0728,0.1378,0.6990
1790337433.759,5.0736,0.1350,0.6853
1790337434.030,5.0739,0.1248,0.6336
1790337434.254,5.0743,0.1427,0.7245
1790337434.525,5.0744,0.1422,0.7217
1790337434.749,5.0741,0.1434,0.7278
1790337435.020,5.0741,0.1239,0.6286
1790337435.244,5.0742,0.1653,0.8390
1790337435.559,5.0732,0.1852,0.9397
1790337435.739,5.0729,0.1792,0.9094
1790337436.054,5.0712,0.1666,0.8451
1790337436.234,5.0701,0.1741,0.8829
1790337436.550,5.0694,0.1780,0.9026
1790337436.730,5.0693,0.1791,0.9082
1790337437.044,5.0702,0.1556,0.7893
1790337437.224,5.0707,0.1539,0.7805
1790337437.539,5.0721,0.1253,0.6359
1790337437.719,5.0730,0.1693,0.8590
1790337438.034,5.0741,0.1596,0.8100
1790337438.260,5.0747,0.1414,0.7176
1790337438.529,5.0747,0.1415,0.7185
1790337438.754,5.0743,0.1253,0.6362
1790337439.024,5.0734,0.1504,0.7635
1790337439.249,5.0728,0.1422,0.7217
1790337439.519,5.0724,0.1435,0.7279
1790337439.745,5.0722,0.1355,0.6876
1790337440.059,5.0726,0.1236,0.6272
1790337440.239,5.0538,0.2050,1.0364
1790337440.555,5.0726,0.2058,1.0441
1790337440.914,5.0719,0.1566,0.7947
1790337441.049,5.0709,0.1617,0.8201
1790337441.229,5.0700,0.1829,0.9277
1790337441.544,5.0702,0.1859,0.9429
1790337441.724,5.0705,0.1532,0.7768
1790337442.039,5.0706,0.2073,1.0513
1790337442.219,5.0700,0.1724,0.8740
1790337442.534,5.0700,0.1911,0.9693
1790337442.760,5.0693,0.1807,0.9162
1790337443.030,5.0685,0.1878,0.9520
1790337443.254,5.0690,0.1395,0.7073
1790337443.524,5.0696,0.1430,0.7250
1790337443.749,5.0707,0.1435,0.7277
1790337444.020,5.0721,0.1427,0.7241
1790337444.244,5.0729,0.1246,0.6322
1790337444.559,5.0735,0.1251,0.6349
1790337444.739,5.0739,0.1621,0.8226
1790337445.056,5.0742,0.1263,0.6412
1790337445.234,5.0747,0.2197,1.1151
1790337445.549,5.0730,0.1715,0.8703
1790337445.730,5.0720,0.1720,0.8727
1790337446.044,5.0708,0.2058,1.0437
1790337446.226,5.0700,0.1546,0.7842
1790337446.539,5.0703,0.1579,0.8007
1790337446.719,5.0705,0.1694,0.8590
1790337447.034,5.0709,0.1782,0.9040
1790337447.260,5.0711,0.1652,0.8378
1790337447.530,5.0720,0.1422,0.7215
1790337447.754,5.0726,0.1355,0.6877
1790337448.024,5.0740,0.1350,0.6853
1790337448.249,5.0745,0.1430,0.7258
1790337448.519,5.0738,0.1480,0.7511
1790337448.744,5.0733,0.1508,0.7652
1790337449.059,5.0727,0.1435,0.7279
1790337449.239,5.0725,0.1733,0.8791
1790337449.555,5.0733,0.1509,0.7656
1790337449.734,5.0740,0.1678,0.8516
1790337450.050,5.0745,0.1417,0.7192
1790337450.230,5.0747,0.1398,0.7099
1790337450.544,5.0740,0.1780,0.9033
1790337450.724,5.0732,0.1506,0.7643
1790337451.039,5.0723,0.1585,0.8040
1790337451.220,5.0716,0.1629,0.8265
1790337451.534,5.0709,0.1998,1.0135
1790337451.759,5.0700,0.1729,0.8768
1790337452.029,5.0695,0.2229,1.1303
1790337452.256,5.0691,0.1784,0.9045
1790337452.524,5.0698,0.1246,0.6319
1790337452.750,5.0716,0.1494,0.7580
1790337453.019,5.0733,0.1268,0.6437
1790337453.244,5.0744,0.1424,0.7227
1790337453.560,5.0750,0.1241,0.6300
1790337453.739,5.0748,0.1241,0.6300
1790337454.054,5.0743,0.2085,1.0583
1790337454.234,5.0735,0.1453,0.7372
1790337454.549,5.0735,0.1355,0.6878
1790337454.729,5.0726,0.1517,0.7698
1790337455.045,5.0721,0.1430,0.7254
1790337455.224,5.0723,0.1430,0.7254
1790337455.540,5.0718,0.1924,0.9759
1790337455.720,5.0714,0.1627,0.8254
1790337456.034,5.0713,0.1640,0.8320
1790337456.259,5.0709,0.1660,0.8421
1790337456.529,5.0703,0.1695,0.8598
1790337456.755,5.0706,0.1675,0.8494
1790337457.024,5.0707,0.1672,0.8480
1790337457.249,5.0707,0.1672,0.8482
1790337457.519,5.0714,0.1283,0.6510
1790337457.744,5.0723,0.1817,0.9219
1790337458.060,5.0725,0.1397,0.7090
1790337458.239,5.0625,0.2192,1.1099
1790337458.554,5.0711,0.1872,0.9494
1790337458.735,5.0696,0.1902,0.9642
1790337459.049,5.0688,0.1425,0.7224
1790337459.229,5.0688,0.1422,0.7211
1790337459.544,5.0705,0.1420,0.7201
1790337459.727,5.0716,0.1432,0.7266
1790337460.040,5.0728,0.1246,0.6322
1790337460.219,5.0731,0.1363,0.6915
1790337460.534,5.0732,0.1765,0.8956
1790337460.760,5.0728,0.1792,0.9094
1790337461.029,5.0722,0.1792,0.9093
1790337461.254,5.0709,0.1941,0.9846
1790337461.524,5.0696,0.1776,0.9008
1790337461.749,5.0690,0.1666,0.8445
1790337462.020,5.0687,0.1811,0.9181
1790337462.244,5.0695,0.1556,0.7892
1790337462.560,5.0707,0.1564,0.7932
1790337462.739,5.0720,0.1593,0.8081
1790337463.058,5.0734,0.1348,0.6839
1790337463.234,5.0740,0.1355,0.6878
1790337463.549,5.0745,0.1411,0.7161
1790337463.729,5.0742,0.1422,0.7217
1790337464.044,5.0736,0.1715,0.8704
1790337464.225,5.0725,0.1510,0.7659
1790337464.540,5.0720,0.1437,0.7291
1790337464.719,5.0716,0.1435,0.7278
1790337465.034,5.0715,0.1350,0.6850
1790337465.260,5.0723,0.1676,0.8501
1790337465.531,5.0718,0.1554,0.7885
1790337465.755,5.0719,0.1678,0.8513
1790337466.024,5.0715,0.1829,0.9280
1790337466.250,5.0710,0.1656,0.8398
1790337466.519,5.0708,0.1566,0.7944
1790337466.745,5.0706,0.1576,0.7994
1790337467.059,5.0707,0.1671,0.8476
1790337467.239,5.0710,0.1944,0.9859
1790337467.554,5.0708,0.1437,0.7289
1790337467.734,5.0709,0.1432,0.7265
1790337468.049,5.0713,0.1363,0.6912
1790337468.229,5.0714,0.1961,0.9947
1790337468.544,5.0694,0.2299,1.1655
1790337468.724,5.0673,0.2209,1.1197
1790337469.039,5.0643,0.2274,1.1518
1790337469.220,5.0621,0.2205,1.1162
1790337469.535,5.0618,0.2378,1.2040
1790337469.761,5.0619,0.2376,1.2028
1790337470.029,5.0620,0.2272,1.1505
1790337470.254,5.0621,0.1725,0.8735
1790337470.524,5.0633,0.2196,1.1121
1790337470.751,5.0638,0.2164,1.0961
1790337471.020,5.0646,0.2124,1.0759
1790337471.244,5.0650,0.2096,1.0616
1790337471.559,5.0639,0.2160,1.0938
1790337471.740,5.0633,0.2182,1.1050
1790337472.054,5.0628,0.2192,1.1100
1790337472.234,5.0628,0.2199,1.1134
1790337472.550,5.0626,0.2219,1.1238
1790337472.731,5.0631,0.1946,0.9855
1790337473.044,5.0644,0.1944,0.9846
1790337473.225,5.0650,0.1902,0.9633
1790337473.540,5.0661,0.2197,1.1132
1790337473.719,5.0659,0.2324,1.1773
1790337474.034,5.0644,0.2101,1.0644
1790337474.261,5.0638,0.2143,1.0855
1790337474.530,5.0627,0.2206,1.1170
1790337474.754,5.0626,0.2200,1.1141
1790337475.025,5.0628,0.2195,1.1114
1790337475.249,5.0631,0.2190,1.1090
1790337475.520,5.0632,0.2185,1.1066
1790337475.745,5.0635,0.2183,1.1054
1790337476.062,5.0635,0.1757,0.8901
1790337476.239,5.0763,0.1432,0.7272
1790337476.555,5.0667,0.1948,0.9870
1790337476.734,5.0670,0.2232,1.1310
1790337477.050,5.0674,0.2016,1.0217
1790337477.230,5.0675,0.1738,0.8807
1790337477.546,5.0667,0.1678,0.8504
1790337477.725,5.0675,0.1561,0.7914
1790337478.039,5.0697,0.1753,0.8891
1790337478.221,5.0701,0.1576,0.7994
1790337478.535,5.0709,0.1681,0.8526
1790337478.805,5.0711,0.1676,0.8499
1790337479.030,5.0714,0.1656,0.8399
1790337479.255,5.0722,0.1738,0.8816
1790337479.526,5.0731,0.1519,0.7707
1790337479.750,5.0741,0.1452,0.7367
1790337480.020,5.0740,0.1740,0.8831
1790337480.245,5.0729,0.1521,0.7715
1790337480.560,5.0724,0.1457,0.7393
1790337480.740,5.0719,0.1256,0.6372
1790337481.055,5.0724,0.1676,0.8501
1790337481.235,5.0730,0.1385,0.7028
1790337481.551,5.0729,0.1330,0.6751
1790337481.729,5.0728,0.1263,0.6411
1790337482.045,5.0729,0.1263,0.6411
1790337482.225,5.0736,0.1258,0.6386
1790337482.540,5.0736,0.1576,0.7999
1790337482.720,5.0734,0.1666,0.8452
1790337483.035,5.0723,0.2465,1.2506
1790337483.263,5.0705,0.1680,0.8520
1790337483.530,5.0692,0.1763,0.8941
1790337483.755,5.0686,0.1788,0.9066
1790337484.025,5.0680,0.1666,0.8443
1790337484.251,5.0685,0.1551,0.7865
1790337484.520,5.0698,0.1248,0.6331
1790337484.745,5.0711,0.1348,0.6836
1790337485.062,5.0725,0.1378,0.6989
1790337485.240,5.0734,0.1440,0.7309
1790337485.555,5.0739,0.1380,0.7002
1790337485.735,5.0734,0.1256,0.6374
1790337486.051,5.0737,0.1251,0.6349
1790337486.231,5.0736,0.1849,0.9385
1790337486.546,5.0725,0.1490,0.7560
1790337486.726,5.0723,0.1738,0.8816
1790337487.040,5.0707,0.1827,0.9266
1790337487.220,5.0588,0.2212,1.1191
1790337487.535,5.0673,0.2232,1.1311
1790337487.760,5.0655,0.2187,1.1080
1790337488.075,5.0635,0.2299,1.1642
1790337488.255,5.0623,0.2179,1.1030
1790337488.526,5.0623,0.2199,1.1134
1790337488.750,5.0623,0.2217,1.1223
1790337489.020,5.0624,0.2220,1.1243
1790337489.245,5.0620,0.2378,1.2041
1790337489.560,5.0622,0.2252,1.1404
1790337489.741,5.0621,0.2262,1.1454
1790337490.055,5.0628,0.1944,0.9843
1790337490.235,5.0635,0.2176,1.1019
1790337490.551,5.0638,0.2155,1.0915
1790337490.731,5.0641,0.2134,1.0809
1790337491.045,5.0639,0.2155,1.0914
1790337491.225,5.0635,0.2189,1.1086
1790337491.541,5.0632,0.1867,0.9454
1790337491.720,5.0638,0.1852,0.9379
1790337492.035,5.0647,0.2083,1.0553
1790337492.260,5.0653,0.2046,1.0368
1790337492.530,5.0660,0.2004,1.0156
1790337492.756,5.0658,0.2018,1.0226
1790337493.025,5.0660,0.1906,0.9660
1790337493.250,5.0659,0.2025,1.0261
1790337493.521,5.0659,0.2001,1.0140
1790337493.745,5.0664,0.1972,0.9991
1790337494.061,5.0662,0.2227,1.1283
1790337494.240,5.0655,0.2209,1.1193
1790337494.555,5.0648,0.2197,1.1129
1790337494.735,5.0638,0.2114,1.0705
1790337495.050,5.0626,0.2192,1.1100
1790337495.230,5.0629,0.2085,1.0559
1790337495.545,5.0628,0.2183,1.1052
1790337495.725,5.0631,0.2353,1.1918
1790337496.040,5.0634,0.2177,1.1024
1790337496.221,5.0638,0.1919,0.9718
1790337496.535,5.0652,0.1772,0.8979
1790337496.760,5.0668,0.2209,1.1196
1790337497.030,5.0676,0.1740,0.8820
1790337497.256,5.0686,0.1666,0.8444
1790337497.526,5.0694,0.1569,0.7954
1790337497.751,5.0691,0.1554,0.7878
1790337498.021,5.0705,0.1566,0.7943
1790337498.245,5.0706,0.1694,0.8593
1790337498.560,5.0704,0.1864,0.9454
1790337498.740,5.0704,0.1566,0.7943
1790337499.055,5.0705,0.2212,1.1217
1790337499.235,5.0691,0.2306,1.1692
1790337499.550,5.0671,0.2212,1.1209
1790337499.730,5.0656,0.2192,1.1106
1790337500.046,5.0630,0.2225,1.1268
1790337500.225,5.0628,0.2232,1.1301
1790337500.540,5.0500,0.2646,1.3367
1790337500.720,5.0629,0.2793,1.4142
1790337501.035,5.0629,0.2219,1.1235
1790337501.260,5.0630,0.1862,0.9428
1790337501.530,5.0646,0.1887,0.9557
1790337501.755,5.0651,0.1735,0.8791
1790337502.025,5.0668,0.1735,0.8794
1790337502.250,5.0677,0.1738,0.8808
1790337502.522,5.0671,0.1673,0.8479
1790337502.745,5.0679,0.1661,0.8418
1790337503.061,5.0687,0.1803,0.9141
1790337503.240,5.0692,0.1772,0.8986
1790337503.555,5.0703,0.1566,0.7943
1790337503.735,5.0705,0.2219,1.1255
1790337504.050,5.0678,0.2232,1.1312
1790337504.230,5.0660,0.2150,1.0893
1790337504.545,5.0640,0.2247,1.1379
1790337504.725,5.0623,0.2217,1.1227
1790337505.040,5.0625,0.2218,1.1232
1790337505.221,5.0628,0.2118,1.0723
1790337505.536,5.0622,0.2103,1.0646
1790337505.760,5.0624,0.2215,1.1216
1790337506.030,5.0632,0.1899,0.9617
1790337506.256,5.0641,0.1849,0.9367
1790337506.525,5.0657,0.1748,0.8854
1790337506.750,5.0670,0.1743,0.8831
1790337507.020,5.0681,0.1842,0.9339
1790337507.290,5.0683,0.1842,0.9338
1790337507.560,5.0682,0.2199,1.1149
1790337507.740,5.0670,0.2209,1.1197
1790337508.055,5.0652,0.1797,0.9105
1790337508.235,5.0648,0.2097,1.0625
1790337508.550,5.0645,0.2108,1.0677
1790337508.730,5.0644,0.2109,1.0683
1790337509.046,5.0643,0.2629,1.3316
1790337509.225,5.0636,0.2159,1.0933
1790337509.540,5.0624,0.2245,1.1367
1790337509.720,5.0626,0.2241,1.1347
1790337510.035,5.0627,0.2231,1.1296
1790337510.260,5.0627,0.2223,1.1255
1790337510.530,5.0629,0.1939,0.9818
1790337510.755,5.0635,0.1879,0.9517
1790337511.025,5.0653,0.1951,0.9885
1790337511.250,5.0663,0.1755,0.8893
1790337511.566,5.0677,0.1738,0.8808
1790337511.745,5.0682,0.1683,0.8531
1790337512.060,5.0677,0.1733,0.8782
1790337512.240,5.0679,0.2075,1.0520
1790337512.555,5.0681,0.2790,1.4144
1790337512.735,5.0683,0.1564,0.7928
1790337513.050,5.0691,0.1566,0.7941
1790337513.230,5.0550,0.3111,1.5727
1790337513.545,5.0672,0.2165,1.0971
1790337513.725,5.0659,0.2212,1.1207
1790337514.040,5.0635,0.2334,1.1818
1790337514.221,5.0622,0.2217,1.1224
1790337514.535,5.0624,0.2216,1.1221
1790337514.805,5.0624,0.2218,1.1231
1790337515.030,5.0626,0.2216,1.1222
1790337515.257,5.0627,0.1899,0.9616
1790337515.525,5.0635,0.2286,1.1579
1790337515.750,5.0639,0.2154,1.0909
1790337516.020,5.0550,0.2465,1.2463
1790337516.245,5.0662,0.2428,1.2302
1790337516.561,5.0670,0.1757,0.8907
1790337516.741,5.0678,0.1574,0.7977
1790337517.055,5.0689,0.1801,0.9131
1790337517.235,5.0694,0.1579,0.8005
1790337517.550,5.0702,0.1723,0.8738
1790337517.731,5.0705,0.1708,0.8661
1790337518.046,5.0696,0.2190,1.1102
1790337518.225,5.0680,0.2222,1.1262
1790337518.541,5.0657,0.2182,1.1056
1790337518.765,5.0644,0.2140,1.0837
1790337519.035,5.0628,0.2239,1.1339
1790337519.261,5.0628,0.2236,1.1323
1790337519.531,5.0628,0.2228,1.1281
1790337519.756,5.0630,0.2226,1.1272
1790337520.025,5.0633,0.1862,0.9428
1790337520.250,5.0750,0.1882,0.9551
1790337520.520,5.0659,0.2071,1.0494
1790337520.745,5.0669,0.1743,0.8831
1790337521.060,5.0684,0.1733,0.8784
1790337521.240,5.0686,0.1753,0.8885
1790337521.555,5.0687,0.2257,1.1440
1790337521.735,5.0682,0.1733,0.8783
1790337522.052,5.0682,0.2433,1.2332
1790337522.230,5.0683,0.1676,0.8494
1790337522.545,5.0689,0.2021,1.0244
1790337522.725,5.0691,0.2175,1.1025
1790337523.041,5.0673,0.2214,1.1223
1790337523.221,5.0660,0.2202,1.1157
1790337523.535,5.0640,0.2180,1.1039
1790337523.761,5.0630,0.2238,1.1333
1790337524.031,5.0628,0.2240,1.1341
1790337524.255,5.0627,0.2239,1.1336
1790337524.525,5.0624,0.2231,1.1298
1790337524.750,5.0623,0.1839,0.9314
1790337525.020,5.0636,0.1882,0.9530
1790337525.246,5.0647,0.1847,0.9356
1790337525.561,5.0660,0.2007,1.0169
1790337525.741,5.0671,0.1952,0.9891
1790337526.055,5.0674,0.1723,0.8732
1790337526.235,5.0676,0.1760,0.8921
1790337526.552,5.0680,0.1748,0.8858
1790337526.730,5.0682,0.1862,0.9438
1790337527.046,5.0688,0.1571,0.7966
1790337527.225,5.0695,0.1581,0.8017
1790337527.543,5.0704,0.1879,0.9530
1790337527.722,5.0708,0.1551,0.7868
1790337528.036,5.0575,0.2212,1.1188
1790337528.262,5.0692,0.2204,1.1177
1790337528.532,5.0665,0.2309,1.1699
1790337528.756,5.0649,0.2195,1.1117
1790337529.025,5.0627,0.2231,1.1297
1790337529.251,5.0627,0.2232,1.1300
1790337529.522,5.0627,0.2231,1.1298
1790337529.746,5.0629,0.2228,1.1282
1790337530.062,5.0631,0.2219,1.1239
1790337530.240,5.0631,0.2226,1.1275
1790337530.557,5.0637,0.2184,1.1061
1790337530.782,5.0644,0.1743,0.8827
1790337531.050,5.0664,0.2120,1.0743
1790337531.230,5.0667,0.1735,0.8793
1790337531.545,5.0677,0.2050,1.0393
1790337531.725,5.0674,0.1787,0.9059
1790337532.040,5.0664,0.2229,1.1296
1790337532.221,5.0669,0.2728,1.3826
1790337532.537,5.0665,0.2145,1.0869
1790337532.760,5.0665,0.2212,1.1208
1790337533.030,5.0657,0.2185,1.1068
1790337533.255,5.0647,0.2212,1.1204
1790337533.527,5.0633,0.2186,1.1070
1790337533.750,5.0625,0.2238,1.1330
1790337534.020,5.0620,0.2247,1.1375
1790337534.246,5.0621,0.2247,1.1376
1790337534.560,5.0623,0.2235,1.1314
1790337534.740,5.0623,0.2460,1.2456
1790337535.055,5.0632,0.2175,1.1013
1790337535.235,5.0640,0.1986,1.0059
1790337535.550,5.0649,0.1877,0.9507
1790337535.733,5.0654,0.2190,1.1093
1790337536.045,5.0655,0.1899,0.9621
1790337536.225,5.0650,0.1755,0.8891
1790337536.542,5.0648,0.2224,1.1267
1790337536.722,5.0763,0.1772,0.8999
1790337537.036,5.0660,0.2011,1.0187
1790337537.261,5.0666,0.1805,0.9145
1790337537.531,5.0676,0.1738,0.8808
1790337537.757,5.0678,0.1713,0.8682
1790337538.026,5.0682,0.1708,0.8658
1790337538.251,5.0686,0.2023,1.0256
1790337538.522,5.0674,0.2207,1.1185
1790337538.747,5.0666,0.2204,1.1171
1790337539.062,5.0647,0.2120,1.0738
1790337539.240,5.0633,0.2199,1.1138
1790337539.556,5.0626,0.2234,1.1311
1790337539.735,5.0626,0.2227,1.1275
1790337540.052,5.0626,0.2228,1.1281
1790337540.230,5.0627,0.2227,1.1276
1790337540.547,5.0628,0.2228,1.1280
1790337540.725,5.0634,0.1812,0.9177
1790337541.042,5.0640,0.1914,0.9694
1790337541.222,5.0647,0.2112,1.0696
1790337541.535,5.0646,0.1916,0.9708
1790337541.760,5.0650,0.1879,0.9520
1790337542.031,5.0652,0.1966,0.9960
1790337542.256,5.0655,0.1847,0.9357
1790337542.526,5.0667,0.1810,0.9171
1790337542.752,5.0672,0.2152,1.0908
1790337543.021,5.0677,0.1777,0.9009
1790337543.246,5.0680,0.1927,0.9769
1790337543.560,5.0685,0.1753,0.8885
1790337543.740,5.0688,0.1586,0.8042
1790337544.057,5.0693,0.1789,0.9071
1790337544.236,5.0694,0.2043,1.0359
1790337544.550,5.0538,0.2343,1.1845
1790337544.731,5.0664,0.2207,1.1183
1790337545.046,5.0638,0.2118,1.0728
1790337545.226,5.0624,0.2211,1.1193
1790337545.542,5.0620,0.2246,1.1370
1790337545.722,5.0623,0.2140,1.0835
1790337546.036,5.0626,0.3347,1.6945
1790337546.261,5.0626,0.2248,1.1383
1790337546.531,5.0625,0.1879,0.9515
1790337546.756,5.0632,0.1934,0.9793
1790337547.026,5.0643,0.1906,0.9657
1790337547.252,5.0653,0.2281,1.1558
1790337547.521,5.0668,0.2224,1.1272
1790337547.746,5.0671,0.2199,1.1147
1790337548.062,5.0674,0.1959,0.9930
1790337548.242,5.0674,0.2361,1.1965
1790337548.557,5.0670,0.2118,1.0732
1790337548.736,5.0668,0.1770,0.8970
1790337549.052,5.0665,0.1790,0.9070
1790337549.231,5.0661,0.1787,0.9056
1790337549.547,5.0666,0.1854,0.9397
1790337549.726,5.0663,0.2505,1.2692
1790337550.042,5.0661,0.1800,0.9119
1790337550.222,5.0664,0.2202,1.1158
1790337550.537,5.0653,0.2105,1.0664
1790337550.761,5.0649,0.2301,1.1658
1790337551.031,5.0641,0.2455,1.2436
1790337551.256,5.0633,0.2228,1.1285
1790337551.526,5.0628,0.2132,1.0798
1790337551.752,5.0627,0.2253,1.1407
1790337552.021,5.0627,0.2252,1.1403
1790337552.247,5.0625,0.2248,1.1383
1790337552.561,5.0629,0.1879,0.9516
1790337552.741,5.0633,0.1914,0.9693
1790337553.056,5.0643,0.1956,0.9908
1790337553.237,5.0648,0.1904,0.9645
1790337553.552,5.0655,0.1889,0.9571
1790337553.731,5.0653,0.2222,1.1256
1790337554.047,5.0646,0.2092,1.0596
1790337554.226,5.0641,0.2120,1.0740
1790337554.541,5.0638,0.1829,0.9266
1790337554.721,5.0643,0.1959,0.9921
1790337555.036,5.0652,0.2147,1.0879
1790337555.261,5.0660,0.2234,1.1321
1790337555.531,5.0668,0.2239,1.1347
1790337555.756,5.0669,0.1972,0.9993
1790337556.026,5.0672,0.1795,0.9096
1790337556.252,5.0672,0.2247,1.1386
1790337556.521,5.0658,0.2232,1.1308
1790337556.746,5.0650,0.2097,1.0625
1790337557.062,5.0635,0.2195,1.1115
1790337557.241,5.0629,0.2248,1.1383
1790337557.556,5.0500,0.2248,1.1356
1790337557.736,5.0629,0.2242,1.1353
1790337558.052,5.0630,0.2244,1.1363
1790337558.231,5.0629,0.2341,1.1854
1790337558.546,5.0633,0.1879,0.9517
1790337558.727,5.0643,0.1854,0.9393
1790337559.041,5.0658,0.1859,0.9420
1790337559.221,5.0667,0.2012,1.0195
1790337559.537,5.0681,0.1925,0.9758
1790337559.761,5.0681,0.1760,0.8921
1790337560.031,5.0683,0.1735,0.8796
1790337560.257,5.0686,0.1673,0.8482
1790337560.526,5.0693,0.1566,0.7942
1790337560.751,5.0563,0.1753,0.8866
1790337561.021,5.0697,0.1782,0.9034
1790337561.246,5.0588,0.1790,0.9058
1790337561.561,5.0693,0.1705,0.8647
1790337561.741,5.0690,0.1842,0.9338
1790337562.057,5.0686,0.2247,1.1389
1790337562.236,5.0674,0.2182,1.1059
1790337562.552,5.0655,0.2076,1.0519
1790337562.731,5.0642,0.2160,1.0940
1790337563.046,5.0631,0.2219,1.1237
1790337563.226,5.0632,0.2223,1.1259
1790337563.541,5.0633,0.2219,1.1236
1790337563.722,5.0633,0.2358,1.1943
1790337564.036,5.0633,0.2212,1.1203
1790337564.261,5.0632,0.2207,1.1176
1790337564.531,5.0644,0.1820,0.9217
1790337564.757,5.0654,0.1748,0.8854
1790337565.026,5.0669,0.1765,0.8945
1790337565.251,5.0681,0.1770,0.8972
1790337565.521,5.0689,0.1554,0.7878
1790337565.746,5.0694,0.1566,0.7942
1790337566.061,5.0706,0.1561,0.7919
1790337566.242,5.0710,0.2224,1.1281
1790337566.556,5.0713,0.2098,1.0640
1790337566.736,5.0699,0.2252,1.1417
1790337567.052,5.0673,0.2214,1.1223
1790337567.232,5.0656,0.2175,1.1018
1790337567.546,5.0635,0.2210,1.1194
1790337567.727,5.0632,0.2242,1.1355
1790337568.042,5.0632,0.2120,1.0736
1790337568.221,5.0634,0.2453,1.2421
1790337568.537,5.0634,0.2103,1.0648
1790337568.761,5.0639,0.1864,0.9442
1790337569.031,5.0647,0.1743,0.8827
1790337569.257,5.0656,0.2088,1.0577
1790337569.527,5.0672,0.2396,1.2141
1790337569.752,5.0682,0.1745,0.8846
1790337570.022,5.0689,0.1753,0.8885
1790337570.246,5.0691,0.1836,0.9307
1790337570.561,5.0689,0.1757,0.8910
1790337570.741,5.0688,0.2195,1.1126
1790337571.056,5.0688,0.1685,0.8545
1790337571.236,5.0691,0.1574,0.7979
1790337571.551,5.0688,0.2229,1.1301
1790337571.731,5.0675,0.2187,1.1085
1790337572.046,5.0656,0.2187,1.1081
1790337572.226,5.0642,0.2152,1.0901
1790337572.542,5.0632,0.2251,1.1400
1790337572.721,5.0633,0.2130,1.0786
1790337573.036,5.0634,0.2240,1.1343
1790337573.262,5.0635,0.2237,1.1330
1790337573.532,5.0635,0.1884,0.9542
1790337573.757,5.0640,0.1738,0.8801
1790337574.026,5.0643,0.2161,1.0946
1790337574.251,5.0641,0.2163,1.0954
1790337574.522,5.0639,0.2917,1.4774
1790337574.747,5.0632,0.1735,0.8787
1790337575.061,5.0644,0.1750,0.8865
1790337575.241,5.0656,0.2341,1.1860
1790337575.556,5.0674,0.2202,1.1160
1790337575.736,5.0688,0.1576,0.7992
1790337576.052,5.0700,0.1623,0.8233
1790337576.231,5.0694,0.2187,1.1089
1790337576.548,5.0675,0.2646,1.3413
1790337576.727,5.0662,0.2217,1.1233
1790337577.042,5.0637,0.2157,1.0927
1790337577.221,5.0627,0.2226,1.1273
1790337577.537,5.0630,0.2228,1.1282
1790337577.761,5.0632,0.2223,1.1259
1790337578.031,5.0632,0.2222,1.1253
1790337578.256,5.0633,0.1852,0.9378
1790337578.526,5.0750,0.1487,0.7548
1790337578.751,5.0646,0.1889,0.9569
1790337579.021,5.0658,0.1765,0.8943
1790337579.246,5.0669,0.1735,0.8794
1790337579.561,5.0682,0.1850,0.9380
1790337579.741,5.0685,0.1561,0.7916
1790337580.056,5.0686,0.1852,0.9388
1790337580.236,5.0687,0.1863,0.9446
1790337580.552,5.0688,0.1681,0.8520
1790337580.731,5.0689,0.1730,0.8772
1790337581.047,5.0695,0.2209,1.1202
1790337581.226,5.0683,0.2247,1.1389
1790337581.541,5.0663,0.2229,1.1296
1790337581.721,5.0648,0.2555,1.2940
1790337582.036,5.0627,0.2877,1.4569
1790337582.262,5.0626,0.2235,1.1319
1790337582.531,5.0629,0.2225,1.1264
1790337582.756,5.0631,0.2090,1.0585
1790337583.026,5.0632,0.2221,1.1245
1790337583.252,5.0632,0.2208,1.1183
1790337583.521,5.0634,0.1884,0.9542
1790337583.747,5.0641,0.1914,0.9694
1790337584.062,5.0655,0.1738,0.8804
1790337584.241,5.0664,0.1740,0.8818
1790337584.556,5.0678,0.1534,0.7776
1790337584.736,5.0687,0.1681,0.8520
1790337585.053,5.0694,0.1561,0.7917
1790337585.232,5.0700,0.2031,1.0297
1790337585.546,5.0707,0.1698,0.8613
1790337585.726,5.0704,0.2080,1.0550
1790337586.041,5.0686,0.2185,1.1074
1790337586.221,5.0667,0.2170,1.0995
1790337586.536,5.0638,0.2114,1.0706
1790337586.763,5.0621,0.2758,1.3964
1790337587.031,5.0620,0.2228,1.1280
1790337587.256,5.0623,0.2232,1.1303
1790337587.526,5.0627,0.2222,1.1249
1790337587.753,5.0632,0.2218,1.1233
1790337588.021,5.0634,0.2204,1.1160
1790337588.246,5.0639,0.1862,0.9430
1790337588.561,5.0654,0.1762,0.8929
1790337588.741,5.0662,0.1738,0.8805
1790337589.236,5.0679,0.1733,0.8783
1790337589.238,5.0685,0.1767,0.8960
1790337589.552,5.0686,0.1738,0.8809
1790337589.732,5.0687,0.2160,1.0949
1790337590.046,5.0671,0.2172,1.1008
1790337590.226,5.0660,0.2219,1.1245
1790337590.541,5.0645,0.2136,1.0821
1790337590.721,5.0633,0.2207,1.1177
1790337591.036,5.0628,0.2239,1.1336
1790337591.261,5.0628,0.2240,1.1345
1790337591.531,5.0624,0.2244,1.1362
1790337591.756,5.0622,0.2243,1.1355
1790337592.026,5.0621,0.2246,1.1373
1790337592.251,5.0621,0.2247,1.1374
1790337592.521,5.0624,0.1852,0.9377
1790337592.746,5.0633,0.2003,1.0145
1790337593.061,5.0646,0.1998,1.0123
1790337593.242,5.0652,0.2100,1.0641
1790337593.556,5.0653,0.2089,1.0585
1790337593.736,5.0651,0.2217,1.1230
1790337594.051,5.0651,0.2195,1.1117
1790337594.231,5.0651,0.1859,0.9419
1790337594.546,5.0660,0.2137,1.0830
1790337594.726,5.0663,0.2227,1.1283
1790337595.042,5.0663,0.2244,1.1371
1790337595.221,5.0662,0.1743,0.8830
1790337595.537,5.0662,0.2160,1.0944
1790337595.761,5.0663,0.1757,0.8906
1790337596.031,5.0665,0.2368,1.2001
1790337596.256,5.0657,0.2271,1.1508
1790337596.527,5.0642,0.2199,1.1140
1790337596.752,5.0634,0.2132,1.0799
1790337597.021,5.0622,0.2218,1.1230
1790337597.246,5.0623,0.2230,1.1288
1790337597.562,5.0624,0.2252,1.1402
1790337597.741,5.0625,0.2256,1.1421
1790337598.057,5.0626,0.2885,1.4606
1790337598.236,5.0626,0.2259,1.1438
1790337598.551,5.0629,0.2253,1.1411
1790337598.732,5.0629,0.2246,1.1373
1790337599.047,5.0629,0.2236,1.1323
1790337599.226,5.0630,0.2230,1.1290
1790337599.543,5.0629,0.2228,1.1281
1790337599.721,5.0635,0.2013,1.0196
1790337600.036,5.0646,0.2120,1.0737
1790337600.263,5.0538,0.2728,1.3790
1790337600.533,5.0653,0.2070,1.0486
1790337600.756,5.0657,0.2711,1.3735
1790337601.026,5.0654,0.1723,0.8728
1790337601.251,5.0663,0.1683,0.8528
1790337601.521,5.0669,0.2070,1.0492
1790337601.747,5.0669,0.2050,1.0391
1790337602.063,5.0671,0.2110,1.0694
1790337602.241,5.0673,0.1740,0.8820
1790337602.556,5.0674,0.2187,1.1084
1790337602.781,5.0665,0.2247,1.1385
1790337603.053,5.0650,0.2199,1.1142
1790337603.231,5.0639,0.2153,1.0902
1790337603.548,5.0626,0.2147,1.0873
1790337603.726,5.0624,0.2259,1.1439
1790337604.043,5.0623,0.2259,1.1437
1790337604.221,5.0622,0.2255,1.1418
1790337604.538,5.0623,0.2253,1.1406
1790337604.761,5.0625,0.2232,1.1302
1790337605.032,5.0633,0.1906,0.9655
1790337605.257,5.0643,0.1894,0.9594
1790337605.528,5.0651,0.1909,0.9671
1790337605.752,5.0660,0.2032,1.0298
1790337606.022,5.0666,0.2004,1.0158
1790337606.246,5.0664,0.2177,1.1032
1790337606.561,5.0657,0.2222,1.1257
1790337606.741,5.0656,0.2033,1.0300
1790337607.058,5.0653,0.2262,1.1457
1790337607.236,5.0645,0.2101,1.0641
1790337607.551,5.0643,0.2701,1.3681
1790337607.732,5.0639,0.1745,0.8839
1790337608.048,5.0640,0.1775,0.8990
1790337608.227,5.0647,0.1755,0.8891
1790337608.541,5.0659,0.1765,0.8943
1790337608.722,5.0665,0.1827,0.9259
1790337609.038,5.0671,0.1972,0.9992
1790337609.262,5.0665,0.2209,1.1196
1790337609.532,5.0656,0.2195,1.1119
1790337609.756,5.0648,0.2134,1.0808
1790337610.027,5.0633,0.2227,1.1279
1790337610.252,5.0628,0.2257,1.1430
1790337610.522,5.0627,0.2255,1.1420
1790337610.748,5.0626,0.2263,1.1459
1790337611.107,5.0627,0.2258,1.1434
1790337611.241,5.0628,0.2253,1.1409
1790337611.556,5.0633,0.2212,1.1203
1790337611.737,5.0642,0.1909,0.9669
1790337612.052,5.0654,0.1859,0.9420
1790337612.233,5.0662,0.1899,0.9623
1790337612.547,5.0671,0.1965,0.9957
1790337612.727,5.0668,0.2162,1.0957
1790337613.043,5.0657,0.2185,1.1068
1790337613.221,5.0648,0.1795,0.9092
1790337613.537,5.0645,0.1770,0.8966
1790337613.761,5.0649,0.1713,0.8677
1790337614.031,5.0657,0.1777,0.9005
1790337614.257,5.0664,0.1978,1.0022
1790337614.527,5.0671,0.2132,1.0807
1790337614.751,5.0668,0.1805,0.9146
1790337615.021,5.0666,0.1790,0.9070
1790337615.246,5.0668,0.2321,1.1763
1790337615.561,5.0656,0.2140,1.0841
1790337615.741,5.0651,0.2326,1.1784
1790337616.057,5.0641,0.2157,1.0926
1790337616.237,5.0634,0.2206,1.1173
1790337616.551,5.0624,0.2247,1.1377
1790337616.732,5.0623,0.2249,1.1385
1790337617.046,5.0625,0.2246,1.1372
1790337617.226,5.0626,0.2246,1.1374
1790337617.543,5.0634,0.1844,0.9341
1790337617.722,5.0639,0.1854,0.9392
1790337618.038,5.0651,0.1820,0.9218
1790337618.263,5.0658,0.1849,0.9370
1790337618.533,5.0669,0.1815,0.9196
1790337618.756,5.0673,0.2284,1.1575
1790337619.027,5.0671,0.1971,0.9990
1790337619.253,5.0672,0.2150,1.0896
1790337619.522,5.0775,0.1755,0.8913
1790337619.748,5.0664,0.1916,0.9711
1790337620.061,5.0666,0.1765,0.8944
1790337620.242,5.0667,0.2004,1.0158
1790337620.556,5.0674,0.2125,1.0770
1790337620.737,5.0675,0.1775,0.8996
1790337621.053,5.0673,0.1770,0.8971
1790337621.232,5.0563,0.2247,1.1362
1790337621.547,5.0663,0.2232,1.1309
1790337621.728,5.0651,0.2199,1.1142
1790337622.087,5.0637,0.2156,1.0919
1790337622.222,5.0631,0.2211,1.1198
1790337622.538,5.0623,0.2254,1.1411
1790337622.762,5.0625,0.2835,1.4355
1790337623.032,5.0630,0.2249,1.1390
1790337623.258,5.0629,0.2244,1.1364
1790337623.528,5.0632,0.1939,0.9818
1790337623.752,5.0640,0.2188,1.1082
1790337624.022,5.0642,0.2140,1.0840
1790337624.248,5.0642,0.2136,1.0819
1790337624.562,5.0646,0.2003,1.0148
1790337624.742,5.0640,0.2134,1.0806
1790337625.057,5.0641,0.1869,0.9468
1790337625.237,5.0650,0.1889,0.9570
1790337625.552,5.0659,0.2032,1.0296
1790337625.732,5.0664,0.1909,0.9673
1790337626.047,5.0669,0.1988,1.0077
1790337626.227,5.0672,0.1964,0.9955
1790337626.542,5.0662,0.2105,1.0667
1790337626.723,5.0660,0.2329,1.1798
1790337627.037,5.0661,0.2209,1.1195
1790337627.263,5.0662,0.2125,1.0767
1790337627.533,5.0674,0.2135,1.0820
1790337627.758,5.0676,0.2175,1.1022
1790337628.027,5.0673,0.1757,0.8907
1790337628.253,5.0672,0.2147,1.0883
1790337628.523,5.0672,0.2391,1.2116
1790337628.747,5.0666,0.2195,1.1121
1790337629.063,5.0658,0.2267,1.1484
1790337629.242,5.0651,0.2125,1.0763
1790337629.602,5.0635,0.2233,1.1309
1790337629.737,5.0633,0.2132,1.0799
1790337630.052,5.0633,0.2245,1.1367
1790337630.232,5.0630,0.2246,1.1375
1790337630.549,5.0633,0.2246,1.1373
1790337630.728,5.0634,0.1904,0.9642
1790337631.043,5.0645,0.1839,0.9318
1790337631.222,5.0653,0.1978,1.0023
1790337631.537,5.0663,0.2018,1.0226
1790337631.763,5.0666,0.2192,1.1108
1790337632.032,5.0661,0.1507,0.7635
1790337632.258,5.0664,0.2135,1.0818
1790337632.527,5.0661,0.1782,0.9031
1790337632.752,5.0662,0.2239,1.1346
1790337633.022,5.0670,0.2000,1.0135
1790337633.247,5.0667,0.1745,0.8844
1790337633.563,5.0670,0.1713,0.8680
1790337633.742,5.0675,0.1839,0.9323
1790337634.058,5.0673,0.2118,1.0732
1790337634.237,5.0672,0.2242,1.1361
1790337634.552,5.0670,0.2209,1.1197
1790337634.732,5.0659,0.2202,1.1157
1790337635.048,5.0645,0.2214,1.1216
1790337635.227,5.0638,0.2149,1.0882
1790337635.543,5.0488,0.2237,1.1296
1790337635.722,5.0627,0.2241,1.1349
1790337636.037,5.0629,0.2253,1.1410
1790337636.263,5.0628,0.2251,1.1396
1790337636.532,5.0627,0.2248,1.1382
1790337636.757,5.0625,0.2252,1.1403
1790337637.028,5.0630,0.2210,1.1190
1790337637.252,5.0639,0.2159,1.0935
1790337637.522,5.0648,0.1889,0.9569
1790337637.747,5.0656,0.2182,1.1055
1790337638.062,5.0662,0.1462,0.7409
1790337638.242,5.0662,0.2015,1.0211
1790337638.557,5.0538,0.2162,1.0929
1790337638.737,5.0654,0.1844,0.9344
1790337639.052,5.0646,0.2160,1.0940
1790337639.232,5.0633,0.1854,0.9391
1790337639.548,5.0623,0.2006,1.0155
1790337639.728,5.0624,0.2007,1.0164
1790337640.042,5.0631,0.2229,1.1289
1790337640.222,5.0642,0.1795,0.9091
1790337640.538,5.0650,0.2358,1.1947
1790337640.762,5.0650,0.2309,1.1696
1790337641.032,5.0641,0.2140,1.0841
1790337641.257,5.0633,0.2190,1.1092
1790337641.527,5.0622,0.2252,1.1401
1790337641.752,5.0619,0.2257,1.1426
1790337642.022,5.0619,0.2162,1.0947
1790337642.247,5.0619,0.2264,1.1463
1790337642.563,5.0622,0.1959,0.9917
1790337642.743,5.0632,0.1949,0.9868
1790337643.057,5.0644,0.1877,0.9506
1790337643.237,5.0653,0.1892,0.9583
1790337643.552,5.0663,0.1854,0.9397
1790337643.734,5.0664,0.2002,1.0146
1790337644.047,5.0663,0.1992,1.0093
1790337644.227,5.0661,0.1877,0.9509
1790337644.544,5.0660,0.1978,1.0022
1790337644.722,5.0661,0.1857,0.9409
1790337645.038,5.0659,0.2127,1.0779
1790337645.262,5.0664,0.2182,1.1057
1790337645.533,5.0666,0.1782,0.9032
1790337645.757,5.0665,0.2172,1.1007
1790337646.027,5.0658,0.1993,1.0096
1790337646.252,5.0651,0.2014,1.0203
1790337646.522,5.0648,0.1859,0.9419
1790337646.747,5.0644,0.2011,1.0188
1790337647.062,5.0652,0.1827,0.9256
1790337647.242,5.0656,0.1817,0.9206
1790337647.557,5.0657,0.2239,1.1345
1790337647.738,5.0649,0.2224,1.1268
1790337648.052,5.0638,0.2234,1.1316
1790337648.232,5.0628,0.2165,1.0965
1790337648.547,5.0617,0.2251,1.1394
1790337648.727,5.0619,0.2251,1.1399
1790337649.042,5.0619,0.2250,1.1393
1790337649.222,5.0618,0.2251,1.1397
1790337649.537,5.0616,0.2248,1.1380
1790337649.762,5.0619,0.1921,0.9728
1790337650.032,5.0627,0.2252,1.1401
1790337650.257,5.0628,0.1879,0.9516
1790337650.527,5.0641,0.1869,0.9468
1790337650.752,5.0646,0.1892,0.9582
1790337651.022,5.0651,0.2031,1.0289
1790337651.247,5.0653,0.1882,0.9533
1790337651.562,5.0653,0.1777,0.9005
1790337651.742,5.0653,0.1745,0.8841
1790337652.057,5.0655,0.2000,1.0131
1790337652.237,5.0659,0.2187,1.1081
1790337652.552,5.0659,0.1859,0.9421
1790337652.732,5.0658,0.2135,1.0817
1790337653.047,5.0659,0.1720,0.8716
1790337653.227,5.0658,0.2001,1.0139
1790337653.542,5.0658,0.2177,1.1031
1790337653.722,5.0653,0.2232,1.1306
1790337654.037,5.0636,0.3024,1.5314
1790337654.262,5.0627,0.2195,1.1115
1790337654.532,5.0619,0.2263,1.1455
1790337654.757,5.0616,0.2258,1.1429
1790337655.027,5.0619,0.2152,1.0896
1790337655.252,5.0621,0.2140,1.0834
1790337655.522,5.0623,0.2008,1.0168
1790337655.748,5.0629,0.1899,0.9617
1790337656.062,5.0641,0.1983,1.0046
1790337656.242,5.0642,0.2105,1.0662
1790337656.557,5.0644,0.1844,0.9342
1790337656.737,5.0640,0.1882,0.9530
1790337657.052,5.0646,0.2212,1.1204
1790337657.233,5.0644,0.1777,0.9003
1790337657.547,5.0653,0.1762,0.8929
1790337657.727,5.0659,0.2195,1.1119
1790337658.042,5.0659,0.2279,1.1547
1790337658.222,5.0666,0.1825,0.9246
1790337658.538,5.0669,0.2160,1.0945
1790337658.717,5.0662,0.2197,1.1132
1790337659.033,5.0651,0.2199,1.1142
1790337659.212,5.0642,0.2314,1.1719
1790337659.528,5.0628,0.2249,1.1386
1790337659.752,5.0626,0.2266,1.1476
1790337660.022,5.0626,0.2265,1.1469
1790337660.247,5.0626,0.2268,1.1484
1790337660.517,5.0627,0.2265,1.1470
1790337660.742,5.0627,0.2256,1.1422
1790337661.012,5.0627,0.2253,1.1407
1790337661.237,5.0628,0.2252,1.1404
1790337661.552,5.0626,0.1939,0.9817
1790337661.732,5.0629,0.1852,0.9378
1790337662.047,5.0640,0.2147,1.0876
1790337662.227,5.0643,0.2249,1.1392
1790337662.542,5.0658,0.2229,1.1295
1790337662.722,5.0662,0.2175,1.1019
1790337663.038,5.0664,0.2011,1.0192
1790337663.217,5.0667,0.1994,1.0103
1790337663.532,5.0669,0.1982,1.0044
1790337663.712,5.0669,0.2130,1.0794
1790337664.028,5.0666,0.2150,1.0894
1790337664.253,5.0666,0.2418,1.2253
1790337664.522,5.0665,0.1862,0.9434
1790337664.792,5.0663,0.1745,0.8843
1790337665.063,5.0666,0.2343,1.1875
1790337665.243,5.0667,0.1725,0.8743
1790337665.512,5.0666,0.1762,0.8931
1790337665.737,5.0667,0.1972,0.9991
1790337666.052,5.0659,0.2222,1.1258
1790337666.233,5.0651,0.2249,1.1394
1790337666.547,5.0635,0.2176,1.1021
1790337666.729,5.0628,0.2236,1.1324
1790337667.043,5.0623,0.2258,1.1430
1790337667.222,5.0624,0.2258,1.1432
1790337667.537,5.0623,0.2258,1.1434
1790337667.717,5.0624,0.2260,1.1444
1790337668.077,5.0628,0.1884,0.9541
1790337668.212,5.0631,0.1974,0.9994
1790337668.528,5.0644,0.1884,0.9544
1790337668.752,5.0654,0.1916,0.9709
1790337669.022,5.0661,0.1991,1.0087
1790337669.247,5.0660,0.1985,1.0060
1790337669.517,5.0662,0.1969,0.9978
1790337669.742,5.0659,0.1879,0.9521
1790337670.012,5.0657,0.2664,1.3496
1790337670.237,5.0658,0.1767,0.8955
1790337670.552,5.0657,0.1743,0.8829
1790337670.732,5.0656,0.1651,0.8364
1790337671.047,5.0662,0.1772,0.8981
1790337671.227,5.0665,0.2055,1.0416
1790337671.542,5.0668,0.1770,0.8970
1790337671.722,5.0669,0.2353,1.1926
1790337672.038,5.0661,0.2224,1.1270
1790337672.218,5.0650,0.2202,1.1155
1790337672.532,5.0637,0.2172,1.0998
1790337672.713,5.0629,0.2230,1.1294
1790337673.028,5.0622,0.2250,1.1392
1790337673.252,5.0620,0.2251,1.1399
1790337673.523,5.0618,0.2252,1.1403
1790337673.747,5.0617,0.2251,1.1394
1790337674.018,5.0621,0.1926,0.9753
1790337674.242,5.0628,0.1916,0.9704
1790337674.512,5.0634,0.1857,0.9404
1790337674.737,5.0640,0.2155,1.0913
1790337675.052,5.0650,0.2135,1.0815
1790337675.233,5.0653,0.2227,1.1281
1790337675.547,5.0654,0.2232,1.1307
1790337675.727,5.0649,0.1892,0.9582
1790337676.042,5.0645,0.2636,1.3354
1790337676.222,5.0637,0.2135,1.0811
1790337676.537,5.0627,0.2202,1.1151
1790337676.717,5.0626,0.2208,1.1180
1790337677.032,5.0624,0.2226,1.1271
1790337677.212,5.0635,0.2028,1.0271
1790337677.527,5.0649,0.1879,0.9520
1790337677.752,5.0659,0.1750,0.8867
1790337678.023,5.0668,0.2257,1.1435
1790337678.247,5.0657,0.2022,1.0243
1790337678.517,5.0642,0.2212,1.1203
1790337678.742,5.0634,0.2151,1.0893
1790337679.012,5.0622,0.2244,1.1360
1790337679.237,5.0623,0.2256,1.1423
1790337679.552,5.0626,0.2262,1.1453
1790337679.733,5.0624,0.2266,1.1472
1790337680.047,5.0623,0.2155,1.0910
1790337680.227,5.0623,0.1981,1.0030
1790337680.542,5.0630,0.1852,0.9378
1790337680.722,5.0638,0.1889,0.9568
1790337681.037,5.0644,0.1867,0.9456
1790337681.217,5.0648,0.1822,0.9230
1790337681.532,5.0646,0.2187,1.1078
1790337681.713,5.0643,0.2035,1.0306
1790337682.027,5.0647,0.2026,1.0262
1790337682.252,5.0651,0.1862,0.9432
1790337682.522,5.0654,0.2127,1.0778
1790337682.747,5.0650,0.1782,0.9029
1790337683.017,5.0652,0.2024,1.0252
1790337683.242,5.0651,0.1790,0.9067
1790337683.513,5.0651,0.2249,1.1394
1790337683.737,5.0660,0.1713,0.8679
1790337684.052,5.0513,0.2192,1.1074
1790337684.233,5.0648,0.2249,1.1393
1790337684.547,5.0637,0.2222,1.1253
1790337684.728,5.0626,0.2179,1.1031
1790337685.042,5.0610,0.2157,1.0920
1790337685.222,5.0609,0.2261,1.1444
1790337685.538,5.0607,0.2262,1.1451
1790337685.717,5.0608,0.2265,1.1463
1790337686.032,5.0612,0.1887,0.9551
1790337686.213,5.0618,0.1951,0.9878
1790337686.527,5.0631,0.1956,0.9906
1790337686.752,5.0639,0.1939,0.9819
1790337687.023,5.0654,0.1998,1.0121
1790337687.247,5.0658,0.1978,1.0022
1790337687.518,5.0657,0.2000,1.0135
1790337687.742,5.0659,0.2254,1.1421
1790337688.012,5.0657,0.2011,1.0187
1790337688.238,5.0659,0.1775,0.8993
1790337688.552,5.0667,0.2130,1.0794
1790337688.732,5.0667,0.1973,1.0001
1790337689.047,5.0672,0.2053,1.0405
1790337689.227,5.0669,0.2217,1.1234
1790337689.542,5.0660,0.1757,0.8905
1790337689.722,5.0658,0.1792,0.9081
1790337690.037,5.0648,0.2190,1.1091
1790337690.218,5.0640,0.2661,1.3479
1790337690.533,5.0631,0.2157,1.0923
1790337690.713,5.0623,0.2217,1.1224
1790337691.027,5.0616,0.2253,1.1404
1790337691.252,5.0615,0.2251,1.1395
1790337691.522,5.0614,0.2247,1.1377
1790337691.747,5.0612,0.2243,1.1352
1790337692.017,5.0612,0.2237,1.1325
1790337692.242,5.0612,0.2234,1.1310
1790337692.513,5.0622,0.2199,1.1132
1790337692.738,5.0633,0.2148,1.0876
1790337693.053,5.0641,0.1882,0.9531
1790337693.233,5.0649,0.2204,1.1167
1790337693.547,5.0650,0.1931,0.9784
1790337693.727,5.0645,0.1969,0.9972
1790337694.042,5.0648,0.2204,1.1167
1790337694.222,5.0640,0.1847,0.9354
1790337694.537,5.0639,0.2224,1.1265
1790337694.717,5.0633,0.2276,1.1528
1790337695.032,5.0634,0.2088,1.0576
1790337695.212,5.0642,0.1755,0.8890
1790337695.527,5.0649,0.1740,0.8815
1790337695.752,5.0659,0.1975,1.0005
1790337696.022,5.0666,0.1947,0.9865
1790337696.247,5.0660,0.2113,1.0704
1790337696.517,5.0648,0.2165,1.0966
1790337696.742,5.0634,0.2075,1.0511
1790337697.012,5.0616,0.2177,1.1019
1790337697.237,5.0608,0.2194,1.1106
1790337697.597,5.0602,0.2249,1.1381
1790337697.733,5.0606,0.2253,1.1403
1790337698.047,5.0612,0.2246,1.1368
1790337698.227,5.0616,0.2247,1.1374
1790337698.587,5.0621,0.1951,0.9879
1790337698.723,5.0628,0.2207,1.1177
1790337699.037,5.0632,0.1894,0.9592
1790337699.217,5.0637,0.1852,0.9379
1790337699.534,5.0648,0.2080,1.0535
1790337699.712,5.0652,0.1892,0.9583
1790337700.029,5.0655,0.2229,1.1294
1790337700.252,5.0651,0.1909,0.9671
1790337700.522,5.0655,0.1740,0.8817
1790337700.748,5.0653,0.2150,1.0892
1790337701.017,5.0656,0.1668,0.8451
1790337701.242,5.0664,0.2738,1.3875
1790337701.513,5.0665,0.1923,0.9744
1790337701.737,5.0668,0.1910,0.9681
1790337702.053,5.0668,0.1735,0.8793
1790337702.232,5.0666,0.2142,1.0856
1790337702.547,5.0654,0.2212,1.1206
1790337702.727,5.0645,0.2182,1.1053
1790337703.043,5.0632,0.2157,1.0922
1790337703.223,5.0624,0.2208,1.1181
1790337703.539,5.0617,0.2260,1.1440
1790337703.717,5.0617,0.2254,1.1413
1790337704.077,5.0617,0.2258,1.1434
1790337704.212,5.0616,0.2260,1.1441
1790337704.527,5.0619,0.2252,1.1399
1790337704.752,5.0619,0.2246,1.1373
1790337705.022,5.0626,0.2202,1.1151
1790337705.247,5.0636,0.2150,1.0886
1790337705.518,5.0649,0.1862,0.9431
1790337705.742,5.0655,0.2239,1.1344
1790337706.012,5.0655,0.2291,1.1609
1790337706.237,5.0648,0.1887,0.9557
1790337706.553,5.0643,0.1787,0.9053
1790337706.734,5.0644,0.2097,1.0624
1790337707.048,5.0653,0.1748,0.8854
1790337707.229,5.0659,0.1750,0.8867
1790337707.542,5.0666,0.1955,0.9908
1790337707.723,5.0669,0.1775,0.8995
1790337708.039,5.0668,0.2247,1.1385
1790337708.218,5.0668,0.2229,1.1297
1790337708.532,5.0666,0.2185,1.1070
1790337708.714,5.0656,0.2182,1.1055
1790337709.027,5.0642,0.2118,1.0730
1790337709.252,5.0635,0.2166,1.0971
1790337709.523,5.0624,0.2248,1.1383
1790337709.747,5.0622,0.2255,1.1416
1790337710.017,5.0622,0.2246,1.1373
1790337710.242,5.0620,0.2250,1.1391
1790337710.512,5.0619,0.2250,1.1393
1790337710.738,5.0622,0.2248,1.1382
1790337711.052,5.0624,0.2241,1.1348
1790337711.233,5.0628,0.1884,0.9541
1790337711.548,5.0639,0.1914,0.9694
1790337711.729,5.0643,0.1864,0.9443
1790337712.042,5.0645,0.2204,1.1166
1790337712.222,5.0642,0.1834,0.9292
1790337712.539,5.0644,0.1899,0.9619
1790337712.719,5.0644,0.2244,1.1367
1790337713.033,5.0641,0.2103,1.0652
1790337713.212,5.0646,0.2242,1.1355
1790337713.528,5.0637,0.1872,0.9480
1790337713.752,5.0637,0.1713,0.8675
1790337714.022,5.0642,0.1750,0.8864
1790337714.248,5.0650,0.1730,0.8765
1790337714.517,5.0664,0.1743,0.8830
1790337714.742,5.0664,0.1730,0.8767
1790337715.012,5.0664,0.1772,0.8981
1790337715.238,5.0664,0.1952,0.9889
1790337715.554,5.0665,0.2098,1.0630
1790337715.734,5.0525,0.2187,1.1052
1790337716.048,5.0653,0.2224,1.1268
1790337716.227,5.0500,0.2098,1.0597
1790337716.542,5.0623,0.2210,1.1189
1790337716.723,5.0616,0.2247,1.1375
1790337717.039,5.0614,0.2248,1.1380
1790337717.264,5.0614,0.2250,1.1392
1790337717.532,5.0615,0.2259,1.1436
1790337717.713,5.0615,0.2247,1.1374
1790337718.028,5.0622,0.2204,1.1159
1790337718.252,5.0620,0.1974,0.9992
1790337718.522,5.0634,0.1844,0.9341
1790337718.747,5.0642,0.2234,1.1317
1790337719.017,5.0640,0.1931,0.9782
1790337719.243,5.0648,0.1872,0.9482
1790337719.512,5.0646,0.2021,1.0239
1790337719.738,5.0639,0.2074,1.0505
1790337720.053,5.0647,0.2254,1.1418
1790337720.233,5.0650,0.1887,0.9558
1790337720.548,5.0654,0.1720,0.8716
1790337720.728,5.0664,0.1710,0.8667
1790337721.043,5.0669,0.1938,0.9821
1790337721.223,5.0672,0.1673,0.8480
1790337721.539,5.0673,0.2100,1.0644
1790337721.718,5.0666,0.2209,1.1196
1790337722.033,5.0648,0.2190,1.1091
1790337722.213,5.0635,0.2267,1.1479
1790337722.528,5.0621,0.2222,1.1250
1790337722.753,5.0619,0.2253,1.1407
1790337723.023,5.0620,0.2257,1.1426
1790337723.249,5.0622,0.2252,1.1400
1790337723.518,5.0619,0.2247,1.1376
1790337723.743,5.0617,0.1847,0.9350
1790337724.014,5.0625,0.1981,1.0030
1790337724.238,5.0629,0.1931,0.9780
1790337724.553,5.0646,0.1894,0.9594
1790337724.733,5.0650,0.2207,1.1180
1790337725.049,5.0647,0.2170,1.0990
1790337725.228,5.0648,0.1857,0.9406
1790337725.543,5.0646,0.2050,1.0386
1790337725.723,5.0650,0.2254,1.1419
1790337726.038,5.0657,0.2195,1.1119
1790337726.218,5.0654,0.1777,0.9005
1790337726.533,5.0651,0.1745,0.8841
1790337726.713,5.0648,0.2368,1.1997
1790337727.028,5.0646,0.2190,1.1091
1790337727.253,5.0653,0.1981,1.0039
1790337727.523,5.0659,0.2065,1.0465
1790337727.748,5.0656,0.2232,1.1307
1790337728.018,5.0644,0.2219,1.1242
1790337728.243,5.0635,0.2468,1.2497
1790337728.513,5.0621,0.2892,1.4643
1790337728.738,5.0614,0.2259,1.1437
1790337729.053,5.0616,0.2130,1.0783
1790337729.234,5.0617,0.2269,1.1486
1790337729.548,5.0615,0.2270,1.1494
1790337729.729,5.0617,0.1906,0.9652
1790337730.044,5.0624,0.2329,1.1790
1790337730.223,5.0627,0.2201,1.1147
1790337730.538,5.0633,0.2175,1.1016
1790337730.718,5.0641,0.2119,1.0731
1790337731.033,5.0648,0.2197,1.1129
1790337731.213,5.0650,0.2187,1.1079
1790337731.528,5.0648,0.1887,0.9557
1790337731.754,5.0647,0.1936,0.9808
1790337732.024,5.0645,0.1872,0.9481
1790337732.248,5.0649,0.2019,1.0228
1790337732.518,5.0661,0.1807,0.9157
1790337732.743,5.0658,0.2115,1.0716
1790337733.013,5.0655,0.1827,0.9257
1790337733.238,5.0652,0.1735,0.8791
1790337733.553,5.0648,0.2125,1.0764
1790337733.733,5.0652,0.2182,1.1054
1790337734.049,5.0656,0.2075,1.0515
1790337734.228,5.0660,0.1937,0.9816
1790337734.544,5.0664,0.2108,1.0679
1790337734.723,5.0657,0.2276,1.1534
1790337735.038,5.0640,0.2254,1.1416
1790337735.218,5.0631,0.2254,1.1414
1790337735.533,5.0613,0.2217,1.1221
1790337735.713,5.0608,0.2249,1.1385
1790337736.028,5.0614,0.2246,1.1372
1790337736.253,5.0612,0.2252,1.1402
1790337736.523,5.0612,0.2255,1.1415
1790337736.748,5.0612,0.1872,0.9475
1790337737.018,5.0624,0.1909,0.9666
1790337737.244,5.0634,0.1974,0.9995
1790337737.513,5.0651,0.1827,0.9256
1790337737.738,5.0661,0.1827,0.9258
1790337738.053,5.0664,0.1981,1.0037
1790337738.233,5.0664,0.2224,1.1271
1790337738.548,5.0655,0.2214,1.1219
1790337738.728,5.0656,0.2014,1.0203
1790337739.043,5.0659,0.1882,0.9534
1790337739.224,5.0658,0.2195,1.1119
1790337739.538,5.0656,0.1767,0.8955
1790337739.718,5.0658,0.2020,1.0237
1790337740.033,5.0655,0.1740,0.8817
1790337740.213,5.0654,0.2030,1.0286
1790337740.528,5.0666,0.1958,0.9923
1790337740.753,5.0659,0.2214,1.1219
1790337741.159,5.0646,0.2259,1.1443
1790337741.248,5.0638,0.2131,1.0794
1790337741.518,5.0618,0.2222,1.1251
1790337741.743,5.0614,0.2249,1.1384
1790337742.013,5.0612,0.2256,1.1422
1790337742.238,5.0611,0.2256,1.1420
1790337742.553,5.0614,0.2259,1.1437
1790337742.733,5.0614,0.2252,1.1398
1790337743.049,5.0628,0.2169,1.0985
1790337743.228,5.0636,0.2239,1.1340
1790337743.543,5.0648,0.2247,1.1381
1790337743.723,5.0659,0.1979,1.0026
1790337744.038,5.0660,0.1467,0.7433
1790337744.219,5.0657,0.1969,0.9978
1790337744.533,5.0657,0.2127,1.0779
1790337744.715,5.0656,0.1969,0.9978
1790337745.028,5.0655,0.2214,1.1219
1790337745.253,5.0657,0.1792,0.9081
1790337745.523,5.0658,0.1720,0.8716
1790337745.748,5.0655,0.2860,1.4489
1790337746.019,5.0644,0.2175,1.1015
1790337746.243,5.0635,0.2114,1.0708
1790337746.514,5.0618,0.2201,1.1144
1790337746.738,5.0610,0.2249,1.1385
1790337747.053,5.0608,0.2257,1.1423
1790337747.233,5.0609,0.3014,1.5255
1790337747.549,5.0612,0.2269,1.1483
1790337747.729,5.0613,0.2264,1.1459
1790337748.044,5.0616,0.2260,1.1443
1790337748.223,5.0614,0.2263,1.1456
1790337748.538,5.0615,0.2247,1.1374
1790337748.719,5.0616,0.2244,1.1362
1790337749.034,5.0619,0.2227,1.1273
1790337749.213,5.0626,0.1849,0.9364
1790337749.529,5.0635,0.1916,0.9706
1790337749.753,5.0643,0.2086,1.0567
1790337750.024,5.0651,0.1909,0.9671
1790337750.248,5.0653,0.2016,1.0214
1790337750.519,5.0659,0.1894,0.9597
1790337750.743,5.0660,0.2254,1.1421
1790337751.013,5.0538,0.2887,1.4593
1790337751.238,5.0664,0.1760,0.8918
1790337751.553,5.0660,0.2269,1.1496
1790337751.733,5.0659,0.2597,1.3157
1790337752.049,5.0659,0.1976,1.0012
1790337752.228,5.0659,0.1817,0.9207
1790337752.543,5.0663,0.1683,0.8528
1790337752.723,5.0664,0.2356,1.1938
1790337753.039,5.0651,0.2217,1.1230
1790337753.218,5.0538,0.2199,1.1117
1790337753.533,5.0625,0.2175,1.1015
1790337753.713,5.0614,0.2239,1.1335
1790337754.029,5.0611,0.2246,1.1370
1790337754.253,5.0610,0.2249,1.1385
1790337754.523,5.0612,0.2253,1.1404
1790337754.748,5.0611,0.2255,1.1416
1790337755.019,5.0613,0.1857,0.9400
1790337755.243,5.0621,0.2182,1.1050
1790337755.513,5.0623,0.1844,0.9338
1790337755.738,5.0629,0.2132,1.0797
1790337756.053,5.0636,0.2110,1.0688
1790337756.233,5.0635,0.2244,1.1365
1790337756.549,5.0643,0.1874,0.9493
1790337756.728,5.0644,0.1782,0.9028
1790337757.043,5.0649,0.2592,1.3129
1790337757.223,5.0648,0.1760,0.8916
1790337757.538,5.0651,0.2249,1.1394
1790337757.718,5.0649,0.2060,1.0438
1790337758.033,5.0651,0.1930,0.9777
1790337758.213,5.0654,0.2058,1.0426
1790337758.528,5.0659,0.1688,0.8553
1790337758.754,5.0665,0.2254,1.1422
1790337759.024,5.0657,0.2244,1.1370
1790337759.248,5.0646,0.2289,1.1594
1790337759.518,5.0628,0.2152,1.0897
1790337759.743,5.0615,0.2220,1.1240
1790337760.013,5.0608,0.2127,1.0769
1790337760.238,5.0609,0.2261,1.1442
1790337760.553,5.0608,0.2132,1.0794
1790337760.733,5.0612,0.2283,1.1555
1790337761.048,5.0616,0.1906,0.9652
1790337761.228,5.0620,0.2234,1.1310
1790337761.543,5.0630,0.1929,0.9768
1790337761.723,5.0633,0.2118,1.0726
1790337762.038,5.0641,0.1904,0.9644
1790337762.218,5.0641,0.2190,1.1090
1790337762.533,5.0635,0.2222,1.1252
1790337762.713,5.0632,0.1862,0.9428
1790337763.028,5.0627,0.2853,1.4443
1790337763.253,5.0622,0.2194,1.1111
1790337763.523,5.0618,0.2212,1.1197
1790337763.748,5.0616,0.2217,1.1222
1790337764.018,5.0617,0.1740,0.8810
1790337764.243,5.0625,0.1976,1.0005
1790337764.513,5.0636,0.2202,1.1152
1790337764.738,5.0643,0.1805,0.9141
1790337765.053,5.0644,0.2902,1.4699
1790337765.233,5.0513,0.2197,1.1099
1790337765.548,5.0621,0.2158,1.0927
1790337765.728,5.0616,0.2213,1.1204
1790337766.043,5.0610,0.2150,1.0882
1790337766.224,5.0612,0.2251,1.1392
1790337766.538,5.0610,0.2253,1.1405
1790337766.718,5.0608,0.2132,1.0794
1790337767.033,5.0612,0.1822,0.9224
1790337767.213,5.0619,0.1872,0.9477
1790337767.528,5.0630,0.1879,0.9516
1790337767.798,5.0639,0.2212,1.1202
1790337768.023,5.0645,0.1939,0.9821
1790337768.249,5.0647,0.2197,1.1129
1790337768.518,5.0652,0.1867,0.9457
1790337768.743,5.0652,0.2017,1.0219
1790337769.013,5.0660,0.1750,0.8868
1790337769.238,5.0550,0.1750,0.8848
1790337769.553,5.0653,0.1762,0.8929
1790337769.733,5.0653,0.1767,0.8954
1790337770.049,5.0656,0.1767,0.8955
1790337770.229,5.0660,0.1765,0.8943
1790337770.543,5.0667,0.2289,1.1599
1790337770.723,5.0664,0.1690,0.8566
1790337771.039,5.0662,0.2252,1.1409
1790337771.218,5.0550,0.2185,1.1045
1790337771.533,5.0637,0.2128,1.0779
1790337771.713,5.0625,0.2823,1.4292
1790337772.029,5.0612,0.2264,1.1459
1790337772.253,5.0613,0.2264,1.1463
1790337772.523,5.0616,0.2263,1.1458
1790337772.748,5.0617,0.2269,1.1488
1790337773.018,5.0618,0.2257,1.1427
1790337773.244,5.0625,0.2212,1.1199
1790337773.514,5.0633,0.1904,0.9642
1790337773.738,5.0644,0.1902,0.9632
1790337774.053,5.0653,0.2032,1.0294
1790337774.233,5.0653,0.1877,0.9508
1790337774.548,5.0656,0.2005,1.0157
1790337774.728,5.0655,0.2000,1.0135
1790337775.044,5.0657,0.1990,1.0080
1790337775.223,5.0658,0.2145,1.0867
1790337775.538,5.0660,0.1750,0.8868
1790337775.718,5.0662,0.2177,1.1032
1790337776.035,5.0660,0.2207,1.1182
1790337776.213,5.0655,0.2012,1.0191
1790337776.528,5.0651,0.2204,1.1168
1790337776.753,5.0649,0.2202,1.1154
1790337777.023,5.0644,0.2227,1.1279
1790337777.248,5.0641,0.2257,1.1429
1790337777.519,5.0629,0.2153,1.0902
1790337777.743,5.0622,0.2209,1.1186
1790337778.013,5.0617,0.2258,1.1433
1790337778.239,5.0618,0.2262,1.1453
1790337778.553,5.0621,0.2262,1.1451
1790337778.733,5.0623,0.2264,1.1462
1790337779.048,5.0624,0.1849,0.9364
1790337779.228,5.0628,0.1946,0.9855
1790337779.543,5.0640,0.1964,0.9945
1790337779.723,5.0646,0.2195,1.1116
1790337780.038,5.0644,0.2087,1.0574
1790337780.218,5.0642,0.1906,0.9656
1790337780.533,5.0639,0.2271,1.1504
1790337780.713,5.0635,0.2154,1.0907
1790337781.030,5.0643,0.1941,0.9833
1790337781.254,5.0650,0.2219,1.1243
1790337781.523,5.0647,0.2192,1.1104
1790337781.748,5.0650,0.1775,0.8991
1790337782.018,5.0659,0.1989,1.0080
1790337782.244,5.0663,0.1740,0.8818
1790337782.514,5.0678,0.1564,0.7927
1790337782.738,5.0691,0.1788,0.9064
1790337783.053,5.0686,0.1814,0.9198
1790337783.234,5.0687,0.1810,0.9178
1790337783.548,5.0563,0.2209,1.1173
1790337783.728,5.0664,0.2247,1.1384
1790337784.043,5.0649,0.2192,1.1104
1790337784.223,5.0635,0.2835,1.4358
1790337784.538,5.0619,0.2216,1.1218
1790337784.718,5.0616,0.2217,1.1224
1790337785.033,5.0619,0.2227,1.1277
1790337785.213,5.0622,0.2226,1.1272
1790337785.529,5.0621,0.2512,1.2720
1790337785.753,5.0628,0.2212,1.1202
1790337786.023,5.0632,0.2181,1.1044
1790337786.248,5.0632,0.2167,1.0973
1790337786.518,5.0643,0.1512,0.7657
1790337786.744,5.0649,0.1894,0.9595
1790337787.013,5.0651,0.2264,1.1469
1790337787.239,5.0660,0.2219,1.1245
1790337787.553,5.0662,0.2214,1.1220
1790337787.733,5.0661,0.1810,0.9170
1790337788.048,5.0666,0.1720,0.8718
1790337788.229,5.0667,0.1700,0.8617
1790337788.544,5.0671,0.2145,1.0870
1790337788.724,5.0674,0.2113,1.0707
1790337789.039,5.0668,0.2262,1.1461
1790337789.218,5.0657,0.2279,1.1546
1790337789.534,5.0638,0.2242,1.1353
1790337789.713,5.0628,0.2198,1.1129
1790337790.029,5.0618,0.2259,1.1439
1790337790.253,5.0617,0.2269,1.1487
1790337790.524,5.0616,0.2274,1.1512
1790337790.748,5.0616,0.2277,1.1526
1790337791.019,5.0617,0.1874,0.9488
1790337791.244,5.0626,0.1926,0.9754
1790337791.513,5.0639,0.1904,0.9643
1790337791.738,5.0648,0.1894,0.9595
1790337792.098,5.0663,0.1964,0.9950
1790337792.234,5.0662,0.1976,1.0015
1790337792.549,5.0655,0.2217,1.1231
1790337792.728,5.0653,0.2190,1.1093
1790337793.043,5.0648,0.2242,1.1355
1790337793.224,5.0651,0.2229,1.1293
1790337793.538,5.0659,0.2177,1.1031
1790337793.718,5.0662,0.1743,0.8830
1790337794.034,5.0668,0.2132,1.0806
1790337794.214,5.0671,0.1730,0.8769
1790337794.528,5.0675,0.2167,1.0984
1790337794.754,5.0665,0.2232,1.1309
1790337795.025,5.0651,0.2247,1.1381
1790337795.248,5.0638,0.2279,1.1542
1790337795.518,5.0643,0.2254,1.1417
1790337795.743,5.0660,0.2892,1.4654
1790337796.013,5.0687,0.2268,1.1497
1790337796.238,5.0709,0.2277,1.1548
1790337796.553,5.0718,0.2277,1.1553
1790337796.733,5.0722,0.2275,1.1540
1790337797.050,5.0729,0.1981,1.0051
1790337797.228,5.0734,0.1934,0.9813
1790337797.543,5.0743,0.1911,0.9701
1790337797.723,5.0744,0.1899,0.9638
1790337798.039,5.0747,0.2003,1.0167
1790337798.218,5.0745,0.2005,1.0176
1790337798.533,5.0747,0.2015,1.0228
1790337798.713,5.0751,0.2185,1.1089
1790337799.029,5.0761,0.2007,1.0189
1790337799.254,5.0765,0.2242,1.1382
1790337799.524,5.0765,0.1790,0.9088
1790337799.748,5.0766,0.1859,0.9440
1790337800.018,5.0767,0.1990,1.0103
1790337800.244,5.0768,0.1986,1.0085
1790337800.513,5.0775,0.2070,1.0514
1790337800.738,5.0777,0.1905,0.9675
1790337801.053,5.0777,0.1718,0.8724
1790337801.235,5.0778,0.2284,1.1599
1790337801.549,5.0765,0.2336,1.1861
1790337801.728,5.0757,0.2197,1.1153
1790337802.045,5.0746,0.2189,1.1109
1790337802.223,5.0738,0.3237,1.6427
1790337802.538,5.0741,0.2265,1.1497
1790337802.719,5.0742,0.2263,1.1484
1790337803.034,5.0742,0.2262,1.1478
1790337803.214,5.0743,0.2266,1.1500
1790337803.528,5.0748,0.1924,0.9765
1790337803.753,5.0750,0.1874,0.9513
1790337804.023,5.0753,0.1919,0.9741
1790337804.249,5.0757,0.2084,1.0579
1790337804.518,5.0761,0.1914,0.9717
1790337804.744,5.0760,0.2041,1.0361
1790337805.013,5.0764,0.2413,1.2251
1790337805.238,5.0765,0.1864,0.9466
1790337805.553,5.0766,0.1973,1.0018
1790337805.778,5.0771,0.1715,0.8710
1790337806.049,5.0771,0.1964,0.9971
1790337806.228,5.0772,0.1765,0.8963
1790337806.543,5.0771,0.1965,0.9976
1790337806.724,5.0769,0.1973,1.0017
1790337807.038,5.0775,0.1648,0.8371
1790337807.219,5.0781,0.2175,1.1045
1790337807.533,5.0772,0.2229,1.1320
1790337807.713,5.0763,0.2199,1.1167
1790337808.028,5.0748,0.2119,1.0756
1790337808.253,5.0733,0.2251,1.1420
1790337808.523,5.0734,0.2264,1.1488
1790337808.748,5.0736,0.2167,1.0997
1790337809.019,5.0741,0.2259,1.1462
1790337809.244,5.0743,0.2260,1.1468
1790337809.514,5.0750,0.1899,0.9640
1790337809.738,5.0756,0.1879,0.9540
1790337810.054,5.0759,0.1902,0.9654
1790337810.233,5.0762,0.2197,1.1154
1790337810.549,5.0762,0.1487,0.7549
1790337810.728,5.0763,0.1877,0.9528
1790337811.044,5.0763,0.2047,1.0391
1790337811.223,5.0766,0.2024,1.0278
1790337811.539,5.0767,0.2329,1.1823
1790337811.722,5.0764,0.1710,0.8684
1790337812.034,5.0768,0.1777,0.9025
1790337812.213,5.0768,0.1795,0.9114
1790337812.528,5.0769,0.2259,1.1471
1790337812.753,5.0770,0.2113,1.0727
1790337813.024,5.0766,0.2209,1.1218
1790337813.249,5.0760,0.2296,1.1658
1790337813.519,5.0752,0.2166,1.0993
1790337813.743,5.0748,0.2206,1.1196
1790337814.013,5.0738,0.2266,1.1498
1790337814.238,5.0738,0.2266,1.1499
1790337814.598,5.0736,0.2282,1.1578
1790337814.733,5.0733,0.2279,1.1563
1790337815.050,5.0734,0.1931,0.9800
1790337815.228,5.0741,0.1909,0.9688
1790337815.543,5.0748,0.2257,1.1453
1790337815.724,5.0755,0.2217,1.1254
1790337816.040,5.0758,0.2093,1.0624
1790337816.218,5.0756,0.1914,0.9716
1790337816.533,5.0754,0.1951,0.9905
1790337816.714,5.0750,0.2120,1.0762
1790337817.030,5.0754,0.2207,1.1203
1790337817.253,5.0754,0.1909,0.9690
1790337817.525,5.0758,0.2823,1.4330
1790337817.748,5.0761,0.1787,0.9074
1790337818.020,5.0765,0.2324,1.1798
1790337818.245,5.0771,0.1945,0.9874
1790337818.514,5.0773,0.2070,1.0514
1790337818.738,5.0776,0.1705,0.8661
1790337819.054,5.0778,0.1730,0.8787
1790337819.233,5.0778,0.2204,1.1196
1790337819.550,5.0772,0.2093,1.0627
1790337819.729,5.0768,0.2224,1.1294
1790337820.045,5.0756,0.2239,1.1367
1790337820.223,5.0748,0.2181,1.1072
1790337820.538,5.0743,0.2231,1.1321
1790337820.719,5.0738,0.2266,1.1501
1790337821.078,5.0736,0.2368,1.2018
1790337821.213,5.0737,0.2268,1.1507
1790337821.528,5.0734,0.2265,1.1493
1790337821.755,5.0734,0.2259,1.1460
1790337822.024,5.0736,0.2244,1.1387
1790337822.250,5.0738,0.2235,1.1342
1790337822.518,5.0741,0.2223,1.1283
1790337822.743,5.0742,0.2217,1.1251
1790337823.014,5.0746,0.2196,1.1144
1790337823.238,5.0751,0.2162,1.0972
1790337823.554,5.0754,0.2144,1.0884
1790337823.733,5.0757,0.1859,0.9439
1790337824.050,5.0761,0.1720,0.8734
1790337824.228,5.0759,0.2011,1.0210
1790337824.543,5.0768,0.2058,1.0450
1790337824.723,5.0770,0.1708,0.8673
1790337825.038,5.0774,0.1879,0.9541
1790337825.219,5.0775,0.1868,0.9487
1790337825.533,5.0772,0.2455,1.2468
1790337825.713,5.0766,0.2239,1.1369
1790337826.030,5.0756,0.2259,1.1468
1790337826.254,5.0750,0.2156,1.0942
1790337826.524,5.0736,0.2261,1.1473
1790337826.750,5.0735,0.2264,1.1488
1790337827.020,5.0736,0.2265,1.1495
1790337827.244,5.0735,0.2265,1.1492
1790337827.515,5.0741,0.2260,1.1467
1790337827.738,5.0746,0.1869,0.9488
1790337828.054,5.0747,0.2309,1.1718
1790337828.233,5.0748,0.2185,1.1090
1790337828.549,5.0746,0.2185,1.1091
1790337828.728,5.0743,0.3024,1.5346
1790337829.043,5.0743,0.2233,1.1335
1790337829.224,5.0743,0.1750,0.8882
1790337829.539,5.0750,0.1822,0.9249
1790337829.720,5.0754,0.1834,0.9312
1790337830.035,5.0761,0.1770,0.8986
1790337830.213,5.0767,0.1989,1.0101
1790337830.528,5.0771,0.1954,0.9923
1790337830.753,5.0773,0.2075,1.0539
1790337831.068,5.0777,0.2150,1.0918
1790337831.248,5.0779,0.2120,1.0767
1790337831.518,5.0769,0.2249,1.1421
1790337831.745,5.0759,0.2195,1.1141
1790337832.014,5.0745,0.2168,1.1003
1790337832.238,5.0737,0.2253,1.1434
1790337832.553,5.0736,0.2284,1.1589
1790337832.733,5.0739,0.2281,1.1576
1790337833.050,5.0741,0.2270,1.1518
1790337833.230,5.0740,0.2259,1.1465
1790337833.544,5.0742,0.1919,0.9739
1790337833.724,5.0748,0.1926,0.9778
1790337834.038,5.0754,0.1936,0.9829
1790337834.218,5.0759,0.1894,0.9616
1790337834.533,5.0764,0.2209,1.1217
1790337834.713,5.0759,0.2025,1.0280
1790337835.030,5.0758,0.2204,1.1191
1790337835.255,5.0756,0.2073,1.0525
1790337835.525,5.0756,0.1571,0.7977
1790337835.750,5.0766,0.2209,1.1218
1790337836.019,5.0765,0.2199,1.1167
1790337836.243,5.0766,0.2756,1.3991
1790337836.514,5.0763,0.2202,1.1180
1790337836.738,5.0758,0.2185,1.1090
1790337837.100,5.0763,0.2212,1.1230
1790337837.234,5.0768,0.1775,0.9012
1790337837.549,5.0773,0.1738,0.8824
1790337837.729,5.0775,0.1910,0.9698
1790337838.044,5.0775,0.1900,0.9648
1790337838.223,5.0773,0.2197,1.1156
1790337838.541,5.0763,0.2276,1.1558
1790337838.718,5.0756,0.2306,1.1707
1790337839.035,5.0748,0.2211,1.1224
1790337839.213,5.0743,0.2263,1.1487
1790337839.528,5.0743,0.2269,1.1516
1790337839.754,5.0744,0.3069,1.5573
1790337840.024,5.0742,0.2260,1.1470
1790337840.250,5.0741,0.1924,0.9764
1790337840.521,5.0746,0.1906,0.9676
1790337840.745,5.0751,0.1929,0.9791
1790337841.015,5.0759,0.1931,0.9805
1790337841.238,5.0765,0.2187,1.1104
1790337841.553,5.0762,0.1921,0.9755
1790337841.733,5.0763,0.1914,0.9718
1790337842.049,5.0761,0.1859,0.9440
1790337842.230,5.0761,0.2177,1.1053
1790337842.544,5.0768,0.2187,1.1105
1790337842.723,5.0764,0.1753,0.8899
1790337843.040,5.0768,0.2152,1.0928
1790337843.220,5.0769,0.1715,0.8710
1790337843.533,5.0770,0.2140,1.0866
1790337843.713,5.0775,0.1903,0.9664
1790337844.028,5.0773,0.2108,1.0703
1790337844.254,5.0766,0.2209,1.1218
1790337844.523,5.0754,0.2281,1.1581
1790337844.748,5.0745,0.2150,1.0912
1790337845.020,5.0737,0.2248,1.1409
1790337845.243,5.0738,0.2255,1.1441
1790337845.514,5.0738,0.2964,1.5042
1790337845.785,5.0739,0.2140,1.0859
1790337846.055,5.0741,0.2250,1.1418
1790337846.233,5.0741,0.1899,0.9638
1790337846.548,5.0743,0.2161,1.0968
1790337846.729,5.0743,0.1919,0.9739
1790337847.043,5.0747,0.1909,0.9689
1790337847.224,5.0749,0.1512,0.7673
1790337847.539,5.0754,0.1884,0.9565
1790337847.719,5.0759,0.1750,0.8885
1790337848.035,5.0763,0.1750,0.8886
1790337848.213,5.0768,0.2259,1.1471
1790337848.529,5.0772,0.2085,1.0589
1790337848.754,5.0775,0.1713,0.8698
1790337849.024,5.0781,0.2284,1.1599
1790337849.249,5.0777,0.1765,0.8964
1790337849.520,5.0773,0.1839,0.9341
1790337849.743,5.0768,0.2247,1.1408
1790337850.014,5.0756,0.2408,1.2224
1790337850.240,5.0753,0.2286,1.1606
1790337850.555,5.0746,0.2235,1.1343
1790337850.734,5.0744,0.2266,1.1499
1790337851.049,5.0745,0.2175,1.1037
1790337851.229,5.0744,0.2273,1.1535
1790337851.544,5.0741,0.2261,1.1474
1790337851.723,5.0739,0.1998,1.0141
1790337852.040,5.0741,0.1971,1.0003
1790337852.219,5.0745,0.1902,0.9651
1790337852.535,5.0752,0.2116,1.0741
1790337852.713,5.0759,0.1887,0.9578
1790337853.030,5.0764,0.1899,0.9642
1790337853.254,5.0766,0.1852,0.9403
1790337853.523,5.0767,0.2351,1.1937
1790337853.749,5.0766,0.2018,1.0244
1790337854.019,5.0761,0.2254,1.1444
1790337854.243,5.0758,0.1755,0.8910
1790337854.513,5.0758,0.2269,1.1519
1790337854.738,5.0759,0.1757,0.8923
1790337855.054,5.0765,0.2132,1.0827
1790337855.234,5.0769,0.2319,1.1773
1790337855.550,5.0774,0.1750,0.8887
1790337855.728,5.0778,0.1676,0.8510
1790337856.044,5.0774,0.2080,1.0564
1790337856.223,5.0771,0.2195,1.1144
1790337856.538,5.0757,0.2271,1.1531
1790337856.718,5.0745,0.2166,1.0991
1790337857.034,5.0734,0.2224,1.1284
1790337857.215,5.0728,0.2261,1.1474
1790337857.529,5.0731,0.2262,1.1476
1790337857.754,5.0735,0.2256,1.1448
1790337858.025,5.0740,0.2260,1.1470
1790337858.249,5.0741,0.2256,1.1448
1790337858.519,5.0748,0.2197,1.1149
1790337858.744,5.0748,0.2194,1.1137
1790337859.015,5.0754,0.2149,1.0909
1790337859.239,5.0756,0.1882,0.9552
1790337859.554,5.0758,0.2103,1.0676
1790337859.734,5.0763,0.1939,0.9843
1790337860.050,5.0765,0.2262,1.1483
1790337860.230,5.0768,0.1743,0.8849
1790337860.544,5.0770,0.1959,0.9945
1790337860.725,5.0771,0.1782,0.9051
1790337861.039,5.0770,0.2053,1.0425
1790337861.218,5.0771,0.1921,0.9755
1790337861.533,5.0770,0.2093,1.0626
1790337861.713,5.0769,0.2055,1.0437
1790337862.030,5.0766,0.2247,1.1407
1790337862.254,5.0761,0.2262,1.1482
1790337862.524,5.0753,0.2547,1.2929
1790337862.749,5.0747,0.2181,1.1072
1790337863.020,5.0741,0.2246,1.1401
1790337863.245,5.0741,0.2246,1.1398
1790337863.514,5.0739,0.2252,1.1431
1790337863.740,5.0737,0.2248,1.1406
1790337864.054,5.0736,0.1969,0.9989
1790337864.234,5.0737,0.1889,0.9586
1790337864.549,5.0739,0.1904,0.9662
1790337864.729,5.0740,0.1877,0.9524
1790337865.044,5.0744,0.1906,0.9676
1790337865.225,5.0744,0.1869,0.9487
1790337865.539,5.0746,0.2222,1.1277
1790337865.720,5.0747,0.1926,0.9778
1790337866.035,5.0753,0.2259,1.1467
1790337866.214,5.0755,0.2036,1.0337
1790337866.529,5.0757,0.2001,1.0158
1790337866.754,5.0761,0.1767,0.8974
1790337867.025,5.0763,0.1733,0.8797
1790337867.249,5.0764,0.1800,0.9138
1790337867.519,5.0768,0.2259,1.1471
1790337867.744,5.0765,0.2192,1.1130
1790337868.015,5.0756,0.2341,1.1884
1790337868.239,5.0747,0.2139,1.0859
1790337868.554,5.0738,0.2239,1.1362
1790337868.735,5.0735,0.2265,1.1493
1790337869.050,5.0734,0.2273,1.1533
1790337869.229,5.0735,0.2271,1.1523
1790337869.544,5.0734,0.2278,1.1560
1790337869.724,5.0735,0.2276,1.1549
1790337870.040,5.0737,0.2268,1.1507
1790337870.220,5.0736,0.2261,1.1473
1790337870.535,5.0737,0.2250,1.1420
1790337870.714,5.0735,0.2252,1.1429
1790337871.030,5.0732,0.2262,1.1476
1790337871.254,5.0739,0.2213,1.1229
1790337871.525,5.0743,0.1852,0.9399
1790337871.749,5.0747,0.1904,0.9664
1790337872.019,5.0757,0.1857,0.9427
1790337872.244,5.0753,0.1869,0.9489
1790337872.515,5.0757,0.2274,1.1544
1790337872.739,5.0759,0.1755,0.8910
1790337873.055,5.0762,0.1980,1.0051
1790337873.235,5.0768,0.1939,0.9846
1790337873.550,5.0772,0.2088,1.0602
1790337873.729,5.0774,0.1690,0.8585
1790337874.044,5.0774,0.2120,1.0766
1790337874.224,5.0772,0.2135,1.0842
1790337874.539,5.0770,0.2239,1.1370
1790337874.719,5.0760,0.2242,1.1380
1790337875.034,5.0745,0.2252,1.1428
1790337875.215,5.0736,0.2150,1.0909
1790337875.529,5.0725,0.2254,1.1435
1790337875.754,5.0727,0.2253,1.1430
1790337876.024,5.0734,0.2560,1.2987
1790337876.249,5.0737,0.2239,1.1360
1790337876.520,5.0737,0.2236,1.1346
1790337876.744,5.0736,0.2232,1.1328
1790337877.014,5.0735,0.1852,0.9397
1790337877.240,5.0737,0.2205,1.1189
1790337877.554,5.0742,0.1879,0.9537
1790337877.734,5.0748,0.1909,0.9689
1790337878.049,5.0759,0.1802,0.9149
1790337878.229,5.0764,0.1745,0.8860
1790337878.545,5.0775,0.2182,1.1081
1790337878.724,5.0776,0.1681,0.8535
1790337879.039,5.0779,0.1720,0.8737
1790337879.220,5.0781,0.1571,0.7981
1790337879.534,5.0783,0.1579,0.8019
1790337879.714,5.0786,0.1736,0.8820
1790337880.030,5.0779,0.2219,1.1271
1790337880.254,5.0768,0.2165,1.0992
1790337880.524,5.0754,0.2182,1.1077
1790337880.749,5.0745,0.2169,1.1010
1790337881.019,5.0742,0.2241,1.1373
1790337881.244,5.0741,0.2236,1.1350
1790337881.514,5.0740,0.2235,1.1341
1790337881.739,5.0739,0.2232,1.1325
1790337882.054,5.0734,0.2229,1.1309
1790337882.234,5.0733,0.2063,1.0468
1790337882.550,5.0738,0.2885,1.4638
1790337882.730,5.0747,0.1730,0.8782
1790337883.044,5.0763,0.1738,0.8823
1790337883.225,5.0772,0.1753,0.8900
1790337883.539,5.0781,0.1730,0.8788
1790337883.719,5.0786,0.1804,0.9162
1790337884.034,5.0625,0.3016,1.5272
1790337884.214,5.0773,0.1738,0.8824
1790337884.529,5.0774,0.2247,1.1409
1790337884.754,5.0765,0.2214,1.1243
1790337885.024,5.0756,0.2232,1.1329
1790337885.249,5.0753,0.2185,1.1089
1790337885.521,5.0742,0.2264,1.1490
1790337885.745,5.0740,0.2192,1.1124
1790337886.014,5.0745,0.2191,1.1120
1790337886.239,5.0746,0.2191,1.1120
1790337886.554,5.0743,0.2190,1.1113
1790337886.734,5.0742,0.1867,0.9474
1790337887.050,5.0750,0.1904,0.9665
1790337887.230,5.0755,0.2042,1.0365
1790337887.544,5.0766,0.1725,0.8760
1790337887.724,5.0774,0.1705,0.8661
1790337888.039,5.0777,0.1715,0.8711
1790337888.219,5.0778,0.1825,0.9268
1790337888.534,5.0779,0.1797,0.9129
1790337888.718,5.0781,0.1685,0.8561
1790337889.030,5.0781,0.1784,0.9059
1790337889.254,5.0784,0.1529,0.7767
1790337889.524,5.0795,0.1574,0.7996
1790337889.750,5.0798,0.1652,0.8393
1790337890.019,5.0804,0.1597,0.8113
1790337890.244,5.0805,0.1575,0.8004
1790337890.514,5.0800,0.1576,0.8006
1790337890.740,5.0798,0.1578,0.8019
1790337891.054,5.0796,0.1590,0.8080
1790337891.234,5.0797,0.1595,0.8106
1790337891.549,5.0793,0.1660,0.8432
1790337891.729,5.0788,0.1812,0.9205
1790337892.045,5.0781,0.2264,1.1499
1790337892.224,5.0770,0.2065,1.0488
1790337892.539,5.0760,0.2219,1.1267
1790337892.719,5.0754,0.2185,1.1089
1790337893.035,5.0745,0.2192,1.1124
1790337893.215,5.0743,0.2211,1.1222
1790337893.574,5.0742,0.2218,1.1256
1790337893.710,5.0743,0.2110,1.0709
1790337894.024,5.0741,0.1718,0.8718
1790337894.205,5.0747,0.1735,0.8807
1790337894.519,5.0757,0.2132,1.0825
1790337894.744,5.0759,0.2388,1.2124
1790337895.014,5.0768,0.1715,0.8710
1790337895.239,5.0768,0.1549,0.7866
1790337895.509,5.0775,0.1916,0.9733
1790337895.734,5.0784,0.1549,0.7868
1790337896.004,5.0796,0.2078,1.0556
1790337896.229,5.0792,0.2197,1.1161
1790337896.544,5.0774,0.2224,1.1295
1790337896.724,5.0759,0.2222,1.1280
1790337897.039,5.0739,0.2165,1.0985
1790337897.219,5.0734,0.2204,1.1183
1790337897.534,5.0733,0.2203,1.1180
1790337897.714,5.0737,0.2201,1.1171
1790337898.030,5.0738,0.1733,0.8793
1790337898.209,5.0747,0.1723,0.8744
1790337898.524,5.0863,0.1715,0.8726
1790337898.705,5.0771,0.1720,0.8736
1790337899.019,5.0783,0.1561,0.7931
1790337899.199,5.0788,0.1536,0.7805
1790337899.515,5.0794,0.1839,0.9345
1790337899.740,5.0797,0.1667,0.8471
1790337900.009,5.0801,0.1614,0.8201
1790337900.235,5.0800,0.2279,1.1579
1790337900.505,5.0781,0.2217,1.1259
1790337900.729,5.0769,0.2197,1.1156
1790337900.999,5.0752,0.2115,1.0734
1790337901.225,5.0743,0.2214,1.1237
1790337901.539,5.0741,0.2671,1.3556
1790337901.719,5.0741,0.2219,1.1263
1790337902.034,5.0740,0.2213,1.1229
1790337902.215,5.0740,0.1792,0.9096
1790337902.529,5.0753,0.1715,0.8707
1790337902.709,5.0762,0.1780,0.9037
1790337903.024,5.0777,0.1713,0.8699
1790337903.205,5.0785,0.1549,0.7868
1790337903.519,5.0790,0.1536,0.7805
1790337903.699,5.0792,0.1544,0.7844
1790337904.014,5.0792,0.1678,0.8526
1790337904.239,5.0788,0.2204,1.1198
1790337904.509,5.0769,0.2202,1.1181
1790337904.734,5.0755,0.2170,1.1014
1790337905.049,5.0739,0.2166,1.0992
1790337905.229,5.0732,0.2236,1.1347
1790337905.500,5.0730,0.2221,1.1267
1790337905.724,5.0732,0.2525,1.2811
1790337906.040,5.0736,0.1772,0.8994
1790337906.219,5.0744,0.1725,0.8756
1790337906.534,5.0757,0.1812,0.9200
1790337906.714,5.0763,0.1720,0.8734
1790337907.029,5.0770,0.2224,1.1294
1790337907.209,5.0766,0.1762,0.8949
1790337907.524,5.0768,0.1715,0.8710
1790337907.704,5.0770,0.1725,0.8761
1790337908.019,5.0773,0.1554,0.7891
1790337908.200,5.0784,0.2120,1.0768
1790337908.515,5.0778,0.2167,1.1006
1790337908.739,5.0771,0.2239,1.1370
1790337909.010,5.0760,0.2204,1.1192
1790337909.235,5.0748,0.2178,1.1054
1790337909.505,5.0741,0.2232,1.1325
1790337909.729,5.0739,0.2232,1.1328
1790337909.999,5.0736,0.2221,1.1273
1790337910.224,5.0736,0.1715,0.8704
1790337910.540,5.0747,0.1715,0.8706
1790337910.720,5.0756,0.1735,0.8809
1790337911.034,5.0771,0.1765,0.8963
1790337911.215,5.0779,0.1599,0.8119
1790337911.529,5.0786,0.1604,0.8146
1790337911.709,5.0788,0.1594,0.8096
1790337912.024,5.0791,0.1556,0.7907
1790337912.204,5.0794,0.2242,1.1388
1790337912.519,5.0777,0.2204,1.1195
1790337912.699,5.0764,0.2152,1.0928
1790337913.015,5.0748,0.2257,1.1453
1790337913.240,5.0735,0.2343,1.1891
1790337913.510,5.0738,0.2843,1.4424
1790337913.734,5.0740,0.2236,1.1349
1790337914.004,5.0739,0.2233,1.1330
1790337914.230,5.0740,0.2230,1.1316
1790337914.499,5.0739,0.1926,0.9776
1790337914.724,5.0740,0.2191,1.1121
1790337915.040,5.0742,0.1929,0.9789
1790337915.219,5.0746,0.1725,0.8757
1790337915.534,5.0758,0.1772,0.8998
1790337915.714,5.0763,0.1760,0.8936
1790337916.030,5.0780,0.1579,0.8019
1790337916.209,5.0791,0.1569,0.7970
1790337916.524,5.0791,0.1708,0.8679
1790337916.705,5.0789,0.1721,0.8743
1790337917.019,5.0785,0.1752,0.8897
1790337917.199,5.0780,0.1778,0.9032
1790337917.514,5.0768,0.2135,1.0841
1790337917.739,5.0761,0.2905,1.4746
1790337918.010,5.0749,0.2094,1.0628
1790337918.234,5.0740,0.2182,1.1074
1790337918.505,5.0738,0.2226,1.1298
1790337918.729,5.0739,0.2228,1.1309
1790337918.999,5.0739,0.2221,1.1272
1790337919.225,5.0741,0.1755,0.8907
1790337919.540,5.0753,0.1956,0.9930
1790337919.719,5.0759,0.1730,0.8784
1790337920.034,5.0772,0.1713,0.8698
1790337920.214,5.0778,0.1720,0.8737
1790337920.530,5.0779,0.1524,0.7741
1790337920.709,5.0786,0.1546,0.7856
1790337921.024,5.0791,0.1676,0.8516
1790337921.204,5.0796,0.1879,0.9547
1790337921.519,5.0784,0.2197,1.1159
1790337921.699,5.0772,0.2197,1.1156
1790337922.014,5.0752,0.2197,1.1152
1790337922.239,5.0740,0.2193,1.1130
1790337922.510,5.0737,0.2229,1.1312
1790337922.734,5.0739,0.2221,1.1271
1790337923.004,5.0741,0.2213,1.1232
1790337923.230,5.0739,0.1718,0.8718
1790337923.499,5.0752,0.1765,0.8959
1790337923.725,5.0761,0.1733,0.8797
1790337924.040,5.0771,0.1740,0.8837
1790337924.219,5.0778,0.2212,1.1233
1790337924.534,5.0767,0.2214,1.1243
1790337924.714,5.0757,0.2170,1.1014
1790337925.030,5.0745,0.2274,1.1541
1790337925.209,5.0739,0.1797,0.9121
1790337925.524,5.0741,0.2194,1.1133
1790337925.705,5.0743,0.2192,1.1122
1790337926.019,5.0744,0.2180,1.1062
1790337926.200,5.0744,0.2182,1.1076
1790337926.514,5.0739,0.2218,1.1254
1790337926.739,5.0737,0.2666,1.3530
1790337927.009,5.0740,0.2220,1.1267
1790337927.234,5.0740,0.1753,0.8894
1790337927.504,5.0752,0.1733,0.8795
1790337927.729,5.0761,0.1723,0.8747
1790337927.999,5.0774,0.1554,0.7891
1790337928.224,5.0787,0.1534,0.7793
1790337928.540,5.0797,0.1549,0.7870
1790337928.720,5.0800,0.1650,0.8382
1790337929.035,5.0804,0.1998,1.0154
1790337929.215,5.0798,0.1674,0.8504
1790337929.529,5.0784,0.2190,1.1121
1790337929.709,5.0773,0.2207,1.1207
1790337930.025,5.0756,0.2204,1.1191
1790337930.204,5.0749,0.2163,1.0981
1790337930.519,5.0744,0.2220,1.1267
1790337930.699,5.0744,0.2223,1.1280
1790337931.014,5.0744,0.2224,1.1286
1790337931.240,5.0746,0.1730,0.8782
1790337931.509,5.0756,0.1725,0.8758
1790337931.735,5.0762,0.1713,0.8696
1790337932.004,5.0772,0.1561,0.7929
1790337932.229,5.0780,0.1782,0.9050
1790337932.499,5.0781,0.1805,0.9167
1790337932.725,5.0783,0.1799,0.9139
1790337933.040,5.0787,0.1546,0.7856
1790337933.219,5.0790,0.1735,0.8816
1790337933.534,5.0785,0.2199,1.1172
1790337933.714,5.0776,0.2199,1.1170
1790337934.029,5.0760,0.2135,1.0839
1790337934.209,5.0747,0.2122,1.0768
1790337934.525,5.0741,0.2185,1.1089
1790337934.704,5.0741,0.2180,1.1063
1790337935.019,5.0741,0.2172,1.1022
1790337935.199,5.0744,0.2167,1.0997
1790337935.514,5.0753,0.1725,0.8758
1790337935.740,5.0763,0.1723,0.8747
1790337936.009,5.0779,0.1710,0.8687
1790337936.234,5.0788,0.1569,0.7969
1790337936.504,5.0794,0.1527,0.7756
1790337936.730,5.0796,0.1554,0.7895
1790337936.999,5.0800,0.1603,0.8145
1790337937.224,5.0802,0.1834,0.9321
1790337937.540,5.0789,0.2175,1.1047
1790337937.719,5.0779,0.2195,1.1146
1790337938.035,5.0760,0.2316,1.1759
1790337938.214,5.0749,0.2151,1.0917
1790337938.530,5.0747,0.2185,1.1088
1790337938.709,5.0747,0.2181,1.1068
1790337939.025,5.0748,0.2173,1.1030
1790337939.205,5.0748,0.1748,0.8870
1790337939.519,5.0759,0.1703,0.8645
1790337939.699,5.0767,0.1730,0.8785
1790337940.015,5.0778,0.1718,0.8724
1790337940.240,5.0786,0.1534,0.7793
1790337940.509,5.0794,0.1551,0.7882
1790337940.734,5.0798,0.1546,0.7858
1790337941.004,5.0804,0.1596,0.8108
1790337941.230,5.0807,0.1834,0.9322
1790337941.500,5.0792,0.2214,1.1249
1790337941.724,5.0779,0.2185,1.1095
1790337942.039,5.0759,0.2142,1.0876
1790337942.219,5.0748,0.2122,1.0771
1790337942.535,5.0745,0.2182,1.1075
1790337942.714,5.0747,0.2180,1.1064
1790337943.029,5.0749,0.2175,1.1038
1790337943.209,5.0748,0.2306,1.1706
1790337943.524,5.0755,0.1708,0.8670
1790337943.704,5.0763,0.1700,0.8633
1790337944.019,5.0773,0.1708,0.8673
1790337944.200,5.0781,0.1549,0.7868
1790337944.514,5.0793,0.1544,0.7844
1790337944.739,5.0794,0.1655,0.8407
1790337945.009,5.0792,0.1668,0.8473
1790337945.235,5.0792,0.2192,1.1136
1790337945.504,5.0773,0.2185,1.1094
1790337945.730,5.0764,0.2204,1.1192
1790337945.999,5.0754,0.2119,1.0755
1790337946.224,5.0746,0.2204,1.1187
1790337946.539,5.0742,0.2199,1.1159
1790337946.719,5.0740,0.2201,1.1169
1790337947.035,5.0741,0.2201,1.1170
1790337947.215,5.0742,0.2199,1.1162
1790337947.530,5.0747,0.2173,1.1030
1790337947.709,5.0755,0.2121,1.0768
1790337948.025,5.0761,0.1797,0.9125
1790337948.204,5.0769,0.1733,0.8798
1790337948.519,5.0779,0.1735,0.8813
1790337948.699,5.0783,0.1821,0.9248
1790337949.014,5.0793,0.1720,0.8740
1790337949.240,5.0796,0.1684,0.8555
1790337949.509,5.0801,0.1635,0.8309
1790337949.735,5.0802,0.1606,0.8160
1790337950.004,5.0804,0.1585,0.8054
1790337950.230,5.0804,0.1580,0.8029
1790337950.500,5.0806,0.1572,0.7990
1790337950.724,5.0807,0.1571,0.7982
1790337951.039,5.0805,0.1767,0.8981
1790337951.219,5.0801,0.1782,0.9056
1790337951.534,5.0795,0.1691,0.8592
1790337951.714,5.0790,0.1286,0.6532
1790337952.030,5.0790,0.1705,0.8663
1790337952.209,5.0797,0.1397,0.7100
1790337952.524,5.0663,0.2917,1.4781
1790337952.705,5.0798,0.2227,1.1313
1790337953.019,5.0783,0.2170,1.1020
1790337953.200,5.0767,0.2150,1.0916
1790337953.516,5.0745,0.2219,1.1262
1790337953.739,5.0743,0.2225,1.1290
1790337954.009,5.0739,0.2226,1.1298
1790337954.235,5.0739,0.2226,1.1295
1790337954.504,5.0740,0.1772,0.8995
1790337954.731,5.0748,0.1474,0.7484
1790337955.000,5.0766,0.1735,0.8810
1790337955.224,5.0779,0.1821,0.9251
1790337955.539,5.0797,0.1293,0.6571
1790337955.719,5.0806,0.1306,0.6635
1790337956.034,5.0816,0.1475,0.7497
1790337956.214,5.0819,0.1621,0.8239
1790337956.529,5.0821,0.2780,1.4133
1790337956.709,5.0807,0.2207,1.1215
1790337957.024,5.0783,0.2249,1.1424
1790337957.205,5.0767,0.2252,1.1433
1790337957.519,5.0748,0.2185,1.1090
1790337957.700,5.0745,0.2236,1.1347
1790337958.015,5.0746,0.2234,1.1339
1790337958.239,5.0747,0.2234,1.1338
1790337958.509,5.0746,0.1753,0.8895
1790337958.734,5.0752,0.1738,0.8821
1790337959.004,5.0764,0.1772,0.8999
1790337959.230,5.0772,0.2393,1.2152
1790337959.499,5.0785,0.1628,0.8271
1790337959.724,5.0791,0.1601,0.8134
1790337960.039,5.0794,0.1584,0.8046
1790337960.219,5.0798,0.1662,0.8445
1790337960.535,5.0800,0.1639,0.8329
1790337960.714,5.0791,0.2192,1.1136
1790337961.029,5.0774,0.2239,1.1371
1790337961.209,5.0761,0.2182,1.1078
1790337961.524,5.0743,0.2808,1.4250
1790337961.704,5.0738,0.2241,1.1370
1790337962.020,5.0738,0.2078,1.0544
1790337962.199,5.0739,0.2225,1.1293
1790337962.514,5.0741,0.1735,0.8806
1790337962.739,5.0753,0.1718,0.8720
1790337963.011,5.0766,0.1735,0.8811
1790337963.235,5.0774,0.1782,0.9051
1790337963.504,5.0786,0.2152,1.0932
1790337963.729,5.0784,0.1813,0.9209
1790337963.999,5.0780,0.1817,0.9231
1790337964.224,5.0780,0.2386,1.2116
1790337964.539,5.0781,0.1800,0.9143
1790337964.719,5.0776,0.2192,1.1132
1790337965.034,5.0765,0.2172,1.1029
1790337965.215,5.0759,0.2247,1.1406
1790337965.530,5.0744,0.2186,1.1093
1790337965.709,5.0743,0.2220,1.1266
1790337966.024,5.0745,0.2213,1.1229
1790337966.204,5.0745,0.2212,1.1229
1790337966.519,5.0742,0.2218,1.1255
1790337966.700,5.0739,0.2053,1.0418
1790337967.015,5.0745,0.1748,0.8870
1790337967.240,5.0752,0.1708,0.8669
1790337967.510,5.0765,0.2259,1.1470
1790337967.735,5.0772,0.1735,0.8811
1790337968.005,5.0774,0.1708,0.8673
1790337968.229,5.0778,0.1656,0.8409
1790337968.499,5.0775,0.2311,1.1737
1790337968.724,5.0771,0.2182,1.1080
1790337969.039,5.0761,0.2060,1.0459
1790337969.220,5.0753,0.2137,1.0848
1790337969.625,5.0743,0.2244,1.1387
1790337969.714,5.0745,0.2234,1.1341
1790337970.029,5.0746,0.2219,1.1264
1790337970.209,5.0745,0.2232,1.1327
1790337970.524,5.0745,0.2230,1.1319
1790337970.704,5.0743,0.1899,0.9638
1790337971.020,5.0750,0.1926,0.9778
1790337971.199,5.0756,0.1892,0.9603
1790337971.514,5.0762,0.2202,1.1179
1790337971.739,5.0760,0.2037,1.0341
1790337972.010,5.0757,0.1914,0.9716
1790337972.235,5.0757,0.1911,0.9704
1790337972.504,5.0757,0.1874,0.9515
1790337972.730,5.0765,0.1899,0.9642
1790337973.000,5.0766,0.2195,1.1143
1790337973.225,5.0766,0.2132,1.0828
1790337973.540,5.0767,0.2132,1.0828
1790337973.719,5.0762,0.2199,1.1167
1790337974.034,5.0757,0.2197,1.1153
1790337974.214,5.0752,0.2085,1.0584
1790337974.529,5.0748,0.1725,0.8757
1790337974.709,5.0755,0.1715,0.8708
1790337975.024,5.0770,0.1561,0.7929
1790337975.206,5.0781,0.1591,0.8082
1790337975.519,5.0795,0.1652,0.8395
1790337975.700,5.0797,0.1631,0.8288
1790337976.014,5.0801,0.1611,0.8184
1790337976.239,5.0802,0.1988,1.0104
1790337976.509,5.0783,0.2222,1.1285
1790337976.735,5.0770,0.2214,1.1244
1790337977.004,5.0753,0.2172,1.1026
1790337977.229,5.0741,0.2199,1.1160
1790337977.502,5.0739,0.2243,1.1383
1790337977.724,5.0742,0.2234,1.1339
1790337978.039,5.0741,0.2236,1.1348
1790337978.219,5.0738,0.2113,1.0721
1790337978.534,5.0734,0.2230,1.1314
1790337978.714,5.0734,0.1902,0.9649
1790337979.029,5.0742,0.1849,0.9386
1790337979.209,5.0748,0.2111,1.0716
1790337979.525,5.0756,0.2202,1.1178
1790337979.705,5.0757,0.2202,1.1178
1790337980.019,5.0750,0.1911,0.9702
1790337980.199,5.0752,0.1854,0.9413
1790337980.514,5.0759,0.1894,0.9616
1790337980.739,5.0763,0.2202,1.1180
1790337981.009,5.0767,0.1977,1.0039
1790337981.234,5.0768,0.2257,1.1458
1790337981.504,5.0762,0.1997,1.0137
1790337981.729,5.0762,0.1983,1.0067
1790337981.999,5.0766,0.1760,0.8936
1790337982.224,5.0767,0.1762,0.8949
1790337982.542,5.0776,0.1836,0.9323
1790337982.719,5.0775,0.1705,0.8661
1790337983.035,5.0781,0.1584,0.8044
1790337983.214,5.0784,0.2003,1.0176
1790337983.529,5.0786,0.1755,0.8914
1790337983.709,5.0790,0.1705,0.8661
1790337984.024,5.0781,0.2190,1.1121
1790337984.205,5.0769,0.2192,1.1131
1790337984.519,5.0756,0.2202,1.1178
1790337984.699,5.0745,0.2148,1.0904
1790337985.014,5.0738,0.2220,1.1263
1790337985.239,5.0736,0.2224,1.1285
1790337985.509,5.0733,0.2222,1.1274
1790337985.734,5.0733,0.2224,1.1283
1790337986.004,5.0735,0.2222,1.1277
1790337986.229,5.0741,0.2174,1.1034
1790337986.499,5.0749,0.1926,0.9778
1790337986.724,5.0752,0.1934,0.9816
1790337987.039,5.0757,0.1956,0.9931
1790337987.219,5.0755,0.1977,1.0034
1790337987.534,5.0758,0.1985,1.0077
1790337987.714,5.0761,0.1877,0.9528
1790337988.029,5.0764,0.1985,1.0077
1790337988.209,5.0766,0.1965,0.9978
1790337988.524,5.0763,0.2142,1.0877
1790337988.705,5.0759,0.2041,1.0361
1790337989.022,5.0753,0.2111,1.0717
1790337989.200,5.0749,0.2152,1.0925
1790337989.514,5.0747,0.2189,1.1109
1790337989.740,5.0747,0.2189,1.1112
1790337990.009,5.0747,0.2190,1.1116
1790337990.234,5.0746,0.2190,1.1117
1790337990.505,5.0747,0.2169,1.1007
1790337990.730,5.0752,0.1854,0.9413
1790337990.999,5.0757,0.2187,1.1103
1790337991.224,5.0756,0.2185,1.1090
1790337991.539,5.0753,0.2202,1.1177
1790337991.719,5.0746,0.2157,1.0947
1790337992.034,5.0742,0.1733,0.8794
1790337992.214,5.0752,0.2099,1.0656
1790337992.529,5.0761,0.1678,0.8520
1790337992.709,5.0774,0.1554,0.7891
1790337993.024,5.0788,0.1906,0.9684
1790337993.204,5.0784,0.2187,1.1109
1790337993.520,5.0776,0.2468,1.2532
1790337993.699,5.0764,0.2202,1.1180
1790337994.014,5.0746,0.2147,1.0899
1790337994.239,5.0736,0.2218,1.1256
1790337994.509,5.0735,0.2228,1.1306
1790337994.734,5.0735,0.2227,1.1302
1790337995.005,5.0736,0.2223,1.1282
1790337995.229,5.0738,0.1892,0.9599
1790337995.499,5.0746,0.1862,0.9449
1790337995.724,5.0752,0.1902,0.9653
1790337996.039,5.0760,0.2269,1.1519
1790337996.219,5.0763,0.1909,0.9692
1790337996.534,5.0762,0.1839,0.9339
1790337996.714,5.0758,0.2202,1.1179
1790337997.029,5.0755,0.1867,0.9477
1790337997.209,5.0759,0.1829,0.9288
1790337997.524,5.0754,0.2207,1.1203
1790337997.705,5.0752,0.2100,1.0658
1790337998.020,5.0760,0.2187,1.1103
1790337998.200,5.0754,0.1757,0.8922
1790337998.514,5.0760,0.2170,1.1015
1790337998.739,5.0762,0.1812,0.9201
1790337999.009,5.0766,0.1683,0.8546
1790337999.234,5.0776,0.1693,0.8598
1790337999.504,5.0782,0.1544,0.7842
1790337999.729,5.0791,0.1551,0.7881
1790338000.000,5.0796,0.1669,0.8477
1790338000.224,5.0795,0.1864,0.9471
1790338000.539,5.0663,0.2259,1.1447
1790338000.719,5.0769,0.2147,1.0904
1790338001.035,5.0750,0.2269,1.1517
1790338001.215,5.0742,0.2171,1.1020
1790338001.529,5.0737,0.2229,1.1311
1790338001.709,5.0738,0.2224,1.1287
1790338002.025,5.0738,0.2218,1.1254
1790338002.204,5.0737,0.2216,1.1247
1790338002.519,5.0736,0.1906,0.9675
1790338002.700,5.0739,0.1827,0.9272
1790338003.017,5.0750,0.2239,1.1365
1790338003.239,5.0754,0.2222,1.1279
1790338003.509,5.0758,0.2199,1.1166
1790338003.734,5.0754,0.2190,1.1115
1790338004.004,5.0742,0.2099,1.0650
1790338004.229,5.0737,0.2145,1.0883
1790338004.499,5.0733,0.2215,1.1241
1790338004.724,5.0735,0.2208,1.1206
1790338005.040,5.0735,0.2208,1.1204
1790338005.219,5.0739,0.1720,0.8730
1790338005.535,5.0746,0.2262,1.1478
1790338005.714,5.0748,0.1522,0.7723
1790338006.029,5.0768,0.1412,0.7172
1790338006.209,5.0779,0.1370,0.6959
1790338006.524,5.0787,0.1258,0.6393
1790338006.704,5.0800,0.1542,0.7838
1790338007.020,5.0802,0.2038,1.0356
1790338007.200,5.0793,0.2217,1.1262
1790338007.515,5.0785,0.2195,1.1147
1790338007.740,5.0776,0.1860,0.9448
1790338008.009,5.0767,0.1953,0.9917
1790338008.234,5.0764,0.1985,1.0079
1790338008.505,5.0763,0.1978,1.0042
1790338008.729,5.0762,0.1867,0.9478
1790338009.000,5.0761,0.1982,1.0062
1790338009.224,5.0762,0.1983,1.0068
1790338009.541,5.0764,0.1879,0.9541
1790338009.719,5.0763,0.1983,1.0068
1790338010.034,5.0764,0.1457,0.7398
1790338010.214,5.0769,0.1442,0.7324
1790338010.529,5.0774,0.1710,0.8686
1790338010.709,5.0779,0.1668,0.8472
1790338011.024,5.0789,0.1725,0.8765
1790338011.205,5.0790,0.2108,1.0706
1790338011.519,5.0786,0.1789,0.9090
1790338011.699,5.0784,0.1805,0.9167
1790338012.014,5.0780,0.1641,0.8334
1790338012.239,5.0775,0.2125,1.0791
1790338012.509,5.0766,0.2291,1.1634
1790338012.735,5.0756,0.2279,1.1569
1790338013.006,5.0743,0.2191,1.1119
1790338013.230,5.0735,0.2271,1.1522
1790338013.501,5.0736,0.2269,1.1515
1790338013.724,5.0738,0.2262,1.1479
1790338014.040,5.0734,0.2286,1.1601
1790338014.219,5.0736,0.1748,0.8868
1790338014.534,5.0743,0.2319,1.1767
1790338014.714,5.0743,0.2171,1.1019
1790338015.029,5.0749,0.2227,1.1302
1790338015.210,5.0748,0.2124,1.0783
1790338015.524,5.0740,0.2205,1.1190
1790338015.706,5.0738,0.2218,1.1254
1790338016.019,5.0737,0.2259,1.1462
1790338016.199,5.0736,0.2263,1.1485
1790338016.514,5.0734,0.2264,1.1490
1790338016.739,5.0733,0.2268,1.1510
1790338017.009,5.0838,0.1725,0.8773
1790338017.234,5.0738,0.2073,1.0519
1790338017.504,5.0750,0.2134,1.0831
1790338017.730,5.0752,0.2116,1.0743
1790338017.999,5.0757,0.2229,1.1317
1790338018.225,5.0752,0.2106,1.0691
1790338018.540,5.0743,0.2210,1.1218
1790338018.719,5.0742,0.2224,1.1289
1790338019.034,5.0739,0.2256,1.1447
1790338019.214,5.0739,0.2261,1.1476
1790338019.530,5.0739,0.2363,1.1993
1790338019.709,5.0740,0.2448,1.2422
1790338020.024,5.0738,0.2279,1.1565
1790338020.204,5.0742,0.1735,0.8806
1790338020.519,5.0753,0.2134,1.0832
1790338020.699,5.0754,0.2122,1.0773
1790338021.014,5.0758,0.1733,0.8796
1790338021.239,5.0761,0.2227,1.1305
1790338021.509,5.0747,0.2281,1.1580
1790338021.734,5.0745,0.2182,1.1077
1790338022.004,5.0742,0.2201,1.1171
1790338022.230,5.0736,0.2260,1.1469
1790338022.499,5.0738,0.2263,1.1486
1790338022.724,5.0739,0.2262,1.1481
1790338023.040,5.0738,0.2275,1.1546
1790338023.220,5.0736,0.1738,0.8818
1790338023.535,5.0748,0.1738,0.8820
1790338023.714,5.0752,0.2244,1.1391
1790338024.029,5.0754,0.2092,1.0621
1790338024.210,5.0757,0.2147,1.0901
1790338024.524,5.0747,0.2142,1.0873
1790338024.705,5.0741,0.2190,1.1116
1790338025.020,5.0741,0.2192,1.1127
1790338025.201,5.0740,0.2216,1.1244
1790338025.514,5.0741,0.2207,1.1202
1790338025.740,5.0741,0.2208,1.1203
1790338026.010,5.0745,0.2205,1.1190
1790338026.234,5.0746,0.2206,1.1196
1790338026.504,5.0750,0.1916,0.9728
1790338026.730,5.0754,0.1931,0.9804
1790338026.999,5.0762,0.1854,0.9415
1790338027.224,5.0765,0.1979,1.0049
1790338027.539,5.0763,0.2197,1.1154
1790338027.719,5.0756,0.2170,1.1014
1790338028.034,5.0749,0.2117,1.0747
1790338028.214,5.0745,0.2166,1.0995
1790338028.529,5.0742,0.2206,1.1193
1790338028.709,5.0745,0.2199,1.1162
1790338029.024,5.0746,0.2204,1.1184
1790338029.204,5.0745,0.1740,0.8832
1790338029.519,5.0757,0.1430,0.7259
1790338029.699,5.0767,0.1437,0.7298
1790338030.014,5.0787,0.1360,0.6910
1790338030.240,5.0803,0.1627,0.8268
1790338030.509,5.0807,0.1430,0.7266
1790338030.734,5.0809,0.1559,0.7923
1790338031.004,5.0806,0.1363,0.6925
1790338031.229,5.0806,0.1258,0.6395
1790338031.499,5.0811,0.1241,0.6308
1790338031.724,5.0812,0.1363,0.6926
1790338032.039,5.0814,0.1239,0.6295
1790338032.219,5.0817,0.2078,1.0560
1790338032.534,5.0813,0.1450,0.7370
1790338032.714,5.0816,0.1443,0.7333
1790338033.029,5.0820,0.1564,0.7949
1790338033.209,5.0819,0.1239,0.6296
1790338033.524,5.0821,0.1420,0.7217
1790338033.704,5.0816,0.1474,0.7493
1790338034.019,5.0810,0.1509,0.7668
1790338034.200,5.0806,0.1358,0.6900
1790338034.514,5.0806,0.1345,0.6837
1790338034.739,5.0808,0.1363,0.6925
1790338035.009,5.0809,0.1248,0.6345
1790338035.234,5.0810,0.1430,0.7266
1790338035.504,5.0809,0.1251,0.6358
1790338035.729,5.0812,0.1683,0.8553
1790338035.999,5.0806,0.2351,1.1946
1790338036.224,5.0793,0.2264,1.1502
1790338036.539,5.0768,0.2187,1.1105
1790338036.719,5.0753,0.2274,1.1543
1790338037.034,5.0736,0.2259,1.1462
1790338037.214,5.0738,0.2254,1.1437
1790338037.529,5.0741,0.2368,1.2019
1790338037.709,5.0741,0.2269,1.1514
1790338038.025,5.0742,0.2258,1.1459
1790338038.205,5.0740,0.2266,1.1500
1790338038.519,5.0739,0.1750,0.8882
1790338038.700,5.0749,0.1753,0.8896
1790338039.014,5.0761,0.1725,0.8759
1790338039.239,5.0764,0.2346,1.1911
1790338039.509,5.0766,0.2214,1.1243
1790338039.734,5.0757,0.2190,1.1115
1790338040.006,5.0747,0.2149,1.0910
1790338040.229,5.0744,0.2195,1.1138
1790338040.499,5.0746,0.2197,1.1149
1790338040.724,5.0747,0.2200,1.1165
1790338041.040,5.0745,0.2219,1.1260
1790338041.221,5.0744,0.1904,0.9663
1790338041.534,5.0748,0.2166,1.0996
1790338041.714,5.0751,0.1919,0.9740
1790338042.030,5.0757,0.1909,0.9691
1790338042.209,5.0763,0.1442,0.7323
1790338042.524,5.0762,0.2182,1.1078
1790338042.704,5.0759,0.2204,1.1191
1790338043.020,5.0755,0.2114,1.0731
1790338043.199,5.0751,0.2161,1.0969
1790338043.514,5.0746,0.2214,1.1236
1790338043.739,5.0746,0.2208,1.1208
1790338044.009,5.0746,0.2196,1.1148
1790338044.234,5.0743,0.2201,1.1172
1790338044.504,5.0744,0.2199,1.1160
1790338044.729,5.0741,0.2197,1.1150
1790338044.999,5.0744,0.1911,0.9701
1790338045.226,5.0750,0.1822,0.9249
1790338045.539,5.0759,0.1911,0.9704
1790338045.719,5.0765,0.2199,1.1167
1790338046.214,5.0770,0.1957,0.9937
1790338046.217,5.0771,0.1958,0.9942
1790338046.529,5.0767,0.1960,0.9952
1790338046.709,5.0765,0.1965,0.9975
1790338047.024,5.0760,0.2185,1.1091
1790338047.206,5.0752,0.2214,1.1240
1790338047.520,5.0746,0.2126,1.0790
1790338047.700,5.0743,0.2175,1.1037
1790338048.014,5.0743,0.2208,1.1208
1790338048.239,5.0749,0.1857,0.9425
1790338048.510,5.0755,0.2141,1.0868
1790338048.736,5.0755,0.2138,1.0854
1790338049.004,5.0755,0.2134,1.0831
1790338049.231,5.0753,0.1839,0.9338
1790338049.500,5.0755,0.1874,0.9514
1790338049.724,5.0759,0.2222,1.1280
1790338050.039,5.0765,0.2165,1.0991
1790338050.220,5.0770,0.1971,1.0009
1790338050.536,5.0771,0.1430,0.7261
1790338050.714,5.0777,0.1410,0.7161
1790338051.029,5.0790,0.1450,0.7364
1790338051.210,5.0797,0.1412,0.7176
1790338051.525,5.0806,0.1568,0.7967
1790338051.704,5.0804,0.1847,0.9385
1790338052.021,5.0799,0.1864,0.9472
1790338052.201,5.0798,0.1648,0.8376
1790338052.514,5.0798,0.1664,0.8455
1790338052.739,5.0795,0.1702,0.8647
1790338053.009,5.0793,0.1889,0.9597
1790338053.235,5.0792,0.1749,0.8886
1790338053.504,5.0791,0.1234,0.6267
1790338053.729,5.0800,0.1532,0.7782
1790338053.999,5.0807,0.1530,0.7776
1790338054.224,5.0811,0.1460,0.7423
1790338054.539,5.0820,0.1243,0.6321
1790338054.719,5.0818,0.1231,0.6258
1790338055.034,5.0822,0.1333,0.6775
1790338055.214,5.0824,0.1320,0.6713
1790338055.530,5.0826,0.1308,0.6650
1790338055.709,5.0827,0.1452,0.7382
1790338056.024,5.0823,0.1369,0.6957
1790338056.205,5.0820,0.1705,0.8668
1790338056.564,5.0808,0.1723,0.8755
1790338056.700,5.0800,0.1610,0.8181
1790338057.014,5.0798,0.1620,0.8233
1790338057.239,5.0796,0.2028,1.0304
1790338057.509,5.0786,0.2224,1.1298
1790338057.736,5.0777,0.1713,0.8699
1790338058.004,5.0773,0.1725,0.8762
1790338058.230,5.0770,0.1417,0.7198
1790338058.499,5.0787,0.1773,0.9005
1790338058.726,5.0801,0.1450,0.7366
1790338059.039,5.0808,0.1415,0.7190
1790338059.221,5.0812,0.1405,0.7140
1790338059.535,5.0815,0.1505,0.7650
1790338059.714,5.0812,0.2098,1.0661
1790338060.030,5.0795,0.2316,1.1767
1790338060.209,5.0781,0.2267,1.1512
1790338060.525,5.0760,0.2291,1.1633
1790338060.705,5.0747,0.2212,1.1229
1790338061.020,5.0743,0.2263,1.1485
1790338061.200,5.0743,0.2358,1.1969
1790338061.514,5.0739,0.2274,1.1541
1790338061.739,5.0739,0.2263,1.1485
1790338062.009,5.0740,0.2250,1.1416
1790338062.234,5.0741,0.2238,1.1358
1790338062.504,5.0747,0.2186,1.1096
1790338062.729,5.0748,0.2187,1.1100
1790338062.999,5.0746,0.2205,1.1193
1790338063.225,5.0745,0.2220,1.1267
1790338063.539,5.0744,0.2237,1.1354
1790338063.719,5.0747,0.1872,0.9501
1790338064.034,5.0754,0.1929,0.9791
1790338064.215,5.0757,0.2222,1.1279
1790338064.529,5.0763,0.1762,0.8949
1790338064.709,5.0767,0.1735,0.8811
1790338065.024,5.0776,0.1658,0.8421
1790338065.206,5.0786,0.1534,0.7793
1790338065.519,5.0794,0.1687,0.8570
1790338065.700,5.0797,0.1685,0.8560
1790338066.015,5.0796,0.1701,0.8641
1790338066.239,5.0794,0.1527,0.7756
1790338066.509,5.0801,0.1236,0.6281
1790338066.736,5.0809,0.1224,0.6219
1790338067.005,5.0820,0.1546,0.7861
1790338067.231,5.0827,0.1346,0.6843
1790338067.499,5.0833,0.1307,0.6647
1790338067.724,5.0833,0.1310,0.6659
1790338068.039,5.0833,0.1305,0.6636
1790338068.219,5.0833,0.1315,0.6686
1790338068.535,5.0829,0.1723,0.8758
1790338068.714,5.0820,0.1713,0.8706
1790338069.030,5.0808,0.1825,0.9272
1790338069.209,5.0800,0.1655,0.8409
1790338069.524,5.0796,0.1584,0.8046
1790338069.704,5.0801,0.1544,0.7845
1790338070.019,5.0806,0.1614,0.8203
1790338070.199,5.0808,0.1579,0.8025
1790338070.514,5.0810,0.1243,0.6320
1790338070.739,5.0815,0.1236,0.6283
1790338071.009,5.0819,0.1241,0.6309
1790338071.280,5.0822,0.1539,0.7823
1790338071.504,5.0826,0.1536,0.7811
1790338071.732,5.0820,0.1392,0.7074
1790338071.999,5.0811,0.1483,0.7537
1790338072.225,5.0807,0.1412,0.7178
1790338072.540,5.0805,0.1348,0.6849
1790338072.719,5.0808,0.1236,0.6282
1790338073.034,5.0819,0.1241,0.6309
1790338073.214,5.0822,0.1408,0.7156
1790338073.529,5.0823,0.1541,0.7836
1790338073.709,5.0818,0.1546,0.7861
1790338074.024,5.0810,0.1490,0.7574
1790338074.204,5.0808,0.1521,0.7731
1790338074.519,5.0802,0.2132,1.0835
1790338074.699,5.0790,0.2195,1.1148
1790338075.014,5.0772,0.1733,0.8799
1790338075.239,5.0770,0.1730,0.8786
1790338075.509,5.0769,0.1745,0.8861
1790338075.734,5.0783,0.1494,0.7590
1790338076.004,5.0804,0.1241,0.6307
1790338076.229,5.0812,0.1226,0.6232
1790338076.499,5.0821,0.1239,0.6296
1790338076.726,5.0822,0.1236,0.6284
1790338077.039,5.0829,0.1313,0.6673
1790338077.220,5.0831,0.1301,0.6617
1790338077.535,5.0834,0.1304,0.6628
1790338077.714,5.0833,0.1319,0.6706
1790338078.029,5.0829,0.1740,0.8847
1790338078.210,5.0821,0.1434,0.7287
1790338078.524,5.0809,0.1892,0.9613
1790338078.704,5.0804,0.1904,0.9675
1790338079.021,5.0799,0.1669,0.8482
1790338079.201,5.0803,0.1852,0.9410
1790338079.514,5.0807,0.1611,0.8188
1790338079.739,5.0809,0.1576,0.8010
1790338080.009,5.0811,0.1560,0.7930
1790338080.234,5.0811,0.1561,0.7935
1790338080.505,5.0814,0.1234,0.6270
1790338080.729,5.0818,0.1241,0.6309
1790338081.001,5.0825,0.1410,0.7168
1790338081.225,5.0824,0.1413,0.7184
1790338081.539,5.0822,0.1414,0.7187
1790338081.720,5.0819,0.1447,0.7357
1790338082.034,5.0815,0.1234,0.6270
1790338082.214,5.0818,0.1224,0.6220
1790338082.529,5.0926,0.1251,0.6372
1790338082.709,5.0829,0.1229,0.6247
1790338083.025,5.0835,0.1303,0.6627
1790338083.205,5.0835,0.1303,0.6623
1790338083.519,5.0830,0.1556,0.7913
1790338083.699,5.0826,0.1536,0.7811
1790338084.014,5.0817,0.1475,0.7497
1790338084.241,5.0809,0.2217,1.1265
1790338084.509,5.0799,0.1735,0.8816
1790338084.734,5.0795,0.1670,0.8483
1790338085.005,5.0790,0.1581,0.8032
1790338085.230,5.0791,0.1544,0.7844
1790338085.500,5.0802,0.1234,0.6268
1790338085.724,5.0811,0.1239,0.6295
1790338086.039,5.0825,0.1243,0.6322
1790338086.219,5.0831,0.1231,0.6259
1790338086.534,5.0833,0.1318,0.6701
1790338086.714,5.0830,0.1329,0.6755
1790338087.029,5.0831,0.1325,0.6739
1790338087.209,5.0832,0.1325,0.6739
1790338087.524,5.0828,0.1375,0.6991
1790338087.704,5.0827,0.1399,0.7114
1790338088.020,5.0820,0.1454,0.7390
1790338088.201,5.0818,0.1472,0.7482
1790338088.515,5.0824,0.1271,0.6461
1790338088.740,5.0826,0.1231,0.6259
1790338089.009,5.0832,0.1229,0.6247
1790338089.234,5.0834,0.1323,0.6727
1790338089.505,5.0833,0.1317,0.6695
1790338089.729,5.0831,0.1310,0.6658
1790338089.999,5.0827,0.1308,0.6651
1790338090.225,5.0824,0.1322,0.6720
1790338090.540,5.0824,0.1342,0.6822
1790338090.719,5.0822,0.1395,0.7092
1790338091.034,5.0820,0.1446,0.7353
1790338091.214,5.0822,0.1239,0.6296
1790338091.529,5.0820,0.1271,0.6460
1790338091.709,5.0825,0.1246,0.6334
1790338092.025,5.0829,0.1256,0.6386
1790338092.205,5.0832,0.1322,0.6722
1790338092.521,5.0832,0.1556,0.7913
1790338092.699,5.0829,0.1541,0.7837
1790338093.016,5.0823,0.1681,0.8543
1790338093.239,5.0818,0.1506,0.7655
1790338093.509,5.0813,0.1847,0.9386
1790338093.734,5.0807,0.1606,0.8163
1790338094.004,5.0799,0.1659,0.8428
1790338094.231,5.0795,0.1694,0.8605
1790338094.499,5.0795,0.1253,0.6369
1790338094.724,5.0801,0.1301,0.6609
1790338095.039,5.0812,0.1231,0.6257
1790338095.220,5.0821,0.1234,0.6271
1790338095.535,5.0829,0.1319,0.6704
1790338095.714,5.0831,0.1216,0.6184
1790338096.032,5.0834,0.1329,0.6757
1790338096.209,5.0834,0.1337,0.6798
1790338096.525,5.0833,0.1239,0.6298
1790338096.704,5.0832,0.1787,0.9087
1790338097.020,5.0827,0.1397,0.7101
1790338097.201,5.0823,0.1423,0.7235
1790338097.515,5.0817,0.1656,0.8415
1790338097.739,5.0814,0.1551,0.7885
1790338098.010,5.0813,0.1546,0.7860
1790338098.234,5.0812,0.1566,0.7961
1790338098.504,5.0813,0.1559,0.7925
1790338098.730,5.0813,0.1555,0.7906
1790338099.001,5.0815,0.1554,0.7900
1790338099.225,5.0815,0.1555,0.7902
1790338099.540,5.0817,0.1256,0.6384
1790338099.719,5.0821,0.1234,0.6271
1790338100.034,5.0822,0.1478,0.7515
1790338100.214,5.0824,0.1456,0.7400
1790338100.529,5.0825,0.1446,0.7349
1790338100.711,5.0824,0.1236,0.6284
1790338101.026,5.0831,0.1536,0.7812
1790338101.205,5.0832,0.1512,0.7686
1790338101.520,5.0834,0.1321,0.6715
1790338101.699,5.0835,0.1296,0.6590
1790338102.014,5.0832,0.1307,0.6646
1790338102.239,5.0831,0.1316,0.6692
1790338102.509,5.0832,0.1594,0.8103
1790338102.736,5.0827,0.1541,0.7837
1790338103.006,5.0821,0.1725,0.8770
1790338103.230,5.0812,0.1710,0.8693
1790338103.499,5.0801,0.2058,1.0456
1790338103.725,5.0798,0.1707,0.8671
1790338104.039,5.0796,0.1707,0.8673
1790338104.221,5.0799,0.1544,0.7845
1790338104.534,5.0806,0.1239,0.6294
1790338104.715,5.0813,0.1750,0.8894
1790338105.031,5.0819,0.1239,0.6296
1790338105.212,5.0826,0.1539,0.7824
1790338105.525,5.0831,0.1316,0.6691
1790338105.704,5.0833,0.1314,0.6684
1790338106.021,5.0838,0.1504,0.7649
1790338106.199,5.0831,0.1365,0.6941
1790338106.515,5.0823,0.1415,0.7192
1790338106.740,5.0818,0.1459,0.7415
1790338107.011,5.0814,0.1234,0.6270
1790338107.234,5.0818,0.1239,0.6296
1790338107.504,5.0824,0.1539,0.7823
1790338107.729,5.0825,0.1534,0.7799
1790338108.001,5.0822,0.1448,0.7362
1790338108.226,5.0818,0.1495,0.7598
1790338108.541,5.0814,0.1555,0.7905
1790338108.719,5.0813,0.1556,0.7908
1790338109.034,5.0813,0.1553,0.7893
1790338109.214,5.0814,0.1775,0.9021
1790338109.529,5.0807,0.1618,0.8221
1790338109.709,5.0809,0.1487,0.7556
1790338110.026,5.0811,0.1271,0.6459
1790338110.206,5.0814,0.1234,0.6270
1790338110.521,5.0828,0.1241,0.6310
1790338110.699,5.0832,0.1239,0.6298
1790338111.015,5.0836,0.1336,0.6793
1790338111.241,5.0837,0.1216,0.6184
1790338111.510,5.0834,0.1325,0.6738
1790338111.734,5.0833,0.1322,0.6722
1790338112.005,5.0833,0.1319,0.6706
1790338112.229,5.0833,0.1209,0.6146
1790338112.499,5.0824,0.1723,0.8757
1790338112.724,5.0818,0.1710,0.8693
1790338113.040,5.0806,0.1718,0.8729
1790338113.220,5.0799,0.1571,0.7984
1790338113.534,5.0801,0.1682,0.8547
1790338113.714,5.0803,0.1541,0.7833
1790338114.029,5.0806,0.1602,0.8141
1790338114.209,5.0807,0.1570,0.7978
1790338114.524,5.0808,0.1236,0.6282
1790338114.704,5.0811,0.1221,0.6207
1790338115.021,5.0818,0.1234,0.6271
1790338115.201,5.0824,0.1236,0.6284
1790338115.516,5.0829,0.1320,0.6714
1790338115.740,5.0826,0.1372,0.6977
1790338116.011,5.0825,0.1416,0.7196
1790338116.234,5.0820,0.1241,0.6309
1790338116.504,5.0817,0.1229,0.6246
1790338116.730,5.0822,0.1236,0.6284
1790338117.001,5.0826,0.1231,0.6259
1790338117.226,5.0831,0.1325,0.6738
1790338117.540,5.0836,0.1311,0.6666
1790338117.720,5.0838,0.1310,0.6663
1790338118.034,5.0839,0.1534,0.7801
1790338118.215,5.0838,0.1303,0.6625
1790338118.530,5.0838,0.1529,0.7775
1790338118.710,5.0833,0.1364,0.6937
1790338119.024,5.0827,0.1430,0.7269
1790338119.206,5.0822,0.1474,0.7493
1790338119.520,5.0820,0.1239,0.6296
1790338119.701,5.0823,0.1239,0.6297
1790338120.015,5.0830,0.1229,0.6247
1790338120.239,5.0833,0.1234,0.6272
1790338120.510,5.0835,0.1326,0.6743
1790338120.735,5.0834,0.1321,0.6716
1790338121.005,5.0835,0.1310,0.6662
1790338121.229,5.0835,0.1309,0.6655
1790338121.499,5.0835,0.1309,0.6654
1790338121.725,5.0835,0.1792,0.9113
1790338122.039,5.0827,0.1389,0.7060
1790338122.220,5.0822,0.1725,0.8770
1790338122.534,5.0819,0.1479,0.7518
1790338122.714,5.0818,0.1243,0.6321
1790338123.029,5.0827,0.1236,0.6284
1790338123.390,5.0831,0.1236,0.6285
1790338123.525,5.0836,0.1329,0.6760
1790338123.704,5.0836,0.1313,0.6675
1790338124.019,5.0835,0.1301,0.6613
1790338124.201,5.0833,0.1302,0.6621
1790338124.514,5.0833,0.1304,0.6631
1790338124.739,5.0832,0.1308,0.6650
1790338125.011,5.0827,0.1368,0.6957
1790338125.234,5.0826,0.1403,0.7133
1790338125.505,5.0820,0.1453,0.7388
1790338125.731,5.0819,0.1243,0.6321
1790338126.000,5.0827,0.1239,0.6297
1790338126.224,5.0831,0.1241,0.6310
1790338126.539,5.0834,0.1549,0.7876
1790338126.720,5.0835,0.1308,0.6649
1790338126.990,5.0832,0.1332,0.6771
1790338127.216,5.0831,0.1229,0.6247
1790338127.531,5.0834,0.1231,0.6260
1790338127.710,5.0835,0.1216,0.6184
1790338128.025,5.0834,0.1346,0.6845
1790338128.205,5.0830,0.1390,0.7069
1790338128.520,5.0824,0.1442,0.7330
1790338128.699,5.0822,0.1477,0.7507
1790338129.015,5.0822,0.1278,0.6498
1790338129.196,5.0827,0.1306,0.6638
1790338129.510,5.0827,0.1539,0.7824
1790338129.735,5.0825,0.1601,0.8139
1790338130.005,5.0819,0.1492,0.7582
1790338130.229,5.0816,0.1527,0.7762
1790338130.500,5.0815,0.1562,0.7938
1790338130.725,5.0814,0.1563,0.7945
1790338130.996,5.0815,0.1815,0.9222
1790338131.220,5.0809,0.1718,0.8730
1790338131.489,5.0804,0.1397,0.7101
1790338131.714,5.0803,0.1402,0.7127
1790338132.029,5.0805,0.1243,0.6319
1790338132.209,5.0815,0.1234,0.6270
1790338132.524,5.0826,0.1236,0.6284
1790338132.706,5.0833,0.1246,0.6335
1790338133.021,5.0838,0.1305,0.6635
1790338133.200,5.0836,0.1304,0.6633
1790338133.516,5.0837,0.1305,0.6636
1790338133.694,5.0836,0.1303,0.6628
1790338134.009,5.0835,0.1301,0.6617
1790338134.191,5.0834,0.1477,0.7510
1790338134.504,5.0828,0.1375,0.6992
1790338134.729,5.0822,0.1410,0.7168
1790338135.001,5.0816,0.1473,0.7487
1790338135.224,5.0815,0.1490,0.7575
1790338135.495,5.0818,0.1564,0.7949
1790338135.721,5.0818,0.1471,0.7479
1790338135.990,5.0818,0.1489,0.7567
1790338136.214,5.0816,0.1525,0.7751
1790338136.529,5.0809,0.1566,0.7959
1790338136.709,5.0807,0.1564,0.7947
1790338137.025,5.0806,0.1563,0.7945
1790338137.205,5.0806,0.1561,0.7930
1790338137.521,5.0806,0.1417,0.7203
1790338137.700,5.0809,0.1415,0.7191
1790338138.015,5.0810,0.1410,0.7165
1790338138.196,5.0812,0.1231,0.6257
1790338138.511,5.0825,0.1236,0.6284
1790338138.691,5.0828,0.1239,0.6297
1790338139.006,5.0835,0.1229,0.6248
1790338139.229,5.0838,0.1536,0.7813
1790338139.499,5.0837,0.1306,0.6642
1790338139.724,5.0837,0.1306,0.6639
1790338139.996,5.0838,0.1308,0.6651
1790338140.220,5.0836,0.1322,0.6721
1790338140.489,5.0836,0.1872,0.9517
1790338140.714,5.0824,0.1916,0.9742
1790338141.029,5.0806,0.1635,0.8307
1790338141.209,5.0796,0.1719,0.8733
1790338141.527,5.0784,0.2192,1.1134
1790338141.704,5.0775,0.2197,1.1157
1790338142.021,5.0766,0.1834,0.9315
1790338142.201,5.0765,0.1837,0.9327
1790338142.516,5.0763,0.1420,0.7209
1790338142.694,5.0780,0.1417,0.7199
1790338143.010,5.0804,0.1415,0.7190
1790338143.191,5.0813,0.1400,0.7115
1790338143.504,5.0827,0.1231,0.6259
1790338143.729,5.0828,0.1387,0.7052
1790338143.999,5.0824,0.1398,0.7109
1790338144.224,5.0822,0.1398,0.7108
1790338144.494,5.0823,0.1236,0.6284
1790338144.719,5.0823,0.1241,0.6309
1790338144.990,5.0829,0.1211,0.6158
1790338145.216,5.0834,0.1288,0.6552
1790338145.531,5.0840,0.1236,0.6287
1790338145.709,5.0840,0.1240,0.6304
1790338146.025,5.0843,0.1240,0.6305
1790338146.204,5.0843,0.1239,0.6303
1790338146.519,5.0840,0.1239,0.6303
1790338146.699,5.0839,0.1487,0.7561
1790338147.015,5.0831,0.1321,0.6715
1790338147.194,5.0828,0.1356,0.6893
1790338147.510,5.0826,0.1408,0.7157
1790338147.690,5.0826,0.1241,0.6310
1790338148.005,5.0834,0.1241,0.6311
1790338148.231,5.0837,0.1309,0.6655
1790338148.499,5.0844,0.1257,0.6391
1790338148.725,5.0846,0.1234,0.6277
1790338148.994,5.0847,0.1234,0.6278
1790338149.219,5.0847,0.1234,0.6277
1790338149.490,5.0845,0.1234,0.6276
1790338149.714,5.0845,0.1234,0.6276
1790338150.029,5.0842,0.1410,0.7170
1790338150.210,5.0838,0.1412,0.7182
1790338150.525,5.0833,0.1358,0.6904
1790338150.704,5.0829,0.1234,0.6272
1790338151.021,5.0832,0.1241,0.6310
1790338151.200,5.0836,0.1329,0.6758
1790338151.514,5.0839,0.1277,0.6494
1790338151.694,5.0841,0.1243,0.6324
1790338152.011,5.0840,0.1234,0.6275
1790338152.190,5.0840,0.1234,0.6274
1790338152.506,5.0839,0.1242,0.6316
1790338152.730,5.0840,0.1256,0.6389
1790338153.000,5.0841,0.1460,0.7422
1790338153.226,5.0836,0.1317,0.6699
1790338153.495,5.0831,0.1372,0.6976
1790338153.719,5.0829,0.1387,0.7052
1790338153.990,5.0826,0.1231,0.6259
1790338154.215,5.0829,0.1236,0.6285
1790338154.529,5.0836,0.1298,0.6600
1790338154.709,5.0837,0.1264,0.6428
1790338155.024,5.0841,0.1234,0.6276
1790338155.204,5.0841,0.1234,0.6274
1790338155.521,5.0841,0.1234,0.6276
1790338155.701,5.0843,0.1234,0.6276
1790338156.015,5.0845,0.1233,0.6272
1790338156.195,5.0843,0.1417,0.7208
1790338156.509,5.0833,0.1324,0.6733
1790338156.691,5.0827,0.1358,0.6904
1790338157.005,5.0823,0.1234,0.6271
1790338157.229,5.0825,0.1229,0.6246
1790338157.499,5.0835,0.1310,0.6663
1790338157.726,5.0840,0.1277,0.6492
1790338157.996,5.0845,0.1234,0.6276
1790338158.220,5.0845,0.1234,0.6274
1790338158.490,5.0845,0.1233,0.6272
1790338158.714,5.0846,0.1233,0.6273
1790338159.029,5.0844,0.1233,0.6269
1790338159.209,5.0844,0.1499,0.7625
1790338159.525,5.0837,0.1407,0.7156
1790338159.704,5.0833,0.1337,0.6799
1790338160.019,5.0829,0.1388,0.7058
1790338160.199,5.0827,0.1239,0.6297
1790338160.515,5.0833,0.1214,0.6172
1790338160.694,5.0836,0.1303,0.6623
1790338161.010,5.0840,0.1252,0.6367
1790338161.192,5.0843,0.1234,0.6276
1790338161.504,5.0841,0.1233,0.6273
1790338161.729,5.0840,0.1234,0.6274
1790338162.001,5.0839,0.1234,0.6274
1790338162.224,5.0838,0.1234,0.6273
1790338162.494,5.0836,0.1383,0.7030
1790338162.719,5.0835,0.1308,0.6651
1790338162.990,5.0831,0.1359,0.6908
1790338163.217,5.0829,0.1236,0.6285
1790338163.531,5.0833,0.1216,0.6184
1790338163.709,5.0837,0.1325,0.6737
1790338164.024,5.0840,0.1274,0.6480
1790338164.205,5.0841,0.1240,0.6307
1790338164.520,5.0840,0.1234,0.6273
1790338164.701,5.0838,0.1234,0.6276
1790338165.015,5.0838,0.1234,0.6275
1790338165.196,5.0840,0.1234,0.6273
1790338165.511,5.0840,0.1527,0.7763
1790338165.735,5.0835,0.1417,0.7207
1790338166.005,5.0833,0.1339,0.6808
1790338166.229,5.0830,0.1373,0.6983
1790338166.499,5.0827,0.1231,0.6259
1790338166.724,5.0830,0.1234,0.6272
1790338166.995,5.0834,0.1295,0.6586
1790338167.222,5.0837,0.1261,0.6411
1790338167.491,5.0842,0.1234,0.6274
1790338167.714,5.0844,0.1234,0.6276
1790338168.029,5.0845,0.1234,0.6274
1790338168.212,5.0846,0.1233,0.6271
1790338168.525,5.0846,0.1233,0.6273
1790338168.706,5.0845,0.1412,0.7183
1790338169.021,5.0838,0.1315,0.6686
1790338169.200,5.0835,0.1349,0.6862
1790338169.516,5.0831,0.1229,0.6247
1790338169.694,5.0831,0.1234,0.6272
1790338170.011,5.0837,0.1315,0.6688
1790338170.190,5.0840,0.1281,0.6515
1790338170.505,5.0843,0.1234,0.6274
1790338170.730,5.0844,0.1234,0.6275
1790338170.999,5.0843,0.1237,0.6291
1790338171.224,5.0843,0.1237,0.6290
1790338171.494,5.0843,0.1237,0.6290
1790338171.719,5.0842,0.1492,0.7587
1790338171.991,5.0835,0.1405,0.7143
1790338172.215,5.0833,0.1326,0.6743
1790338172.531,5.0829,0.1377,0.7002
1790338172.710,5.0828,0.1234,0.6272
1790338173.024,5.0837,0.1224,0.6222
1790338173.205,5.0839,0.1301,0.6617
1790338173.521,5.0844,0.1250,0.6359
1790338173.699,5.0845,0.1233,0.6272
1790338174.014,5.0843,0.1234,0.6275
1790338174.196,5.0842,0.1234,0.6275
1790338174.509,5.0842,0.1233,0.6272
1790338174.689,5.0840,0.1234,0.6274
1790338175.006,5.0836,0.1402,0.7131
1790338175.229,5.0834,0.1412,0.7181
1790338175.499,5.0829,0.1355,0.6888
1790338175.725,5.0827,0.1234,0.6272
1790338175.996,5.0830,0.1231,0.6259
1790338176.219,5.0834,0.1234,0.6272
1790338176.489,5.0837,0.1288,0.6551
1790338176.715,5.0840,0.1254,0.6377
1790338177.029,5.0840,0.1233,0.6272
1790338177.210,5.0840,0.1233,0.6272
1790338177.525,5.0841,0.1233,0.6269
1790338177.705,5.0842,0.1233,0.6269
1790338178.021,5.0844,0.1653,0.8407
1790338178.199,5.0838,0.1407,0.7156
1790338178.516,5.0834,0.1341,0.6817
1790338178.695,5.0832,0.1376,0.6996
1790338179.010,5.0827,0.1216,0.6183
1790338179.190,5.0833,0.1229,0.6247
1790338179.504,5.0838,0.1323,0.6730
1790338179.730,5.0841,0.1289,0.6557
1790338180.000,5.0845,0.1238,0.6296
1790338180.224,5.0846,0.1234,0.6274
1790338180.494,5.0844,0.1233,0.6273
1790338180.720,5.0844,0.1233,0.6270
1790338180.990,5.0845,0.1233,0.6269
1790338181.214,5.0844,0.1422,0.7233
1790338181.529,5.0836,0.1323,0.6725
1790338181.709,5.0833,0.1357,0.6899
1790338182.024,5.0826,0.1239,0.6297
1790338182.204,5.0824,0.1236,0.6284
1790338182.521,5.0831,0.1310,0.6660
1790338182.699,5.0835,0.1276,0.6488
1790338183.015,5.0840,0.1234,0.6274
1790338183.194,5.0844,0.1233,0.6273
1790338183.510,5.0845,0.1234,0.6274
1790338183.689,5.0845,0.1234,0.6274
1790338184.004,5.0843,0.1233,0.6273
1790338184.229,5.0841,0.1497,0.7612
1790338184.499,5.0834,0.1407,0.7156
1790338184.724,5.0828,0.1329,0.6757
1790338184.996,5.0823,0.1380,0.7015
1790338185.221,5.0823,0.1229,0.6246
1790338185.489,5.0831,0.1231,0.6259
1790338185.714,5.0836,0.1304,0.6630
1790338186.029,5.0842,0.1253,0.6372
1790338186.209,5.0843,0.1233,0.6271
1790338186.524,5.0838,0.1233,0.6269
1790338186.705,5.0835,0.1233,0.6270
1790338187.020,5.0837,0.1233,0.6270
1790338187.200,5.0839,0.1233,0.6269
1790338187.514,5.0840,0.1415,0.7195
1790338187.694,5.0837,0.1407,0.7156
1790338188.011,5.0829,0.1356,0.6895
1790338188.189,5.0824,0.1229,0.6246
1790338188.505,5.0825,0.1246,0.6334
1790338188.730,5.0829,0.1329,0.6757
1790338188.999,5.0837,0.1279,0.6502
1790338189.225,5.0840,0.1245,0.6331
1790338189.495,5.0844,0.1233,0.6270
1790338189.719,5.0845,0.1233,0.6269
1790338189.990,5.0845,0.1233,0.6273
1790338190.215,5.0844,0.1233,0.6270
1790338190.531,5.0845,0.1442,0.7334
1790338190.710,5.0840,0.1402,0.7132
1790338191.024,5.0837,0.1337,0.6798
1790338191.205,5.0835,0.1371,0.6972
1790338191.519,5.0832,0.1231,0.6260
1790338191.699,5.0835,0.1209,0.6147
1790338192.016,5.0837,0.1304,0.6630
1790338192.194,5.0840,0.1270,0.6459
1790338192.509,5.0840,0.1233,0.6273
1790338192.689,5.0839,0.1233,0.6271
1790338193.006,5.0843,0.1233,0.6272
1790338193.276,5.0841,0.1233,0.6271
1790338193.499,5.0843,0.1233,0.6269
1790338193.724,5.0844,0.1392,0.7082
1790338193.995,5.0835,0.1315,0.6686
1790338194.220,5.0831,0.1349,0.6857
1790338194.489,5.0825,0.1231,0.6259
1790338194.715,5.0824,0.1216,0.6183
1790338195.029,5.0828,0.1224,0.6221
1790338195.211,5.0831,0.1296,0.6590
1790338195.526,5.0836,0.1246,0.6335
1790338195.705,5.0839,0.1233,0.6268
1790338196.020,5.0843,0.1232,0.6264
1790338196.200,5.0844,0.1232,0.6266
1790338196.514,5.0845,0.1232,0.6265
1790338196.694,5.0843,0.1512,0.7688
1790338197.010,5.0834,0.1417,0.7207
1790338197.191,5.0830,0.1327,0.6748
1790338197.505,5.0825,0.1378,0.7006
1790338197.731,5.0824,0.1234,0.6271
1790338198.000,5.0833,0.1234,0.6272
1790338198.225,5.0837,0.1323,0.6727
1790338198.495,5.0844,0.1272,0.6467
1790338198.720,5.0847,0.1237,0.6293
1790338198.992,5.0847,0.1233,0.6269
1790338199.216,5.0847,0.1232,0.6268
1790338199.531,5.0846,0.1233,0.6270
1790338199.709,5.0846,0.1233,0.6269
1790338200.070,5.0840,0.1400,0.7119
1790338200.205,5.0835,0.1415,0.7194
1790338200.520,5.0831,0.1356,0.6894
1790338200.699,5.0827,0.1391,0.7070
1790338201.015,5.0830,0.1236,0.6285
1790338201.196,5.0835,0.1221,0.6210
1790338201.509,5.0839,0.1284,0.6530
1790338201.689,5.0840,0.1250,0.6356
1790338202.006,5.0839,0.1233,0.6272
1790338202.229,5.0840,0.1233,0.6269
1790338202.499,5.0840,0.1233,0.6270
1790338202.725,5.0841,0.1233,0.6270
1790338202.996,5.0843,0.1653,0.8407
1790338203.220,5.0838,0.1407,0.7157
1790338203.489,5.0833,0.1341,0.6821
1790338203.715,5.0829,0.1376,0.6994
1790338204.030,5.0824,0.1236,0.6284
1790338204.210,5.0825,0.1236,0.6284
1790338204.525,5.0831,0.1323,0.6725
1790338204.706,5.0832,0.1288,0.6550
1790338205.021,5.0836,0.1237,0.6292
1790338205.201,5.0840,0.1233,0.6270
1790338205.515,5.0840,0.1233,0.6268
1790338205.695,5.0842,0.1233,0.6271
1790338206.011,5.0845,0.1233,0.6270
1790338206.189,5.0845,0.1407,0.7158
1790338206.504,5.0836,0.1323,0.6727
1790338206.730,5.0830,0.1357,0.6899
1790338207.000,5.0826,0.1239,0.6297
1790338207.224,5.0825,0.1236,0.6284
1790338207.494,5.0834,0.1310,0.6659
1790338207.720,5.0838,0.1275,0.6485
1790338207.990,5.0843,0.1233,0.6271
1790338208.215,5.0843,0.1233,0.6272
1790338208.530,5.0844,0.1233,0.6270
1790338208.711,5.0845,0.1233,0.6269
1790338209.024,5.0847,0.1233,0.6271
1790338209.205,5.0847,0.1509,0.7675
1790338209.520,5.0842,0.1294,0.6579
1790338209.701,5.0838,0.1328,0.6751
1790338210.016,5.0832,0.1378,0.7009
1790338210.196,5.0831,0.1229,0.6247
1790338210.510,5.0836,0.1221,0.6210
1790338210.690,5.0839,0.1303,0.6628
1790338211.006,5.0845,0.1252,0.6368
1790338211.229,5.0846,0.1232,0.6268
1790338211.500,5.0844,0.1233,0.6270
1790338211.724,5.0843,0.1232,0.6267
1790338211.996,5.0842,0.1232,0.6267
1790338212.220,5.0842,0.1232,0.6267
1790338212.490,5.0838,0.1402,0.7132
1790338212.715,5.0836,0.1317,0.6697
1790338213.030,5.0833,0.1369,0.6960
1790338213.210,5.0829,0.1239,0.6297
1790338213.525,5.0833,0.1224,0.6222
1790338213.704,5.0836,0.1226,0.6235
1790338214.020,5.0838,0.1278,0.6499
1790338214.200,5.0840,0.1244,0.6329
1790338214.514,5.0840,0.1233,0.6271
1790338214.694,5.0838,0.1233,0.6269
1790338215.010,5.0840,0.1233,0.6269
1790338215.191,5.0842,0.1232,0.6267
1790338215.506,5.0842,0.1442,0.7334
1790338215.730,5.0838,0.1397,0.7106
1790338216.001,5.0835,0.1337,0.6800
1790338216.224,5.0832,0.1372,0.6974
1790338216.494,5.0826,0.1234,0.6271
1790338216.720,5.0829,0.1229,0.6247
1790338216.990,5.0835,0.1306,0.6643
1790338217.216,5.0838,0.1272,0.6470
1790338217.530,5.0844,0.1233,0.6273
1790338217.709,5.0844,0.1944,0.9885
1790338218.024,5.0827,0.1906,0.9692
1790338218.204,5.0815,0.1402,0.7128
1790338218.521,5.0811,0.1325,0.6737
1790338218.701,5.0810,0.1405,0.7140
1790338219.016,5.0820,0.1397,0.7104
1790338219.196,5.0829,0.1419,0.7214
1790338219.511,5.0829,0.1231,0.6259
1790338219.690,5.0831,0.1236,0.6285
1790338220.007,5.0838,0.1332,0.6774
1790338220.231,5.0842,0.1298,0.6600
1790338220.500,5.0847,0.1246,0.6337
1790338220.726,5.0848,0.1232,0.6266
1790338220.996,5.0847,0.1233,0.6269
1790338221.220,5.0847,0.1232,0.6268
1790338221.490,5.0846,0.1232,0.6266
1790338221.714,5.0845,0.1512,0.7688
1790338222.031,5.0838,0.1395,0.7093
1790338222.210,5.0835,0.1326,0.6742
1790338222.525,5.0829,0.1377,0.7001
1790338222.706,5.0828,0.1226,0.6234
1790338223.020,5.0836,0.1234,0.6273
1790338223.201,5.0838,0.1326,0.6744
1790338223.516,5.0844,0.1275,0.6486
1790338223.694,5.0847,0.1241,0.6312
1790338224.009,5.0846,0.1234,0.6275
1790338224.191,5.0845,0.1232,0.6268
1790338224.504,5.0844,0.1232,0.6268
1790338224.729,5.0842,0.1232,0.6267
1790338225.001,5.0837,0.1407,0.7156
1790338225.225,5.0835,0.1303,0.6626
1790338225.494,5.0830,0.1354,0.6886
1790338225.720,5.0829,0.1388,0.7059
1790338225.991,5.0832,0.1226,0.6235
1790338226.215,5.0835,0.1224,0.6222
1790338226.529,5.0838,0.1288,0.6551
1790338226.711,5.0840,0.1255,0.6380
1790338227.024,5.0841,0.1232,0.6267
1790338227.205,5.0843,0.1232,0.6265
1790338227.521,5.0846,0.1232,0.6268
1790338227.701,5.0846,0.1232,0.6266
1790338228.015,5.0845,0.1648,0.8382
1790338228.195,5.0841,0.1405,0.7144
1790338228.511,5.0836,0.1340,0.6814
1790338228.690,5.0833,0.1374,0.6987
1790338229.006,5.0829,0.1231,0.6259
1790338229.230,5.0833,0.1241,0.6311
1790338229.501,5.0838,0.1322,0.6724
1790338229.725,5.0842,0.1289,0.6554
1790338229.995,5.0847,0.1238,0.6294
1790338230.219,5.0848,0.1233,0.6270
1790338230.490,5.0848,0.1232,0.6267
1790338230.715,5.0848,0.1232,0.6268
1790338231.031,5.0849,0.1232,0.6268
1790338231.211,5.0848,0.1417,0.7209
1790338231.525,5.0839,0.1321,0.6717
1790338231.705,5.0833,0.1355,0.6892
1790338232.020,5.0827,0.1234,0.6272
1790338232.201,5.0827,0.1388,0.7055
1790338232.516,5.0832,0.1209,0.6146
1790338232.695,5.0837,0.1308,0.6651
1790338233.011,5.0843,0.1259,0.6403
1790338233.190,5.0845,0.1255,0.6381
1790338233.505,5.0849,0.1210,0.6153
1790338233.729,5.0850,0.1209,0.6151
1790338233.999,5.0848,0.1210,0.6153
1790338234.224,5.0845,0.1479,0.7524
1790338234.494,5.0841,0.1244,0.6327
1790338234.719,5.0839,0.1244,0.6327
1790338234.990,5.0838,0.1244,0.6324
1790338235.215,5.0840,0.1244,0.6325
1790338235.531,5.0844,0.1209,0.6151
1790338235.711,5.0845,0.1214,0.6176
1790338236.026,5.0848,0.1215,0.6178
1790338236.204,5.0848,0.1215,0.6178
1790338236.519,5.0846,0.1214,0.6175
1790338236.701,5.0845,0.1209,0.6150
1790338237.015,5.0845,0.1209,0.6150
1790338237.195,5.0846,0.1209,0.6150
1790338237.510,5.0843,0.1268,0.6447
1790338237.690,5.0842,0.1274,0.6480
1790338238.006,5.0842,0.1274,0.6479
1790338238.230,5.0842,0.1274,0.6480
1790338238.501,5.0847,0.1222,0.6216
1790338238.726,5.0849,0.1209,0.6151
1790338238.996,5.0849,0.1210,0.6152
1790338239.220,5.0849,0.1209,0.6151
1790338239.490,5.0849,0.1208,0.6147
1790338239.716,5.0849,0.1209,0.6149
1790338240.030,5.0851,0.1209,0.6150
1790338240.210,5.0850,0.1209,0.6150
1790338240.526,5.0850,0.1420,0.7221
1790338240.705,5.0847,0.1243,0.6321
1790338241.020,5.0845,0.1243,0.6321
1790338241.200,5.0847,0.1243,0.6321
1790338241.515,5.0846,0.1243,0.6323
1790338241.695,5.0849,0.1209,0.6152
1790338242.010,5.0846,0.1209,0.6151
1790338242.189,5.0845,0.1209,0.6151
1790338242.505,5.0847,0.1210,0.6152
1790338242.730,5.0848,0.1209,0.6150
1790338243.000,5.0850,0.1209,0.6149
1790338243.225,5.0851,0.1209,0.6148
1790338243.495,5.0850,0.1208,0.6145
1790338243.720,5.0849,0.1494,0.7600
1790338243.990,5.0844,0.1242,0.6317
1790338244.215,5.0842,0.1242,0.6318
1790338244.530,5.0842,0.1243,0.6321
1790338244.710,5.0840,0.1238,0.6295
1790338245.026,5.0844,0.1209,0.6148
1790338245.205,5.0846,0.1209,0.6149
1790338245.520,5.0845,0.1209,0.6147
1790338245.700,5.0847,0.1209,0.6148
1790338246.015,5.0851,0.1209,0.6150
1790338246.194,5.0851,0.1209,0.6150
1790338246.509,5.0849,0.1209,0.6151
1790338246.690,5.0847,0.1209,0.6151
1790338247.006,5.0843,0.1244,0.6324
1790338247.229,5.0843,0.1244,0.6325
1790338247.500,5.0845,0.1244,0.6328
1790338247.725,5.0847,0.1244,0.6328
1790338247.996,5.0851,0.1210,0.6153
1790338248.220,5.0850,0.1210,0.6154
1790338248.490,5.0850,0.1209,0.6151
1790338248.716,5.0850,0.1209,0.6151
1790338249.030,5.0852,0.1209,0.6150
1790338249.210,5.0851,0.1208,0.6147
1790338249.527,5.0852,0.1209,0.6149
1790338249.705,5.0851,0.1209,0.6148
1790338250.020,5.0849,0.1489,0.7575
1790338250.201,5.0847,0.1244,0.6325
1790338250.516,5.0847,0.1244,0.6325
1790338250.695,5.0846,0.1244,0.6325
1790338251.011,5.0847,0.1233,0.6270
1790338251.190,5.0849,0.1210,0.6153
1790338251.504,5.0848,0.1209,0.6150
1790338251.731,5.0846,0.1209,0.6150
1790338252.001,5.0844,0.1209,0.6147
1790338252.224,5.0845,0.1209,0.6147
1790338252.495,5.0845,0.1209,0.6149
1790338252.719,5.0848,0.1209,0.6148
1790338252.991,5.0851,0.1472,0.7487
1790338253.215,5.0848,0.1246,0.6339
1790338253.530,5.0847,0.1246,0.6339
1790338253.709,5.0847,0.1247,0.6341
1790338254.025,5.0845,0.1244,0.6329
1790338254.205,5.0845,0.1216,0.6183
1790338254.520,5.0847,0.1209,0.6152
1790338254.699,5.0847,0.1209,0.6149
1790338255.015,5.0845,0.1208,0.6146
1790338255.195,5.0846,0.1209,0.6147
1790338255.511,5.0845,0.1208,0.6145
1790338255.690,5.0845,0.1208,0.6145
1790338256.005,5.0848,0.1209,0.6148
1790338256.233,5.0849,0.1380,0.7019
1790338256.499,5.0844,0.1243,0.6321
1790338256.725,5.0842,0.1243,0.6323
1790338256.995,5.0842,0.1243,0.6322
1790338257.220,5.0842,0.1243,0.6323
1790338257.489,5.0847,0.1210,0.6152
1790338257.715,5.0846,0.1209,0.6150
1790338258.030,5.0845,0.1209,0.6150
1790338258.210,5.0845,0.1209,0.6151
1790338258.526,5.0846,0.1209,0.6147
1790338258.705,5.0849,0.1209,0.6150
1790338259.020,5.0852,0.1209,0.6149
1790338259.201,5.0852,0.1208,0.6147
1790338259.516,5.0848,0.1243,0.6323
1790338259.695,5.0847,0.1243,0.6322
1790338260.010,5.0847,0.1243,0.6322
1790338260.191,5.0846,0.1243,0.6324
1790338260.505,5.0851,0.1209,0.6150
1790338260.731,5.0852,0.1209,0.6150
1790338261.000,5.0852,0.1209,0.6151
1790338261.225,5.0852,0.1209,0.6148
1790338261.495,5.0851,0.1208,0.6147
1790338261.720,5.0849,0.1208,0.6146
1790338261.991,5.0846,0.1208,0.6145
1790338262.215,5.0847,0.1209,0.6147
1790338262.529,5.0846,0.1437,0.7309
1790338262.709,5.0844,0.1243,0.6322
1790338263.024,5.0842,0.1243,0.6323
1790338263.206,5.0841,0.1247,0.6341
1790338263.520,5.0840,0.1247,0.6341
1790338263.699,5.0845,0.1213,0.6169
1790338264.014,5.0847,0.1212,0.6165
1790338264.195,5.0846,0.1209,0.6147
1790338264.509,5.0845,0.1209,0.6147
1790338264.689,5.0841,0.1208,0.6146
1790338265.005,5.0838,0.1209,0.6147
1790338265.229,5.0841,0.1209,0.6149
1790338265.500,5.0841,0.1209,0.6149
1790338265.725,5.0842,0.1231,0.6259
1790338265.997,5.0845,0.1243,0.6324
1790338266.219,5.0845,0.1243,0.6322
1790338266.489,5.0842,0.1243,0.6320
1790338266.715,5.0841,0.1227,0.6240
1790338267.030,5.0840,0.1208,0.6146
1790338267.210,5.0840,0.1209,0.6146
1790338267.525,5.0842,0.1208,0.6146
1790338267.705,5.0846,0.1208,0.6146
1790338268.019,5.0851,0.1209,0.6149
1790338268.201,5.0851,0.1209,0.6148
1790338268.515,5.0850,0.1209,0.6147
1790338268.696,5.0850,0.1467,0.7461
1790338269.011,5.0846,0.1243,0.6322
1790338269.191,5.0845,0.1243,0.6321
1790338269.506,5.0846,0.1243,0.6324
1790338269.730,5.0847,0.1243,0.6324
1790338270.000,5.0850,0.1209,0.6149
1790338270.225,5.0851,0.1209,0.6152
1790338270.495,5.0851,0.1208,0.6145
1790338270.719,5.0849,0.1208,0.6147
1790338270.990,5.0845,0.1208,0.6146
1790338271.214,5.0846,0.1208,0.6145
1790338271.529,5.0845,0.1209,0.6148
1790338271.709,5.0845,0.1209,0.6148
1790338272.024,5.0843,0.1238,0.6298
1790338272.206,5.0843,0.1243,0.6324
1790338272.520,5.0844,0.1243,0.6324
1790338272.700,5.0846,0.1243,0.6324
1790338273.015,5.0850,0.1220,0.6207
1790338273.195,5.0849,0.1209,0.6149
1790338273.510,5.0849,0.1208,0.6145
1790338273.690,5.0849,0.1208,0.6147
1790338274.005,5.0847,0.1208,0.6145
1790338274.230,5.0844,0.1208,0.6145
1790338274.499,5.0843,0.1209,0.6149
1790338274.724,5.0842,0.1209,0.6147
1790338274.995,5.0839,0.1420,0.7220
1790338275.219,5.0837,0.1242,0.6318
1790338275.489,5.0838,0.1242,0.6316
1790338275.715,5.0841,0.1242,0.6317
1790338276.029,5.0841,0.1243,0.6320
1790338276.209,5.0844,0.1208,0.6146
1790338276.524,5.0842,0.1208,0.6146
1790338276.706,5.0839,0.1209,0.6146
1790338277.201,5.0841,0.1208,0.6143
1790338277.202,5.0844,0.1208,0.6144
1790338277.516,5.0847,0.1208,0.6145
1790338277.694,5.0850,0.1208,0.6145
1790338278.011,5.0851,0.1208,0.6146
1790338278.190,5.0850,0.1474,0.7499
1790338278.505,5.0847,0.1242,0.6316
1790338278.730,5.0848,0.1242,0.6318
1790338279.000,5.0849,0.1242,0.6320
1790338279.224,5.0850,0.1236,0.6288
1790338279.495,5.0853,0.1209,0.6149
1790338279.720,5.0853,0.1209,0.6148
1790338279.991,5.0852,0.1208,0.6147
1790338280.216,5.0851,0.1209,0.6147
1790338280.530,5.0849,0.1209,0.6149
1790338280.710,5.0850,0.1209,0.6149
1790338281.024,5.0849,0.1209,0.6149
1790338281.205,5.0849,0.1208,0.6147
1790338281.519,5.0844,0.1243,0.6322
1790338281.700,5.0841,0.1243,0.6324
1790338282.015,5.0840,0.1243,0.6324
1790338282.195,5.0840,0.1244,0.6326
1790338282.511,5.0844,0.1209,0.6151
1790338282.690,5.0846,0.1209,0.6148
1790338283.005,5.0848,0.1209,0.6149
1790338283.230,5.0848,0.1208,0.6147
1790338283.500,5.0847,0.1208,0.6145
1790338283.725,5.0848,0.1208,0.6147
1790338283.996,5.0845,0.1208,0.6146
1790338284.220,5.0843,0.1208,0.6146
1790338284.492,5.0841,0.1229,0.6248
1790338284.715,5.0839,0.1243,0.6323
1790338285.031,5.0840,0.1243,0.6323
1790338285.210,5.0841,0.1243,0.6323
1790338285.525,5.0842,0.1229,0.6250
1790338285.706,5.0845,0.1208,0.6146
1790338286.021,5.0847,0.1208,0.6146
1790338286.200,5.0847,0.1208,0.6145
1790338286.514,5.0847,0.1208,0.6146
1790338286.695,5.0845,0.1208,0.6146
1790338287.010,5.0846,0.1208,0.6145
1790338287.189,5.0846,0.1208,0.6146
1790338287.504,5.0846,0.1512,0.7688
1790338287.730,5.0842,0.1243,0.6323
1790338288.001,5.0840,0.1244,0.6325
1790338288.225,5.0840,0.1244,0.6327
1790338288.494,5.0840,0.1244,0.6325
1790338288.719,5.0842,0.1213,0.6169
1790338288.990,5.0842,0.1208,0.6146
1790338289.215,5.0842,0.1208,0.6146
1790338289.529,5.0843,0.1208,0.6144
1790338289.710,5.0846,0.1208,0.6144
1790338290.026,5.0849,0.1208,0.6145
1790338290.206,5.0850,0.1208,0.6147
1790338290.521,5.0851,0.1209,0.6148
1790338290.700,5.0850,0.1519,0.7727
1790338291.014,5.0846,0.1243,0.6322
1790338291.194,5.0844,0.1242,0.6319
1790338291.510,5.0839,0.1243,0.6319
1790338291.689,5.0839,0.1243,0.6319
1790338292.006,5.0842,0.1208,0.6144
1790338292.231,5.0842,0.1208,0.6144
1790338292.500,5.0845,0.1208,0.6143
1790338292.725,5.0847,0.1208,0.6142
1790338292.996,5.0849,0.1208,0.6145
1790338293.219,5.0851,0.1208,0.6145
1790338293.492,5.0851,0.1213,0.6169
1790338293.714,5.0850,0.1213,0.6171
1790338294.030,5.0844,0.1246,0.6339
1790338294.210,5.0843,0.1246,0.6338
1790338294.524,5.0844,0.1242,0.6317
1790338294.704,5.0843,0.1242,0.6315
1790338295.019,5.0847,0.1208,0.6146
1790338295.201,5.0848,0.1209,0.6149
1790338295.516,5.0849,0.1208,0.6147
1790338295.694,5.0851,0.1208,0.6147
1790338296.009,5.0848,0.1208,0.6145
1790338296.189,5.0847,0.1208,0.6143
1790338296.505,5.0845,0.1208,0.6143
1790338296.730,5.0843,0.1208,0.6144
1790338297.000,5.0845,0.1477,0.7511
1790338297.225,5.0845,0.1243,0.6323
1790338297.494,5.0847,0.1243,0.6322
1790338297.719,5.0847,0.1243,0.6321
1790338297.991,5.0846,0.1239,0.6302
1790338298.215,5.0849,0.1208,0.6145
1790338298.531,5.0850,0.1208,0.6146
1790338298.710,5.0852,0.1208,0.6147
1790338299.025,5.0855,0.1208,0.6147
1790338299.205,5.0855,0.1209,0.6148
1790338299.521,5.0855,0.1209,0.6149
1790338299.700,5.0856,0.1208,0.6146
1790338300.016,5.0854,0.1208,0.6146
1790338300.195,5.0853,0.1234,0.6277
1790338300.510,5.0851,0.1242,0.6320
1790338300.689,5.0851,0.1243,0.6320
1790338301.005,5.0852,0.1242,0.6320
1790338301.230,5.0854,0.1223,0.6219
1790338301.500,5.0855,0.1208,0.6146
1790338301.726,5.0854,0.1208,0.6146
1790338301.996,5.0852,0.1209,0.6149
1790338302.219,5.0853,0.1209,0.6149
1790338302.490,5.0854,0.1209,0.6149
1790338302.714,5.0855,0.1208,0.6147
1790338303.030,5.0857,0.1209,0.6149
1790338303.210,5.0857,0.1437,0.7311
1790338303.525,5.0854,0.1243,0.6321
1790338303.704,5.0854,0.1243,0.6322
1790338304.020,5.0851,0.1242,0.6316
1790338304.200,5.0848,0.1242,0.6317
1790338304.514,5.0850,0.1208,0.6144
1790338304.695,5.0848,0.1208,0.6144
1790338305.010,5.0848,0.1208,0.6147
1790338305.191,5.0849,0.1208,0.6145
1790338305.506,5.0849,0.1208,0.6144
1790338305.730,5.0850,0.1208,0.6145
1790338305.999,5.0853,0.1208,0.6145
1790338306.224,5.0853,0.1208,0.6146
1790338306.494,5.0845,0.1242,0.6318
1790338306.719,5.0844,0.1243,0.6321
1790338306.990,5.0844,0.1243,0.6320
1790338307.215,5.0845,0.1243,0.6322
1790338307.531,5.0851,0.1216,0.6184
1790338307.710,5.0854,0.1208,0.6146
1790338308.025,5.0854,0.1208,0.6147
1790338308.205,5.0852,0.1208,0.6145
1790338308.520,5.0853,0.1209,0.6148
1790338308.701,5.0853,0.1209,0.6149
1790338309.015,5.0854,0.1208,0.6146
1790338309.195,5.0856,0.1209,0.6148
1790338309.511,5.0856,0.1430,0.7273
1790338309.692,5.0853,0.1242,0.6320
1790338310.006,5.0854,0.1243,0.6322
1790338310.230,5.0853,0.1242,0.6319
1790338310.500,5.0853,0.1242,0.6319
1790338310.725,5.0856,0.1208,0.6146
1790338310.995,5.0855,0.1208,0.6147
1790338311.219,5.0855,0.1208,0.6146
1790338311.490,5.0854,0.1208,0.6146
1790338311.715,5.0852,0.1208,0.6146
1790338312.030,5.0850,0.1208,0.6143
1790338312.210,5.0851,0.1208,0.6147
1790338312.526,5.0852,0.1208,0.6147
1790338312.706,5.0853,0.1541,0.7841
1790338313.020,5.0854,0.1243,0.6323
1790338313.201,5.0855,0.1243,0.6322
1790338313.516,5.0854,0.1243,0.6324
1790338313.694,5.0855,0.1233,0.6275
1790338314.010,5.0855,0.1209,0.6151
1790338314.191,5.0852,0.1209,0.6151
1790338314.504,5.0852,0.1209,0.6148
1790338314.729,5.0851,0.1208,0.6146
1790338315.001,5.0850,0.1208,0.6146
1790338315.225,5.0853,0.1208,0.6144
1790338315.494,5.0851,0.1208,0.6146
1790338315.719,5.0850,0.1208,0.6146
1790338315.990,5.0850,0.1242,0.6317
1790338316.214,5.0850,0.1242,0.6318
1790338316.529,5.0849,0.1242,0.6318
1790338316.710,5.0848,0.1242,0.6317
1790338317.025,5.0850,0.1209,0.6148
1790338317.205,5.0851,0.1209,0.6149
1790338317.520,5.0854,0.1209,0.6149
1790338317.701,5.0856,0.1208,0.6147
1790338318.014,5.0856,0.1209,0.6149
1790338318.196,5.0856,0.1209,0.6148
1790338318.510,5.0856,0.1209,0.6151
1790338318.689,5.0854,0.1209,0.6150
1790338319.005,5.0853,0.1233,0.6270
1790338319.229,5.0852,0.1243,0.6324
1790338319.499,5.0850,0.1243,0.6323
1790338319.726,5.0850,0.1243,0.6324
1790338319.996,5.0852,0.1225,0.6234
1790338320.219,5.0853,0.1208,0.6146
1790338320.491,5.0855,0.1208,0.6147
1790338320.716,5.0857,0.1208,0.6144
1790338321.030,5.0857,0.1208,0.6144
1790338321.209,5.0857,0.1208,0.6148
1790338321.526,5.0856,0.1208,0.6147
1790338321.705,5.0853,0.1209,0.6148
1790338322.020,5.0850,0.1497,0.7613
1790338322.200,5.0847,0.1242,0.6317
1790338322.515,5.0845,0.1666,0.8471
1790338322.696,5.0841,0.1211,0.6160
1790338323.010,5.0844,0.1214,0.6173
1790338323.191,5.0846,0.1494,0.7599
1790338323.504,5.0838,0.1862,0.9467
1790338323.730,5.0831,0.1817,0.9238
1790338323.999,5.0809,0.1839,0.9348
1790338324.225,5.0796,0.1512,0.7680
1790338324.494,5.0791,0.1769,0.8989
1790338324.719,5.0790,0.1772,0.9003
1790338324.990,5.0792,0.1771,0.8998
1790338325.215,5.0796,0.1774,0.9012
1790338325.530,5.0793,0.1847,0.9384
1790338325.710,5.0795,0.1844,0.9370
1790338326.026,5.0797,0.1840,0.9350
1790338326.204,5.0797,0.1839,0.9344
1790338326.520,5.0794,0.1843,0.9361
1790338326.700,5.0791,0.1845,0.9374
1790338327.014,5.0793,0.1847,0.9383
1790338327.196,5.0792,0.1850,0.9400
1790338327.510,5.0795,0.1847,0.9385
1790338327.690,5.0797,0.1841,0.9352
1790338328.005,5.0798,0.1842,0.9361
1790338328.230,5.0797,0.1848,0.9389
1790338328.500,5.0797,0.1845,0.9374
1790338328.725,5.0797,0.1854,0.9419
1790338328.996,5.0797,0.1854,0.9419
1790338329.219,5.0798,0.1846,0.9380
1790338329.490,5.0799,0.1843,0.9366
1790338329.715,5.0799,0.1841,0.9354
1790338330.031,5.0798,0.1840,0.9351
1790338330.209,5.0800,0.1273,0.6470
1790338330.525,5.0808,0.1450,0.7367
1790338330.705,5.0813,0.1877,0.9538
1790338331.020,5.0813,0.1857,0.9437
1790338331.200,5.0811,0.2038,1.0358
1790338331.514,5.0799,0.1818,0.9235
1790338331.695,5.0791,0.1897,0.9638
1790338332.009,5.0788,0.1893,0.9617
1790338332.191,5.0786,0.1898,0.9642
1790338332.506,5.0791,0.1867,0.9483
1790338332.730,5.0792,0.1868,0.9492
1790338333.000,5.0795,0.1867,0.9487
1790338333.226,5.0794,0.1870,0.9499
1790338333.496,5.0794,0.1864,0.9469
1790338333.719,5.0793,0.1868,0.9488
1790338333.989,5.0791,0.1870,0.9500
1790338334.214,5.0791,0.1869,0.9493
1790338334.529,5.0790,0.1875,0.9524
1790338334.709,5.0790,0.1879,0.9545
1790338335.026,5.0788,0.1890,0.9602
1790338335.205,5.0789,0.1896,0.9633
1790338335.520,5.0790,0.1893,0.9617
1790338335.701,5.0790,0.1891,0.9608
1790338336.014,5.0789,0.2132,1.0832
1790338336.195,5.0784,0.2100,1.0667
1790338336.509,5.0774,0.1852,0.9404
1790338336.691,5.0773,0.1839,0.9341
1790338337.006,5.0777,0.1892,0.9607
1790338337.230,5.0775,0.2152,1.0930
1790338337.501,5.0777,0.2045,1.0387
1790338337.725,5.0772,0.2112,1.0725
1790338337.996,5.0765,0.2193,1.1134
1790338338.222,5.0765,0.2179,1.1061
1790338338.492,5.0762,0.2203,1.1184
1790338338.715,5.0761,0.2218,1.1259
1790338339.031,5.0761,0.2231,1.1326
1790338339.209,5.0760,0.2235,1.1346
1790338339.526,5.0763,0.2223,1.1285
1790338339.706,5.0762,0.2219,1.1268
1790338340.021,5.0760,0.2132,1.0826
1790338340.200,5.0760,0.2240,1.1371
1790338340.516,5.0759,0.2243,1.1388
1790338340.739,5.0759,0.2237,1.1357
1790338341.009,5.0761,0.2217,1.1253
1790338341.191,5.0760,0.2224,1.1293
1790338341.506,5.0760,0.2223,1.1284
1790338341.729,5.0759,0.2234,1.1344
1790338342.001,5.0753,0.2247,1.1406
1790338342.224,5.0753,0.2245,1.1394
1790338342.495,5.0754,0.2430,1.2337
1790338342.720,5.0755,0.2423,1.2300
1790338342.991,5.0759,0.2245,1.1400
1790338343.215,5.0760,0.2249,1.1418
1790338343.530,5.0757,0.2262,1.1483
1790338343.709,5.0888,0.1544,0.7859
1790338344.024,5.0770,0.2234,1.1345
1790338344.204,5.0768,0.2247,1.1408
1790338344.519,5.0772,0.2197,1.1156
1790338344.702,5.0774,0.2202,1.1182
1790338345.015,5.0759,0.2152,1.0923
1790338345.196,5.0760,0.2171,1.1023
1790338345.511,5.0760,0.2171,1.1020
1790338345.691,5.0761,0.2172,1.1027
1790338346.004,5.0763,0.2193,1.1137
1790338346.229,5.0765,0.1916,0.9731
1790338346.499,5.0769,0.1911,0.9706
1790338346.726,5.0772,0.1946,0.9883
1790338346.995,5.0778,0.2254,1.1447
1790338347.221,5.0779,0.2172,1.1032
1790338347.490,5.0776,0.2070,1.0510
1790338347.715,5.0773,0.2254,1.1446
1790338348.031,5.0765,0.2190,1.1122
1790338348.210,5.0763,0.2221,1.1279
1790338348.526,5.0761,0.2234,1.1342
1790338348.705,5.0761,0.2231,1.1325
1790338349.021,5.0765,0.2206,1.1201
1790338349.201,5.0766,0.2324,1.1798
1790338349.515,5.0764,0.1666,0.8457
1790338349.695,5.0774,0.1641,0.8333
1790338350.009,5.0780,0.2185,1.1095
1790338350.191,5.0777,0.1666,0.8460
1790338350.504,5.0784,0.1609,0.8171
1790338350.731,5.0783,0.1643,0.8347
1790338351.001,5.0786,0.1700,0.8637
1790338351.226,5.0792,0.1522,0.7730
1790338351.495,5.0803,0.1536,0.7807
1790338351.719,5.0806,0.1680,0.8538
1790338351.989,5.0806,0.2132,1.0836
1790338352.215,5.0807,0.1584,0.8048
1790338352.531,5.0808,0.1236,0.6282
1790338352.709,5.0813,0.1330,0.6762
1790338353.026,5.0823,0.1229,0.6246
1790338353.204,5.0832,0.1343,0.6828
1790338353.519,5.0835,0.1703,0.8658
1790338353.699,5.0835,0.1234,0.6273
1790338354.016,5.0831,0.1231,0.6259
1790338354.195,5.0830,0.1211,0.6159
1790338354.644,5.0831,0.1231,0.6259
1790338354.734,5.0828,0.1439,0.7315
1790338355.004,5.0821,0.1501,0.7630
1790338355.229,5.0811,0.1594,0.8101
1790338355.500,5.0800,0.1683,0.8553
1790338355.726,5.0797,0.1716,0.8717
1790338355.996,5.0800,0.1539,0.7820
1790338356.219,5.0807,0.1554,0.7897
1790338356.489,5.0811,0.1641,0.8338
1790338356.715,5.0810,0.1266,0.6434
1790338357.030,5.0818,0.1330,0.6763
1790338357.209,5.0823,0.1685,0.8568
1790338357.526,5.0820,0.1839,0.9350
1790338357.705,5.0817,0.1810,0.9198
1790338358.019,5.0803,0.1770,0.8996
1790338358.199,5.0792,0.1876,0.9529
1790338358.516,5.0789,0.1911,0.9709
1790338358.694,5.0789,0.1912,0.9711
1790338359.010,5.0789,0.1904,0.9672
1790338359.190,5.0788,0.1908,0.9692
1790338359.504,5.0786,0.1923,0.9768
1790338359.731,5.0784,0.1815,0.9217
1790338360.000,5.0783,0.1916,0.9730
1790338360.225,5.0783,0.1919,0.9747
1790338360.494,5.0791,0.1536,0.7806
1790338360.719,5.0801,0.2172,1.1037
1790338360.991,5.0800,0.1781,0.9049
1790338361.215,5.0802,0.1335,0.6786
1790338361.530,5.0807,0.1701,0.8644
1790338361.710,5.0804,0.1221,0.6206
1790338362.026,5.0813,0.1338,0.6800
1790338362.205,5.0820,0.2050,1.0422
1790338362.519,5.0817,0.1541,0.7833
1790338362.700,5.0816,0.1554,0.7898
1790338363.014,5.0815,0.1598,0.8122
1790338363.196,5.0810,0.1532,0.7784
1790338363.510,5.0806,0.1708,0.8678
1790338363.689,5.0808,0.1704,0.8659
1790338364.004,5.0805,0.1527,0.7757
1790338364.229,5.0803,0.1519,0.7720
1790338364.499,5.0809,0.1827,0.9285
1790338364.679,5.0806,0.1657,0.8420
1790338364.996,5.0814,0.1579,0.8024
1790338365.221,5.0820,0.1239,0.6296
1790338365.489,5.0827,0.1226,0.6234
1790338365.714,5.0835,0.1231,0.6260
1790338365.986,5.0837,0.1231,0.6260
1790338366.209,5.0836,0.1216,0.6184
1790338366.480,5.0835,0.1231,0.6260
1790338366.704,5.0831,0.1417,0.7204
1790338367.021,5.0831,0.1229,0.6247
1790338367.199,5.0830,0.1409,0.7166
1790338367.515,5.0833,0.1407,0.7152
1790338367.696,5.0834,0.1832,0.9314
1790338368.009,5.0830,0.1311,0.6663
1790338368.189,5.0831,0.1335,0.6790
1790338368.505,5.0830,0.1308,0.6651
1790338368.684,5.0831,0.1455,0.7396
1790338368.999,5.0836,0.1403,0.7132
1790338369.179,5.0835,0.1646,0.8368
1790338369.494,5.0835,0.1959,0.9959
1790338369.721,5.0832,0.1467,0.7459
1790338369.991,5.0827,0.1651,0.8392
1790338370.214,5.0822,0.1613,0.8201
1790338370.485,5.0818,0.1522,0.7734
1790338370.710,5.0816,0.1529,0.7772
1790338370.981,5.0812,0.1517,0.7708
1790338371.204,5.0813,0.1532,0.7784
1790338371.519,5.0811,0.1316,0.6686
1790338371.699,5.0816,0.1226,0.6233
1790338372.015,5.0828,0.1941,0.9869
1790338372.194,5.0831,0.1330,0.6765
1790338372.511,5.0838,0.1409,0.7166
1790338372.689,5.0840,0.1700,0.8646
1790338373.004,5.0838,0.1703,0.8659
1790338373.186,5.0840,0.1258,0.6399
1790338373.501,5.0838,0.1539,0.7826
1790338373.679,5.0839,0.1258,0.6399
1790338373.994,5.0840,0.1889,0.9606
1790338374.219,5.0835,0.1229,0.6248
1790338374.489,5.0836,0.1229,0.6248
1790338374.714,5.0836,0.1424,0.7240
1790338374.985,5.0834,0.1229,0.6248
1790338375.210,5.0838,0.1394,0.7089
1790338375.480,5.0836,0.1827,0.9290
1790338375.705,5.0828,0.1839,0.9351
1790338376.021,5.0816,0.1857,0.9438
1790338376.199,5.0808,0.1783,0.9059
1790338376.514,5.0795,0.1909,0.9701
1790338376.695,5.0792,0.1914,0.9724
1790338377.011,5.0792,0.1913,0.9718
1790338377.190,5.0793,0.1907,0.9690
1790338377.504,5.0791,0.1916,0.9734
1790338377.684,5.0791,0.2100,1.0669
1790338378.000,5.0791,0.1916,0.9734
1790338378.179,5.0790,0.1933,0.9819
1790338378.494,5.0788,0.1933,0.9819
1790338378.719,5.0791,0.1214,0.6167
1790338378.990,5.0804,0.1410,0.7164
1790338379.214,5.0811,0.1234,0.6270
1790338379.484,5.0826,0.1628,0.8278
1790338379.709,5.0831,0.1473,0.7492
1790338379.979,5.0826,0.1565,0.7957
1790338380.204,5.0826,0.1700,0.8644
1790338380.521,5.0818,0.2185,1.1103
1790338380.700,5.0814,0.1993,1.0131
1790338381.015,5.0813,0.1720,0.8741
1790338381.195,5.0813,0.1729,0.8786
1790338381.509,5.0815,0.1704,0.8662
1790338381.689,5.0818,0.1544,0.7848
1790338382.004,5.0816,0.1660,0.8439
1790338382.186,5.0817,0.1549,0.7873
1790338382.500,5.0817,0.1509,0.7671
1790338382.680,5.0819,0.1643,0.8353
1790338382.995,5.0820,0.1637,0.8320
1790338383.219,5.0820,0.1328,0.6751
1790338383.490,5.0826,0.1231,0.6259
1790338383.714,5.0825,0.1311,0.6663
1790338383.984,5.0828,0.1231,0.6259
1790338384.209,5.0831,0.1676,0.8519
1790338384.479,5.0833,0.1335,0.6790
1790338384.704,5.0836,0.1413,0.7187
1790338385.021,5.0836,0.1400,0.7119
1790338385.199,5.0836,0.1407,0.7153
1790338385.514,5.0836,0.1411,0.7176
1790338385.695,5.0838,0.1229,0.6248
1790338386.010,5.0841,0.1566,0.7965
1790338386.189,5.0843,0.1512,0.7688
1790338386.505,5.0840,0.1532,0.7788
1790338386.685,5.0833,0.2115,1.0753
1790338386.999,5.0820,0.1583,0.8046
1790338387.181,5.0815,0.1857,0.9438
1790338387.494,5.0811,0.1527,0.7758
1790338387.719,5.0812,0.1706,0.8669
1790338387.990,5.0818,0.1527,0.7760
1790338388.215,5.0817,0.1534,0.7797
1790338388.485,5.0819,0.1335,0.6788
1790338388.709,5.0823,0.1713,0.8707
1790338388.981,5.0830,0.1705,0.8670
1790338389.204,5.0835,0.1345,0.6841
1790338389.520,5.0842,0.1405,0.7146
1790338389.700,5.0843,0.1234,0.6274
1790338390.016,5.0835,0.1325,0.6740
1790338390.196,5.0836,0.1229,0.6248
1790338390.510,5.0836,0.1458,0.7414
1790338390.691,5.0835,0.1330,0.6765
1790338391.004,5.0834,0.1236,0.6285
1790338391.230,5.0835,0.1355,0.6891
1790338391.500,5.0833,0.1643,0.8355
1790338391.679,5.0826,0.1688,0.8581
1790338391.996,5.0822,0.1572,0.7990
1790338392.220,5.0818,0.1792,0.9110
1790338392.489,5.0811,0.1679,0.8534
1790338392.714,5.0812,0.1541,0.7834
1790338392.985,5.0815,0.2145,1.0901
1790338393.209,5.0809,0.2070,1.0521
1790338393.480,5.0809,0.1867,0.9487
1790338393.705,5.0807,0.2140,1.0874
1790338394.019,5.0797,0.1881,0.9557
1790338394.199,5.0795,0.2209,1.1224
1790338394.514,5.0786,0.2155,1.0945
1790338394.694,5.0781,0.2160,1.0969
1790338395.010,5.0782,0.1864,0.9469
1790338395.191,5.0783,0.1825,0.9268
1790338395.504,5.0784,0.1872,0.9507
1790338395.685,5.0785,0.1882,0.9558
1790338396.045,5.0788,0.1978,1.0050
1790338396.179,5.0789,0.1790,0.9092
1790338396.494,5.0789,0.2172,1.1034
1790338396.720,5.0782,0.2185,1.1095
1790338396.990,5.0786,0.1812,0.9205
1790338397.214,5.0790,0.1643,0.8348
1790338397.485,5.0801,0.1651,0.8388
1790338397.710,5.0813,0.1718,0.8733
1790338397.980,5.0817,0.1677,0.8523
1790338398.204,5.0819,0.1519,0.7722
1790338398.520,5.0819,0.1532,0.7785
1790338398.700,5.0819,0.1651,0.8392
1790338399.014,5.0820,0.1517,0.7709
1790338399.196,5.0821,0.1517,0.7710
1790338399.510,5.0820,0.2125,1.0801
1790338399.690,5.0816,0.1700,0.8641
1790338400.004,5.0820,0.1335,0.6788
1790338400.186,5.0822,0.1605,0.8161
1790338400.500,5.0829,0.1533,0.7792
1790338400.681,5.0838,0.1316,0.6690
1790338400.995,5.0840,0.1231,0.6261
1790338401.221,5.0842,0.1392,0.7081
1790338401.489,5.0841,0.1398,0.7109
1790338401.714,5.0838,0.1406,0.7149
1790338401.984,5.0837,0.1409,0.7162
1790338402.209,5.0836,0.1698,0.8633
1790338402.480,5.0835,0.1226,0.6235
1790338402.704,5.0833,0.1668,0.8481
1790338403.020,5.0829,0.1273,0.6474
1790338403.199,5.0831,0.1628,0.8279
1790338403.515,5.0831,0.1241,0.6310
1790338403.694,5.0835,0.1226,0.6235
1790338404.009,5.0838,0.1229,0.6248
1790338404.190,5.0835,0.1398,0.7110
1790338404.504,5.0835,0.1214,0.6172
1790338404.684,5.0832,0.1234,0.6272
1790338404.999,5.0831,0.1441,0.7324
1790338405.179,5.0830,0.1325,0.6739
1790338405.495,5.0826,0.1340,0.6814
1790338405.719,5.0826,0.1698,0.8631
1790338405.990,5.0827,0.1335,0.6789
1790338406.215,5.0827,0.1229,0.6247
1790338406.484,5.0831,0.1268,0.6449
1790338406.709,5.0829,0.1330,0.6764
1790338406.979,5.0831,0.1224,0.6222
1790338407.204,5.0831,0.1226,0.6234
1790338407.519,5.0832,0.1643,0.8355
1790338407.699,5.0835,0.1416,0.7198
1790338408.014,5.0837,0.1229,0.6248
1790338408.194,5.0837,0.2152,1.0943
1790338408.509,5.0817,0.2239,1.1381
1790338408.689,5.0800,0.2224,1.1301
1790338409.006,5.0778,0.2247,1.1410
1790338409.184,5.0763,0.2200,1.1172
1790338409.501,5.0762,0.2220,1.1273
1790338409.681,5.0764,0.2331,1.1835
1790338409.994,5.0765,0.2334,1.1848
1790338410.219,5.0762,0.2242,1.1384
1790338410.490,5.0768,0.1522,0.7727
1790338410.715,5.0777,0.2192,1.1132
1790338410.984,5.0780,0.2053,1.0426
1790338411.209,5.0783,0.2195,1.1146
1790338411.479,5.0779,0.2217,1.1259
1790338411.704,5.0770,0.2158,1.0956
1790338412.019,5.0768,0.2169,1.1013
1790338412.199,5.0767,0.2171,1.1025
1790338412.516,5.0768,0.2343,1.1899
1790338412.697,5.0768,0.1996,1.0134
1790338413.009,5.0774,0.1869,0.9493
1790338413.190,5.0779,0.1941,0.9859
1790338413.504,5.0785,0.1921,0.9759
1790338413.684,5.0788,0.1802,0.9155
1790338413.999,5.0789,0.1952,0.9916
1790338414.180,5.0788,0.1948,0.9895
1790338414.494,5.0789,0.1940,0.9857
1790338414.719,5.0787,0.1941,0.9860
1790338414.990,5.0785,0.1829,0.9293
1790338415.214,5.0786,0.2562,1.3013
1790338415.486,5.0778,0.2034,1.0331
1790338415.709,5.0777,0.2073,1.0526
1790338415.979,5.0774,0.2125,1.0793
1790338416.204,5.0770,0.2172,1.1028
1790338416.520,5.0769,0.2169,1.1016
1790338416.699,5.0766,0.2171,1.1023
1790338417.015,5.0766,0.2168,1.1007
1790338417.194,5.0766,0.2171,1.1025
1790338417.509,5.0770,0.1872,0.9505
1790338417.691,5.0776,0.1849,0.9392
1790338418.006,5.0783,0.1849,0.9393
1790338418.186,5.0787,0.1844,0.9369
1790338418.501,5.0794,0.1822,0.9257
1790338418.680,5.0795,0.2212,1.1237
1790338418.994,5.0794,0.1847,0.9383
1790338419.220,5.0793,0.1948,0.9898
1790338419.490,5.0792,0.2202,1.1186
1790338419.715,5.0792,0.1517,0.7705
1790338419.984,5.0803,0.1534,0.7795
1790338420.209,5.0810,0.1514,0.7695
1790338420.479,5.0820,0.1618,0.8224
1790338420.705,5.0827,0.1545,0.7852
1790338421.020,5.0828,0.1551,0.7886
1790338421.199,5.0828,0.1551,0.7887
1790338421.514,5.0827,0.1554,0.7898
1790338421.694,5.0828,0.1204,0.6120
1790338422.009,5.0834,0.1209,0.6146
1790338422.190,5.0833,0.1211,0.6159
1790338422.506,5.0840,0.1199,0.6097
1790338422.687,5.0842,0.1229,0.6249
1790338422.999,5.0844,0.1204,0.6122
1790338423.180,5.0849,0.1211,0.6161
1790338423.494,5.0852,0.1211,0.6161
1790338423.719,5.0851,0.1204,0.6123
1790338423.990,5.0849,0.1310,0.6663
1790338424.215,5.0848,0.1206,0.6135
1790338424.484,5.0847,0.1517,0.7714
1790338424.710,5.0847,0.1524,0.7751
1790338424.979,5.0844,0.1206,0.6135
1790338425.205,5.0844,0.1760,0.8950
1790338425.520,5.0837,0.1204,0.6121
1790338425.700,5.0836,0.1209,0.6147
1790338426.015,5.0842,0.1221,0.6210
1790338426.195,5.0842,0.1206,0.6135
1790338426.509,5.0846,0.1514,0.7701
1790338426.691,5.0840,0.1512,0.7687
1790338427.004,5.0833,0.1623,0.8254
1790338427.185,5.0829,0.1512,0.7685
1790338427.499,5.0826,0.1572,0.7990
1790338427.679,5.0829,0.1560,0.7930
1790338427.994,5.0829,0.1552,0.7892
1790338428.220,5.0829,0.1535,0.7804
1790338428.490,5.0823,0.1209,0.6145
1790338428.714,5.0827,0.1537,0.7813
1790338428.985,5.0830,0.1229,0.6247
1790338429.209,5.0835,0.1206,0.6134
1790338429.479,5.0846,0.1201,0.6110
1790338429.704,5.0845,0.1859,0.9455
1790338430.020,5.0832,0.1829,0.9301
1790338430.199,5.0824,0.1206,0.6133
1790338430.515,5.0826,0.1211,0.6158
1790338430.696,5.0826,0.1211,0.6158
1790338431.011,5.0841,0.1216,0.6185
1790338431.190,5.0849,0.1306,0.6641
1790338431.505,5.0845,0.1206,0.6135
1790338431.684,5.0843,0.1204,0.6122
1790338432.045,5.0843,0.1199,0.6097
1790338432.179,5.0842,0.1226,0.6236
1790338432.495,5.0845,0.1199,0.6097
1790338432.720,5.0849,0.1299,0.6607
1790338432.989,5.0849,0.1484,0.7550
1790338433.215,5.0850,0.1312,0.6673
1790338433.486,5.0849,0.1191,0.6060
1790338433.709,5.0849,0.1186,0.6034
1790338433.979,5.0848,0.1303,0.6629
1790338434.204,5.0846,0.1206,0.6135
1790338434.519,5.0849,0.1792,0.9115
1790338434.699,5.0840,0.1204,0.6122
1790338435.015,5.0839,0.1214,0.6172
1790338435.194,5.0841,0.1209,0.6147
1790338435.510,5.0842,0.1209,0.6147
1790338435.691,5.0847,0.1323,0.6728
1790338436.005,5.0851,0.1204,0.6123
1790338436.184,5.0854,0.1209,0.6149
1790338436.499,5.0851,0.1204,0.6123
1790338436.680,5.0849,0.1209,0.6148
1790338436.994,5.0848,0.1211,0.6161
1790338437.220,5.0845,0.1522,0.7738
1790338437.490,5.0845,0.1536,0.7814
1790338437.715,5.0839,0.1673,0.8508
1790338437.984,5.0832,0.1209,0.6146
1790338438.209,5.0833,0.1506,0.7656
1790338438.480,5.0830,0.1540,0.7830
1790338438.706,5.0831,0.1522,0.7737
1790338439.021,5.0835,0.1484,0.7548
1790338439.199,5.0831,0.1536,0.7808
1790338439.516,5.0830,0.1548,0.7869
1790338439.694,5.0830,0.1548,0.7868
1790338440.009,5.0831,0.1539,0.7825
1790338440.190,5.0831,0.1535,0.7806
1790338440.505,5.0832,0.1221,0.6209
1790338440.685,5.0834,0.1693,0.8608
1790338440.999,5.0834,0.1204,0.6121
1790338441.180,5.0837,0.1246,0.6336
1790338441.494,5.0841,0.1514,0.7700
1790338441.719,5.0841,0.1517,0.7713
1790338441.989,5.0848,0.1284,0.6532
1790338442.214,5.0848,0.1284,0.6531
1790338442.485,5.0849,0.1278,0.6499
1790338442.710,5.0849,0.1291,0.6567
1790338442.980,5.0849,0.1307,0.6649
1790338443.204,5.0848,0.1209,0.6148
1790338443.519,5.0848,0.1211,0.6161
1790338443.699,5.0849,0.1209,0.6148
1790338444.014,5.0843,0.1209,0.6148
1790338444.194,5.0842,0.1211,0.6160
1790338444.509,5.0842,0.1209,0.6147
1790338444.691,5.0840,0.1549,0.7877
1790338445.004,5.0838,0.1206,0.6134
1790338445.186,5.0839,0.1204,0.6122
1790338445.500,5.0838,0.1214,0.6172
1790338445.679,5.0841,0.1517,0.7713
1790338445.994,5.0849,0.1322,0.6722
1790338446.220,5.0850,0.1211,0.6161
1790338446.489,5.0846,0.1514,0.7701
1790338446.714,5.0840,0.1517,0.7712
1790338446.985,5.0833,0.1661,0.8444
1790338447.209,5.0826,0.1560,0.7932
1790338447.480,5.0825,0.1595,0.8106
1790338447.704,5.0826,0.1595,0.8111
1790338448.020,5.0827,0.1584,0.8052
1790338448.199,5.0832,0.1534,0.7800
1790338448.516,5.0832,0.1189,0.6045
1790338448.695,5.0834,0.1199,0.6096
1790338449.010,5.0841,0.1209,0.6147
1790338449.190,5.0845,0.1204,0.6122
1790338449.505,5.0851,0.1309,0.6658
1790338449.685,5.0852,0.1194,0.6073
1790338449.999,5.0853,0.1775,0.9027
1790338450.180,5.0847,0.1514,0.7701
1790338450.494,5.0847,0.1214,0.6173
1790338450.721,5.0847,0.1346,0.6847
1790338450.989,5.0842,0.1189,0.6046
1790338451.214,5.0847,0.1211,0.6161
1790338451.485,5.0848,0.1206,0.6135
1790338451.709,5.0845,0.1214,0.6173
1790338451.980,5.0847,0.1564,0.7954
1790338452.204,5.0842,0.1497,0.7612
1790338452.520,5.0836,0.1434,0.7292
1790338452.701,5.0834,0.1481,0.7530
1790338453.014,5.0831,0.1537,0.7813
1790338453.194,5.0831,0.1695,0.8620
1790338453.510,5.0826,0.1612,0.8196
1790338453.689,5.0825,0.1512,0.7685
1790338454.004,5.0823,0.1214,0.6170
1790338454.185,5.0826,0.1206,0.6133
1790338454.499,5.0839,0.1420,0.7221
1790338454.681,5.0842,0.1221,0.6210
1790338454.994,5.0848,0.1294,0.6583
1790338455.220,5.0849,0.1295,0.6587
1790338455.490,5.0851,0.1293,0.6578
1790338455.715,5.0850,0.1304,0.6631
1790338455.985,5.0851,0.1287,0.6547
1790338456.209,5.0851,0.1300,0.6613
1790338456.479,5.0843,0.1211,0.6160
1790338456.706,5.0841,0.1204,0.6122
1790338457.020,5.0841,0.1201,0.6109
1790338457.201,5.0841,0.1206,0.6135
1790338457.515,5.0847,0.1519,0.7726
1790338457.695,5.0845,0.1517,0.7713
1790338458.010,5.0840,0.1431,0.7276
1790338458.192,5.0835,0.1472,0.7487
1790338458.505,5.0829,0.1539,0.7824
1790338458.684,5.0830,0.1535,0.7804
1790338458.999,5.0832,0.1536,0.7812
1790338459.180,5.0832,0.1549,0.7873
1790338459.495,5.0827,0.1383,0.7029
1790338459.719,5.0829,0.1214,0.6171
1790338459.989,5.0836,0.1385,0.7043
1790338460.214,5.0838,0.1281,0.6513
1790338460.484,5.0849,0.1206,0.6135
1790338460.711,5.0851,0.1209,0.6148
1790338460.980,5.0848,0.1209,0.6148
1790338461.204,5.0850,0.1204,0.6123
1790338461.519,5.0850,0.1301,0.6615
1790338461.699,5.0848,0.1305,0.6636
1790338462.015,5.0845,0.1209,0.6148
1790338462.194,5.0845,0.1304,0.6630
1790338462.511,5.0844,0.1825,0.9279
1790338462.691,5.0843,0.1517,0.7713
1790338463.005,5.0844,0.1514,0.7700
1790338463.185,5.0845,0.1216,0.6185
1790338463.500,5.0845,0.1214,0.6173
1790338463.679,5.0850,0.1196,0.6085
1790338463.994,5.0849,0.1290,0.6562
1790338464.220,5.0847,0.1199,0.6098
1790338464.490,5.0848,0.1288,0.6550
1790338464.714,5.0845,0.1184,0.6022
1790338464.984,5.0844,0.1299,0.6609
1790338465.209,5.0845,0.1301,0.6618
1790338465.481,5.0841,0.1760,0.8950
1790338465.704,5.0832,0.1685,0.8569
1790338466.020,5.0826,0.1551,0.7884
1790338466.200,5.0822,0.1601,0.8137
1790338466.514,5.0818,0.1765,0.8971
1790338466.694,5.0820,0.1581,0.8037
1790338467.009,5.0824,0.1549,0.7877
1790338467.189,5.0824,0.1562,0.7943
1790338467.505,5.0826,0.1214,0.6171
1790338467.685,5.0833,0.1497,0.7609
1790338468.000,5.0837,0.1209,0.6147
1790338468.181,5.0841,0.1209,0.6147
1790338468.494,5.0848,0.1209,0.6148
1790338468.720,5.0845,0.1877,0.9544
1790338468.989,5.0840,0.1221,0.6210
1790338469.214,5.0842,0.1283,0.6526
1790338469.486,5.0840,0.1211,0.6160
1790338469.709,5.0841,0.1209,0.6147
1790338469.981,5.0850,0.1306,0.6645
1790338470.204,5.0851,0.1302,0.6622
1790338470.520,5.0853,0.1292,0.6572
1790338470.700,5.0853,0.1293,0.6578
1790338471.014,5.0853,0.1293,0.6575
1790338471.194,5.0853,0.1534,0.7803
1790338471.510,5.0852,0.1514,0.7702
1790338471.689,5.0851,0.1292,0.6573
1790338472.006,5.0843,0.1211,0.6160
1790338472.185,5.0842,0.1211,0.6160
1790338472.499,5.0845,0.1206,0.6135
1790338472.681,5.0844,0.1211,0.6160
1790338472.994,5.0853,0.1303,0.6626
1790338473.219,5.0851,0.1216,0.6186
1790338473.490,5.0852,0.1519,0.7727
1790338473.714,5.0847,0.1512,0.7688
1790338473.985,5.0840,0.1427,0.7257
1790338474.209,5.0834,0.1469,0.7469
1790338474.479,5.0826,0.1532,0.7788
1790338474.704,5.0826,0.1537,0.7812
1790338475.022,5.0819,0.1600,0.8132
1790338475.199,5.0818,0.1619,0.8227
1790338475.514,5.0818,0.1616,0.8215
1790338475.694,5.0823,0.1566,0.7963
1790338476.011,5.0836,0.1204,0.6121
1790338476.189,5.0844,0.1214,0.6173
1790338476.504,5.0848,0.1201,0.6110
1790338476.685,5.0846,0.1221,0.6211
1790338476.999,5.0847,0.1307,0.6646
1790338477.181,5.0845,0.1214,0.6173
1790338477.495,5.0849,0.1304,0.6632
1790338477.719,5.0849,0.1204,0.6123
1790338477.990,5.0851,0.1815,0.9229
1790338478.214,5.0847,0.1214,0.6173
1790338478.485,5.0849,0.1209,0.6148
1790338478.709,5.0848,0.1209,0.6148
1790338478.979,5.0847,0.1209,0.6148
1790338479.205,5.0852,0.1292,0.6571
1790338479.522,5.0850,0.1765,0.8977
1790338479.700,5.0842,0.2329,1.1841
1790338480.014,5.0822,0.2202,1.1193
1790338480.194,5.0806,0.2222,1.1290
1790338480.509,5.0782,0.2067,1.0501
1790338480.691,5.0773,0.2167,1.1007
1790338481.004,5.0770,0.1782,0.9051
1790338481.186,5.0775,0.2291,1.1636
1790338481.500,5.0771,0.2331,1.1837
1790338481.679,5.0774,0.1494,0.7589
1790338481.994,5.0788,0.2125,1.0794
1790338482.264,5.0785,0.2137,1.0856
1790338482.492,5.0790,0.2118,1.0757
1790338482.715,5.0789,0.2170,1.1021
1790338482.986,5.0775,0.2143,1.0883
1790338483.209,5.0775,0.2150,1.0917
1790338483.482,5.0774,0.2167,1.1005
1790338483.704,5.0773,0.2179,1.1067
1790338484.019,5.0769,0.2194,1.1141
1790338484.200,5.0771,0.2159,1.0963
1790338484.514,5.0777,0.1921,0.9758
1790338484.694,5.0779,0.2150,1.0919
1790338485.009,5.0781,0.2115,1.0742
1790338485.189,5.0782,0.1604,0.8145
1790338485.505,5.0795,0.1437,0.7302
1790338485.684,5.0805,0.1427,0.7253
1790338485.999,5.0824,0.1425,0.7243
1790338486.179,5.0835,0.1473,0.7488
1790338486.494,5.0835,0.1458,0.7413
1790338486.720,5.0834,0.1460,0.7424
1790338486.989,5.0834,0.1461,0.7426
1790338487.215,5.0835,0.1122,0.5705
1790338487.486,5.0839,0.1181,0.6008
1790338487.709,5.0844,0.1142,0.5806
1790338487.981,5.0852,0.1127,0.5732
1790338488.204,5.0854,0.1457,0.7411
1790338488.519,5.0860,0.1422,0.7235
1790338488.701,5.0860,0.1219,0.6202
1790338489.015,5.0854,0.1132,0.5757
1790338489.194,5.0855,0.1142,0.5808
1790338489.510,5.0854,0.1117,0.5681
1790338489.689,5.0853,0.1129,0.5744
1790338490.004,5.0860,0.1209,0.6151
1790338490.185,5.0859,0.1221,0.6213
1790338490.501,5.0860,0.1230,0.6256
1790338490.681,5.0855,0.1132,0.5757
1790338490.994,5.0855,0.1288,0.6550
1790338491.221,5.0855,0.1147,0.5833
1790338491.489,5.0851,0.1157,0.5883
1790338491.714,5.0854,0.1137,0.5783
1790338491.984,5.0852,0.1144,0.5820
1790338492.209,5.0851,0.1139,0.5795
1790338492.481,5.0852,0.1432,0.7285
1790338492.705,5.0854,0.1432,0.7285
1790338493.021,5.0856,0.1137,0.5783
1790338493.201,5.0857,0.1132,0.5758
1790338493.514,5.0859,0.1715,0.8725
1790338493.695,5.0850,0.1134,0.5770
1790338494.009,5.0849,0.1134,0.5769
1790338494.189,5.0848,0.1134,0.5769
1790338494.505,5.0848,0.1134,0.5769
1790338494.684,5.0856,0.1233,0.6271
1790338494.999,5.0854,0.1220,0.6204
1790338495.181,5.0854,0.1822,0.9268
1790338495.496,5.0837,0.2157,1.0969
1790338495.719,5.0825,0.1132,0.5754
1790338495.989,5.0828,0.1132,0.5754
1790338496.215,5.0828,0.1112,0.5653
1790338496.484,5.0842,0.1137,0.5781
1790338496.710,5.0851,0.1601,0.8143
1790338496.979,5.0846,0.1427,0.7259
1790338497.204,5.0846,0.1132,0.5756
1790338497.520,5.0846,0.1117,0.5681
1790338497.699,5.0848,0.1132,0.5757
1790338498.015,5.0854,0.1222,0.6215
1790338498.194,5.0854,0.1236,0.6288
1790338498.511,5.0858,0.1218,0.6197
1790338498.689,5.0858,0.1112,0.5656
1790338499.004,5.0860,0.1216,0.6187
1790338499.184,5.0858,0.1215,0.6183
1790338499.499,5.0858,0.1224,0.6226
1790338499.680,5.0856,0.1405,0.7146
1790338499.994,5.0849,0.1201,0.6110
1790338500.221,5.0849,0.1134,0.5769
1790338500.490,5.0848,0.1420,0.7221
1790338500.714,5.0845,0.1355,0.6893
1790338500.985,5.0847,0.1356,0.6898
1790338501.209,5.0843,0.1399,0.7116
1790338501.479,5.0837,0.1466,0.7456
1790338501.704,5.0835,0.1457,0.7409
1790338502.021,5.0834,0.1458,0.7411
1790338502.199,5.0834,0.1457,0.7407
1790338502.514,5.0835,0.1124,0.5717
1790338502.696,5.0842,0.1139,0.5794
1790338503.011,5.0844,0.1393,0.7083
1790338503.189,5.0845,0.1129,0.5744
1790338503.505,5.0852,0.1132,0.5757
1790338503.684,5.0852,0.1139,0.5795
1790338503.999,5.0854,0.1238,0.6298
1790338504.180,5.0854,0.1212,0.6165
1790338504.494,5.0852,0.1134,0.5770
1790338504.719,5.0851,0.1144,0.5820
1790338504.989,5.0850,0.1129,0.5744
1790338505.214,5.0852,0.1457,0.7411
1790338505.484,5.0851,0.1422,0.7234
1790338505.709,5.0847,0.1462,0.7436
1790338505.979,5.0844,0.2152,1.0945
1790338506.204,5.0835,0.1478,0.7516
1790338506.519,5.0831,0.1519,0.7724
1790338506.701,5.0830,0.1515,0.7704
1790338507.014,5.0829,0.1511,0.7682
1790338507.194,5.0833,0.1450,0.7374
1790338507.511,5.0836,0.1308,0.6651
1790338507.690,5.0840,0.1134,0.5768
1790338508.004,5.0846,0.1134,0.5769
1790338508.186,5.0852,0.1134,0.5770
1790338508.500,5.0858,0.1225,0.6231
1790338508.680,5.0860,0.1211,0.6162
1790338508.994,5.0860,0.1229,0.6251
1790338509.309,5.0853,0.1132,0.5757
1790338509.490,5.0853,0.1455,0.7399
1790338509.715,5.0853,0.1430,0.7273
1790338509.984,5.0851,0.1137,0.5782
1790338510.209,5.0856,0.1139,0.5796
1790338510.481,5.0854,0.1440,0.7323
1790338510.704,5.0847,0.1460,0.7423
1790338511.019,5.0844,0.1365,0.6940
1790338511.201,5.0838,0.1432,0.7283
1790338511.516,5.0833,0.1477,0.7508
1790338511.694,5.0833,0.1471,0.7481
1790338512.009,5.0833,0.1468,0.7465
1790338512.189,5.0833,0.2060,1.0476
1790338512.504,5.0830,0.1142,0.5805
1790338512.684,5.0836,0.1104,0.5616
1790338512.999,5.0844,0.1124,0.5718
1790338513.180,5.0847,0.1119,0.5693
1790338513.494,5.0859,0.1219,0.6203
1790338513.674,5.0860,0.1218,0.6194
1790338513.989,5.0857,0.1417,0.7210
1790338514.216,5.0856,0.1219,0.6199
1790338514.484,5.0855,0.1216,0.6188
1790338514.709,5.0854,0.1216,0.6187
1790338514.979,5.0850,0.1139,0.5795
1790338515.206,5.0849,0.1137,0.5782
1790338515.474,5.0843,0.1343,0.6828
1790338515.699,5.0838,0.1571,0.7990
1790338516.014,5.0837,0.1430,0.7273
1790338516.194,5.0834,0.1475,0.7499
1790338516.509,5.0835,0.1463,0.7441
1790338516.690,5.0833,0.1466,0.7455
1790338517.005,5.0831,0.1472,0.7484
1790338517.184,5.0831,0.1474,0.7496
1790338517.499,5.0833,0.1144,0.5818
1790338517.679,5.0838,0.1127,0.5730
1790338517.994,5.0847,0.1351,0.6869
1790338518.174,5.0853,0.1464,0.7449
1790338518.490,5.0854,0.1274,0.6480
1790338518.714,5.0854,0.1134,0.5770
1790338518.984,5.0854,0.1124,0.5720
1790338519.210,5.0854,0.1129,0.5745
1790338519.480,5.0858,0.1127,0.5732
1790338519.705,5.0858,0.1229,0.6252
1790338519.975,5.0858,0.1214,0.6178
1790338520.201,5.0856,0.1228,0.6246
1790338520.561,5.0856,0.1422,0.7235
1790338520.696,5.0852,0.1430,0.7272
1790338521.010,5.0847,0.1350,0.6868
1790338521.189,5.0844,0.1392,0.7078
1790338521.506,5.0837,0.2108,1.0716
1790338521.684,5.0830,0.1513,0.7690
1790338521.999,5.0829,0.1517,0.7712
1790338522.179,5.0827,0.1516,0.7709
1790338522.495,5.0828,0.1504,0.7649
1790338522.674,5.0839,0.1147,0.5831
1790338522.989,5.0846,0.1129,0.5744
1790338523.215,5.0851,0.1137,0.5782
1790338523.485,5.0856,0.1226,0.6239
1790338523.709,5.0855,0.1238,0.6297
1790338523.979,5.0853,0.1239,0.6305
1790338524.204,5.0851,0.1134,0.5770
1790338524.474,5.0853,0.1129,0.5744
1790338524.699,5.0848,0.1132,0.5757
1790338525.014,5.0849,0.1137,0.5782
1790338525.194,5.0851,0.1149,0.5845
1790338525.510,5.0850,0.1152,0.5858
1790338525.690,5.0854,0.1239,0.6303
1790338526.005,5.0858,0.1224,0.6226
1790338526.184,5.0858,0.1227,0.6240
1790338526.500,5.0854,0.1460,0.7424
1790338526.680,5.0847,0.1422,0.7234
1790338526.994,5.0841,0.1373,0.6983
1790338527.174,5.0836,0.1417,0.7205
1790338527.489,5.0833,0.1457,0.7406
1790338527.714,5.0835,0.2018,1.0262
1790338527.984,5.0829,0.1516,0.7708
1790338528.209,5.0829,0.1410,0.7168
1790338528.480,5.0831,0.1132,0.5755
1790338528.704,5.0832,0.1209,0.6146
1790338528.974,5.0845,0.1119,0.5693
1790338529.199,5.0850,0.1139,0.5795
1790338529.514,5.0855,0.1139,0.5796
1790338529.694,5.0856,0.1249,0.6355
1790338530.010,5.0858,0.1122,0.5707
1790338530.189,5.0856,0.1218,0.6197
1790338530.504,5.0857,0.1222,0.6215
1790338530.684,5.0858,0.1216,0.6186
1790338531.001,5.0852,0.1452,0.7386
1790338531.179,5.0854,0.1275,0.6487
1790338531.494,5.0853,0.1137,0.5783
1790338531.674,5.0852,0.1134,0.5770
1790338531.989,5.0854,0.1129,0.5745
1790338532.214,5.0852,0.1137,0.5782
1790338532.485,5.0852,0.1132,0.5757
1790338532.711,5.0852,0.1132,0.5757
1790338532.979,5.0857,0.1127,0.5732
1790338533.204,5.0858,0.1228,0.6249
1790338533.474,5.0858,0.1435,0.7298
1790338533.699,5.0854,0.1427,0.7260
1790338534.014,5.0843,0.1564,0.7953
1790338534.195,5.0835,0.1471,0.7481
1790338534.509,5.0828,0.1430,0.7269
1790338534.690,5.0827,0.1533,0.7796
1790338535.004,5.0829,0.1508,0.7666
1790338535.184,5.0834,0.1468,0.7464
1790338535.501,5.0835,0.1157,0.5881
1790338535.681,5.0839,0.1137,0.5781
1790338535.994,5.0846,0.1134,0.5769
1790338536.174,5.0853,0.1139,0.5795
1790338536.489,5.0858,0.1214,0.6176
1790338536.714,5.0854,0.1127,0.5732
1790338536.984,5.0856,0.1705,0.8675
1790338537.209,5.0852,0.1271,0.6463
1790338537.479,5.0852,0.1134,0.5770
1790338537.704,5.0854,0.1132,0.5757
1790338537.974,5.0853,0.1137,0.5783
1790338538.199,5.0856,0.1127,0.5732
1790338538.514,5.0858,0.1218,0.6194
1790338538.694,5.0858,0.1213,0.6173
1790338539.009,5.0858,0.1213,0.6169
1790338539.189,5.0859,0.1325,0.6743
1790338539.504,5.0858,0.1422,0.7235
1790338539.684,5.0854,0.1450,0.7373
1790338539.999,5.0846,0.1589,0.8079
1790338540.180,5.0836,0.1459,0.7420
1790338540.494,5.0830,0.1420,0.7218
1790338540.674,5.0830,0.1523,0.7745
1790338540.989,5.0830,0.1531,0.7784
1790338541.214,5.0833,0.1516,0.7706
1790338541.484,5.0838,0.1132,0.5755
1790338541.709,5.0840,0.1132,0.5756
1790338541.980,5.0845,0.1139,0.5794
1790338542.204,5.0851,0.1137,0.5782
1790338542.475,5.0856,0.1227,0.6241
1790338542.699,5.0858,0.1224,0.6228
1790338543.014,5.0861,0.1223,0.6220
1790338543.194,5.0861,0.1693,0.8612
1790338543.509,5.0854,0.1450,0.7373
1790338543.689,5.0854,0.1437,0.7310
1790338544.004,5.0851,0.1122,0.5707
1790338544.184,5.0849,0.1139,0.5795
1790338544.499,5.0855,0.1112,0.5656
1790338544.680,5.0853,0.1220,0.6207
1790338544.994,5.0839,0.2185,1.1108
1790338545.174,5.0822,0.2155,1.0953
1790338545.490,5.0798,0.2100,1.0670
1790338545.714,5.0782,0.2043,1.0378
1790338545.984,5.0773,0.2158,1.0959
1790338546.209,5.0773,0.2264,1.1497
1790338546.482,5.0770,0.2161,1.0973
1790338546.704,5.0769,0.1541,0.7828
1790338546.975,5.0783,0.2100,1.0667
1790338547.200,5.0786,0.1976,1.0035
1790338547.514,5.0791,0.2098,1.0656
1790338547.694,5.0793,0.2088,1.0606
1790338548.009,5.0781,0.2081,1.0570
1790338548.190,5.0781,0.2083,1.0580
1790338548.505,5.0779,0.1924,0.9771
1790338548.684,5.0781,0.1839,0.9343
1790338549.000,5.0787,0.1777,0.9029
1790338549.180,5.0791,0.1802,0.9155
1790338549.494,5.0797,0.2065,1.0493
1790338549.676,5.0796,0.2113,1.0733
1790338549.989,5.0788,0.2202,1.1185
1790338550.214,5.0782,0.2072,1.0522
1790338550.484,5.0774,0.1648,0.8371
1790338550.710,5.0781,0.1514,0.7691
1790338550.979,5.0799,0.1512,0.7681
1790338551.204,5.0809,0.1517,0.7708
1790338551.474,5.0827,0.1214,0.6171
1790338551.699,5.0834,0.1216,0.6184
1790338552.014,5.0838,0.1539,0.7826
1790338552.194,5.0843,0.1519,0.7726
1790338552.509,5.0848,0.1206,0.6135
1790338552.690,5.0844,0.2160,1.0983
1790338553.004,5.0824,0.2175,1.1054
1790338553.184,5.0808,0.2142,1.0887
1790338553.499,5.0787,0.1703,0.8650
1790338553.679,5.0780,0.2079,1.0561
1790338553.994,5.0777,0.2105,1.0692
1790338554.174,5.0775,0.2106,1.0696
1790338554.489,5.0775,0.2115,1.0742
1790338554.715,5.0767,0.2175,1.1042
1790338554.984,5.0763,0.2170,1.1015
1790338555.209,5.0763,0.2165,1.0994
1790338555.479,5.0762,0.2153,1.0931
1790338555.704,5.0765,0.2142,1.0878
1790338555.974,5.0771,0.2139,1.0862
1790338556.199,5.0771,0.2143,1.0883
1790338556.514,5.0769,0.2156,1.0948
1790338556.694,5.0768,0.2156,1.0949
1790338557.010,5.0768,0.2164,1.0990
1790338557.189,5.0768,0.2162,1.0979
1790338557.504,5.0769,0.2160,1.0970
1790338557.684,5.0770,0.2167,1.1005
1790338558.001,5.0771,0.2164,1.0989
1790338558.180,5.0771,0.1867,0.9480
1790338558.495,5.0777,0.1849,0.9392
1790338558.674,5.0781,0.1877,0.9532
1790338558.989,5.0789,0.1807,0.9180
1790338559.214,5.0793,0.1948,0.9896
1790338559.484,5.0798,0.1770,0.8993
1790338559.710,5.0804,0.1338,0.6799
1790338559.979,5.0810,0.1993,1.0130
1790338560.205,5.0810,0.1914,0.9727
1790338560.474,5.0807,0.1681,0.8540
1790338560.699,5.0804,0.1519,0.7720
1790338561.015,5.0809,0.1320,0.6711
1790338561.194,5.0818,0.1211,0.6157
1790338561.510,5.0834,0.1829,0.9302
1790338561.689,5.0725,0.2185,1.1083
1790338562.006,5.0809,0.2761,1.4029
1790338562.184,5.0795,0.2125,1.0795
1790338562.499,5.0771,0.2141,1.0872
1790338562.679,5.0764,0.2211,1.1225
1790338562.994,5.0768,0.2215,1.1245
1790338563.174,5.0768,0.2217,1.1259
1790338563.489,5.0770,0.2103,1.0677
1790338563.714,5.0770,0.2208,1.1210
1790338563.984,5.0769,0.1854,0.9416
1790338564.210,5.0773,0.1569,0.7967
1790338564.479,5.0790,0.1226,0.6229
1790338564.704,5.0804,0.1517,0.7707
1790338564.974,5.0818,0.2177,1.1066
1790338565.199,5.0818,0.2147,1.0914
1790338565.514,5.0807,0.1899,0.9650
1790338565.694,5.0801,0.1536,0.7807
1790338566.009,5.0803,0.1243,0.6319
1790338566.189,5.0813,0.1236,0.6283
1790338566.504,5.0828,0.1476,0.7506
1790338566.684,5.0831,0.1541,0.7837
1790338567.000,5.0824,0.2234,1.1357
1790338567.179,5.0808,0.2252,1.1442
1790338567.495,5.0783,0.2262,1.1487
1790338567.674,5.0771,0.2146,1.0899
1790338567.989,5.0759,0.2275,1.1548
1790338568.215,5.0759,0.2157,1.0952
1790338568.484,5.0760,0.2276,1.1554
1790338568.709,5.0762,0.2255,1.1451
1790338568.979,5.0762,0.2262,1.1484
1790338569.204,5.0759,0.2291,1.1632
1790338569.474,5.0770,0.2173,1.1035
1790338569.699,5.0770,0.2170,1.1019
1790338570.017,5.0774,0.2763,1.4031
1790338570.194,5.0776,0.2124,1.0786
1790338570.509,5.0771,0.2194,1.1141
1790338570.691,5.0771,0.2205,1.1195
1790338571.005,5.0770,0.2219,1.1268
1790338571.184,5.0770,0.2223,1.1288
1790338571.499,5.0766,0.2254,1.1445
1790338571.679,5.0766,0.1939,0.9844
1790338571.997,5.0773,0.1926,0.9782
1790338572.176,5.0777,0.1882,0.9556
1790338572.489,5.0783,0.1688,0.8574
1790338572.714,5.0792,0.2209,1.1224
1790338572.984,5.0788,0.2594,1.3178
1790338573.209,5.0783,0.2229,1.1323
1790338573.479,5.0777,0.2116,1.0747
1790338573.704,5.0769,0.2070,1.0513
1790338573.974,5.0765,0.2219,1.1264
1790338574.200,5.0765,0.2198,1.1160
1790338574.514,5.0765,0.2085,1.0588
1790338574.694,5.0765,0.2336,1.1861
1790338575.010,5.0764,0.2203,1.1186
1790338575.189,5.0766,0.2211,1.1227
1790338575.506,5.0767,0.2217,1.1257
1790338575.684,5.0768,0.2217,1.1255
1790338575.999,5.0772,0.2036,1.0337
1790338576.179,5.0772,0.2188,1.1111
1790338576.494,5.0770,0.2193,1.1135
1790338576.676,5.0768,0.2190,1.1120
1790338576.989,5.0766,0.2200,1.1171
1790338577.215,5.0770,0.1899,0.9643
1790338577.484,5.0775,0.2138,1.0857
1790338577.709,5.0778,0.2138,1.0856
1790338577.979,5.0779,0.2128,1.0810
1790338578.206,5.0783,0.1514,0.7691
1790338578.474,5.0802,0.1196,0.6080
1790338578.700,5.0813,0.1911,0.9715
1790338579.015,5.0822,0.1921,0.9766
1790338579.194,5.0822,0.1767,0.8984
1790338579.509,5.0811,0.1760,0.8945
1790338579.690,5.0926,0.0734,0.3742
1790338580.005,5.0951,0.0466,0.2378
1790338580.184,5.0873,0.0501,0.2551
1790338580.500,5.0910,0.0499,0.2540
1790338580.679,5.0933,0.0492,0.2510
1790338580.994,5.0935,0.0479,0.2442
1790338581.174,5.0935,0.0479,0.2439
1790338581.489,5.0933,0.0481,0.2454
1790338581.714,5.0933,0.0475,0.2421
1790338581.984,5.0930,0.0478,0.2437
1790338582.209,5.0930,0.0478,0.2436
1790338582.479,5.0930,0.0475,0.2421
1790338582.704,5.0930,0.0481,0.2452
1790338582.974,5.0934,0.0478,0.2436
1790338583.199,5.0934,0.0478,0.2437
1790338583.514,5.0933,0.0481,0.2453
1790338583.694,5.0935,0.0475,0.2421
1790338584.009,5.0931,0.0482,0.2457
1790338584.189,5.0929,0.0485,0.2473
1790338584.504,5.0929,0.0489,0.2493
1790338584.684,5.0928,0.0496,0.2526
1790338584.999,5.0927,0.0496,0.2529
1790338585.179,5.0930,0.0496,0.2528
1790338585.494,5.0929,0.0496,0.2528
1790338585.764,5.0930,0.0496,0.2529
1790338585.989,5.0933,0.0490,0.2498
1790338586.214,5.0935,0.0480,0.2445
1790338586.484,5.0937,0.0464,0.2366
1790338586.709,5.0935,0.0453,0.2311
1790338586.979,5.0936,0.0442,0.2255
1790338587.204,5.0935,0.0442,0.2255
1790338587.474,5.0935,0.0442,0.2255
1790338587.699,5.0936,0.0442,0.2255
1790338588.014,5.0939,0.0442,0.2255
1790338588.194,5.0939,0.0442,0.2255
1790338588.510,5.0939,0.0442,0.2254
1790338588.689,5.0938,0.0442,0.2254
1790338589.004,5.0938,0.0442,0.2254
1790338589.184,5.0938,0.0442,0.2254
1790338589.499,5.0939,0.0442,0.2255
1790338589.680,5.0939,0.0442,0.2255
1790338589.994,5.0939,0.0442,0.2255
1790338590.174,5.0939,0.0442,0.2254
1790338590.489,5.0939,0.0442,0.2253
1790338590.714,5.0939,0.0442,0.2253
1790338590.984,5.0940,0.0442,0.2253
1790338591.209,5.0941,0.0442,0.2255
1790338591.479,5.0940,0.0442,0.2256
1790338591.704,5.0939,0.0442,0.2255
1790338591.974,5.0938,0.0442,0.2255
1790338592.199,5.0938,0.0442,0.2253
1790338592.514,5.0938,0.0442,0.2253
1790338592.694,5.0940,0.0442,0.2253
1790338593.010,5.0940,0.0442,0.2253
1790338593.189,5.0940,0.0442,0.2255
1790338593.504,5.0941,0.0442,0.2254
1790338593.684,5.0940,0.0442,0.2255
1790338593.999,5.0938,0.0442,0.2254
1790338594.179,5.0936,0.0442,0.2253
1790338594.494,5.0935,0.0442,0.2253
1790338594.674,5.0936,0.0442,0.2253
1790338594.989,5.0935,0.0442,0.2253
1790338595.215,5.0936,0.0442,0.2253
1790338595.484,5.0935,0.0442,0.2253
1790338595.709,5.0935,0.0442,0.2253
1790338595.979,5.0939,0.0442,0.2253
1790338596.204,5.0939,0.0442,0.2252
1790338596.474,5.0937,0.0442,0.2251
1790338596.699,5.0935,0.0441,0.2250
1790338597.014,5.0933,0.0441,0.2250
1790338597.194,5.0934,0.0442,0.2251
1790338597.509,5.0936,0.0442,0.2251
1790338597.690,5.0937,0.0442,0.2251
1790338598.005,5.0939,0.0442,0.2253
1790338598.184,5.0938,0.0442,0.2252
1790338598.499,5.0937,0.0442,0.2253
1790338598.680,5.0939,0.0442,0.2254
1790338598.994,5.0940,0.0442,0.2253
1790338599.174,5.0940,0.0442,0.2253
1790338599.490,5.0941,0.0442,0.2252
1790338599.714,5.0941,0.0442,0.2253
1790338599.984,5.0942,0.0442,0.2253
1790338600.209,5.0943,0.0442,0.2253
1790338600.480,5.0942,0.0442,0.2253
1790338600.704,5.0942,0.0442,0.2253
1790338600.974,5.0941,0.0442,0.2253
1790338601.199,5.0942,0.0442,0.2252
1790338601.469,5.0942,0.0442,0.2253
1790338601.694,5.0940,0.0442,0.2252
1790338601.964,5.0938,0.0442,0.2252
1790338602.189,5.0935,0.0442,0.2251
1790338602.504,5.0936,0.0441,0.2250
1790338602.685,5.0937,0.0441,0.2249
1790338602.999,5.0940,0.0441,0.2250
1790338603.179,5.0940,0.0442,0.2251
1790338603.494,5.0939,0.0442,0.2251
1790338603.677,5.0939,0.0442,0.2252
1790338603.989,5.0938,0.0441,0.2250
1790338604.169,5.0936,0.0442,0.2251
1790338604.485,5.0938,0.0441,0.2250
1790338604.664,5.0938,0.0441,0.2249
1790338604.979,5.0937,0.0442,0.2251
1790338605.204,5.0939,0.0442,0.2251
1790338605.474,5.0939,0.0442,0.2252
1790338605.699,5.0939,0.0442,0.2253
1790338605.970,5.0941,0.0442,0.2252
1790338606.194,5.0942,0.0442,0.2252
1790338606.464,5.0940,0.0442,0.2252
1790338606.689,5.0937,0.0441,0.2250
1790338607.004,5.0937,0.0441,0.2250
1790338607.185,5.0936,0.0442,0.2251
1790338607.499,5.0938,0.0442,0.2251
1790338607.679,5.0940,0.0442,0.2252
1790338607.995,5.0941,0.0442,0.2252
1790338608.174,5.0941,0.0442,0.2252
1790338608.489,5.0941,0.0441,0.2251
1790338608.670,5.0942,0.0441,0.2250
1790338608.985,5.0941,0.0441,0.2250
1790338609.165,5.0941,0.0441,0.2250
1790338609.479,5.0941,0.0441,0.2248
1790338609.704,5.0941,0.0441,0.2248
1790338609.974,5.0942,0.0441,0.2248
1790338610.199,5.0943,0.0441,0.2250
1790338610.469,5.0941,0.0441,0.2251
1790338610.694,5.0941,0.0442,0.2252
1790338610.966,5.0939,0.0442,0.2252
1790338611.189,5.0939,0.0442,0.2251
1790338611.504,5.0938,0.0442,0.2251
1790338611.684,5.0937,0.0441,0.2250
1790338612.000,5.0935,0.0442,0.2251
1790338612.179,5.0936,0.0441,0.2250
1790338612.494,5.0937,0.0441,0.2249
1790338612.674,5.0938,0.0441,0.2250
1790338612.989,5.0940,0.0442,0.2251
1790338613.169,5.0939,0.0441,0.2250
1790338613.485,5.0940,0.0442,0.2251
1790338613.665,5.0938,0.0441,0.2249
1790338613.979,5.0938,0.0441,0.2248
1790338614.204,5.0936,0.0441,0.2248
1790338614.474,5.0935,0.0441,0.2248
1790338614.699,5.0935,0.0441,0.2248
1790338614.969,5.0933,0.0441,0.2249
1790338615.195,5.0934,0.0441,0.2249
1790338615.464,5.0935,0.0441,0.2250
1790338615.689,5.0937,0.0442,0.2251
1790338616.006,5.0939,0.0441,0.2249
1790338616.184,5.0940,0.0441,0.2250
1790338616.499,5.0937,0.0441,0.2249
1790338616.680,5.0935,0.0441,0.2249
1790338616.995,5.0937,0.0441,0.2250
1790338617.174,5.0937,0.0441,0.2250
1790338617.490,5.0939,0.0441,0.2249
1790338617.669,5.0941,0.0441,0.2250
1790338617.984,5.0941,0.0441,0.2248
1790338618.166,5.0942,0.0441,0.2248
1790338618.480,5.0942,0.0441,0.2247
1790338618.704,5.0941,0.0441,0.2248
1790338618.975,5.0941,0.0441,0.2249
1790338619.199,5.0939,0.0441,0.2249
1790338619.470,5.0940,0.0441,0.2250
1790338619.694,5.0942,0.0441,0.2250
1790338619.965,5.0941,0.0441,0.2250
1790338620.189,5.0941,0.0441,0.2249
1790338620.504,5.0940,0.0441,0.2248
1790338620.685,5.0940,0.0441,0.2246
1790338621.000,5.0941,0.0441,0.2248
1790338621.179,5.0943,0.0441,0.2249
1790338621.494,5.0944,0.0441,0.2249
1790338621.674,5.0944,0.0441,0.2250
1790338621.989,5.0941,0.0441,0.2250
1790338622.169,5.0941,0.0441,0.2250
1790338622.484,5.0941,0.0441,0.2250
1790338622.664,5.0943,0.0441,0.2250
1790338622.979,5.0943,0.0441,0.2250
1790338623.206,5.0943,0.0441,0.2250
1790338623.475,5.0941,0.0441,0.2250
1790338623.699,5.0941,0.0441,0.2249
1790338623.969,5.0939,0.0441,0.2250
1790338624.194,5.0937,0.0441,0.2249
1790338624.464,5.0936,0.0441,0.2249
1790338624.689,5.0936,0.0441,0.2249
1790338625.005,5.0933,0.0441,0.2249
1790338625.185,5.0935,0.0441,0.2249
1790338625.499,5.0936,0.0441,0.2249
1790338625.680,5.0936,0.0442,0.2251
1790338625.994,5.0939,0.0441,0.2250
1790338626.174,5.0940,0.0441,0.2249
1790338626.489,5.0938,0.0441,0.2248
1790338626.670,5.0937,0.0441,0.2246
1790338626.984,5.0936,0.0441,0.2246
1790338627.165,5.0937,0.0441,0.2247
1790338627.480,5.0938,0.0441,0.2249
1790338627.704,5.0939,0.0441,0.2250
1790338627.974,5.0940,0.0441,0.2251
1790338628.199,5.0939,0.0441,0.2250
1790338628.469,5.0939,0.0441,0.2248
1790338628.694,5.0940,0.0441,0.2248
1790338628.964,5.0940,0.0441,0.2248
1790338629.189,5.0941,0.0441,0.2249
1790338629.504,5.0942,0.0441,0.2250
1790338629.684,5.0942,0.0441,0.2250
1790338629.999,5.0941,0.0441,0.2250
1790338630.179,5.0941,0.0441,0.2248
1790338630.494,5.0939,0.0441,0.2246
1790338630.676,5.0938,0.0440,0.2245
1790338630.989,5.0938,0.0441,0.2247
1790338631.169,5.0940,0.0441,0.2247
1790338631.485,5.0940,0.0441,0.2250
1790338631.664,5.0940,0.0441,0.2250
1790338631.979,5.0938,0.0441,0.2249
1790338632.204,5.0937,0.0441,0.2249
1790338632.474,5.0937,0.0441,0.2249
1790338632.699,5.0939,0.0441,0.2248
1790338632.969,5.0941,0.0441,0.2248
1790338633.194,5.0941,0.0441,0.2248
1790338633.465,5.0941,0.0441,0.2248
1790338633.689,5.0939,0.0441,0.2249
1790338634.004,5.0938,0.0441,0.2248
1790338634.185,5.0937,0.0441,0.2248
1790338634.499,5.0936,0.0441,0.2248
1790338634.679,5.0935,0.0441,0.2246
1790338634.994,5.0935,0.0441,0.2247
1790338635.174,5.0938,0.0441,0.2248
1790338635.490,5.0938,0.0441,0.2248
1790338635.669,5.0938,0.0441,0.2249
1790338635.984,5.0941,0.0441,0.2249
1790338636.164,5.0941,0.0441,0.2248
1790338636.479,5.0940,0.0441,0.2248
1790338636.704,5.0938,0.0441,0.2247
1790338636.974,5.0937,0.0441,0.2248
1790338637.199,5.0937,0.0441,0.2249
1790338637.469,5.0939,0.0441,0.2251
1790338637.695,5.0941,0.0441,0.2250
1790338637.964,5.0942,0.0441,0.2250
1790338638.189,5.0941,0.0441,0.2249
1790338638.504,5.0941,0.0441,0.2249
1790338638.684,5.0940,0.0441,0.2249
1790338639.001,5.0940,0.0441,0.2248
1790338639.179,5.0941,0.0441,0.2247
1790338639.494,5.0940,0.0441,0.2246
1790338639.674,5.0941,0.0441,0.2246
1790338639.990,5.0941,0.0441,0.2248
1790338640.169,5.0941,0.0441,0.2248
1790338640.484,5.0940,0.0441,0.2249
1790338640.664,5.0941,0.0441,0.2249
1790338640.979,5.0941,0.0441,0.2248
1790338641.204,5.0942,0.0441,0.2248
1790338641.474,5.0941,0.0441,0.2250
1790338641.700,5.0941,0.0441,0.2250
1790338641.969,5.0937,0.0441,0.2249
1790338642.194,5.0936,0.0441,0.2248
1790338642.465,5.0935,0.0441,0.2247
1790338642.689,5.0937,0.0441,0.2247
1790338643.005,5.0941,0.0441,0.2248
1790338643.184,5.0942,0.0441,0.2248
1790338643.499,5.0942,0.0441,0.2246
1790338643.679,5.0942,0.0440,0.2246
1790338643.994,5.0938,0.0441,0.2246
1790338644.174,5.0936,0.0440,0.2245
1790338644.490,5.0937,0.0441,0.2247
1790338644.669,5.0936,0.0441,0.2246
1790338644.984,5.0935,0.0441,0.2246
1790338645.164,5.0936,0.0441,0.2247
1790338645.480,5.0936,0.0441,0.2247
1790338645.704,5.0937,0.0441,0.2248
1790338645.974,5.0941,0.0441,0.2249
1790338646.199,5.0942,0.0441,0.2248
1790338646.469,5.0942,0.0441,0.2247
1790338646.694,5.0939,0.0441,0.2247
1790338646.965,5.0938,0.0441,0.2246
1790338647.189,5.0939,0.0441,0.2246
1790338647.504,5.0938,0.0441,0.2246
1790338647.685,5.0940,0.0440,0.2245
1790338648.001,5.0941,0.0441,0.2246
1790338648.179,5.0942,0.0440,0.2246
1790338648.494,5.0939,0.0441,0.2246
1790338648.675,5.0938,0.0441,0.2246
1790338648.989,5.0938,0.0440,0.2245
1790338649.169,5.0937,0.0441,0.2246
1790338649.484,5.0940,0.0441,0.2246
1790338649.664,5.0942,0.0441,0.2248
1790338649.980,5.0942,0.0441,0.2248
1790338650.204,5.0942,0.0441,0.2247
1790338650.474,5.0942,0.0440,0.2245
1790338650.699,5.0942,0.0440,0.2245
1790338650.969,5.0942,0.0440,0.2245
1790338651.194,5.0941,0.0440,0.2245
1790338651.464,5.0939,0.0441,0.2246
1790338651.689,5.0937,0.0441,0.2246
1790338652.004,5.0937,0.0441,0.2246
1790338652.184,5.0937,0.0441,0.2246
1790338652.499,5.0939,0.0441,0.2246
1790338652.679,5.0942,0.0441,0.2247
1790338652.995,5.0943,0.0441,0.2247
1790338653.174,5.0944,0.0441,0.2247
1790338653.489,5.0944,0.0441,0.2247
1790338653.670,5.0943,0.0440,0.2246
1790338653.984,5.0943,0.0440,0.2245
1790338654.164,5.0941,0.0440,0.2244
1790338654.479,5.0939,0.0440,0.2244
1790338654.704,5.0938,0.0440,0.2244
1790338654.974,5.0936,0.0441,0.2246
1790338655.199,5.0936,0.0441,0.2246
1790338655.469,5.0935,0.0441,0.2246
1790338655.695,5.0937,0.0440,0.2245
1790338655.964,5.0942,0.0441,0.2247
1790338656.190,5.0944,0.0441,0.2248
1790338656.504,5.0942,0.0441,0.2247
1790338656.684,5.0940,0.0441,0.2247
1790338657.000,5.0939,0.0440,0.2245
1790338657.180,5.0938,0.0440,0.2245
1790338657.494,5.0941,0.0441,0.2246
1790338657.674,5.0942,0.0441,0.2247
1790338657.990,5.0943,0.0441,0.2246
1790338658.169,5.0943,0.0441,0.2246
1790338658.484,5.0943,0.0441,0.2246
1790338658.664,5.0943,0.0441,0.2246
1790338658.979,5.0941,0.0441,0.2247
1790338659.204,5.0943,0.0441,0.2248
1790338659.475,5.0943,0.0441,0.2247
1790338659.699,5.0943,0.0441,0.2246
1790338659.970,5.0942,0.0441,0.2247
1790338660.195,5.0942,0.0441,0.2246
1790338660.464,5.0942,0.0440,0.2246
1790338660.690,5.0942,0.0440,0.2245
1790338661.004,5.0941,0.0440,0.2245
1790338661.184,5.0940,0.0441,0.2246
1790338661.499,5.0940,0.0441,0.2246
1790338661.679,5.0938,0.0440,0.2245
1790338661.994,5.0939,0.0440,0.2245
1790338662.174,5.0941,0.0441,0.2246
1790338662.489,5.0940,0.0441,0.2246
1790338662.669,5.0942,0.0441,0.2246
1790338662.984,5.0943,0.0441,0.2246
1790338663.254,5.0942,0.0440,0.2245
1790338663.479,5.0942,0.0440,0.2246
1790338663.704,5.0941,0.0440,0.2245
1790338663.974,5.0939,0.0441,0.2247
1790338664.199,5.0937,0.0441,0.2246
1790338664.470,5.0939,0.0441,0.2246
1790338664.694,5.0938,0.0441,0.2249
1790338664.964,5.0937,0.0441,0.2247
1790338665.190,5.0937,0.0441,0.2247
1790338665.504,5.0938,0.0441,0.2248
1790338665.684,5.0939,0.0441,0.2247
1790338666.001,5.0943,0.0441,0.2247
1790338666.179,5.0944,0.0441,0.2248
1790338666.494,5.0941,0.0441,0.2248
1790338666.674,5.0939,0.0441,0.2246
1790338666.989,5.0938,0.0441,0.2246
1790338667.169,5.0938,0.0440,0.2243
1790338667.484,5.0940,0.0440,0.2244
1790338667.664,5.0942,0.0440,0.2245
1790338667.980,5.0942,0.0440,0.2245
1790338668.204,5.0941,0.0441,0.2247
1790338668.474,5.0942,0.0441,0.2246
1790338668.700,5.0941,0.0441,0.2247
1790338668.969,5.0940,0.0440,0.2245
1790338669.195,5.0941,0.0441,0.2246
1790338669.464,5.0941,0.0441,0.2246
1790338669.690,5.0943,0.0440,0.2246
1790338670.004,5.0943,0.0441,0.2246
1790338670.184,5.0944,0.0441,0.2247
1790338670.499,5.0945,0.0441,0.2246
1790338670.679,5.0944,0.0441,0.2247
1790338670.994,5.0945,0.0440,0.2246
1790338671.174,5.0944,0.0440,0.2245
1790338671.490,5.0942,0.0440,0.2245
1790338671.669,5.0942,0.0440,0.2245
1790338671.987,5.0939,0.0441,0.2246
1790338672.164,5.0938,0.0441,0.2247
1790338672.480,5.0939,0.0441,0.2246
1790338672.704,5.0940,0.0441,0.2246
1790338672.974,5.0941,0.0440,0.2246
1790338673.199,5.0942,0.0440,0.2246
1790338673.470,5.0942,0.0440,0.2245
1790338673.694,5.0942,0.0440,0.2245
1790338673.964,5.0941,0.0440,0.2245
1790338674.190,5.0939,0.0440,0.2244
1790338674.504,5.0939,0.0440,0.2245
1790338674.685,5.0938,0.0440,0.2245
1790338675.000,5.0938,0.0440,0.2245
1790338675.179,5.0938,0.0440,0.2244
1790338675.494,5.0936,0.0440,0.2243
1790338675.674,5.0933,0.0440,0.2242
1790338675.989,5.0933,0.0440,0.2242
1790338676.170,5.0932,0.0440,0.2242
1790338676.484,5.0931,0.0440,0.2241
1790338676.665,5.0931,0.0440,0.2243
1790338676.980,5.0933,0.0440,0.2244
1790338677.204,5.0935,0.0440,0.2244
1790338677.474,5.0938,0.0440,0.2245
1790338677.699,5.0941,0.0440,0.2245
1790338677.969,5.0943,0.0440,0.2243
1790338678.195,5.0943,0.0440,0.2243
1790338678.464,5.0942,0.0440,0.2244
1790338678.690,5.0942,0.0440,0.2243
1790338679.005,5.0942,0.0440,0.2245
1790338679.185,5.0941,0.0440,0.2246
1790338679.499,5.0942,0.0440,0.2245
1790338679.680,5.0941,0.0441,0.2246
1790338679.994,5.0942,0.0440,0.2246
1790338680.174,5.0943,0.0440,0.2245
1790338680.490,5.0942,0.0440,0.2245
1790338680.670,5.0942,0.0440,0.2244
1790338680.985,5.0941,0.0440,0.2245
1790338681.164,5.0942,0.0440,0.2246
1790338681.480,5.0941,0.0440,0.2245
1790338681.704,5.0940,0.0440,0.2244
1790338681.974,5.0939,0.0440,0.2244
1790338682.199,5.0939,0.0440,0.2244
1790338682.470,5.0940,0.0440,0.2244
1790338682.695,5.0941,0.0441,0.2246
1790338682.965,5.0943,0.0440,0.2245
1790338683.190,5.0942,0.0440,0.2246
1790338683.504,5.0942,0.0441,0.2246
1790338683.684,5.0941,0.0440,0.2245
1790338683.999,5.0939,0.0441,0.2246
1790338684.180,5.0937,0.0441,0.2246
1790338684.495,5.0935,0.0441,0.2246
1790338684.674,5.0936,0.0441,0.2246
1790338684.989,5.0937,0.0440,0.2245
1790338685.169,5.0937,0.0440,0.2245
1790338685.484,5.0938,0.0440,0.2244
1790338685.664,5.0938,0.0440,0.2244
1790338685.979,5.0939,0.0440,0.2245
1790338686.204,5.0941,0.0440,0.2243
1790338686.474,5.0939,0.0440,0.2244
1790338686.699,5.0937,0.0440,0.2244
1790338686.969,5.0936,0.0440,0.2243
1790338687.194,5.0936,0.0440,0.2243
1790338687.464,5.0940,0.0440,0.2244
1790338687.690,5.0942,0.0440,0.2244
1790338688.004,5.0943,0.0440,0.2244
1790338688.184,5.0944,0.0440,0.2244
1790338688.499,5.0943,0.0440,0.2243
1790338688.680,5.0943,0.0440,0.2243
1790338688.995,5.0944,0.0440,0.2244
1790338689.174,5.0942,0.0440,0.2243
1790338689.490,5.0943,0.0440,0.2243
1790338689.670,5.0944,0.0440,0.2243
1790338689.984,5.0942,0.0440,0.2244
1790338690.164,5.0942,0.0440,0.2243
1790338690.481,5.0942,0.0440,0.2244
1790338690.704,5.0941,0.0440,0.2243
1790338690.974,5.0941,0.0440,0.2243
1790338691.199,5.0941,0.0440,0.2244
1790338691.469,5.0940,0.0440,0.2244
1790338691.695,5.0941,0.0440,0.2245
1790338691.964,5.0936,0.0440,0.2244
1790338692.189,5.0937,0.0440,0.2244
1790338692.504,5.0937,0.0440,0.2243
1790338692.684,5.0940,0.0440,0.2242
1790338693.000,5.0943,0.0440,0.2243
1790338693.179,5.0943,0.0440,0.2243
1790338693.495,5.0943,0.0440,0.2244
1790338693.674,5.0941,0.0440,0.2244
1790338693.989,5.0939,0.0440,0.2244
1790338694.169,5.0935,0.0440,0.2245
1790338694.484,5.0937,0.0440,0.2245
1790338694.665,5.0936,0.0440,0.2245
1790338694.979,5.0936,0.0440,0.2244
1790338695.204,5.0938,0.0440,0.2244
1790338695.474,5.0939,0.0440,0.2244
1790338695.699,5.0939,0.0440,0.2244
1790338695.969,5.0941,0.0440,0.2245
1790338696.194,5.0942,0.0440,0.2244
1790338696.464,5.0939,0.0440,0.2243
1790338696.690,5.0938,0.0440,0.2243
1790338697.005,5.0939,0.0440,0.2244
1790338697.184,5.0939,0.0440,0.2244
1790338697.499,5.0941,0.0440,0.2245
1790338697.680,5.0942,0.0440,0.2245
1790338697.995,5.0942,0.0440,0.2245
1790338698.175,5.0941,0.0440,0.2245
1790338698.490,5.0942,0.0440,0.2244
1790338698.670,5.0941,0.0440,0.2244
1790338698.985,5.0939,0.0440,0.2244
1790338699.164,5.0940,0.0440,0.2243
1790338699.480,5.0941,0.0440,0.2244
1790338699.704,5.0942,0.0440,0.2245
1790338699.974,5.0944,0.0440,0.2244
1790338700.199,5.0945,0.0440,0.2245
1790338700.470,5.0944,0.0440,0.2245
1790338700.696,5.0944,0.0440,0.2245
1790338700.964,5.0942,0.0440,0.2245
1790338701.190,5.0941,0.0440,0.2245
1790338701.504,5.0942,0.0440,0.2244
1790338701.684,5.0940,0.0440,0.2244
1790338702.000,5.0938,0.0440,0.2242
1790338702.179,5.0939,0.0440,0.2244
1790338702.494,5.0939,0.0440,0.2244
1790338702.674,5.0940,0.0440,0.2244
1790338702.990,5.0943,0.0440,0.2245
1790338703.169,5.0943,0.0440,0.2244
1790338703.485,5.0943,0.0440,0.2244
1790338703.664,5.0943,0.0440,0.2244
1790338703.979,5.0942,0.0440,0.2244
1790338704.207,5.0940,0.0440,0.2243
1790338704.474,5.0941,0.0440,0.2243
1790338704.699,5.0940,0.0440,0.2243
1790338704.969,5.0938,0.0440,0.2244
1790338705.195,5.0941,0.0440,0.2244
1790338705.464,5.0939,0.0440,0.2244
1790338705.689,5.0939,0.0440,0.2244
1790338706.005,5.0942,0.0440,0.2242
1790338706.185,5.0942,0.0440,0.2243
1790338706.500,5.0939,0.0440,0.2244
1790338706.680,5.0938,0.0440,0.2244
1790338706.994,5.0938,0.0440,0.2244
1790338707.174,5.0937,0.0440,0.2244
1790338707.489,5.0940,0.0440,0.2244
1790338707.670,5.0942,0.0440,0.2245
1790338707.984,5.0941,0.0440,0.2244
1790338708.164,5.0942,0.0440,0.2243
1790338708.480,5.0943,0.0440,0.2245
1790338708.704,5.0944,0.0440,0.2244
1790338708.974,5.0946,0.0440,0.2244
1790338709.200,5.0945,0.0440,0.2244
1790338709.470,5.0946,0.0440,0.2243
1790338709.694,5.0945,0.0440,0.2243
1790338709.964,5.0946,0.0440,0.2243
1790338710.190,5.0946,0.0440,0.2244
1790338710.504,5.0944,0.0440,0.2245
1790338710.685,5.0944,0.0440,0.2245
1790338710.999,5.0943,0.0440,0.2245
1790338711.180,5.0944,0.0440,0.2244
1790338711.494,5.0943,0.0440,0.2244
1790338711.674,5.0941,0.0440,0.2243
1790338712.034,5.0940,0.0440,0.2244
1790338712.169,5.0939,0.0440,0.2243
1790338712.485,5.0940,0.0440,0.2244
1790338712.665,5.0941,0.0440,0.2242
1790338712.979,5.0944,0.0440,0.2243
1790338713.204,5.0944,0.0440,0.2243
1790338713.475,5.0944,0.0440,0.2243
1790338713.699,5.0944,0.0440,0.2245
1790338713.969,5.0942,0.0440,0.2244
1790338714.195,5.0939,0.0440,0.2244
1790338714.464,5.0939,0.0440,0.2244
1790338714.690,5.0938,0.0440,0.2244
1790338715.004,5.0937,0.0440,0.2242
1790338715.185,5.0939,0.0440,0.2243
1790338715.499,5.0939,0.0440,0.2243
1790338715.680,5.0940,0.0440,0.2243
1790338715.994,5.0942,0.0440,0.2244
1790338716.177,5.0942,0.0440,0.2245
1790338716.490,5.0941,0.0440,0.2244
1790338716.670,5.0938,0.0440,0.2244
1790338716.985,5.0939,0.0440,0.2242
1790338717.165,5.0940,0.0440,0.2241
1790338717.479,5.0941,0.0440,0.2243
1790338717.750,5.0943,0.0440,0.2245
1790338717.974,5.0943,0.0440,0.2245
1790338718.200,5.0943,0.0440,0.2245
1790338718.470,5.0942,0.0440,0.2244
1790338718.740,5.0941,0.0440,0.2243
1790338718.964,5.0942,0.0440,0.2242
1790338719.190,5.0941,0.0440,0.2242
1790338719.504,5.0942,0.0440,0.2242
1790338719.684,5.0943,0.0440,0.2242
1790338720.000,5.0944,0.0440,0.2243
1790338720.179,5.0944,0.0440,0.2242
1790338720.494,5.0944,0.0440,0.2242
1790338720.674,5.0944,0.0440,0.2243
1790338720.989,5.0945,0.0440,0.2244
1790338721.169,5.0945,0.0440,0.2243
1790338721.484,5.0944,0.0440,0.2244
1790338721.664,5.0943,0.0440,0.2243
1790338721.980,5.0940,0.0440,0.2241
1790338722.204,5.0940,0.0440,0.2242
1790338722.475,5.0941,0.0440,0.2244
1790338722.700,5.0943,0.0440,0.2246
1790338722.969,5.0947,0.0441,0.2246
1790338723.195,5.0948,0.0441,0.2246
1790338723.465,5.0947,0.0440,0.2244
1790338723.689,5.0948,0.0440,0.2244
1790338724.004,5.0944,0.0440,0.2243
1790338724.185,5.0941,0.0440,0.2242
1790338724.499,5.0939,0.0440,0.2242
1790338724.680,5.0938,0.0440,0.2241
1790338724.995,5.0939,0.0440,0.2242
1790338725.174,5.0941,0.0440,0.2242
1790338725.490,5.0941,0.0440,0.2243
1790338725.670,5.0941,0.0440,0.2243
1790338725.984,5.0942,0.0440,0.2245
1790338726.164,5.0943,0.0440,0.2244
1790338726.479,5.0942,0.0440,0.2242
1790338726.704,5.0940,0.0440,0.2242
1790338726.974,5.0941,0.0440,0.2241
1790338727.199,5.0942,0.0439,0.2240
1790338727.470,5.0944,0.0440,0.2243
1790338727.694,5.0946,0.0440,0.2243
1790338727.964,5.0948,0.0440,0.2243
1790338728.190,5.0947,0.0440,0.2243
1790338728.504,5.0947,0.0440,0.2243
1790338728.684,5.0946,0.0440,0.2242
1790338728.999,5.0945,0.0440,0.2242
1790338729.179,5.0945,0.0440,0.2242
1790338729.494,5.0944,0.0440,0.2242
1790338729.674,5.0944,0.0440,0.2241
1790338729.989,5.0944,0.0440,0.2241
1790338730.169,5.0943,0.0440,0.2242
1790338730.485,5.0944,0.0440,0.2242
1790338730.665,5.0943,0.0440,0.2243
1790338730.980,5.0944,0.0440,0.2242
1790338731.204,5.0944,0.0440,0.2241
1790338731.474,5.0942,0.0439,0.2240
1790338731.699,5.0940,0.0439,0.2239
1790338731.969,5.0938,0.0440,0.2241
1790338732.194,5.0938,0.0440,0.2242
1790338732.465,5.0940,0.0440,0.2242
1790338732.690,5.0941,0.0440,0.2242
1790338733.004,5.0944,0.0440,0.2242
1790338733.184,5.0944,0.0440,0.2241
1790338733.499,5.0946,0.0440,0.2243
1790338733.680,5.0946,0.0440,0.2244
1790338733.994,5.0942,0.0440,0.2244
1790338734.174,5.0940,0.0440,0.2244
1790338734.489,5.0939,0.0440,0.2244
1790338734.669,5.0937,0.0440,0.2244
1790338734.985,5.0937,0.0440,0.2245
1790338735.165,5.0939,0.0440,0.2244
1790338735.480,5.0942,0.0440,0.2245
1790338735.704,5.0943,0.0440,0.2246
1790338735.975,5.0946,0.0440,0.2245
1790338736.199,5.0946,0.0440,0.2245
1790338736.469,5.0942,0.0440,0.2244
1790338736.694,5.0939,0.0440,0.2244
1790338736.964,5.0940,0.0440,0.2243
1790338737.189,5.0940,0.0440,0.2243
1790338737.505,5.0942,0.0440,0.2242
1790338737.685,5.0944,0.0440,0.2243
1790338738.000,5.0943,0.0440,0.2243
1790338738.180,5.0944,0.0440,0.2243
1790338738.494,5.0944,0.0440,0.2244
1790338738.676,5.0944,0.0440,0.2243
1790338738.989,5.0944,0.0440,0.2244
1790338739.169,5.0944,0.0440,0.2243
1790338739.485,5.0942,0.0440,0.2243
1790338739.665,5.0942,0.0440,0.2241
1790338739.980,5.0942,0.0440,0.2241
1790338740.204,5.0942,0.0439,0.2240
1790338740.475,5.0944,0.0440,0.2241
1790338740.699,5.0944,0.0440,0.2241
1790338741.059,5.0945,0.0440,0.2241
1790338741.195,5.0945,0.0440,0.2243
1790338741.464,5.0943,0.0440,0.2243
1790338741.692,5.0941,0.0440,0.2241
1790338742.004,5.0937,0.0440,0.2241
1790338742.185,5.0936,0.0439,0.2240
1790338742.499,5.0938,0.0439,0.2240
1790338742.680,5.0940,0.0440,0.2241
1790338742.995,5.0943,0.0440,0.2242
1790338743.175,5.0944,0.0440,0.2244
1790338743.491,5.0944,0.0440,0.2245
1790338743.669,5.0943,0.0440,0.2245
1790338743.984,5.0942,0.0440,0.2245
1790338744.164,5.0941,0.0440,0.2243
1790338744.479,5.0941,0.0440,0.2242
1790338744.704,5.0940,0.0440,0.2241
1790338744.975,5.0939,0.0439,0.2239
1790338745.200,5.0939,0.0439,0.2239
1790338745.469,5.0939,0.0439,0.2239
1790338745.694,5.0941,0.0439,0.2239
1790338745.965,5.0944,0.0440,0.2241
1790338746.189,5.0945,0.0440,0.2241
1790338746.504,5.0941,0.0440,0.2242
1790338746.685,5.0939,0.0440,0.2244
1790338747.000,5.0941,0.0440,0.2244
1790338747.179,5.0941,0.0440,0.2244
1790338747.494,5.0944,0.0440,0.2244
1790338747.674,5.0945,0.0440,0.2243
1790338747.989,5.0943,0.0440,0.2243
1790338748.169,5.0942,0.0440,0.2243
1790338748.484,5.0943,0.0440,0.2242
1790338748.664,5.0944,0.0440,0.2243
1790338748.979,5.0945,0.0440,0.2243
1790338749.205,5.0945,0.0440,0.2243
1790338749.475,5.0944,0.0440,0.2242
1790338749.699,5.0944,0.0440,0.2243
1790338749.970,5.0944,0.0440,0.2243
1790338750.194,5.0944,0.0440,0.2243
1790338750.464,5.0943,0.0440,0.2243
1790338750.689,5.0941,0.0440,0.2242
1790338751.005,5.0942,0.0440,0.2241
1790338751.185,5.0943,0.0440,0.2241
1790338751.499,5.0943,0.0440,0.2243
1790338751.679,5.0942,0.0440,0.2242
1790338751.995,5.0940,0.0440,0.2242
1790338752.174,5.0940,0.0440,0.2241
1790338752.489,5.0940,0.0440,0.2241
1790338752.670,5.0941,0.0439,0.2240
1790338752.984,5.0945,0.0440,0.2243
1790338753.164,5.0943,0.0440,0.2243
1790338753.480,5.0942,0.0440,0.2244
1790338753.704,5.0941,0.0440,0.2244
1790338753.974,5.0936,0.0440,0.2242
1790338754.199,5.0935,0.0440,0.2241
1790338754.469,5.0935,0.0439,0.2240
1790338754.694,5.0936,0.0440,0.2241
1790338754.964,5.0937,0.0440,0.2241
1790338755.189,5.0938,0.0440,0.2241
1790338755.504,5.0939,0.0440,0.2241
1790338755.685,5.0939,0.0440,0.2241
1790338755.999,5.0940,0.0440,0.2241
1790338756.179,5.0942,0.0440,0.2241
1790338756.494,5.0939,0.0440,0.2241
1790338756.675,5.0937,0.0440,0.2242
1790338756.990,5.0938,0.0440,0.2243
1790338757.169,5.0938,0.0440,0.2242
1790338757.484,5.0942,0.0440,0.2242
1790338757.664,5.0945,0.0440,0.2242
1790338757.979,5.0945,0.0440,0.2241
1790338758.204,5.0944,0.0440,0.2242
1790338758.474,5.0944,0.0440,0.2241
1790338758.699,5.0944,0.0440,0.2243
1790338758.969,5.0943,0.0440,0.2243
1790338759.195,5.0944,0.0440,0.2243
1790338759.464,5.0946,0.0440,0.2244
1790338759.690,5.0945,0.0440,0.2243
1790338760.005,5.0946,0.0440,0.2243
1790338760.185,5.0945,0.0440,0.2243
1790338760.499,5.0945,0.0440,0.2242
1790338760.679,5.0944,0.0440,0.2242
1790338760.994,5.0944,0.0440,0.2243
1790338761.175,5.0944,0.0440,0.2243
1790338761.489,5.0943,0.0440,0.2242
1790338761.669,5.0942,0.0440,0.2242
1790338761.985,5.0941,0.0440,0.2241
1790338762.165,5.0941,0.0440,0.2241
1790338762.480,5.0941,0.0440,0.2241
1790338762.705,5.0941,0.0440,0.2242
1790338762.975,5.0942,0.0440,0.2241
1790338763.200,5.0943,0.0440,0.2242
1790338763.470,5.0944,0.0440,0.2242
1790338763.694,5.0945,0.0440,0.2243
1790338763.964,5.0945,0.0440,0.2244
1790338764.189,5.0942,0.0440,0.2242
1790338764.504,5.0942,0.0440,0.2241
1790338764.685,5.0941,0.0440,0.2242
1790338764.999,5.0939,0.0440,0.2241
1790338765.180,5.0940,0.0440,0.2241
1790338765.494,5.0941,0.0440,0.2243
1790338765.675,5.0941,0.0440,0.2243
1790338765.990,5.0944,0.0440,0.2244
1790338766.171,5.0944,0.0440,0.2245
1790338766.484,5.0941,0.0440,0.2242
1790338766.665,5.0937,0.0440,0.2242
1790338766.979,5.0936,0.0439,0.2240
1790338767.205,5.0937,0.0440,0.2241
1790338767.475,5.0939,0.0440,0.2241
1790338767.699,5.0941,0.0440,0.2241
1790338767.969,5.0944,0.0440,0.2242
1790338768.195,5.0944,0.0440,0.2242
1790338768.464,5.0944,0.0440,0.2242
1790338768.689,5.0943,0.0440,0.2243
1790338769.004,5.0941,0.0440,0.2242
1790338769.185,5.0941,0.0440,0.2241
1790338769.500,5.0941,0.0440,0.2241
1790338769.680,5.0941,0.0440,0.2241
1790338769.994,5.0942,0.0440,0.2241
1790338770.175,5.0943,0.0440,0.2241
1790338770.489,5.0942,0.0440,0.2241
1790338770.670,5.0943,0.0440,0.2243
1790338770.985,5.0943,0.0440,0.2242
1790338771.164,5.0943,0.0440,0.2243
1790338771.480,5.0944,0.0440,0.2243
1790338771.704,5.0942,0.0440,0.2241
1790338771.975,5.0940,0.0439,0.2240
1790338772.200,5.0939,0.0439,0.2240
1790338772.469,5.0937,0.0439,0.2240
1790338772.694,5.0939,0.0440,0.2241
1790338772.964,5.0941,0.0440,0.2242
1790338773.189,5.0941,0.0440,0.2242
1790338773.504,5.0942,0.0440,0.2242
1790338773.684,5.0941,0.0440,0.2242
1790338773.999,5.0940,0.0440,0.2242
1790338774.180,5.0939,0.0440,0.2242
1790338774.494,5.0939,0.0440,0.2242
1790338774.674,5.0937,0.0440,0.2242
1790338774.990,5.0937,0.0440,0.2241
1790338775.170,5.0939,0.0440,0.2241
1790338775.484,5.0939,0.0440,0.2241
1790338775.664,5.0939,0.0440,0.2241
1790338775.980,5.0943,0.0440,0.2242
1790338776.204,5.0943,0.0440,0.2241
1790338776.474,5.0941,0.0440,0.2241
1790338776.699,5.0939,0.0440,0.2241
1790338776.969,5.0938,0.0440,0.2241
1790338777.195,5.0939,0.0440,0.2241
1790338777.464,5.0941,0.0440,0.2241
1790338777.689,5.0943,0.0440,0.2241
1790338778.004,5.0944,0.0439,0.2240
1790338778.185,5.0942,0.0439,0.2239
1790338778.500,5.0944,0.0440,0.2241
1790338778.680,5.0944,0.0439,0.2241
1790338778.995,5.0946,0.0440,0.2242
1790338779.175,5.0946,0.0440,0.2242
1790338779.489,5.0945,0.0440,0.2243
1790338779.669,5.0946,0.0440,0.2242
1790338779.985,5.0946,0.0440,0.2243
1790338780.164,5.0945,0.0440,0.2243
1790338780.480,5.0945,0.0440,0.2241
1790338780.705,5.0944,0.0440,0.2242
1790338780.975,5.0942,0.0439,0.2240
1790338781.199,5.0943,0.0440,0.2241
1790338781.469,5.0941,0.0440,0.2242
1790338781.694,5.0941,0.0440,0.2241
1790338781.964,5.0938,0.0440,0.2242
1790338782.189,5.0939,0.0440,0.2242
1790338782.504,5.0941,0.0440,0.2242
1790338782.684,5.0943,0.0440,0.2242
1790338783.000,5.0946,0.0440,0.2242
1790338783.180,5.0946,0.0440,0.2242
1790338783.494,5.0946,0.0440,0.2241
1790338783.674,5.0946,0.0440,0.2242
1790338783.989,5.0944,0.0440,0.2243
1790338784.169,5.0942,0.0440,0.2241
1790338784.484,5.0942,0.0440,0.2241
1790338784.664,5.0939,0.0440,0.2241
1790338784.980,5.0937,0.0440,0.2241
1790338785.204,5.0938,0.0440,0.2241
1790338785.474,5.0937,0.0440,0.2242
1790338785.699,5.0940,0.0440,0.2242
1790338785.969,5.0943,0.0440,0.2241
1790338786.194,5.0944,0.0440,0.2241
1790338786.464,5.0942,0.0439,0.2240
1790338786.689,5.0939,0.0439,0.2240
1790338787.004,5.0938,0.0439,0.2240
1790338787.185,5.0938,0.0440,0.2241
1790338787.499,5.0939,0.0440,0.2241
1790338787.679,5.0941,0.0440,0.2241
1790338787.994,5.0940,0.0440,0.2241
1790338788.175,5.0940,0.0440,0.2241
1790338788.489,5.0941,0.0439,0.2240
1790338788.670,5.0942,0.0439,0.2239
1790338788.984,5.0944,0.0440,0.2241
1790338789.164,5.0943,0.0440,0.2242
1790338789.480,5.0943,0.0440,0.2243
1790338789.706,5.0944,0.0440,0.2243
1790338789.975,5.0944,0.0440,0.2243
1790338790.199,5.0945,0.0440,0.2242
1790338790.470,5.0945,0.0440,0.2242
1790338790.694,5.0945,0.0440,0.2242
1790338790.964,5.0944,0.0440,0.2243
1790338791.189,5.0944,0.0440,0.2243
1790338791.505,5.0942,0.0440,0.2243
1790338791.684,5.0941,0.0440,0.2242
1790338792.000,5.0939,0.0440,0.2242
1790338792.180,5.0939,0.0440,0.2242
1790338792.494,5.0940,0.0440,0.2241
1790338792.675,5.0942,0.0440,0.2242
1790338792.990,5.0944,0.0440,0.2243
1790338793.169,5.0945,0.0440,0.2244
1790338793.484,5.0943,0.0440,0.2243
1790338793.664,5.0943,0.0440,0.2241
1790338793.979,5.0942,0.0440,0.2241
1790338794.205,5.0940,0.0440,0.2241
1790338794.474,5.0940,0.0440,0.2241
1790338794.699,5.0939,0.0440,0.2241
1790338794.970,5.0938,0.0440,0.2241
1790338795.195,5.0938,0.0440,0.2241
1790338795.464,5.0937,0.0440,0.2241
1790338795.689,5.0939,0.0440,0.2241
1790338796.004,5.0941,0.0439,0.2240
1790338796.184,5.0942,0.0440,0.2241
1790338796.499,5.0942,0.0440,0.2242
1790338796.680,5.0938,0.0440,0.2242
1790338796.995,5.0938,0.0440,0.2242
1790338797.174,5.0939,0.0440,0.2242
1790338797.489,5.0939,0.0440,0.2241
1790338797.670,5.0941,0.0440,0.2241
1790338797.985,5.0942,0.0439,0.2240
1790338798.164,5.0942,0.0439,0.2240
1790338798.479,5.0943,0.0439,0.2240
1790338798.705,5.0944,0.0439,0.2239
1790338798.975,5.0944,0.0439,0.2241
1790338799.199,5.0944,0.0439,0.2241
1790338799.469,5.0944,0.0440,0.2241
1790338799.695,5.0942,0.0440,0.2242
1790338799.964,5.0942,0.0440,0.2241
1790338800.189,5.0942,0.0440,0.2241
1790338800.504,5.0940,0.0440,0.2241
1790338800.684,5.0941,0.0439,0.2240
1790338800.999,5.0942,0.0440,0.2241
1790338801.180,5.0941,0.0440,0.2242
1790338801.496,5.0943,0.0440,0.2243
1790338801.674,5.0941,0.0440,0.2243
1790338801.990,5.0937,0.0440,0.2242
1790338802.169,5.0936,0.0440,0.2242
1790338802.484,5.0935,0.0440,0.2241
1790338802.665,5.0938,0.0439,0.2240
1790338802.980,5.0941,0.0440,0.2241
1790338803.205,5.0942,0.0440,0.2241
1790338803.475,5.0942,0.0439,0.2240
1790338803.699,5.0940,0.0440,0.2241
1790338803.969,5.0938,0.0440,0.2242
1790338804.194,5.0936,0.0440,0.2241
1790338804.465,5.0937,0.0440,0.2243
1790338804.689,5.0937,0.0440,0.2243
1790338805.005,5.0936,0.0440,0.2242
1790338805.185,5.0937,0.0440,0.2243
1790338805.499,5.0939,0.0440,0.2241
1790338805.680,5.0939,0.0439,0.2239
1790338805.995,5.0943,0.0439,0.2239
1790338806.174,5.0945,0.0439,0.2239
1790338806.489,5.0943,0.0439,0.2240
1790338806.669,5.0940,0.0440,0.2241
1790338806.984,5.0938,0.0440,0.2242
1790338807.165,5.0936,0.0440,0.2242
1790338807.480,5.0939,0.0440,0.2242
1790338807.704,5.0942,0.0440,0.2242
1790338807.974,5.0944,0.0440,0.2241
1790338808.199,5.0945,0.0439,0.2240
1790338808.469,5.0944,0.0440,0.2241
1790338808.694,5.0943,0.0440,0.2241
1790338808.964,5.0942,0.0440,0.2242
1790338809.190,5.0942,0.0440,0.2241
1790338809.504,5.0944,0.0439,0.2241
1790338809.684,5.0943,0.0440,0.2241
1790338810.000,5.0944,0.0440,0.2241
1790338810.179,5.0943,0.0440,0.2242
1790338810.494,5.0942,0.0440,0.2241
1790338810.675,5.0942,0.0440,0.2241
1790338810.989,5.0942,0.0440,0.2241
1790338811.169,5.0942,0.0440,0.2241
1790338811.483,5.0942,0.0440,0.2242
1790338811.663,5.0941,0.0440,0.2242
1790338811.980,5.0937,0.0440,0.2242
1790338812.205,5.0939,0.0440,0.2242
1790338812.475,5.0939,0.0440,0.2242
1790338812.699,5.0941,0.0440,0.2242
1790338812.969,5.0944,0.0440,0.2243
1790338813.194,5.0943,0.0440,0.2242
1790338813.463,5.0943,0.0440,0.2241
1790338813.688,5.0942,0.0440,0.2241
1790338814.003,5.0941,0.0439,0.2240
1790338814.185,5.0939,0.0440,0.2241
1790338814.498,5.0939,0.0439,0.2239
1790338814.679,5.0939,0.0439,0.2239
1790338814.995,5.0938,0.0439,0.2240
1790338815.175,5.0940,0.0439,0.2239
1790338815.488,5.0939,0.0439,0.2240
1790338815.670,5.0940,0.0439,0.2240
1790338815.984,5.0942,0.0439,0.2239
1790338816.163,5.0944,0.0439,0.2239
1790338816.478,5.0943,0.0440,0.2241
1790338816.704,5.0941,0.0440,0.2241
1790338816.973,5.0941,0.0440,0.2241
1790338817.199,5.0940,0.0440,0.2241
1790338817.469,5.0941,0.0439,0.2240
1790338817.693,5.0943,0.0439,0.2239
1790338817.964,5.0943,0.0439,0.2241
1790338818.190,5.0944,0.0439,0.2240
1790338818.505,5.0946,0.0440,0.2241
1790338818.683,5.0946,0.0439,0.2241
1790338818.999,5.0946,0.0439,0.2240
1790338819.179,5.0945,0.0439,0.2240
1790338819.494,5.0941,0.0440,0.2241
1790338819.674,5.0941,0.0439,0.2240
1790338819.989,5.0942,0.0440,0.2241
1790338820.168,5.0943,0.0440,0.2242
1790338820.483,5.0945,0.0440,0.2242
1790338820.665,5.0945,0.0440,0.2243
1790338820.979,5.0945,0.0440,0.2242
1790338821.204,5.0946,0.0440,0.2241
1790338821.474,5.0944,0.0440,0.2241
1790338821.698,5.0942,0.0440,0.2241
1790338821.969,5.0939,0.0439,0.2240
1790338822.194,5.0939,0.0440,0.2241
1790338822.463,5.0939,0.0440,0.2241
1790338822.688,5.0942,0.0440,0.2241
1790338823.005,5.0946,0.0440,0.2241
1790338823.185,5.0946,0.0439,0.2241
1790338823.500,5.0946,0.0439,0.2240
1790338823.678,5.0946,0.0439,0.2240
1790338823.993,5.0944,0.0440,0.2241
1790338824.174,5.0942,0.0440,0.2241
1790338824.488,5.0941,0.0440,0.2242
1790338824.669,5.0940,0.0440,0.2242
1790338824.985,5.0939,0.0439,0.2240
1790338825.163,5.0940,0.0439,0.2240
1790338825.479,5.0941,0.0440,0.2241
1790338825.704,5.0940,0.0439,0.2240
1790338825.974,5.0942,0.0439,0.2240
1790338826.198,5.0944,0.0439,0.2240
1790338826.468,5.0943,0.0439,0.2239
1790338826.694,5.0942,0.0439,0.2239
1790338826.963,5.0943,0.0439,0.2240
1790338827.190,5.0943,0.0439,0.2240
1790338827.504,5.0943,0.0440,0.2241
1790338827.683,5.0944,0.0439,0.2240
1790338827.998,5.0944,0.0439,0.2240
1790338828.179,5.0944,0.0439,0.2240
1790338828.494,5.0944,0.0439,0.2237
1790338828.673,5.0945,0.0439,0.2238
1790338828.990,5.0944,0.0439,0.2238
1790338829.170,5.0944,0.0439,0.2239
1790338829.484,5.0946,0.0439,0.2240
1790338829.665,5.0946,0.0439,0.2240
1790338829.978,5.0944,0.0439,0.2241
1790338830.204,5.0946,0.0439,0.2239
1790338830.475,5.0945,0.0439,0.2239
1790338830.699,5.0944,0.0439,0.2240
1790338830.970,5.0945,0.0439,0.2240
1790338831.193,5.0944,0.0440,0.2241
1790338831.463,5.0944,0.0439,0.2241
1790338831.689,5.0942,0.0439,0.2239
1790338832.004,5.0940,0.0439,0.2240
1790338832.185,5.0940,0.0440,0.2241
1790338832.500,5.0939,0.0439,0.2240
1790338832.680,5.0940,0.0440,0.2241
1790338832.994,5.0943,0.0440,0.2241
1790338833.175,5.0942,0.0439,0.2239
1790338833.489,5.0943,0.0439,0.2240
1790338833.668,5.0944,0.0439,0.2237
1790338833.983,5.0941,0.0439,0.2237
1790338834.164,5.0939,0.0439,0.2239
1790338834.478,5.0939,0.0439,0.2239
1790338834.703,5.0939,0.0439,0.2240
1790338834.975,5.0939,0.0440,0.2241
1790338835.199,5.0941,0.0440,0.2241
1790338835.471,5.0940,0.0440,0.2241
1790338835.693,5.0940,0.0440,0.2241
1790338835.964,5.0943,0.0439,0.2241
1790338836.188,5.0945,0.0439,0.2240
1790338836.503,5.0943,0.0439,0.2240
1790338836.684,5.0941,0.0439,0.2239
1790338836.999,5.0941,0.0439,0.2238
1790338837.180,5.0941,0.0439,0.2237
1790338837.493,5.0942,0.0439,0.2239
1790338837.675,5.0942,0.0439,0.2240
1790338837.989,5.0943,0.0440,0.2241
1790338838.169,5.0944,0.0440,0.2242
1790338838.483,5.0944,0.0440,0.2241
1790338838.664,5.0945,0.0439,0.2241
1790338838.980,5.0944,0.0439,0.2240
1790338839.159,5.0944,0.0439,0.2241
1790338839.475,5.0945,0.0439,0.2241
1790338839.655,5.0944,0.0439,0.2239
1790338839.969,5.0945,0.0439,0.2240
1790338840.240,5.0944,0.0439,0.2241
1790338840.465,5.0943,0.0439,0.2240
1790338840.688,5.0944,0.0439,0.2240
1790338840.958,5.0945,0.0439,0.2239
1790338841.184,5.0945,0.0439,0.2239
1790338841.454,5.0946,0.0439,0.2240
1790338841.678,5.0944,0.0439,0.2240
1790338841.994,5.0942,0.0439,0.2239
1790338842.175,5.0942,0.0439,0.2239
1790338842.488,5.0940,0.0439,0.2239
1790338842.669,5.0941,0.0440,0.2241
1790338842.985,5.0944,0.0440,0.2243
1790338843.164,5.0943,0.0440,0.2243
1790338843.478,5.0943,0.0440,0.2243
1790338843.660,5.0944,0.0440,0.2242
1790338843.973,5.0944,0.0440,0.2241
1790338844.154,5.0943,0.0440,0.2241
1790338844.468,5.0943,0.0439,0.2239
1790338844.693,5.0941,0.0439,0.2239
1790338844.963,5.0939,0.0439,0.2238
1790338845.190,5.0939,0.0439,0.2239
1790338845.459,5.0940,0.0439,0.2240
1790338845.683,5.0940,0.0439,0.2240
1790338845.953,5.0944,0.0440,0.2242
1790338846.178,5.0945,0.0439,0.2241
1790338846.493,5.0941,0.0439,0.2240
1790338846.674,5.0939,0.0440,0.2241
1790338846.989,5.0937,0.0439,0.2240
1790338847.170,5.0939,0.0440,0.2241
1790338847.483,5.0941,0.0440,0.2241
1790338847.665,5.0944,0.0440,0.2242
1790338847.979,5.0944,0.0440,0.2241
1790338848.160,5.0943,0.0439,0.2240
1790338848.475,5.0943,0.0439,0.2241
1790338848.653,5.0942,0.0440,0.2241
1790338848.969,5.0943,0.0440,0.2241
1790338849.195,5.0942,0.0439,0.2240
1790338849.464,5.0944,0.0439,0.2240
1790338849.688,5.0944,0.0439,0.2239
1790338849.958,5.0944,0.0439,0.2239
1790338850.185,5.0945,0.0439,0.2239
1790338850.454,5.0944,0.0439,0.2240
1790338850.678,5.0943,0.0439,0.2240
1790338850.994,5.0942,0.0440,0.2241
1790338851.175,5.0941,0.0440,0.2241
1790338851.488,5.0941,0.0439,0.2240
1790338851.668,5.0940,0.0439,0.2239
1790338851.984,5.0940,0.0439,0.2239
1790338852.164,5.0941,0.0439,0.2239
1790338852.478,5.0941,0.0439,0.2238
1790338852.660,5.0943,0.0439,0.2239
1790338852.975,5.0944,0.0439,0.2240
1790338853.154,5.0942,0.0439,0.2239
1790338853.468,5.0943,0.0439,0.2240
1790338853.693,5.0943,0.0440,0.2241
1790338853.963,5.0941,0.0440,0.2241
1790338854.189,5.0938,0.0440,0.2241
1790338854.460,5.0938,0.0439,0.2240
1790338854.684,5.0937,0.0439,0.2238
1790338854.953,5.0938,0.0439,0.2237
1790338855.180,5.0942,0.0439,0.2237
1790338855.495,5.0942,0.0439,0.2239
1790338855.674,5.0942,0.0439,0.2239
1790338855.989,5.0945,0.0439,0.2240
1790338856.168,5.0946,0.0439,0.2241
1790338856.483,5.0944,0.0439,0.2239
1790338856.665,5.0941,0.0439,0.2237
1790338856.980,5.0941,0.0439,0.2238
1790338857.159,5.0941,0.0439,0.2237
1790338857.474,5.0942,0.0439,0.2237
1790338857.654,5.0943,0.0439,0.2238
1790338857.969,5.0946,0.0439,0.2239
1790338858.194,5.0944,0.0439,0.2239
1790338858.464,5.0945,0.0439,0.2241
1790338858.688,5.0945,0.0440,0.2241
1790338858.958,5.0944,0.0439,0.2241
1790338859.185,5.0944,0.0439,0.2239
1790338859.453,5.0944,0.0439,0.2239
1790338859.678,5.0944,0.0439,0.2240
1790338859.994,5.0944,0.0439,0.2241
1790338860.173,5.0944,0.0440,0.2242
1790338860.489,5.0944,0.0440,0.2241
1790338860.669,5.0942,0.0440,0.2241
1790338860.985,5.0944,0.0439,0.2240
1790338861.163,5.0944,0.0439,0.2239
1790338861.478,5.0944,0.0439,0.2241
1790338861.659,5.0941,0.0439,0.2239
1790338861.974,5.0939,0.0439,0.2239
1790338862.153,5.0939,0.0439,0.2239
1790338862.469,5.0938,0.0439,0.2239
1790338862.694,5.0941,0.0439,0.2239
1790338862.964,5.0943,0.0439,0.2240
1790338863.190,5.0943,0.0439,0.2239
1790338863.460,5.0944,0.0439,0.2239
1790338863.683,5.0944,0.0439,0.2240
1790338863.953,5.0943,0.0439,0.2238
1790338864.180,5.0941,0.0439,0.2238
1790338864.493,5.0940,0.0439,0.2238
1790338864.720,5.0940,0.0439,0.2238
1790338864.990,5.0939,0.0439,0.2238
1790338865.169,5.0941,0.0439,0.2237
1790338865.483,5.0941,0.0439,0.2239
1790338865.664,5.0941,0.0439,0.2239
1790338865.981,5.0944,0.0439,0.2239
1790338866.158,5.0945,0.0439,0.2240
1790338866.473,5.0944,0.0439,0.2240
1790338866.654,5.0942,0.0439,0.2238
1790338866.968,5.0941,0.0439,0.2239
1790338867.194,5.0941,0.0439,0.2239
1790338867.464,5.0941,0.0439,0.2240
1790338867.690,5.0942,0.0439,0.2240
1790338867.958,5.0945,0.0439,0.2241
1790338868.185,5.0944,0.0440,0.2241
1790338868.453,5.0942,0.0439,0.2239
1790338868.678,5.0942,0.0439,0.2239
1790338868.994,5.0941,0.0439,0.2239
1790338869.175,5.0941,0.0439,0.2240
1790338869.490,5.0942,0.0440,0.2241
1790338869.670,5.0943,0.0440,0.2241
1790338869.985,5.0945,0.0439,0.2239
1790338870.164,5.0946,0.0439,0.2239
1790338870.478,5.0944,0.0439,0.2239
1790338870.660,5.0944,0.0439,0.2239
1790338870.975,5.0943,0.0440,0.2241
1790338871.154,5.0944,0.0439,0.2241
1790338871.468,5.0944,0.0439,0.2239
1790338871.693,5.0944,0.0439,0.2240
1790338871.964,5.0942,0.0439,0.2239
1790338872.189,5.0942,0.0439,0.2239
1790338872.459,5.0941,0.0439,0.2238
1790338872.683,5.0942,0.0439,0.2238
1790338872.953,5.0943,0.0439,0.2236
1790338873.178,5.0942,0.0439,0.2237
1790338873.494,5.0941,0.0439,0.2238
1790338873.673,5.0941,0.0439,0.2238
1790338873.988,5.0940,0.0439,0.2240
1790338874.170,5.0939,0.0439,0.2239
1790338874.483,5.0940,0.0439,0.2239
1790338874.663,5.0938,0.0439,0.2239
1790338874.979,5.0936,0.0439,0.2239
1790338875.160,5.0936,0.0439,0.2240
1790338875.474,5.0936,0.0439,0.2240
1790338875.655,5.0938,0.0439,0.2239
1790338875.968,5.0941,0.0439,0.2238
1790338876.193,5.0944,0.0439,0.2238
1790338876.463,5.0942,0.0439,0.2237
1790338876.689,5.0939,0.0439,0.2238
1790338876.958,5.0940,0.0439,0.2239
1790338877.185,5.0940,0.0439,0.2238
1790338877.453,5.0942,0.0439,0.2239
1790338877.678,5.0945,0.0439,0.2239
1790338877.993,5.0944,0.0440,0.2241
1790338878.174,5.0944,0.0440,0.2242
1790338878.490,5.0944,0.0440,0.2241
1790338878.670,5.0944,0.0440,0.2241
1790338878.985,5.0944,0.0440,0.2241
1790338879.164,5.0944,0.0439,0.2240
1790338879.478,5.0941,0.0439,0.2240
1790338879.658,5.0942,0.0439,0.2239
1790338879.975,5.0944,0.0439,0.2237
1790338880.154,5.0944,0.0439,0.2238
1790338880.468,5.0944,0.0439,0.2237
1790338880.695,5.0944,0.0439,0.2239
1790338880.963,5.0944,0.0439,0.2239
1790338881.191,5.0944,0.0439,0.2240
1790338881.458,5.0944,0.0439,0.2240
1790338881.683,5.0943,0.0439,0.2239
1790338881.953,5.0940,0.0439,0.2239
1790338882.179,5.0941,0.0439,0.2239
1790338882.494,5.0941,0.0439,0.2240
1790338882.673,5.0942,0.0439,0.2240
1790338882.990,5.0945,0.0440,0.2241
1790338883.169,5.0944,0.0440,0.2241
1790338883.484,5.0942,0.0439,0.2239
1790338883.663,5.0942,0.0439,0.2239
1790338883.978,5.0940,0.0439,0.2239
1790338884.158,5.0938,0.0439,0.2239
1790338884.473,5.0939,0.0439,0.2239
1790338884.654,5.0941,0.0440,0.2241
1790338884.969,5.0939,0.0439,0.2239
1790338885.195,5.0941,0.0439,0.2239
1790338885.464,5.0941,0.0439,0.2238
1790338885.689,5.0941,0.0439,0.2237
1790338885.958,5.0944,0.0439,0.2237
1790338886.183,5.0945,0.0439,0.2238
1790338886.453,5.0941,0.0439,0.2239
1790338886.678,5.0940,0.0439,0.2240
1790338886.994,5.0939,0.0439,0.2240
1790338887.174,5.0940,0.0439,0.2239
1790338887.489,5.0943,0.0439,0.2239
1790338887.669,5.0945,0.0439,0.2239
1790338887.985,5.0945,0.0439,0.2239
1790338888.163,5.0945,0.0439,0.2240
1790338888.478,5.0945,0.0439,0.2239
1790338888.658,5.0945,0.0439,0.2240
1790338888.975,5.0946,0.0439,0.2238
1790338889.153,5.0945,0.0439,0.2237
1790338889.470,5.0946,0.0439,0.2238
1790338889.694,5.0946,0.0439,0.2238
1790338889.965,5.0945,0.0439,0.2240
1790338890.190,5.0945,0.0439,0.2241
1790338890.460,5.0942,0.0439,0.2239
1790338890.683,5.0942,0.0439,0.2239
1790338890.953,5.0942,0.0439,0.2240
1790338891.180,5.0941,0.0439,0.2240
1790338891.494,5.0942,0.0439,0.2240
1790338891.674,5.0940,0.0439,0.2240
1790338891.990,5.0937,0.0439,0.2239
1790338892.170,5.0938,0.0439,0.2239
1790338892.483,5.0938,0.0439,0.2240
1790338892.665,5.0941,0.0439,0.2239
1790338892.980,5.0944,0.0439,0.2239
1790338893.160,5.0943,0.0439,0.2240
1790338893.473,5.0944,0.0439,0.2241
1790338893.653,5.0943,0.0440,0.2242
1790338893.969,5.0942,0.0440,0.2243
1790338894.194,5.0941,0.0440,0.2241
1790338894.463,5.0941,0.0439,0.2240
1790338894.690,5.0941,0.0439,0.2239
1790338894.958,5.0941,0.0439,0.2239
1790338895.185,5.0942,0.0439,0.2240
1790338895.453,5.0941,0.0440,0.2241
1790338895.679,5.0939,0.0440,0.2241
1790338895.994,5.0939,0.0439,0.2240
1790338896.173,5.0940,0.0439,0.2240
1790338896.489,5.0938,0.0439,0.2240
1790338896.669,5.0937,0.0439,0.2239
1790338896.985,5.0938,0.0439,0.2240
1790338897.164,5.0938,0.0440,0.2241
1790338897.479,5.0939,0.0439,0.2240
1790338897.659,5.0941,0.0440,0.2242
1790338897.974,5.0941,0.0439,0.2240
1790338898.199,5.0941,0.0439,0.2240
1790338898.514,5.0941,0.0439,0.2240
1790338898.694,5.0941,0.0439,0.2239
1790338898.964,5.0941,0.0439,0.2240
1790338899.190,5.0940,0.0440,0.2241
1790338899.459,5.0941,0.0439,0.2240
1790338899.684,5.0942,0.0439,0.2240
1790338899.954,5.0943,0.0439,0.2239
1790338900.179,5.0945,0.0439,0.2240
1790338900.494,5.0946,0.0439,0.2239
1790338900.674,5.0945,0.0439,0.2239
1790338900.989,5.0945,0.0439,0.2239
1790338901.170,5.0944,0.0439,0.2239
1790338901.484,5.0943,0.0439,0.2240
1790338901.664,5.0941,0.0439,0.2239
1790338901.980,5.0939,0.0439,0.2240
1790338902.159,5.0938,0.0440,0.2241
1790338902.474,5.0939,0.0440,0.2241
1790338902.655,5.0942,0.0440,0.2242
1790338902.969,5.0944,0.0440,0.2242
1790338903.195,5.0944,0.0439,0.2241
1790338903.464,5.0944,0.0439,0.2241
1790338903.689,5.0944,0.0439,0.2241
1790338903.960,5.0943,0.0439,0.2239
1790338904.184,5.0940,0.0439,0.2239
1790338904.455,5.0939,0.0439,0.2240
1790338904.679,5.0939,0.0439,0.2240
1790338904.994,5.0938,0.0440,0.2241
1790338905.175,5.0939,0.0440,0.2241
1790338905.489,5.0939,0.0440,0.2241
1790338905.669,5.0940,0.0439,0.2240
1790338905.984,5.0941,0.0439,0.2239
1790338906.165,5.0942,0.0439,0.2240
1790338906.479,5.0940,0.0439,0.2239
1790338906.659,5.0938,0.0439,0.2240
1790338906.975,5.0938,0.0440,0.2241
1790338907.155,5.0938,0.0439,0.2240
1790338907.470,5.0941,0.0439,0.2240
1790338907.694,5.0943,0.0439,0.2240
1790338907.964,5.0943,0.0439,0.2239
1790338908.190,5.0943,0.0439,0.2241
1790338908.459,5.0942,0.0439,0.2239
1790338908.684,5.0942,0.0439,0.2239
1790338908.955,5.0942,0.0440,0.2241
1790338909.180,5.0942,0.0439,0.2240
1790338909.494,5.0941,0.0439,0.2240
1790338909.674,5.0942,0.0439,0.2239
1790338909.989,5.0943,0.0439,0.2238
1790338910.171,5.0942,0.0439,0.2239
1790338910.485,5.0944,0.0439,0.2241
1790338910.665,5.0945,0.0440,0.2241
1790338910.980,5.0945,0.0440,0.2241
1790338911.160,5.0946,0.0439,0.2241
1790338911.474,5.0946,0.0439,0.2239
1790338911.654,5.0944,0.0439,0.2239
1790338911.970,5.0941,0.0439,0.2239
1790338912.195,5.0939,0.0439,0.2239
1790338912.464,5.0939,0.0439,0.2240
1790338912.690,5.0941,0.0440,0.2241
1790338912.959,5.0942,0.0439,0.2240
1790338913.186,5.0944,0.0439,0.2239
1790338913.454,5.0943,0.0439,0.2239
1790338913.681,5.0944,0.0439,0.2239
1790338913.994,5.0943,0.0439,0.2239
1790338914.175,5.0942,0.0439,0.2240
1790338914.489,5.0941,0.0439,0.2238
1790338914.669,5.0939,0.0439,0.2238
1790338914.984,5.0939,0.0439,0.2238
1790338915.165,5.0939,0.0439,0.2238
1790338915.479,5.0941,0.0439,0.2239
1790338915.661,5.0942,0.0439,0.2238
1790338915.974,5.0944,0.0439,0.2240
1790338916.154,5.0946,0.0439,0.2240
1790338916.469,5.0944,0.0439,0.2240
1790338916.696,5.0941,0.0440,0.2241
1790338916.965,5.0942,0.0440,0.2241
1790338917.191,5.0941,0.0439,0.2240
1790338917.461,5.0942,0.0439,0.2240
1790338917.685,5.0944,0.0439,0.2241
1790338917.954,5.0942,0.0439,0.2240
1790338918.181,5.0943,0.0439,0.2240
1790338918.495,5.0942,0.0439,0.2240
1790338918.674,5.0943,0.0439,0.2240
1790338918.989,5.0944,0.0440,0.2241
1790338919.171,5.0942,0.0440,0.2241
1790338919.484,5.0943,0.0439,0.2240
1790338919.665,5.0943,0.0439,0.2239
1790338919.980,5.0944,0.0439,0.2240
1790338920.160,5.0945,0.0439,0.2240
1790338920.474,5.0944,0.0439,0.2240
1790338920.656,5.0944,0.0439,0.2239
1790338920.970,5.0944,0.0439,0.2241
1790338921.196,5.0945,0.0440,0.2241
1790338921.464,5.0945,0.0439,0.2241
1790338921.689,5.0944,0.0440,0.2242
1790338921.961,5.0940,0.0439,0.2239
1790338922.185,5.0941,0.0439,0.2239
1790338922.455,5.0939,0.0439,0.2239
1790338922.679,5.0940,0.0439,0.2238
1790338922.996,5.0944,0.0439,0.2241
1790338923.176,5.0944,0.0440,0.2241
1790338923.490,5.0946,0.0440,0.2241
1790338923.669,5.0945,0.0440,0.2241
1790338923.985,5.0942,0.0440,0.2241
1790338924.165,5.0939,0.0439,0.2240
1790338924.479,5.0939,0.0439,0.2240
1790338924.660,5.0939,0.0439,0.2240
1790338924.975,5.0939,0.0439,0.2239
1790338925.155,5.0941,0.0439,0.2237
1790338925.471,5.0940,0.0439,0.2237
1790338925.696,5.0940,0.0439,0.2238
1790338925.966,5.0942,0.0439,0.2239
1790338926.190,5.0944,0.0439,0.2240
1790338926.460,5.0942,0.0440,0.2241
1790338926.686,5.0941,0.0439,0.2239
1790338926.955,5.0941,0.0439,0.2240
1790338927.180,5.0941,0.0439,0.2240
1790338927.496,5.0943,0.0439,0.2239
1790338927.675,5.0944,0.0440,0.2241
1790338927.991,5.0947,0.0440,0.2241
1790338928.170,5.0946,0.0439,0.2240
1790338928.485,5.0947,0.0439,0.2241
1790338928.666,5.0946,0.0440,0.2241
1790338928.981,5.0945,0.0440,0.2241
1790338929.161,5.0945,0.0440,0.2243
1790338929.475,5.0945,0.0440,0.2241
1790338929.655,5.0945,0.0439,0.2239
1790338929.970,5.0946,0.0439,0.2238
1790338930.196,5.0946,0.0439,0.2238
1790338930.466,5.0946,0.0439,0.2239
1790338930.691,5.0945,0.0439,0.2240
1790338930.961,5.0946,0.0440,0.2241
1790338931.185,5.0946,0.0439,0.2239
1790338931.455,5.0945,0.0439,0.2239
1790338931.680,5.0944,0.0439,0.2238
1790338931.995,5.0940,0.0439,0.2237
1790338932.175,5.0939,0.0439,0.2239
1790338932.490,5.0937,0.0439,0.2239
1790338932.670,5.0939,0.0439,0.2239
1790338932.985,5.0941,0.0439,0.2239
1790338933.166,5.0942,0.0439,0.2238
1790338933.480,5.0943,0.0439,0.2238
1790338933.660,5.0944,0.0439,0.2238
1790338933.977,5.0941,0.0439,0.2239
1790338934.156,5.0939,0.0439,0.2239
1790338934.471,5.0940,0.0439,0.2239
1790338934.695,5.0939,0.0439,0.2239
1790338934.965,5.0940,0.0439,0.2239
1790338935.191,5.0941,0.0439,0.2240
1790338935.461,5.0940,0.0439,0.2240
1790338935.685,5.0942,0.0439,0.2239
1790338935.955,5.0943,0.0439,0.2239
1790338936.180,5.0945,0.0439,0.2238
1790338936.495,5.0944,0.0439,0.2239
1790338936.675,5.0941,0.0439,0.2239
1790338936.991,5.0941,0.0439,0.2239
1790338937.171,5.0941,0.0439,0.2239
1790338937.485,5.0943,0.0439,0.2237
1790338937.666,5.0947,0.0439,0.2238
1790338937.980,5.0947,0.0439,0.2238
1790338938.161,5.0946,0.0439,0.2238
1790338938.475,5.0945,0.0439,0.2239
1790338938.655,5.0944,0.0439,0.2240
1790338938.970,5.0944,0.0439,0.2240
1790338939.196,5.0947,0.0439,0.2240
1790338939.468,5.0947,0.0439,0.2239
1790338939.691,5.0946,0.0439,0.2238
1790338939.961,5.0946,0.0439,0.2239
1790338940.186,5.0945,0.0439,0.2239
1790338940.456,5.0946,0.0439,0.2241
1790338940.680,5.0945,0.0440,0.2242
1790338940.995,5.0946,0.0440,0.2242
1790338941.176,5.0946,0.0440,0.2241
1790338941.490,5.0946,0.0439,0.2241
1790338941.670,5.0944,0.0440,0.2241
1790338941.985,5.0942,0.0439,0.2240
1790338942.166,5.0943,0.0439,0.2240
1790338942.480,5.0943,0.0439,0.2239
1790338942.661,5.0946,0.0439,0.2240
1790338942.976,5.0948,0.0439,0.2240
1790338943.156,5.0946,0.0439,0.2240
1790338943.470,5.0944,0.0439,0.2240
1790338943.695,5.0944,0.0439,0.2239
1790338943.965,5.0942,0.0439,0.2239
1790338944.190,5.0941,0.0439,0.2238
1790338944.460,5.0941,0.0439,0.2238
1790338944.685,5.0940,0.0439,0.2239
1790338944.956,5.0939,0.0439,0.2238
1790338945.180,5.0940,0.0439,0.2239
1790338945.495,5.0942,0.0439,0.2239
1790338945.675,5.0942,0.0439,0.2239
1790338945.990,5.0945,0.0439,0.2240
1790338946.170,5.0947,0.0439,0.2241
1790338946.486,5.0943,0.0439,0.2241
1790338946.665,5.0942,0.0439,0.2239
1790338946.980,5.0941,0.0439,0.2238
1790338947.162,5.0940,0.0439,0.2236
1790338947.475,5.0943,0.0439,0.2237
1790338947.655,5.0945,0.0439,0.2238
1790338947.971,5.0947,0.0439,0.2240
1790338948.197,5.0947,0.0439,0.2241
1790338948.466,5.0946,0.0439,0.2240
1790338948.691,5.0945,0.0439,0.2238
1790338948.960,5.0945,0.0439,0.2238
1790338949.187,5.0947,0.0439,0.2239
1790338949.455,5.0948,0.0439,0.2240
1790338949.681,5.0948,0.0439,0.2239
1790338949.995,5.0948,0.0439,0.2238
1790338950.177,5.0947,0.0439,0.2238
1790338950.492,5.0948,0.0439,0.2237
1790338950.670,5.0948,0.0439,0.2238
1790338950.987,5.0948,0.0439,0.2239
1790338951.166,5.0947,0.0439,0.2239
1790338951.481,5.0946,0.0439,0.2238
1790338951.660,5.0944,0.0439,0.2239
1790338951.975,5.0939,0.0439,0.2239
1790338952.156,5.0940,0.0439,0.2239
1790338952.470,5.0939,0.0439,0.2239
1790338952.696,5.0941,0.0439,0.2239
1790338952.967,5.0944,0.0439,0.2239
1790338953.192,5.0944,0.0439,0.2238
1790338953.462,5.0943,0.0439,0.2238
1790338953.686,5.0944,0.0439,0.2239
1790338953.956,5.0944,0.0439,0.2238
1790338954.182,5.0944,0.0439,0.2238
1790338954.496,5.0944,0.0439,0.2239
1790338954.676,5.0942,0.0439,0.2239
1790338954.992,5.0939,0.0439,0.2239
1790338955.171,5.0939,0.0439,0.2239
1790338955.486,5.0939,0.0439,0.2239
1790338955.666,5.0940,0.0439,0.2239
1790338955.982,5.0944,0.0439,0.2238
1790338956.161,5.0944,0.0439,0.2236
1790338956.477,5.0942,0.0438,0.2235
1790338956.657,5.0939,0.0439,0.2236
1790338956.971,5.0938,0.0439,0.2237
1790338957.197,5.0939,0.0439,0.2239
1790338957.466,5.0943,0.0440,0.2241
1790338957.692,5.0945,0.0439,0.2241
1790338957.962,5.0947,0.0439,0.2241
1790338958.187,5.0947,0.0440,0.2241
1790338958.456,5.0946,0.0439,0.2240
1790338958.681,5.0945,0.0439,0.2239
1790338958.996,5.0945,0.0439,0.2240
1790338959.176,5.0945,0.0439,0.2239
1790338959.492,5.0946,0.0439,0.2238
1790338959.671,5.0946,0.0439,0.2238
1790338959.986,5.0946,0.0439,0.2238
1790338960.166,5.0946,0.0439,0.2239
1790338960.481,5.0945,0.0439,0.2239
1790338960.661,5.0946,0.0439,0.2239
1790338960.976,5.0945,0.0439,0.2239
1790338961.156,5.0946,0.0439,0.2238
1790338961.471,5.0946,0.0439,0.2239
1790338961.696,5.0944,0.0439,0.2239
1790338961.966,5.0943,0.0439,0.2238
1790338962.191,5.0943,0.0439,0.2238
1790338962.461,5.0942,0.0439,0.2238
1790338962.686,5.0944,0.0439,0.2238
1790338962.956,5.0948,0.0439,0.2239
1790338963.182,5.0948,0.0439,0.2240
1790338963.496,5.0948,0.0440,0.2241
1790338963.677,5.0947,0.0439,0.2240
1790338963.991,5.0945,0.0439,0.2240
1790338964.171,5.0942,0.0439,0.2238
1790338964.486,5.0942,0.0439,0.2238
1790338964.666,5.0941,0.0439,0.2239
1790338964.981,5.0940,0.0439,0.2239
1790338965.161,5.0941,0.0439,0.2239
1790338965.476,5.0940,0.0439,0.2240
1790338965.656,5.0941,0.0439,0.2240
1790338965.972,5.0944,0.0439,0.2240
1790338966.196,5.0945,0.0439,0.2240
1790338966.466,5.0946,0.0439,0.2239
1790338966.692,5.0943,0.0439,0.2237
1790338966.961,5.0942,0.0439,0.2239
1790338967.186,5.0941,0.0439,0.2239
1790338967.456,5.0942,0.0439,0.2239
1790338967.681,5.0944,0.0439,0.2240
1790338967.996,5.0944,0.0439,0.2239
1790338968.177,5.0944,0.0439,0.2237
1790338968.491,5.0944,0.0439,0.2237
1790338968.671,5.0944,0.0439,0.2238
1790338968.986,5.0942,0.0439,0.2240
1790338969.167,5.0943,0.0439,0.2240
1790338969.481,5.0944,0.0440,0.2242
1790338969.661,5.0944,0.0439,0.2240
1790338969.976,5.0945,0.0439,0.2238
1790338970.156,5.0945,0.0439,0.2238
1790338970.471,5.0946,0.0439,0.2238
1790338970.697,5.0946,0.0439,0.2238
1790338970.966,5.0945,0.0439,0.2239
1790338971.192,5.0944,0.0439,0.2240
1790338971.461,5.0944,0.0439,0.2238
1790338971.686,5.0942,0.0439,0.2238
1790338971.958,5.0940,0.0439,0.2237
1790338972.182,5.0941,0.0439,0.2236
1790338972.496,5.0942,0.0438,0.2235
1790338972.676,5.0944,0.0438,0.2234
1790338972.991,5.0945,0.0438,0.2234
1790338973.172,5.0945,0.0438,0.2236
1790338973.487,5.0946,0.0438,0.2236
1790338973.666,5.0946,0.0439,0.2237
1790338973.981,5.0943,0.0439,0.2237
1790338974.161,5.0942,0.0439,0.2237
1790338974.476,5.0941,0.0439,0.2237
1790338974.656,5.0940,0.0439,0.2237
1790338974.972,5.0940,0.0439,0.2238
1790338975.332,5.0940,0.0439,0.2237
1790338975.466,5.0941,0.0439,0.2237
1790338975.692,5.0941,0.0439,0.2237
1790338975.961,5.0942,0.0439,0.2238
1790338976.186,5.0944,0.0439,0.2239
1790338976.456,5.0941,0.0439,0.2238
1790338976.683,5.0939,0.0439,0.2238
1790338976.996,5.0941,0.0439,0.2237
1790338977.176,5.0940,0.0439,0.2237
1790338977.493,5.0944,0.0439,0.2239
1790338977.671,5.0946,0.0439,0.2239
1790338977.987,5.0946,0.0439,0.2240
1790338978.167,5.0947,0.0440,0.2241
1790338978.482,5.0946,0.0439,0.2241
1790338978.661,5.0946,0.0440,0.2241
1790338978.977,5.0946,0.0439,0.2240
1790338979.156,5.0946,0.0439,0.2240
1790338979.471,5.0946,0.0439,0.2238
1790338979.697,5.0945,0.0439,0.2237
1790338979.967,5.0945,0.0439,0.2238
1790338980.192,5.0945,0.0439,0.2238
1790338980.461,5.0945,0.0439,0.2240
1790338980.687,5.0945,0.0439,0.2240
1790338980.958,5.0944,0.0439,0.2240
1790338981.183,5.0945,0.0440,0.2241
1790338981.497,5.0946,0.0440,0.2241
1790338981.676,5.0945,0.0440,0.2241
1790338981.992,5.0942,0.0439,0.2239
1790338982.172,5.0942,0.0439,0.2238
1790338982.488,5.0942,0.0439,0.2239
1790338982.666,5.0943,0.0439,0.2239
1790338982.982,5.0946,0.0439,0.2239
1790338983.163,5.0945,0.0439,0.2239
1790338983.477,5.0944,0.0439,0.2238
1790338983.656,5.0944,0.0439,0.2237
1790338983.972,5.0943,0.0439,0.2237
1790338984.197,5.0942,0.0439,0.2237
1790338984.466,5.0941,0.0439,0.2237
1790338984.692,5.0941,0.0439,0.2237
1790338984.961,5.0941,0.0439,0.2237
1790338985.188,5.0942,0.0439,0.2237
1790338985.458,5.0942,0.0439,0.2237
1790338985.683,5.0942,0.0439,0.2237
1790338985.997,5.0944,0.0439,0.2238
1790338986.176,5.0945,0.0439,0.2238
1790338986.491,5.0942,0.0439,0.2238
1790338986.671,5.0939,0.0439,0.2237
1790338986.988,5.0939,0.0439,0.2239
1790338987.168,5.0939,0.0439,0.2237
1790338987.483,5.0941,0.0439,0.2239
1790338987.663,5.0943,0.0439,0.2239
1790338987.977,5.0943,0.0439,0.2239
1790338988.158,5.0944,0.0439,0.2240
1790338988.472,5.0945,0.0439,0.2239
1790338988.697,5.0946,0.0439,0.2239
1790338988.967,5.0946,0.0439,0.2239
1790338989.193,5.0945,0.0439,0.2239
1790338989.462,5.0943,0.0439,0.2239
1790338989.688,5.0944,0.0439,0.2239
1790338989.958,5.0945,0.0439,0.2239
1790338990.182,5.0945,0.0439,0.2239
1790338990.498,5.0946,0.0439,0.2237
1790338990.677,5.0946,0.0439,0.2237
1790338990.992,5.0946,0.0439,0.2237
1790338991.172,5.0945,0.0439,0.2238
1790338991.488,5.0945,0.0439,0.2239
1790338991.667,5.0943,0.0439,0.2239
1790338991.983,5.0940,0.0439,0.2239
1790338992.163,5.0941,0.0439,0.2239
1790338992.477,5.0940,0.0439,0.2237
1790338992.657,5.0942,0.0439,0.2237
1790338992.972,5.0944,0.0439,0.2237
1790338993.197,5.0944,0.0439,0.2237
1790338993.467,5.0944,0.0439,0.2239
1790338993.692,5.0944,0.0439,0.2239
1790338993.962,5.0942,0.0439,0.2239
1790338994.188,5.0941,0.0439,0.2239
1790338994.458,5.0940,0.0439,0.2239
1790338994.683,5.0939,0.0439,0.2239
1790338994.997,5.0937,0.0439,0.2237
1790338995.177,5.0939,0.0439,0.2237
1790338995.493,5.0939,0.0439,0.2236
1790338995.672,5.0940,0.0439,0.2236
1790338995.988,5.0944,0.0439,0.2236
1790338996.167,5.0944,0.0439,0.2236
1790338996.482,5.0942,0.0439,0.2237
1790338996.662,5.0940,0.0439,0.2237
1790338996.978,5.0939,0.0439,0.2238
1790338997.157,5.0939,0.0439,0.2240
1790338997.472,5.0940,0.0439,0.2239
1790338997.698,5.0943,0.0439,0.2240
1790338997.967,5.0945,0.0439,0.2240
1790338998.193,5.0946,0.0439,0.2239
1790338998.463,5.0946,0.0439,0.2239
1790338998.687,5.0946,0.0439,0.2239
1790338998.959,5.0945,0.0439,0.2239
1790338999.183,5.0945,0.0439,0.2239
1790338999.497,5.0945,0.0439,0.2239
1790338999.677,5.0946,0.0439,0.2239
1790338999.992,5.0946,0.0439,0.2239
1790339000.173,5.0946,0.0439,0.2239
1790339000.488,5.0946,0.0439,0.2239
1790339000.667,5.0946,0.0439,0.2239
1790339000.982,5.0946,0.0439,0.2240
1790339001.163,5.0945,0.0439,0.2240
1790339001.477,5.0946,0.0439,0.2239
1790339001.657,5.0944,0.0439,0.2238
1790339001.973,5.0941,0.0439,0.2237
1790339002.197,5.0939,0.0439,0.2238
1790339002.467,5.0940,0.0439,0.2240
1790339002.693,5.0942,0.0439,0.2240
1790339002.962,5.0944,0.0439,0.2240
1790339003.188,5.0945,0.0439,0.2239
1790339003.458,5.0944,0.0439,0.2239
1790339003.682,5.0944,0.0439,0.2237
1790339003.997,5.0943,0.0439,0.2237
1790339004.178,5.0942,0.0439,0.2237
1790339004.492,5.0941,0.0439,0.2238
1790339004.672,5.0940,0.0439,0.2240
1790339004.987,5.0939,0.0439,0.2240
1790339005.167,5.0939,0.0440,0.2241
1790339005.482,5.0938,0.0439,0.2240
1790339005.663,5.0939,0.0439,0.2239
1790339005.978,5.0942,0.0439,0.2238
1790339006.158,5.0943,0.0439,0.2238
1790339006.472,5.0943,0.0439,0.2238
1790339006.697,5.0941,0.0439,0.2238
1790339006.967,5.0941,0.0439,0.2237
1790339007.192,5.0941,0.0439,0.2237
1790339007.462,5.0943,0.0439,0.2237
1790339007.687,5.0945,0.0439,0.2239
1790339007.957,5.0946,0.0439,0.2239
1790339008.182,5.0946,0.0439,0.2239
1790339008.498,5.0945,0.0439,0.2240
1790339008.679,5.0946,0.0439,0.2240
1790339008.994,5.0947,0.0439,0.2239
1790339009.172,5.0947,0.0439,0.2239
1790339009.487,5.0948,0.0439,0.2237
1790339009.667,5.0948,0.0439,0.2238
1790339009.982,5.0947,0.0439,0.2239
1790339010.162,5.0948,0.0439,0.2239
1790339010.477,5.0947,0.0440,0.2241
1790339010.658,5.0948,0.0440,0.2241
1790339010.974,5.0948,0.0439,0.2240
1790339011.197,5.0948,0.0439,0.2240
1790339011.468,5.0948,0.0439,0.2239
1790339011.692,5.0946,0.0439,0.2238
1790339011.962,5.0943,0.0439,0.2237
1790339012.188,5.0942,0.0439,0.2238
1790339012.458,5.0941,0.0439,0.2238
1790339012.683,5.0943,0.0439,0.2238
1790339012.998,5.0945,0.0439,0.2239
1790339013.178,5.0946,0.0439,0.2238
1790339013.494,5.0946,0.0439,0.2238
1790339013.672,5.0945,0.0439,0.2239
1790339013.987,5.0943,0.0439,0.2239
1790339014.168,5.0942,0.0439,0.2239
1790339014.482,5.0941,0.0439,0.2239
1790339014.663,5.0942,0.0439,0.2238
1790339014.977,5.0941,0.0439,0.2237
1790339015.159,5.0942,0.0439,0.2238
1790339015.472,5.0943,0.0439,0.2238
1790339015.699,5.0942,0.0439,0.2239
1790339015.969,5.0946,0.0439,0.2239
1790339016.192,5.0946,0.0439,0.2239
1790339016.462,5.0944,0.0439,0.2239
1790339016.688,5.0942,0.0439,0.2239
1790339016.958,5.0942,0.0439,0.2240
1790339017.184,5.0941,0.0439,0.2240
1790339017.499,5.0942,0.0439,0.2239
1790339017.677,5.0944,0.0439,0.2239
1790339017.994,5.0945,0.0439,0.2238
1790339018.174,5.0945,0.0439,0.2239
1790339018.488,5.0944,0.0439,0.2239
1790339018.667,5.0944,0.0439,0.2240
1790339018.984,5.0943,0.0439,0.2239
1790339019.162,5.0942,0.0439,0.2239
1790339019.477,5.0941,0.0439,0.2238
1790339019.658,5.0941,0.0439,0.2239
1790339019.972,5.0942,0.0439,0.2238
1790339020.197,5.0943,0.0439,0.2238
1790339020.467,5.0942,0.0439,0.2237
1790339020.693,5.0941,0.0439,0.2238
1790339020.963,5.0942,0.0439,0.2238
1790339021.188,5.0942,0.0439,0.2239
1790339021.457,5.0944,0.0439,0.2240
1790339021.683,5.0942,0.0440,0.2241
1790339021.998,5.0939,0.0439,0.2239
1790339022.178,5.0939,0.0439,0.2238
1790339022.494,5.0939,0.0439,0.2239
1790339022.674,5.0941,0.0439,0.2239
1790339022.988,5.0943,0.0439,0.2239
1790339023.169,5.0943,0.0439,0.2239
1790339023.484,5.0944,0.0439,0.2239
1790339023.663,5.0943,0.0439,0.2238
1790339023.978,5.0943,0.0439,0.2237
1790339024.158,5.0941,0.0439,0.2237
1790339024.473,5.0940,0.0439,0.2236
1790339024.698,5.0939,0.0439,0.2237
1790339024.968,5.0938,0.0439,0.2239
1790339025.193,5.0940,0.0439,0.2239
1790339025.463,5.0941,0.0439,0.2240
1790339025.689,5.0942,0.0439,0.2240
1790339025.959,5.0945,0.0439,0.2239
1790339026.183,5.0945,0.0439,0.2239
1790339026.498,5.0944,0.0439,0.2240
1790339026.678,5.0941,0.0439,0.2239
1790339026.994,5.0942,0.0439,0.2239
1790339027.173,5.0941,0.0439,0.2239
1790339027.489,5.0942,0.0439,0.2238
1790339027.668,5.0945,0.0439,0.2239
1790339027.985,5.0946,0.0439,0.2238
1790339028.163,5.0946,0.0439,0.2238
1790339028.479,5.0946,0.0439,0.2239
1790339028.658,5.0946,0.0439,0.2237
1790339028.974,5.0944,0.0439,0.2238
1790339029.198,5.0944,0.0439,0.2239
1790339029.468,5.0946,0.0439,0.2238
1790339029.693,5.0946,0.0439,0.2239
1790339029.964,5.0946,0.0439,0.2239
1790339030.189,5.0947,0.0439,0.2239
1790339030.458,5.0946,0.0439,0.2239
1790339030.683,5.0947,0.0439,0.2238
1790339030.998,5.0947,0.0439,0.2238
1790339031.179,5.0947,0.0439,0.2238
1790339031.494,5.0946,0.0439,0.2239
1790339031.673,5.0942,0.0439,0.2238
1790339031.988,5.0940,0.0439,0.2239
1790339032.169,5.0941,0.0439,0.2239
1790339032.483,5.0939,0.0439,0.2239
1790339032.663,5.0942,0.0439,0.2239
1790339032.978,5.0944,0.0439,0.2238
1790339033.159,5.0943,0.0439,0.2238
1790339033.473,5.0946,0.0439,0.2239
1790339033.698,5.0946,0.0439,0.2239
1790339033.968,5.0943,0.0439,0.2240
1790339034.193,5.0941,0.0439,0.2239
1790339034.464,5.0939,0.0439,0.2237
1790339034.689,5.0939,0.0439,0.2237
1790339034.959,5.0939,0.0438,0.2235
1790339035.183,5.0940,0.0439,0.2236
1790339035.499,5.0938,0.0438,0.2235
1790339035.678,5.0939,0.0438,0.2235
1790339035.993,5.0942,0.0438,0.2235
1790339036.173,5.0943,0.0438,0.2235
1790339036.488,5.0942,0.0439,0.2238
1790339036.668,5.0941,0.0439,0.2237
1790339036.984,5.0942,0.0439,0.2237
1790339037.163,5.0942,0.0439,0.2237
1790339037.479,5.0944,0.0439,0.2236
1790339037.658,5.0946,0.0439,0.2238
1790339037.974,5.0946,0.0439,0.2238
1790339038.198,5.0945,0.0439,0.2239
1790339038.468,5.0944,0.0439,0.2238
1790339038.693,5.0944,0.0439,0.2238
1790339038.963,5.0945,0.0439,0.2238
1790339039.189,5.0945,0.0439,0.2238
1790339039.459,5.0945,0.0439,0.2239
1790339039.683,5.0946,0.0439,0.2239
1790339039.998,5.0945,0.0439,0.2238
1790339040.178,5.0944,0.0439,0.2239
1790339040.493,5.0943,0.0439,0.2239
1790339040.674,5.0943,0.0439,0.2239
1790339040.989,5.0943,0.0439,0.2239
1790339041.168,5.0943,0.0439,0.2239
1790339041.483,5.0944,0.0439,0.2237
1790339041.664,5.0942,0.0439,0.2238
1790339041.979,5.0940,0.0439,0.2237
1790339042.159,5.0941,0.0439,0.2238
1790339042.474,5.0941,0.0439,0.2239
1790339042.699,5.0943,0.0439,0.2237
1790339042.968,5.0946,0.0439,0.2238
1790339043.194,5.0946,0.0439,0.2238
1790339043.463,5.0945,0.0438,0.2236
1790339043.688,5.0944,0.0438,0.2235
1790339043.958,5.0942,0.0439,0.2236
1790339044.185,5.0940,0.0438,0.2235
1790339044.498,5.0940,0.0439,0.2237
1790339044.679,5.0941,0.0439,0.2239
1790339044.993,5.0940,0.0439,0.2238
1790339045.174,5.0941,0.0439,0.2238
1790339045.490,5.0942,0.0439,0.2238
1790339045.668,5.0941,0.0439,0.2238
1790339045.984,5.0943,0.0439,0.2239
1790339046.163,5.0946,0.0439,0.2240
1790339046.478,5.0943,0.0439,0.2237
1790339046.658,5.0941,0.0439,0.2237
1790339046.973,5.0942,0.0439,0.2237
1790339047.198,5.0941,0.0439,0.2237
1790339047.468,5.0944,0.0439,0.2236
1790339047.693,5.0946,0.0439,0.2236
1790339047.963,5.0946,0.0438,0.2236
1790339048.189,5.0947,0.0438,0.2235
1790339048.458,5.0946,0.0438,0.2236
1790339048.683,5.0946,0.0438,0.2236
1790339049.000,5.0948,0.0439,0.2238
1790339049.180,5.0947,0.0439,0.2238
1790339049.494,5.0947,0.0439,0.2238
1790339049.673,5.0947,0.0439,0.2239
1790339049.990,5.0946,0.0439,0.2238
1790339050.170,5.0945,0.0439,0.2238
1790339050.483,5.0945,0.0439,0.2239
1790339050.663,5.0944,0.0439,0.2239
1790339050.980,5.0945,0.0439,0.2239
1790339051.160,5.0946,0.0439,0.2240
1790339051.473,5.0947,0.0439,0.2239
1790339051.699,5.0946,0.0439,0.2238
1790339051.969,5.0944,0.0439,0.2239
1790339052.193,5.0944,0.0439,0.2238
1790339052.464,5.0942,0.0439,0.2239
1790339052.689,5.0945,0.0439,0.2240
1790339052.959,5.0946,0.0439,0.2240
1790339053.185,5.0946,0.0439,0.2240
1790339053.500,5.0947,0.0439,0.2239
1790339053.678,5.0946,0.0439,0.2238
1790339053.993,5.0944,0.0439,0.2239
1790339054.175,5.0944,0.0439,0.2238
1790339054.489,5.0942,0.0439,0.2239
1790339054.668,5.0941,0.0439,0.2240
1790339054.984,5.0942,0.0439,0.2239
1790339055.165,5.0941,0.0439,0.2238
1790339055.481,5.0942,0.0439,0.2237
1790339055.659,5.0942,0.0439,0.2236
1790339055.974,5.0946,0.0439,0.2236
1790339056.198,5.0947,0.0439,0.2236
1790339056.468,5.0945,0.0438,0.2236
1790339056.694,5.0942,0.0438,0.2235
1790339056.965,5.0940,0.0439,0.2237
1790339057.235,5.0941,0.0439,0.2238
1790339057.459,5.0943,0.0439,0.2239
1790339057.684,5.0945,0.0439,0.2239
1790339057.999,5.0946,0.0439,0.2238
1790339058.179,5.0946,0.0439,0.2237
1790339058.495,5.0947,0.0439,0.2236
1790339058.674,5.0947,0.0439,0.2239
1790339058.990,5.0946,0.0439,0.2239
1790339059.170,5.0946,0.0439,0.2240
1790339059.485,5.0945,0.0440,0.2241
1790339059.663,5.0945,0.0439,0.2240
1790339059.979,5.0946,0.0439,0.2239
1790339060.160,5.0946,0.0439,0.2239
1790339060.474,5.0946,0.0439,0.2238
1790339060.700,5.0947,0.0439,0.2238
1790339060.970,5.0947,0.0439,0.2239
1790339061.194,5.0947,0.0439,0.2239
1790339061.464,5.0946,0.0439,0.2238
1790339061.689,5.0943,0.0439,0.2238
1790339061.960,5.0941,0.0439,0.2238
1790339062.185,5.0940,0.0439,0.2237
1790339062.500,5.0940,0.0439,0.2239
1790339062.679,5.0942,0.0439,0.2238
1790339062.994,5.0944,0.0439,0.2239
1790339063.175,5.0945,0.0439,0.2240
1790339063.489,5.0946,0.0439,0.2240
1790339063.669,5.0947,0.0439,0.2241
1790339063.984,5.0946,0.0439,0.2239
1790339064.165,5.0943,0.0439,0.2237
1790339064.479,5.0942,0.0439,0.2236
1790339064.659,5.0940,0.0439,0.2236
1790339064.975,5.0938,0.0439,0.2236
1790339065.199,5.0939,0.0439,0.2237
1790339065.469,5.0939,0.0439,0.2238
1790339065.695,5.0940,0.0439,0.2237
1790339065.965,5.0942,0.0439,0.2238
1790339066.189,5.0944,0.0439,0.2237
1790339066.459,5.0942,0.0439,0.2237
1790339066.684,5.0940,0.0439,0.2237
1790339066.999,5.0941,0.0439,0.2238
1790339067.180,5.0941,0.0439,0.2239
1790339067.495,5.0944,0.0439,0.2238
1790339067.674,5.0946,0.0439,0.2239
1790339067.989,5.0947,0.0439,0.2238
1790339068.169,5.0947,0.0439,0.2237
1790339068.485,5.0946,0.0438,0.2236
1790339068.664,5.0946,0.0438,0.2235
1790339068.980,5.0946,0.0438,0.2236
1790339069.160,5.0946,0.0438,0.2236
1790339069.475,5.0946,0.0439,0.2237
1790339069.699,5.0945,0.0439,0.2236
1790339069.969,5.0945,0.0439,0.2238
1790339070.194,5.0945,0.0439,0.2238
1790339070.464,5.0946,0.0439,0.2238
1790339070.689,5.0947,0.0439,0.2238
1790339070.960,5.0947,0.0439,0.2238
1790339071.185,5.0946,0.0439,0.2239
1790339071.500,5.0945,0.0439,0.2238
1790339071.679,5.0944,0.0439,0.2237
1790339071.994,5.0942,0.0439,0.2238
1790339072.175,5.0941,0.0439,0.2237
1790339072.490,5.0942,0.0439,0.2236
1790339072.669,5.0944,0.0439,0.2237
1790339072.985,5.0946,0.0438,0.2236
1790339073.165,5.0946,0.0438,0.2236
1790339073.480,5.0945,0.0439,0.2236
1790339073.659,5.0944,0.0438,0.2235
1790339073.974,5.0942,0.0439,0.2237
1790339074.154,5.0940,0.0439,0.2237
1790339074.469,5.0941,0.0439,0.2237
1790339074.649,5.0940,0.0439,0.2237
1790339074.965,5.0939,0.0439,0.2237
1790339075.190,5.0939,0.0439,0.2237
1790339075.459,5.0939,0.0439,0.2237
1790339075.685,5.0941,0.0439,0.2238
1790339075.955,5.0944,0.0439,0.2238
1790339076.179,5.0946,0.0439,0.2239
1790339076.449,5.0944,0.0439,0.2239
1790339076.674,5.0940,0.0439,0.2238
1790339076.989,5.0940,0.0439,0.2238
1790339077.170,5.0940,0.0439,0.2236
1790339077.485,5.0943,0.0439,0.2236
1790339077.664,5.0945,0.0438,0.2235
1790339077.980,5.0947,0.0439,0.2236
1790339078.160,5.0947,0.0439,0.2238
1790339078.475,5.0945,0.0439,0.2237
1790339078.655,5.0946,0.0439,0.2236
1790339078.969,5.0946,0.0438,0.2235
1790339079.150,5.0946,0.0438,0.2236
1790339079.464,5.0946,0.0439,0.2237
1790339079.690,5.0946,0.0439,0.2239
1790339079.959,5.0945,0.0439,0.2239
1790339080.185,5.0945,0.0439,0.2238
1790339080.455,5.0945,0.0439,0.2236
1790339080.679,5.0946,0.0438,0.2236
1790339080.949,5.0946,0.0438,0.2235
1790339081.175,5.0946,0.0439,0.2236
1790339081.491,5.0946,0.0439,0.2239
1790339081.669,5.0944,0.0439,0.2239
1790339081.984,5.0940,0.0439,0.2239
1790339082.164,5.0941,0.0439,0.2239
1790339082.480,5.0940,0.0439,0.2237
1790339082.659,5.0942,0.0439,0.2237
1790339082.974,5.0947,0.0438,0.2236
1790339083.155,5.0946,0.0439,0.2236
1790339083.469,5.0946,0.0439,0.2238
1790339083.649,5.0946,0.0439,0.2238
1790339083.964,5.0942,0.0439,0.2238
1790339084.189,5.0941,0.0439,0.2238
1790339084.459,5.0940,0.0439,0.2237
1790339084.685,5.0938,0.0439,0.2237
1790339084.954,5.0938,0.0439,0.2237
1790339085.181,5.0940,0.0439,0.2237
1790339085.452,5.0941,0.0439,0.2239
1790339085.675,5.0941,0.0439,0.2239
1790339085.991,5.0944,0.0439,0.2239
1790339086.169,5.0945,0.0439,0.2239
1790339086.484,5.0943,0.0439,0.2237
1790339086.664,5.0941,0.0439,0.2237
1790339086.981,5.0941,0.0439,0.2236
1790339087.161,5.0941,0.0439,0.2236
1790339087.476,5.0941,0.0439,0.2236
1790339087.655,5.0944,0.0438,0.2235
1790339087.971,5.0945,0.0438,0.2236
1790339088.151,5.0944,0.0439,0.2236
1790339088.464,5.0946,0.0439,0.2236
1790339088.689,5.0946,0.0439,0.2237
1790339088.959,5.0942,0.0439,0.2237
1790339089.185,5.0942,0.0439,0.2236
1790339089.454,5.0941,0.0439,0.2236
1790339089.681,5.0939,0.0439,0.2237
1790339089.951,5.0940,0.0439,0.2236
1790339090.176,5.0941,0.0438,0.2235
1790339090.489,5.0941,0.0439,0.2236
1790339090.669,5.0942,0.0438,0.2235
1790339090.985,5.0943,0.0438,0.2235
1790339091.166,5.0943,0.0439,0.2236
1790339091.479,5.0941,0.0438,0.2235
1790339091.659,5.0938,0.0439,0.2237
1790339091.975,5.0933,0.0439,0.2236
1790339092.154,5.0933,0.0439,0.2235
1790339092.470,5.0935,0.0438,0.2235
1790339092.649,5.0936,0.0439,0.2236
1790339092.965,5.0941,0.0439,0.2238
1790339093.189,5.0940,0.0439,0.2239
1790339093.460,5.0939,0.0439,0.2239
1790339093.684,5.0941,0.0439,0.2239
1790339093.954,5.0939,0.0439,0.2237
1790339094.181,5.0937,0.0439,0.2237
1790339094.450,5.0938,0.0439,0.2237
1790339094.674,5.0937,0.0439,0.2238
1790339094.990,5.0936,0.0439,0.2238
1790339095.169,5.0938,0.0439,0.2239
1790339095.486,5.0935,0.0439,0.2236
1790339095.664,5.0935,0.0439,0.2236
1790339095.980,5.0937,0.0438,0.2234
1790339096.159,5.0937,0.0438,0.2234
1790339096.475,5.0935,0.0438,0.2234
1790339096.657,5.0933,0.0437,0.2230
1790339096.972,5.0934,0.0437,0.2226
1790339097.149,5.0935,0.0436,0.2223
1790339097.464,5.0941,0.0435,0.2217
1790339097.690,5.0946,0.0435,0.2216
1790339097.960,5.0948,0.0435,0.2217
1790339098.186,5.0950,0.0435,0.2218
1790339098.455,5.0950,0.0435,0.2216
1790339098.680,5.0950,0.0434,0.2214
1790339098.951,5.0950,0.0434,0.2213
1790339099.176,5.0949,0.0433,0.2209
1790339099.491,5.0953,0.0004,0.0024
1790339099.671,5.0962,0.0000,0.0000
1790339099.985,5.0974,0.0009,0.0050
1790339100.166,5.0982,0.0000,0.0000
1790339100.480,5.0991,0.0000,0.0001
1790339100.660,5.0991,0.0000,0.0000
1790339100.975,5.0991,0.0000,0.0000
1790339101.156,5.0991,0.0000,0.0000
1790339101.470,5.0991,0.0000,0.0001
1790339101.650,5.0989,0.0000,0.0001
1790339101.965,5.0987,0.0000,0.0001
1790339102.190,5.0986,0.0000,0.0001
1790339102.460,5.0986,0.0000,0.0000
1790339102.686,5.0988,0.0000,0.0000
1790339102.956,5.0990,0.0000,0.0000
1790339103.181,5.0979,0.1117,0.5695
1790339103.450,5.0946,0.1114,0.5679
1790339103.676,5.0924,0.1271,0.6474
1790339103.990,5.0899,0.1032,0.5257
1790339104.171,5.0887,0.0886,0.4510
1790339104.486,5.0896,0.0585,0.2982
1790339104.665,5.0904,0.0873,0.4447
1790339104.981,5.0909,0.1003,0.5106
1790339105.161,5.0912,0.0810,0.4125
1790339105.476,5.0914,0.0794,0.4046
1790339105.656,5.0912,0.0812,0.4137
1790339105.971,5.0907,0.1132,0.5763
1790339106.150,5.0904,0.1162,0.5915
1790339106.465,5.0883,0.1666,0.8477
1790339106.691,5.0866,0.1693,0.8613
1790339106.961,5.0847,0.1492,0.7590
1790339107.185,5.0841,0.1566,0.7965
1790339107.455,5.0842,0.1601,0.8144
1790339107.680,5.0845,0.1594,0.8106
1790339107.951,5.0848,0.1579,0.8030
1790339108.176,5.0847,0.1601,0.8145
1790339108.490,5.0844,0.1632,0.8301
1790339108.671,5.0844,0.1630,0.8291
1790339108.985,5.0843,0.1627,0.8272
1790339109.166,5.0846,0.1117,0.5681
1790339109.481,5.0858,0.1109,0.5644
1790339109.661,5.0865,0.1837,0.9345
1790339109.976,5.0859,0.1966,1.0001
1790339110.155,5.0858,0.1444,0.7348
1790339110.471,5.0840,0.1959,0.9960
1790339110.651,5.0829,0.1916,0.9743
1790339110.965,5.0829,0.1966,0.9995
1790339111.190,5.0824,0.1858,0.9444
1790339111.460,5.0820,0.1885,0.9582
1790339111.686,5.0818,0.1888,0.9597
1790339111.955,5.0812,0.1911,0.9714
1790339112.181,5.0812,0.2070,1.0522
1790339112.451,5.0811,0.1807,0.9184
1790339112.676,5.0812,0.1960,0.9960
1790339112.990,5.0815,0.1960,0.9961
1790339113.171,5.0815,0.2232,1.1342
1790339113.486,5.0814,0.1975,1.0037
1790339113.665,5.0814,0.1985,1.0087
1790339113.980,5.0809,0.2013,1.0228
1790339114.161,5.0807,0.2017,1.0249
1790339114.475,5.0807,0.2032,1.0324
1790339114.655,5.0806,0.2022,1.0274
1790339114.971,5.0806,0.2021,1.0271
1790339115.150,5.0805,0.2021,1.0269
1790339115.465,5.0807,0.1879,0.9549
1790339115.690,5.0809,0.2383,1.2111
1790339115.961,5.0810,0.2105,1.0698
1790339116.186,5.0810,0.2115,1.0749
1790339116.455,5.0807,0.2014,1.0234
1790339116.681,5.0803,0.2029,1.0310
1790339116.950,5.0806,0.1825,0.9272
1790339117.175,5.0809,0.1955,0.9935
1790339117.491,5.0815,0.1912,0.9716
1790339117.671,5.0818,0.2135,1.0851
1790339117.985,5.0817,0.1927,0.9794
1790339118.166,5.0818,0.1924,0.9778
1790339118.481,5.0816,0.1954,0.9929
1790339118.660,5.0816,0.2093,1.0636
1790339118.976,5.0817,0.2050,1.0422
1790339119.155,5.0815,0.2413,1.2264
1790339119.470,5.0814,0.1967,0.9998
1790339119.651,5.0814,0.1964,0.9979
1790339119.966,5.0817,0.2316,1.1772
1790339120.190,5.0815,0.2090,1.0623
1790339120.460,5.0813,0.1994,1.0132
1790339120.685,5.0811,0.1882,0.9563
1790339120.955,5.0811,0.2002,1.0176
1790339121.180,5.0812,0.1983,1.0078
1790339121.450,5.0816,0.1952,0.9922
1790339121.676,5.0813,0.1950,0.9913
1790339121.990,5.0809,0.2080,1.0571
1790339122.171,5.0807,0.2105,1.0698
1790339122.485,5.0804,0.2165,1.1000
1790339122.665,5.0805,0.2053,1.0431
1790339122.981,5.0805,0.1862,0.9460
1790339123.161,5.0805,0.2069,1.0512
1790339123.476,5.0806,0.2053,1.0435
1790339123.655,5.0806,0.2047,1.0400
1790339123.970,5.0805,0.1899,0.9650
1790339124.150,5.0805,0.1859,0.9448
1790339124.465,5.0809,0.1972,1.0021
1790339124.690,5.0810,0.2458,1.2490
1790339124.960,5.0812,0.1927,0.9794
1790339125.185,5.0813,0.1914,0.9728
1790339125.455,5.0813,0.2031,1.0320
1790339125.680,5.0812,0.2078,1.0559
1790339125.950,5.0814,0.2167,1.1014
1790339126.176,5.0812,0.2197,1.1165
1790339126.490,5.0802,0.2415,1.2273
1790339126.670,5.0799,0.2105,1.0694
1790339126.985,5.0795,0.2234,1.1351
1790339127.165,5.0793,0.1797,0.9131
1790339127.480,5.0799,0.1884,0.9573
1790339127.660,5.0804,0.2034,1.0336
1790339127.975,5.0804,0.2453,1.2463
1790339128.158,5.0805,0.2026,1.0295
1790339128.470,5.0805,0.1879,0.9549
1790339128.651,5.0806,0.2041,1.0369
1790339128.966,5.0808,0.2012,1.0227
1790339129.190,5.0810,0.2435,1.2376
1790339129.460,5.0809,0.1983,1.0079
1790339129.685,5.0808,0.2160,1.0975
1790339129.955,5.0808,0.2025,1.0289
1790339130.182,5.0806,0.2037,1.0349
1790339130.451,5.0805,0.1902,0.9663
1790339130.677,5.0806,0.1872,0.9511
1790339130.990,5.0808,0.1991,1.0120
1790339131.171,5.0807,0.1996,1.0141
1790339131.485,5.0809,0.2185,1.1101
1790339131.665,5.0805,0.1904,0.9675
1790339131.980,5.0800,0.1906,0.9687
1790339132.161,5.0801,0.1909,0.9700
1790339132.477,5.0800,0.1869,0.9498
1790339132.655,5.0805,0.1822,0.9259
1790339133.015,5.0811,0.1946,0.9890
1790339133.152,5.0812,0.1942,0.9872
1790339133.465,5.0814,0.1923,0.9772
1790339133.690,5.0814,0.1912,0.9719
1790339133.960,5.0810,0.1941,0.9866
1790339134.187,5.0808,0.1952,0.9918
1790339134.455,5.0807,0.2075,1.0546
1790339134.682,5.0805,0.1985,1.0089
1790339134.950,5.0803,0.1877,0.9536
1790339135.176,5.0805,0.1989,1.0107
1790339135.490,5.0805,0.1987,1.0099
1790339135.670,5.0803,0.1988,1.0102
1790339135.985,5.0802,0.1978,1.0049
1790339136.165,5.0802,0.1977,1.0044
1790339136.480,5.0799,0.1990,1.0111
1790339136.660,5.0799,0.1984,1.0080
1790339136.975,5.0804,0.1979,1.0054
1790339137.157,5.0802,0.2145,1.0898
1790339137.472,5.0805,0.1991,1.0115
1790339137.650,5.0808,0.1982,1.0074
1790339137.965,5.0809,0.2075,1.0547
1790339138.145,5.0808,0.2130,1.0824
1790339138.460,5.0810,0.1974,1.0034
1790339138.686,5.0810,0.1968,1.0003
1790339138.955,5.0810,0.1974,1.0031
1790339139.180,5.0810,0.2135,1.0850
1790339139.451,5.0807,0.2023,1.0279
1790339139.676,5.0804,0.2060,1.0466
1790339139.947,5.0800,0.2204,1.1201
1790339140.171,5.0799,0.2112,1.0729
1790339140.486,5.0800,0.2086,1.0600
1790339140.665,5.0801,0.2082,1.0580
1790339140.981,5.0803,0.1894,0.9624
1790339141.162,5.0806,0.2356,1.1971
1790339141.476,5.0808,0.1988,1.0101
1790339141.656,5.0807,0.1972,1.0022
1790339141.971,5.0804,0.1979,1.0054
1790339142.151,5.0804,0.1862,0.9460
1790339142.466,5.0805,0.1970,1.0009
1790339142.646,5.0808,0.1960,0.9961
1790339142.961,5.0809,0.1949,0.9906
1790339143.186,5.0807,0.1974,1.0029
1790339143.457,5.0805,0.2004,1.0183
1790339143.682,5.0804,0.2026,1.0296
1790339143.951,5.0805,0.2018,1.0252
1790339144.176,5.0806,0.2000,1.0164
1790339144.447,5.0807,0.1979,1.0058
1790339144.671,5.0806,0.1953,0.9924
1790339144.986,5.0804,0.1949,0.9904
1790339145.167,5.0804,0.2055,1.0444
1790339145.481,5.0805,0.2063,1.0483
1790339145.661,5.0803,0.1953,0.9923
1790339145.976,5.0803,0.2135,1.0848
1790339146.156,5.0804,0.1961,0.9964
1790339146.472,5.0804,0.2075,1.0545
1790339146.651,5.0803,0.1966,0.9992
1790339146.966,5.0804,0.2088,1.0608
1790339147.146,5.0806,0.1966,0.9992
1790339147.462,5.0806,0.1976,1.0042
1790339147.686,5.0808,0.1948,0.9897
1790339147.956,5.0806,0.1981,1.0065
1790339148.181,5.0808,0.1969,1.0005
1790339148.451,5.0806,0.1980,1.0061
1790339148.677,5.0806,0.2386,1.2122
1790339148.946,5.0806,0.1993,1.0130
1790339149.171,5.0805,0.1844,0.9372
1790339149.486,5.0804,0.2002,1.0175
1790339149.666,5.0804,0.2003,1.0179
1790339149.981,5.0803,0.2034,1.0334
1790339150.161,5.0804,0.1857,0.9435
1790339150.477,5.0804,0.1904,0.9675
1790339150.656,5.0806,0.2017,1.0252
1790339150.971,5.0808,0.2009,1.0209
1790339151.151,5.0806,0.2009,1.0209
1790339151.466,5.0806,0.2001,1.0169
1790339151.646,5.0806,0.1993,1.0129
1790339151.961,5.0802,0.1983,1.0076
1790339152.186,5.0804,0.2207,1.1214
1790339152.456,5.0802,0.1979,1.0056
1790339152.681,5.0804,0.2182,1.1088
1790339152.952,5.0806,0.1884,0.9575
1790339153.176,5.0808,0.1989,1.0105
1790339153.446,5.0811,0.1952,0.9922
1790339153.671,5.0813,0.1937,0.9844
1790339153.986,5.0814,0.1918,0.9746
1790339154.166,5.0811,0.1914,0.9727
1790339154.481,5.0811,0.1911,0.9711
1790339154.661,5.0810,0.1910,0.9707
1790339154.977,5.0808,0.2187,1.1114
1790339155.156,5.0807,0.1934,0.9830
1790339155.471,5.0809,0.1934,0.9831
1790339155.651,5.0809,0.1935,0.9834
1790339155.967,5.0811,0.1935,0.9832
1790339156.146,5.0814,0.1906,0.9686
1790339156.461,5.0811,0.1907,0.9692
1790339156.686,5.0809,0.1908,0.9696
1790339156.956,5.0810,0.1909,0.9700
1790339157.181,5.0811,0.1909,0.9702
1790339157.451,5.0812,0.1910,0.9707
1790339157.676,5.0813,0.1910,0.9706
1790339157.946,5.0813,0.1908,0.9697
1790339158.171,5.0814,0.1909,0.9703
1790339158.487,5.0816,0.1906,0.9690
1790339158.667,5.0817,0.1907,0.9691
1790339158.981,5.0817,0.1907,0.9693
1790339159.161,5.0815,0.1907,0.9692
1790339159.477,5.0815,0.1910,0.9710
1790339159.656,5.0815,0.1911,0.9712
1790339159.972,5.0816,0.1916,0.9739
1790339160.152,5.0816,0.1920,0.9758
1790339160.466,5.0815,0.1925,0.9786
1790339160.646,5.0815,0.2197,1.1166
1790339160.961,5.0814,0.1925,0.9785
1790339161.186,5.0813,0.1921,0.9765
1790339161.456,5.0813,0.1918,0.9747
1790339161.681,5.0811,0.1913,0.9721
1790339161.952,5.0809,0.1905,0.9683
1790339162.176,5.0809,0.2100,1.0672
1790339162.447,5.0807,0.1941,0.9862
1790339162.671,5.0807,0.1822,0.9259
1790339162.986,5.0809,0.1947,0.9896
1790339163.167,5.0810,0.1951,0.9917
1790339163.482,5.0813,0.1920,0.9759
1790339163.661,5.0815,0.1911,0.9715
1790339163.976,5.0812,0.1926,0.9788
1790339164.156,5.0809,0.1933,0.9824
1790339164.471,5.0809,0.1934,0.9831
1790339164.651,5.0808,0.1940,0.9858
1790339164.966,5.0807,0.1941,0.9866
1790339165.146,5.0808,0.1937,0.9846
1790339165.461,5.0807,0.1951,0.9913
1790339165.687,5.0806,0.1967,0.9996
1790339165.957,5.0806,0.1864,0.9473
1790339166.181,5.0808,0.1994,1.0135
1790339166.451,5.0804,0.2002,1.0175
1790339166.676,5.0803,0.1998,1.0152
1790339166.946,5.0800,0.2244,1.1402
1790339167.171,5.0795,0.2082,1.0578
1790339167.486,5.0791,0.2346,1.1917
1790339167.666,5.0788,0.2212,1.1237
1790339167.981,5.0788,0.2223,1.1292
1790339168.161,5.0790,0.2222,1.1287
1790339168.476,5.0790,0.2989,1.5183
1790339168.656,5.0789,0.3183,1.6167
1790339168.971,5.0787,0.2219,1.1269
1790339169.151,5.0786,0.2219,1.1272
1790339169.466,5.0786,0.2202,1.1187
1790339169.646,5.0788,0.2183,1.1087
1790339169.961,5.0787,0.2223,1.1294
1790339170.186,5.0787,0.2346,1.1916
1790339170.456,5.0783,0.2175,1.1045
1790339170.681,5.0783,0.2286,1.1608
1790339170.952,5.0786,0.2487,1.2635
1790339171.177,5.0785,0.2251,1.1434
1790339171.446,5.0788,0.2216,1.1256
1790339171.671,5.0790,0.1790,0.9092
1790339171.989,5.0797,0.1715,0.8715
1790339172.166,5.0803,0.1695,0.8615
1790339172.481,5.0810,0.1800,0.9146
1790339172.661,5.0816,0.1735,0.8819
1790339172.977,5.0819,0.1723,0.8757
1790339173.156,5.0821,0.1663,0.8454
1790339173.471,5.0828,0.2058,1.0462
1790339173.651,5.0829,0.1541,0.7837
1790339173.966,5.0830,0.1581,0.8039
1790339174.146,5.0713,0.1688,0.8564
1790339174.461,5.0826,0.1584,0.8051
1790339174.687,5.0825,0.2001,1.0171
1790339174.956,5.0819,0.1769,0.8992
1790339175.181,5.0818,0.1791,0.9103
1790339175.451,5.0818,0.1666,0.8466
1790339175.676,5.0820,0.1658,0.8429
1790339175.946,5.0829,0.1546,0.7862
1790339176.171,5.0833,0.1691,0.8598
1790339176.486,5.0836,0.1251,0.6361
1790339176.666,5.0839,0.1743,0.8861
1790339176.981,5.0844,0.1402,0.7133
1790339177.161,5.0846,0.1723,0.8761
1790339177.477,5.0845,0.1658,0.8433
1790339177.656,5.0841,0.1700,0.8647
1790339177.971,5.0829,0.2167,1.1017
1790339178.152,5.0817,0.2204,1.1204
1790339178.466,5.0806,0.2187,1.1113
1790339178.646,5.0799,0.1735,0.8816
1790339178.963,5.0800,0.1839,0.9346
1790339179.186,5.0806,0.1427,0.7253
1790339179.456,5.0823,0.1385,0.7041
1790339179.682,5.0835,0.1635,0.8312
1790339179.953,5.0838,0.1603,0.8152
1790339180.177,5.0842,0.1757,0.8937
1790339180.446,5.0838,0.1609,0.8180
1790339180.671,5.0833,0.1668,0.8479
1790339180.986,5.0834,0.1946,0.9895
1790339181.167,5.0828,0.1735,0.8823
1790339181.481,5.0826,0.2204,1.1206
1790339181.661,5.0820,0.1427,0.7255
1790339181.978,5.0821,0.1765,0.8970
1790339182.157,5.0828,0.1683,0.8554
1790339182.471,5.0831,0.1649,0.8383
1790339182.651,5.0837,0.1599,0.8130
1790339182.967,5.0835,0.1647,0.8375
1790339183.147,5.0832,0.1680,0.8542
1790339183.461,5.0833,0.1541,0.7838
1790339183.687,5.0833,0.1862,0.9466
1790339183.956,5.0833,0.1669,0.8484
1790339184.181,5.0831,0.1670,0.8492
1790339184.451,5.0829,0.1412,0.7181
1790339184.677,5.0830,0.1425,0.7244
1790339184.946,5.0834,0.1271,0.6462
1790339185.173,5.0838,0.1363,0.6929
1790339185.487,5.0844,0.1353,0.6880
1790339185.666,5.0846,0.1448,0.7363
1790339185.982,5.0851,0.1410,0.7174
1790339186.161,5.0853,0.1426,0.7255
1790339186.476,5.0854,0.1400,0.7122
1790339186.656,5.0853,0.1554,0.7904
1790339186.973,5.0852,0.1246,0.6338
1790339187.153,5.0852,0.1382,0.7029
1790339187.467,5.0845,0.1480,0.7527
1790339187.647,5.0845,0.1753,0.8913
1790339187.962,5.0838,0.1740,0.8848
1790339188.187,5.0830,0.1711,0.8697
1790339188.457,5.0830,0.1710,0.8695
1790339188.682,5.0829,0.1732,0.8804
1790339188.954,5.0831,0.1576,0.8014
1790339189.177,5.0831,0.1677,0.8529
1790339189.447,5.0832,0.1887,0.9592
1790339189.672,5.0831,0.1687,0.8578
1790339189.987,5.0833,0.1360,0.6916
1790339190.167,5.0838,0.1348,0.6853
1790339190.483,5.0836,0.2120,1.0779
1790339190.662,5.0829,0.2339,1.1889
1790339190.978,5.0811,0.2249,1.1430
1790339191.157,5.0799,0.2259,1.1478
1790339191.472,5.0784,0.2242,1.1389
1790339191.652,5.0781,0.2256,1.1457
1790339191.967,5.0781,0.2356,1.1965
1790339192.147,5.0778,0.2255,1.1452
1790339192.462,5.0777,0.1733,0.8800
1790339192.687,5.0784,0.1924,0.9772
1790339192.958,5.0793,0.2124,1.0788
1790339193.182,5.0794,0.2118,1.0761
1790339193.453,5.0800,0.2214,1.1251
1790339193.677,5.0795,0.2304,1.1704
1790339193.947,5.0788,0.2206,1.1206
1790339194.172,5.0785,0.2223,1.1291
1790339194.487,5.0783,0.2230,1.1326
1790339194.667,5.0782,0.2239,1.1371
1790339194.982,5.0782,0.2236,1.1359
1790339195.163,5.0788,0.2053,1.0428
1790339195.478,5.0794,0.1944,0.9875
1790339195.657,5.0799,0.1944,0.9876
1790339195.972,5.0806,0.1894,0.9625
1790339196.152,5.0805,0.2014,1.0233
1790339196.467,5.0803,0.1872,0.9511
1790339196.648,5.0802,0.2013,1.0229
1790339196.962,5.0800,0.1698,0.8627
1790339197.187,5.0799,0.1733,0.8804
1790339197.457,5.0807,0.1710,0.8692
1790339197.682,5.0811,0.1661,0.8440
1790339197.953,5.0818,0.1554,0.7898
1790339198.178,5.0826,0.1971,1.0020
1790339198.447,5.0828,0.1564,0.7951
1790339198.672,5.0830,0.1534,0.7799
1790339198.987,5.0833,0.1251,0.6361
1790339199.168,5.0835,0.1360,0.6917
1790339199.482,5.0844,0.1303,0.6627
1790339199.662,5.0848,0.1271,0.6464
1790339199.977,5.0854,0.1236,0.6288
1790339200.158,5.0851,0.2103,1.0694
1790339200.472,5.0836,0.1733,0.8810
1790339200.652,5.0831,0.1706,0.8671
1790339200.967,5.0823,0.1653,0.8404
1790339201.147,5.0821,0.1551,0.7886
1790339201.462,5.0831,0.1554,0.7900
1790339201.687,5.0830,0.1680,0.8544
1790339201.957,5.0831,0.1651,0.8392
1790339202.182,5.0833,0.1365,0.6941
1790339202.452,5.0839,0.1355,0.6892
1790339202.677,5.0844,0.1350,0.6867
1790339202.947,5.0853,0.1443,0.7341
1790339203.172,5.0856,0.1406,0.7150
1790339203.487,5.0851,0.1708,0.8686
1790339203.667,5.0845,0.1723,0.8761
1790339203.982,5.0833,0.1800,0.9150
1790339204.162,5.0827,0.1712,0.8702
1790339204.477,5.0822,0.1753,0.8910
1790339204.658,5.0825,0.1716,0.8725
1790339204.972,5.0826,0.1551,0.7887
1790339205.152,5.0828,0.1662,0.8448
1790339205.467,5.0828,0.1248,0.6347
1790339205.647,5.0833,0.1236,0.6285
1790339205.963,5.0844,0.1355,0.6892
1790339206.187,5.0847,0.1365,0.6943
1790339206.457,5.0852,0.1725,0.8775
1790339206.682,5.0844,0.1487,0.7562
1790339206.952,5.0838,0.1415,0.7195
1790339207.177,5.0833,0.1906,0.9693
1790339207.447,5.0823,0.2003,1.0183
1790339207.672,5.0825,0.1512,0.7685
1790339207.987,5.0826,0.1731,0.8802
1790339208.168,5.0829,0.1345,0.6840
1790339208.482,5.0839,0.1412,0.7182
1790339208.662,5.0846,0.1246,0.6337
1790339208.978,5.0852,0.1566,0.7967
1790339209.157,5.0855,0.1246,0.6338
1790339209.475,5.0858,0.1663,0.8460
1790339209.652,5.0853,0.2185,1.1111
1790339209.967,5.0840,0.1730,0.8798
1790339210.147,5.0833,0.1677,0.8526
1790339210.462,5.0823,0.1546,0.7861
1790339210.687,5.0823,0.2187,1.1117
1790339210.957,5.0816,0.2170,1.1027
1790339211.182,5.0809,0.2281,1.1594
1790339211.453,5.0804,0.1427,0.7253
1790339211.677,5.0805,0.1425,0.7240
1790339211.994,5.0819,0.1425,0.7242
1790339212.172,5.0831,0.1666,0.8472
1790339212.487,5.0843,0.1504,0.7649
1790339212.667,5.0846,0.1350,0.6867
1790339212.982,5.0844,0.1518,0.7718
1790339213.162,5.0845,0.1402,0.7133
1790339213.477,5.0844,0.1522,0.7743
1790339213.657,5.0842,0.1224,0.6223
1790339213.972,5.0847,0.1353,0.6880
1790339214.152,5.0847,0.1283,0.6527
1790339214.468,5.0849,0.1428,0.7262
1790339214.647,5.0853,0.1246,0.6338
1790339214.962,5.0854,0.1229,0.6250
1790339215.187,5.0853,0.1353,0.6884
1790339215.457,5.0854,0.1646,0.8371
1790339215.685,5.0849,0.1760,0.8951
1790339215.952,5.0842,0.2190,1.1134
1790339216.177,5.0833,0.1642,0.8347
1790339216.447,5.0823,0.1761,0.8950
1790339216.672,5.0820,0.1661,0.8441
1790339216.987,5.0816,0.2060,1.0472
1790339217.167,5.0815,0.2343,1.1910
1790339217.482,5.0804,0.2383,1.2110
1790339217.662,5.0797,0.2267,1.1515
1790339217.977,5.0786,0.2229,1.1324
1790339218.158,5.0784,0.2246,1.1409
1790339218.474,5.0784,0.2351,1.1941
1790339218.652,5.0783,0.2351,1.1941
1790339218.967,5.0785,0.1738,0.8827
1790339219.147,5.0790,0.1740,0.8840
1790339219.462,5.0795,0.2151,1.0926
1790339219.687,5.0798,0.2125,1.0798
1790339219.957,5.0799,0.2105,1.0696
1790339220.182,5.0793,0.2276,1.1565
1790339220.452,5.0790,0.2179,1.1069
1790339220.677,5.0789,0.2184,1.1092
1790339220.947,5.0787,0.2197,1.1161
1790339221.172,5.0786,0.1827,0.9281
1790339221.487,5.0791,0.1993,1.0126
1790339221.667,5.0792,0.1854,0.9420
1790339221.982,5.0795,0.1926,0.9787
1790339222.163,5.0800,0.2254,1.1453
1790339222.478,5.0797,0.2227,1.1313
1790339222.657,5.0795,0.2068,1.0507
1790339222.973,5.0793,0.2127,1.0807
1790339223.152,5.0789,0.2187,1.1108
1790339223.467,5.0789,0.2195,1.1152
1790339223.647,5.0790,0.2185,1.1100
1790339223.962,5.0790,0.2184,1.1095
1790339224.187,5.0788,0.2176,1.1051
1790339224.457,5.0786,0.2167,1.1007
1790339224.682,5.0786,0.2167,1.1006
1790339224.952,5.0784,0.2168,1.1012
1790339225.177,5.0785,0.1807,0.9180
1790339225.447,5.0791,0.1859,0.9445
1790339225.672,5.0793,0.1887,0.9585
1790339225.987,5.0799,0.1872,0.9510
1790339226.167,5.0803,0.2008,1.0201
1790339226.483,5.0803,0.1988,1.0103
1790339226.662,5.0805,0.1962,0.9971
1790339226.978,5.0808,0.1930,0.9809
1790339227.157,5.0808,0.1929,0.9802
1790339227.472,5.0808,0.2212,1.1240
1790339227.652,5.0804,0.2127,1.0810
1790339227.967,5.0799,0.2190,1.1124
1790339228.147,5.0794,0.1720,0.8740
1790339228.462,5.0799,0.1810,0.9195
1790339228.687,5.0806,0.2142,1.0886
1790339228.957,5.0810,0.1725,0.8768
1790339229.182,5.0817,0.1673,0.8504
1790339229.453,5.0820,0.1661,0.8441
1790339229.679,5.0820,0.1641,0.8340
1790339229.949,5.0829,0.1489,0.7572
1790339230.173,5.0835,0.1330,0.6765
1790339230.488,5.0841,0.1243,0.6324
1790339230.667,5.0846,0.1303,0.6627
1790339230.983,5.0853,0.1440,0.7326
1790339231.162,5.0854,0.1416,0.7202
1790339231.477,5.0854,0.1409,0.7165
1790339231.658,5.0852,0.1551,0.7891
1790339231.973,5.0845,0.1464,0.7446
1790339232.153,5.0841,0.1397,0.7107
1790339232.467,5.0838,0.1730,0.8798
1790339232.647,5.0835,0.1629,0.8282
1790339232.962,5.0836,0.1934,0.9832
1790339233.187,5.0835,0.1663,0.8457
1790339233.457,5.0834,0.1569,0.7976
1790339233.682,5.0836,0.1646,0.8369
1790339233.952,5.0835,0.1650,0.8389
1790339234.178,5.0833,0.1648,0.8377
1790339234.448,5.0835,0.1355,0.6891
1790339234.672,5.0835,0.1595,0.8112
1790339234.987,5.0831,0.2157,1.0967
1790339235.168,5.0825,0.1691,0.8597
1790339235.483,5.0819,0.1758,0.8935
1790339235.662,5.0813,0.1668,0.8478
1790339235.978,5.0816,0.1566,0.7961
1790339236.157,5.0825,0.1921,0.9767
1790339236.473,5.0827,0.2060,1.0475
1790339236.652,5.0829,0.2046,1.0399
1790339236.967,5.0835,0.1363,0.6929
1790339237.148,5.0839,0.1368,0.6955
1790339237.463,5.0847,0.1474,0.7497
1790339237.689,5.0851,0.1556,0.7916
1790339237.958,5.0851,0.1251,0.6363
1790339238.183,5.0849,0.1892,0.9620
1790339238.453,5.0833,0.1852,0.9415
1790339238.678,5.0827,0.1892,0.9616
1790339238.948,5.0823,0.1440,0.7319
1790339239.175,5.0822,0.1430,0.7268
1790339239.488,5.0834,0.1422,0.7232
1790339239.668,5.0841,0.1575,0.8012
1790339239.983,5.0849,0.1720,0.8749
1790339240.163,5.0852,0.1355,0.6894
1790339240.479,5.0856,0.1411,0.7178
1790339240.659,5.0858,0.1404,0.7145
1790339240.973,5.0858,0.1395,0.7095
1790339241.153,5.0858,0.1241,0.6314
1790339241.468,5.0858,0.1239,0.6301
1790339241.648,5.0856,0.1708,0.8687
1790339241.963,5.0846,0.1745,0.8875
1790339242.189,5.0844,0.1496,0.7608
1790339242.458,5.0840,0.1350,0.6867
1790339242.684,5.0843,0.1363,0.6930
1790339242.954,5.0849,0.1902,0.9671
1790339243.178,5.0843,0.1892,0.9619
1790339243.448,5.0833,0.1884,0.9580
1790339243.673,5.0825,0.1492,0.7584
1790339243.989,5.0819,0.1430,0.7268
1790339244.168,5.0825,0.1494,0.7596
1790339244.483,5.0835,0.1621,0.8242
1790339244.663,5.0842,0.1246,0.6336
1790339244.978,5.0839,0.1405,0.7144
1790339245.158,5.0839,0.1430,0.7271
1790339245.474,5.0840,0.1410,0.7169
1790339245.653,5.0838,0.1570,0.7982
1790339245.968,5.0844,0.1248,0.6349
1790339246.148,5.0845,0.1509,0.7676
1790339246.463,5.0845,0.1355,0.6893
1790339246.688,5.0847,0.1335,0.6792
1790339246.958,5.0845,0.1433,0.7286
1790339247.183,5.0845,0.1418,0.7211
1790339247.453,5.0844,0.1425,0.7247
1790339247.678,5.0842,0.1429,0.7266
1790339247.948,5.0842,0.1978,1.0061
1790339248.173,5.0831,0.2262,1.1497
1790339248.489,5.0812,0.2247,1.1418
1790339248.668,5.0799,0.2269,1.1528
1790339248.983,5.0782,0.2222,1.1285
1790339249.163,5.0781,0.2250,1.1425
1790339249.478,5.0784,0.2065,1.0491
1790339249.658,5.0786,0.2363,1.2004
1790339249.974,5.0784,0.1738,0.8826
1790339250.154,5.0789,0.1733,0.8802
1790339250.468,5.0795,0.2227,1.1313
1790339250.648,5.0796,0.2106,1.0699
1790339250.964,5.0799,0.2289,1.1629
1790339251.188,5.0797,0.2088,1.0609
1790339251.458,5.0790,0.2180,1.1073
1790339251.683,5.0788,0.2178,1.1065
1790339251.953,5.0787,0.2183,1.1089
1790339252.178,5.0786,0.1966,0.9987
1790339252.448,5.0790,0.1916,0.9736
1790339252.673,5.0796,0.1996,1.0140
1790339252.988,5.0801,0.1909,0.9700
1790339253.168,5.0805,0.1884,0.9574
1790339253.528,5.0809,0.2276,1.1568
1790339253.663,5.0806,0.2162,1.0987
1790339253.978,5.0800,0.1740,0.8842
1790339254.158,5.0798,0.1730,0.8791
1790339254.473,5.0799,0.2137,1.0859
1790339254.653,5.0798,0.1738,0.8829
1790339254.968,5.0808,0.1723,0.8755
1790339255.148,5.0814,0.1549,0.7873
1790339255.464,5.0820,0.1666,0.8467
1790339255.688,5.0827,0.2018,1.0260
1790339255.958,5.0831,0.1534,0.7800
1790339256.183,5.0840,0.1593,0.8098
1790339256.453,5.0841,0.1253,0.6375
1790339256.678,5.0845,0.1487,0.7560
1790339256.948,5.0850,0.1241,0.6313
1790339257.175,5.0850,0.1433,0.7289
1790339257.488,5.0855,0.1394,0.7089
1790339257.669,5.0854,0.1839,0.9356
1790339257.983,5.0851,0.1469,0.7472
1790339258.164,5.0850,0.1492,0.7590
1790339258.479,5.0846,0.1353,0.6880
1790339258.659,5.0846,0.1710,0.8698
1790339258.973,5.0842,0.2177,1.1071
1790339259.154,5.0835,0.1879,0.9554
1790339259.468,5.0821,0.1809,0.9196
1790339259.648,5.0816,0.1748,0.8882
1790339259.964,5.0816,0.1735,0.8819
1790339260.188,5.0817,0.1566,0.7961
1790339260.459,5.0826,0.1564,0.7950
1790339260.683,5.0828,0.1721,0.8751
1790339260.954,5.0826,0.1746,0.8876
1790339261.178,5.0825,0.1747,0.8880
1790339261.448,5.0823,0.1422,0.7230
1790339261.673,5.0823,0.1360,0.6915
1790339261.988,5.0831,0.1345,0.6840
1790339262.168,5.0838,0.1248,0.6349
1790339262.484,5.0851,0.1403,0.7136
1790339262.663,5.0856,0.1367,0.6952
1790339262.978,5.0858,0.1519,0.7728
1790339263.158,5.0857,0.1556,0.7917
1790339263.473,5.0852,0.1256,0.6389
1790339263.653,5.0852,0.1403,0.7138
1790339263.968,5.0849,0.1859,0.9456
1790339264.148,5.0841,0.1869,0.9505
1790339264.463,5.0827,0.2351,1.1951
1790339264.688,5.0815,0.1829,0.9297
1790339264.958,5.0805,0.1738,0.8830
1790339265.183,5.0805,0.1718,0.8729
1790339265.453,5.0806,0.1792,0.9107
1790339265.679,5.0808,0.2306,1.1719
1790339265.994,5.0804,0.2135,1.0848
1790339266.173,5.0802,0.2021,1.0267
1790339266.488,5.0802,0.1827,0.9284
1790339266.668,5.0804,0.1972,1.0022
1790339266.983,5.0811,0.1870,0.9505
1790339267.163,5.0811,0.1959,0.9954
1790339267.478,5.0822,0.1743,0.8862
1790339267.658,5.0827,0.1447,0.7357
1790339267.973,5.0834,0.1256,0.6386
1790339268.153,5.0843,0.1253,0.6375
1790339268.468,5.0848,0.1261,0.6413
1790339268.648,5.0851,0.1263,0.6426
1790339268.963,5.0856,0.1357,0.6902
1790339269.190,5.0856,0.1380,0.7020
1790339269.458,5.0856,0.1258,0.6401
1790339269.683,5.0855,0.1253,0.6376
1790339269.953,5.0854,0.1406,0.7150
1790339270.178,5.0853,0.1822,0.9267
1790339270.448,5.0846,0.2281,1.1602
1790339270.673,5.0839,0.1983,1.0086
1790339270.988,5.0827,0.1710,0.8691
1790339271.170,5.0824,0.1633,0.8303
1790339271.483,5.0823,0.1561,0.7937
1790339271.663,5.0823,0.1743,0.8863
1790339271.978,5.0826,0.1699,0.8637
1790339272.159,5.0824,0.1694,0.8613
